id,platform,type,created_at,text,engagement_score,source_title,parent_id
bafyreihoalgtln7qfmds74blcdmmtog7mqpyekp4weyren53y4n64kxbvq,bluesky,post,2026-08-31 14:56:30,"Samsung has released a new security update with the August 2026 patch for the Galaxy S24, Galaxy S24+, and the Galaxy S24 Ultra globally.",1,Search: Samsung Galaxy S24,
bafyreibuofupu37zgrukgafsr7hnsjq3fyb64swjdlkun5cos3ccjqz2ie,bluesky,post,2026-08-31 13:31:56,"Samsung's August Security Update Reaches the Galaxy S23 & S24 Series — Here's What's Included
www.androidheadlines.com/2026/08/sams... #GalaxyS23 #GalaxyS24 #Samsung",0,Search: Samsung Galaxy S24,
bafyreifuozboqnwlaoh4syxidzt4jpku67ym6zsuvxnvv4d5y7tefhwdwu,bluesky,post,2026-08-31 10:53:06,"Бета версията на One UI 9 идва за повече телефони Galaxy — вашият в списъка ли е?

Компанията Samsung стартира бета тестовете на новия си потребителски интерфейс One UI 9 (базиран на Android 17) още през месец май, но до момента единствено потребителите на водещата серия Galaxy S26 имаха възможност…",0,Search: Samsung Galaxy S24,
bafyreibys5uju5mrjqv5k3q4rud4pmbltce5stmxwtnpifk5t26tj3jnpe,bluesky,post,2026-08-31 09:17:30,Galaxy S24’s new software update goes global www.sammobile.com/news/galaxy-...,1,Search: Samsung Galaxy S24,
bafyreidck6xjdmdxv7fnnnu7khf44sc7rpbnupclrze5nftpdbpmil2zlq,bluesky,post,2026-08-31 07:19:06,"🔥 USB C Chargeur 25W Câble pour Samsung Galaxy S26 S25 S24 S23 S22 S21 Ultra/Plus
eBay · 21.99 €
#BonPlan #HighTech #Promo",0,Search: Samsung Galaxy S24,
bafyreic2c2xjdnj57o2zstuqi2jd5hbccfk7csf6k5tm5le4bayuqeeqzu,bluesky,post,2026-08-31 00:43:36,"https://mojaoprema.si/izdelek/zascitno-kaljeno-steklo-9h-nano-za-samsung-galaxy-s24-plus/ 8,99 €  Zaščitno kaljeno steklo 9H nano za Samsung Galaxy S24 PLUS – Vrhunska zaščita zaslona

Ali želite",0,Search: Samsung Galaxy S24,
bafyreig6njkzzlyuulh4ybybqnmev2h5upxi3h7y2ajjqv3dnc4lsnpdzu,bluesky,post,2026-08-30 10:56:33,Бета-тестування One UI 9: Оновлений список смартфонів Galaxy #OneUI9 #Samsung #GalaxyS26 #гаджети #бетаТестування,0,Search: Samsung Galaxy S24,
bafyreifudnyjulike5x7i3sghu5nli74clruvf7hnrbvvu2vhx5jollygy,bluesky,post,2026-08-30 09:50:14,One UI 9 Beta Is Coming to More Galaxy Phones - Is Yours on the List?,0,Search: Samsung Galaxy S24,
bafyreiak7ciaxkfmiqemuldmvuyz6jlhfe4id3eimmarx45phqoojblw64,bluesky,post,2026-08-28 16:58:48,"🔥 SMARTPHONE SAMSUNG GALAXY S24+ PLUS 5G SMS926B 512 Go DOUBLE SIM 6,7 POUCES...
eBay · 486.72 €
#BonPlan #HighTech #Promo",0,Search: Samsung Galaxy S24,
bafyreiemol4pdvvnnuou6xehi7c6ouvvf6yvkm77glrrh73yxw5fbyo4h4,bluesky,post,2026-08-28 14:00:10,"Galaxy S24 FE dostaje sierpniową łatkę bezpieczeństwa. To nie One UI 9, ale aktualizacja usuwa aż 56 luk, więc warto zajrzeć do ustawień. Na razie ruszyła w Korei, kolejne kraje powinny dołączyć w najbliższych dniach.",1,Search: Samsung Galaxy S24,
bafyreihrsdjo56m5tkkqbvnmsowyyijfte2gh5yh43xvplkg6a477tdbnm,bluesky,post,2026-08-28 13:55:53,how hard is it really to get a movie into the Criterion Closet. if I try hard enough with my Samsung Galaxy S24 and a Røde microphone could I make it in,0,Search: Samsung Galaxy S24,
bafyreihaatl6ie6hgt7rcmxqhkbx3wx7mq5lpbtxmr3r4nmffetnv4kdk4,bluesky,post,2026-08-28 08:54:30,Samsung updates Galaxy S24 FE with August 2026 security patch www.sammobile.com/news/samsung...,0,Search: Samsung Galaxy S24,
bafyreiem4fgjwqg22o23srdqhcvn3dehxunit5h4nmp7gkjaahdrpeiske,bluesky,post,2026-08-28 05:08:37,"Got a couple photos despite the light pollution. Literally just from my phone and my front porch 😅

Samsung Galaxy S24 Ultra, night mode, 45-70% zoom. I own nothing fancy 🤣

#lunareclipse #moon #photography",4,Search: Samsung Galaxy S24,
bafyreif6hreiaaiegjzgja6yfblucykfgmkqox622ntx6vyehx5mgolkne,bluesky,post,2026-08-28 01:19:42,"• 30% OFF acima de R$29 (limitado a R$500)
🎟 Cupom: ECONOMIZEI
🔗 meli.la/1yMhi3s

• 30% OFF acima de R$29 (limitado a R$500)
🎟 Cupom: DESCONTEI
🔗 meli.la/29GY7VG

• 8% OFF acima de R$150 (limitado a R$200)
🎟 Cupom: OFFCOMMELI
🔗 meli.la/2wnjwDp",0,Search: Samsung Galaxy S24,
bafyreiehkdjaoxgxghj2w3n5w57vq3gqd55fqsgwistriqmnxmfnwkyut4,bluesky,post,2026-08-28 00:38:47,"To record a lunar eclipse video on your Samsung Galaxy S24 Ultra, switch to Pro Video mode, mount your phone on a tripod, and zoom in using the 5x or 10x telephoto lens with a low ISO and adjusted shutter speed.Recommended Video Settings

Shooting Mode: Open the Camera app, swipe to More, and",1,Search: Samsung Galaxy S24,
bafyreic6ozmizku7o6xzsbmvgzj5uzwqsp6vc4i22gj576zq3kooma3ima,bluesky,post,2026-08-27 10:54:06,"Самолетен режим при зареждане: Колко време наистина може да спестите?

Активирането на самолетен режим наистина може леко да ускори процеса на зареждане на вашия смартфон, но не очаквайте значително спестяване на време. Разликата е само няколко минути. Експертите тестваха това на Samsung Galaxy S24…",0,Search: Samsung Galaxy S24,
bafyreiguwqaexxqkktwx7f6bbgimzjigs63ppgvopgct45rvaissvdrxoe,bluesky,post,2026-08-27 09:33:26,www.tomsguide.fr/votre-galaxy...,0,Search: Samsung Galaxy S24,
bafyreidv3fx5e77ezbwoczkglyp2qaui7cd4bjmm7evr6l5vtcr3x7rgwm,bluesky,post,2026-08-27 07:44:32,"August 2026 security update rolls out to the Galaxy S25, S24, Z Fold6, and Z Flip6!

#Samsung #Galaxy #OneUI8_5 #TeamGalaxy #GalaxyAI #TeamSamsung #TechNews #TechUpdates #GalaxyS25 #GalaxyS24 #GalaxyZFlip6 #GalaxyZFold6",0,Search: Samsung Galaxy S24,
bafyreidprdrin5gnrhhpt2bavkisthvk4eikpli63yohuts3ozqayl7qji,bluesky,post,2026-08-27 00:36:36,"Samsung поширила серпневий патч безпеки на Galaxy S24, S25 та S25 FE — закрито 56 вразливостей. Galaxy S25 отримав 559 МБ, S24 — 416 МБ, S25 FE — 312 МБ. Спершу оновлення в Кореї, далі — інші регіони. Далі на черзі One UI 9.0 на Android 17. #Android17 

👉 t.me/dplse/989",1,Search: Samsung Galaxy S24,
bafyreiewsof6y2ifrxjhmlp2n767634tuote522eh7itnuwiqs452ewtmq,bluesky,post,2026-08-26 21:15:09,"Belkin Cargador de Pared Doble USB tipo C de 65 W, Carga Rápida 3.0 con Tecnología GaN, cargador USB para iPhone 16, 15, 14, 13, iPad Pro, Air, MacBook, Samsung Galaxy S24, S23, Google Pixel, Blanco

📉 Baja de 49,99 a 28,10€

💶 Ahorro: 21,89€ (44%)

🔗 https://amzlink.to/az0ig7eV43bc2",0,Search: Samsung Galaxy S24,
bafyreibhlsxvx4q3gxva5p5aouealxmlqbhxcel37owakwhl5yj4ncb6aa,bluesky,post,2026-08-26 15:44:15,"elago Funda X-Ray con Tarjetero para Samsung Galaxy S24 Ultra

📉 Baja de 17,99 a 12,59€

💶 Ahorro: 5,40€ (30%)

🔗 https://amzlink.to/az0dq93QCrHvD",0,Search: Samsung Galaxy S24,
bafyreicg2rlcvhffnhmzpm2czkrnry5s3hjevv73hio5mxowvj4njwsuem,bluesky,post,2026-08-26 10:43:00,Galaxy S24 series gets August 2026 security update www.sammobile.com/news/galaxy-...,1,Search: Samsung Galaxy S24,
bafyreiexfmyif3xjo27oc3iltcuvh7wodff26uknycrcfetwspinq3tddm,bluesky,post,2026-08-25 13:43:52,"• 25% OFF acima de R$ 29 (limite de R$ 500)
🎟️ Cupom: MAISCUPONS
🛒 Válidos: meli.la/1zmNUhB

• 25% OFF acima de R$ 29 (limite de R$ 500)
🎟️ Cupom: MELHORNOML
🛒 Válidos: meli.la/2f9rx1m

• 18% OFF acima de R$ 29 (limite de R$ 500)
🎟️ Cupom: MAISOFERTAS
🛒 Válidos: meli.la/2b1qiWL",0,Search: Samsung Galaxy S24,
bafyreidcre6eufh22o56fdld6qacykjw5myhqf6a2ipxc4ymx4cpehsfqm,bluesky,post,2026-08-25 00:15:10,Protetor de Lentes para Camera Traseira S24 Ultra em Vidro Temperado com Aro de Alumínio Prateado para Samsung Galaxy S,0,Search: Samsung Galaxy S24,
bafyreicvaqdhqcwahxbqxt3cnkzqfsugi4qpaqzmujbrcast6f4q667fwm,bluesky,post,2026-08-24 22:54:01,"📦 Samsung Galaxy S24 Ultra 256gb 12gb Ram Titanium Black (Outros)

💰 De: R$ 6.999,00
Por: R$ 5.509,00 💵 (21% OFF)

👉 Link: https://meli.la/1Tm8yaz

#oferta #promoção #Outros",0,Search: Samsung Galaxy S24,
bafyreigdvixuaqf7fuheu4lhno4fqkemouqfkvaltycpxg5uwqirog2lqa,bluesky,post,2026-08-24 21:50:07,"Samsung Galaxy S24 FE 128 GB Blue, 6.7"", 5G, 128 GB, NFC, IP68
R$ 2.069,10 (R$ 1.889,10 com o cupom INFLU200)
Avaliação: ⭐⭐⭐⭐⭐ 🥇
Loja: Magazine Luiza

Menor preço em 90 dias: R$ 2.069,10
Mediana dos preços de 90 dias: R$ 2.069,10",0,Search: Samsung Galaxy S24,
bafyreiccm2et2pyq36ob5rxh3nia6r4bgnesq5huvfbdecm5v2ytz6ehcm,bluesky,post,2026-08-24 21:50:06,Recomendações de Smartphones - top 10 - 24/08/26.,0,Search: Samsung Galaxy S24,
bafyreifsj36sco6fuzyrddhymljmutcraoo7b7lipsr4v7kv6yfemvroum,bluesky,post,2026-08-24 20:32:25,"Samsung Galaxy S24 FE 128 GB Blue, 6.7"", 5G, 128 GB, NFC, IP68
R$ 2.069,10 (R$ 1.889,10 com o cupom INFLU200)
Avaliação: ⭐⭐⭐⭐⭐ 🥇
Loja: Magazine Luiza

Menor preço em 90 dias: R$ 2.069,10
Mediana dos preços de 90 dias: R$ 2.069,10",0,Search: Samsung Galaxy S24,
bafyreibaf2yqm2gtzobukugxbdcwvoyo7bg2ljikpubdz4d3bsozr5o4d4,bluesky,post,2026-08-24 20:32:24,Recomendações de Smartphones - top 3 - 24/08/26.,0,Search: Samsung Galaxy S24,
bafyreier3c2uowdqrg3whffpxomljsupyxjbhlwbffmlzbjbeisxyswbba,bluesky,post,2026-08-24 15:10:51,"🔥 Samsung Galaxy S24 Plus 256GB 512GB gris violet jaune - Très bon état
eBay · 450.99 €
#BonPlan #HighTech #Promo",0,Search: Samsung Galaxy S24,
bafyreieu5hbswkvmgnkbutfugw7d2cubcjkmxu3sjshqnwjcfkqeyah47i,bluesky,post,2026-08-24 14:50:07,"Samsung Galaxy S24 FE 128 GB Blue, 6.7"", 5G, 128 GB, NFC, IP68
R$ 2.069,10 (R$ 1.889,10 com o cupom INFLU200)
Avaliação: ⭐⭐⭐⭐⭐ 🥇
Loja: Magazine Luiza

Menor preço em 90 dias: R$ 2.069,10
Mediana dos preços de 90 dias: R$ 2.069,10",0,Search: Samsung Galaxy S24,
bafyreiebb3z24hj2fyeq6y4nd2u7fricffekr4krjpd737eknezwncnkvq,bluesky,post,2026-08-24 14:48:26,"🔥 Samsung Galaxy S24 Plus 256GB 512GB gris jaune violet - État acceptable
eBay · 416.99 €
#BonPlan #HighTech #Promo",0,Search: Samsung Galaxy S24,
bafyreihiuqe3me7tpwoxuqge4coqnnqrme7bat5vwkaf5qcpq7bgvffxvi,bluesky,post,2026-08-24 14:43:03,"🔥 Samsung Galaxy S24 128GB 256GB noir violet gris jaune - Bon état
eBay · 356.99 €
#BonPlan #HighTech #Promo",0,Search: Samsung Galaxy S24,
bafyreie2rmx5sj4vgk47xx2b2yorin6ffrqfmq74hvcxigjb3etuw66zni,bluesky,post,2026-08-24 14:37:16,"🔥 Samsung Galaxy S24 128GB 256GB noir violet gris jaune État acceptable
eBay · 326.99 €
#BonPlan #HighTech #Promo",0,Search: Samsung Galaxy S24,
bafyreia6d2vmzir3ubz6prieie65gkpold453rjvfaltxlt7alnnz6a2fq,bluesky,post,2026-08-24 13:22:36,"🔥 Samsung Galaxy S24 128GB 256GB schwarz lila grau gelb - Zustand akzeptabel
eBay · 326.99 €
#BonPlan #HighTech #Promo",0,Search: Samsung Galaxy S24,
bafyreieeqmdzh3d6fpzj7ekkezetfh4httsxxsgrjyxw4ljwo2ykgrta5a,bluesky,post,2026-08-23 19:44:07,"🔥 Chargeur USB C 45W avec Câble 2m pour Samsung Galaxy S25 S24 S23 S22 S21
eBay · 25.99 €
#BonPlan #HighTech #Promo",0,Search: Samsung Galaxy S24,
bafyreidzwfyut4mbokkyqcm3cgz5rvyu2cq7t7vts3vgeqhslul43bhg6i,bluesky,post,2026-08-23 13:01:07,"Samsung DeX gaming on a 49-inch 32:9 monitor works — but DOOM, The Alters and Red Dead Redemption stayed 16:9 in my Galaxy S24 Ultra test. #SamsungDeX #Ultrawide #AndroidGaming #XboxCloudGaming",0,Search: Samsung Galaxy S24,
bafyreigpetayijjwehedo5ef3akmd2q5waof43he44oajbvibx6ndokvei,bluesky,post,2026-08-23 07:20:30,"#publicidad

🔥 ¡OFERTA AMZ! 🔥

Belkin BoostCharge cable USB C trenzado (cable USB-C a USB-C, cable USB Tipo C para iPhone 16, iPhone 15, Samsung Galaxy S24, S23, Google Pixel, iPad, MacBook, Nintendo...

💰 Precio: 7,32€ (Antes: 14,90€)

🔗 https://www.amazon.es/dp/B085Y899HP/?tag=infocompras08-21",0,Search: Samsung Galaxy S24,
bafyreifj6z4wqr3bfxmtwmsjwexyudhzns2rrzky5fjcdqhkqyqvcec4ge,bluesky,post,2026-08-23 02:52:24,"Deal Not to Overlook !

Samsung Galaxy S24+ Plus 5G, US Version, 256GB, Cobalt Violet - Unlocked (Renewed)

Price: $417.89 (MSRP: $999.99 | You Save 58.21%)

Rating: 4.3 (1016 reviews)

Get it here: https://budgetbuzz.deals/?l=https://www.amazon.com/dp/B0D365XY4M?tag=buzzdeals0b-20
#ad",1,Search: Samsung Galaxy S24,
bafyreie5wtrqcg3gddlhtri3krv4pakl5ecwssbx4xt7nzqb2me7cfxkkq,bluesky,post,2026-08-22 21:50:08,"Samsung Galaxy S24 256 GB Onyx Black, 6.2"", 5G, 256 GB, NFC, IP68
R$ 2.999,00
Avaliação: ⭐⭐⭐⭐⭐
Loja: Magazine Luiza

Menor preço em 90 dias: R$ 2.789,10
Mediana dos preços de 90 dias: R$ 2.789,10",0,Search: Samsung Galaxy S24,
bafyreia2d7mkuxd3d6j6jebh57w5lbikeyqd7hhptd4r7p6nmsekcnkqxy,bluesky,post,2026-08-22 21:50:07,"Samsung Galaxy S24 FE 128 GB Blue, 6.7"", 5G, 128 GB, NFC, IP68
R$ 2.069,10
Avaliação: ⭐⭐⭐⭐⭐ 🥈
Loja: Magazine Luiza

Menor preço em 90 dias: R$ 2.069,10
Mediana dos preços de 90 dias: R$ 2.069,10",0,Search: Samsung Galaxy S24,
bafyreifee7qsqvfvb6exb6ps3ih3nrcfkobxa52f3k5ngdw4dcjftq2g6u,bluesky,post,2026-08-22 21:50:07,Recomendações de Smartphones - top 10 - 22/08/26.,0,Search: Samsung Galaxy S24,
bafyreidpuq6refwynwbdm34cf4nvw5qpzzw3cel6bknf6fljiqwt5v2ofq,bluesky,post,2026-08-22 20:32:17,"Samsung Galaxy S24 FE 128 GB Blue, 6.7"", 5G, 128 GB, NFC, IP68
R$ 2.069,10
Avaliação: ⭐⭐⭐⭐⭐ 🥈
Loja: Magazine Luiza

Menor preço em 90 dias: R$ 2.069,10
Mediana dos preços de 90 dias: R$ 2.069,10",0,Search: Samsung Galaxy S24,
bafyreibscvopsjll5tjaoev7mhgpll7y3etg4uvm7oxs6ujbfzqc7vc3ju,bluesky,post,2026-08-22 20:32:16,Recomendações de Smartphones - top 3 - 22/08/26.,0,Search: Samsung Galaxy S24,
bafyreiewzl6qlcachjjojegrp7ydbn7zxyh454tnbjsrlsj7econusfqwa,bluesky,post,2026-08-21 21:50:08,"Samsung Galaxy S24 256 GB Onyx Black, 6.2"", 5G, 256 GB, NFC, IP68
R$ 2.999,00
Avaliação: ⭐⭐⭐⭐⭐
Loja: Magazine Luiza

Menor preço em 90 dias: R$ 2.789,10
Mediana dos preços de 90 dias: R$ 2.789,10",0,Search: Samsung Galaxy S24,
bafyreibdxfykkiu5phgrbx4qjmxs3jep6jbso4j6sreai2n5lpkhi34tva,bluesky,post,2026-08-21 21:50:08,"Samsung Galaxy S24 FE 128 GB Blue, 6.7"", 5G, 128 GB, NFC, IP68
R$ 2.069,10
Avaliação: ⭐⭐⭐⭐⭐ 🥈
Loja: Magazine Luiza

Menor preço em 90 dias: R$ 2.069,10
Mediana dos preços de 90 dias: R$ 2.069,10",0,Search: Samsung Galaxy S24,
bafyreie7myhzq23k7iujcvs7m6pybi5zrirulqdgblwtp5hdtviunuhgcy,bluesky,post,2026-08-21 21:50:07,Recomendações de Smartphones - top 10 - 21/08/26.,0,Search: Samsung Galaxy S24,
bafyreif4muou7pbollf4tsq4qpewp3t3v4cobdfnzhd2hc43ybvjy2f5em,bluesky,post,2026-08-21 20:32:52,"Samsung Galaxy S24 256 GB Onyx Black, 6.2"", 5G, 256 GB, NFC, IP68
R$ 2.999,00
Avaliação: ⭐⭐⭐⭐⭐ 🥉
Loja: Magazine Luiza

Menor preço em 90 dias: R$ 2.789,10
Mediana dos preços de 90 dias: R$ 2.789,10",0,Search: Samsung Galaxy S24,
bafyreiayi3hc2rz4oekpt722cyj4ahcrezhvnoj2j6iuvcd7zwcfdskpoa,bluesky,post,2026-08-21 20:32:51,Recomendações de Smartphones - top 3 - 21/08/26.,0,Search: Samsung Galaxy S24,
bafyreigtm43m26c3773bedkvy3d5p4x5j2bsrzlhebtgtmrwfxdiv3tkuq,bluesky,post,2026-08-21 18:07:21,"2026’da Hala Parasını Hak Eden Eski Amiral Gemisi Telefonlar

Geçtiğimiz yıllarda piyasaya sürülen bazı amiral gemisi modeller, güçlü işlemcileri, üst düzey ekranları ve gelişmiş kamera sistemleriyle bugün hâlâ dikkat çekiyor. Üstelik ardan geçen birkaç yıl, bu cihazların fiyatlarını daha…",0,Search: Samsung Galaxy S24,
bafyreidi3uq7mocxwcdtpou425th2y5hcslmwhb77jys3mhs672g3wryyq,bluesky,post,2026-08-21 16:05:52,"[Help] Sur mon phone (Samsung Galaxy S24), je ne reçois plus de notification de réception des mails de l'appli 'samsung E-mail'.
Je suis allée dans Paramètres, mais je ne trouve pas comment réactiver la réception des notifications. 

Le partage est doux et assure le retour de l'être aimé. Merci ! 😊",1,Search: Samsung Galaxy S24,
bafyreiaofjs5fwoaeemal3qia472hxtpdh3j6bmnoumhuvu7ucp6rwfipi,bluesky,post,2026-08-21 14:51:59,"Samsung Galaxy S24 FE -kotelo, yhteensopiva MagSafe-tekniikan kanssa, joustava mattapintainen takakansi

EUR 0.00 Lisää tietoa",0,Search: Samsung Galaxy S24,
bafyreie5w7vt4g75hq5aaj5ydhnatc2zd6ejz7uxzqsc7dicxnldjntmay,bluesky,post,2026-08-20 21:50:05,"Samsung Galaxy S24 FE 128 GB Graphite, 6.7"", 5G, 128 GB, NFC, IP68
R$ 2.069,10
Avaliação: ⭐⭐⭐⭐⭐ 🥇
Loja: Magazine Luiza

Menor preço em 90 dias: R$ 2.069,10
Mediana dos preços de 90 dias: R$ 2.069,10",0,Search: Samsung Galaxy S24,
bafyreidtmy4rgjgek2nj6gsd2uimeuiwlkvkrfc55k2trmbdgabzvpylvu,bluesky,post,2026-08-20 21:50:04,Recomendações de Smartphones - top 10 - 20/08/26.,0,Search: Samsung Galaxy S24,
bafyreie63jygi7rn7ogk4a4sgvwczh7j3rimt7y6zialvk4lpgnhp33vya,bluesky,post,2026-08-20 20:32:27,"Samsung Galaxy S24 FE 128 GB Gray, 6.7"", 5G, 128 GB, NFC, IP68
R$ 2.069,10
Avaliação: ⭐⭐⭐⭐⭐ 🥇
Loja: KaBuM!

Menor preço em 90 dias: R$ 2.069,10
Mediana dos preços de 90 dias: R$ 2.069,10",0,Search: Samsung Galaxy S24,
bafyreibtdota5eno4rnktgpfnfiianmsm44gltalq2ya7wjcswcbgagnoi,bluesky,post,2026-08-20 20:32:25,Recomendações de Smartphones - top 3 - 20/08/26.,0,Search: Samsung Galaxy S24,
bafyreigxt672fh3h7gwzlzs2zf44lnzu7mrhdg5diwkybbiepldkusydbu,bluesky,post,2026-08-20 14:50:05,"Samsung Galaxy S24 FE 128 GB Gray, 6.7"", 5G, 128 GB, NFC, IP68
R$ 2.069,10
Avaliação: ⭐⭐⭐⭐⭐ 🥇
Loja: KaBuM!

Menor preço em 90 dias: R$ 2.069,10
Mediana dos preços de 90 dias: R$ 2.069,10",0,Search: Samsung Galaxy S24,
bafyreihhqo3ilt6hplw5vl4jltn4mude2mom3yhkfpsccc4g3m4igkyc7m,bluesky,post,2026-08-19 15:58:01,"🔥 SMARTPHONE SAMSUNG GALAXY S24 ULTRA 5G SM S928B 512 Go DUAL SIM 6,8"" NOIR NO S25
eBay · 431.59 €
#BonPlan #HighTech #Promo",1,Search: Samsung Galaxy S24,
bafyreifu5oz3f7tf2cdn2ncqxwzfi6z6ekr7xchieo63kiff2asfwvhvkq,bluesky,post,2026-08-19 15:52:49,"🔥 SMARTPHONE SAMSUNG GALAXY S24 ULTRA 5G SM S928B 512 Go DUAL SIM 6,8"" NOIR NO S25
eBay · 431.59 €
#BonPlan #HighTech #Promo",0,Search: Samsung Galaxy S24,
bafyreiaxp5lxuirtresjxp3brkqkeeko264qllsu2ekqccwym3ndmkqpvq,bluesky,post,2026-08-19 15:12:36,"• 25% OFF acima de R$29 (limite de R$500)
🎟️ Cupom: MAISCUPONS
🛒 Válidos: meli.la/1zmNUhB

• 20% OFF acima de R$39 (limite de R$30)
🎟️ Cupom: MAKE20
🛒 Válidos: meli.la/2tbaA7C

• R$50 OFF acima de R$299
🎟️ Cupom: PET50WEEK
🛒 Válidos: meli.la/26bNx6v",0,Search: Samsung Galaxy S24,
bafyreigpgmykkwnrqqcgklcurckip2qzum2tggt52vrb5bbx3jvfq6yt6m,bluesky,post,2026-08-19 07:47:31,"📷 Samsung Galaxy S24 Ultra

#photography #prague #praha",9,Search: Samsung Galaxy S24,
bafyreidhgelr4of6ogr2j7hsmy3kalr64hi7fh4rody226c3bwotlbprce,bluesky,post,2026-08-18 22:18:25,"This charger for under $10 actually supports PPS for Samsung phones and tablets (bypass charging)

amzn.to/4wFGRpw",0,Search: Samsung Galaxy S24,
bafyreiflfvx2gio3gfji4jt646impu6w4vkp5nrqgwenvfxnuhimprlwqy,bluesky,post,2026-08-18 22:07:52,"https://mojaoprema.si/izdelek/zascitno-kaljeno-steklo-9h-nano-za-samsung-galaxy-s24-ultra/ 8,99 €  Zaščitno kaljeno steklo 9H nano za Samsung Galaxy S24 Ultra – Vrhunska zaščita zaslona

Iščete",0,Search: Samsung Galaxy S24,
bafyreidbqrop6aqvncr6dhsldvoiu6p2blxrrk3evpkbkahxxjwc6mjazi,bluesky,post,2026-08-18 18:00:16,Capa Magnética Dobrável com Proteção Total da Lente para Samsung Galaxy S26 S25 S24 S23 Ultra A57 A56 A37 A36 Compat,0,Search: Samsung Galaxy S24,
bafyreidg6h6pa5nzzlexzcxu336ziij7qyvv3ptqdua6ldnwiutgkk7bde,bluesky,post,2026-08-18 09:37:35,"10000mAh power bank with built-in USB-C cable for $12.99 with coupon 5UGZPM9Y. Fast enough for iPhone or Android.

https://rblink.xyz/4hxf0",0,Search: Samsung Galaxy S24,
bafyreie452u7eqolxbaefefqfixwngnhjdpqs476xuhinuwk3gdywjof6i,bluesky,post,2026-08-18 06:22:52,"📷 Samsung Galaxy S24 Ultra

#photography #prague #praha",6,Search: Samsung Galaxy S24,
bafyreicsdvneldv657vcnkbnjpgwh7hffk7cs3mbbbeqvphlyrndvzuqgq,bluesky,post,2026-08-18 01:55:10,"🛒
📱かわいいパン型のスマホケース（ストラップ付き）

Samsung Galaxy S25、S24、S24 Plus/S24+、S24 Ultra、S24 FE、S20、S21、S22、S23、11/11 Pro/11 Pro Max、12/12 Pro/12 Pro Max、13/13 Pro/13 Pro Max、14/14 Pro/14 Pro Max、15/15 Pro/15 Pro Max、16/16 Proに対応。 ベストセラー#1
価格[¥557] 
onelink.shein.com/48/5z7odehrt...",0,Search: Samsung Galaxy S24,
bafyreihqdvev42t2lqehx6fs3glcc6pjrwbfcoadwo7bfdgvecvfkd3yrq,bluesky,post,2026-08-17 16:00:11,"Smartphone Samsung Galaxy S24 128GB Preto 5G 8GB RAM Tela 6,2"" Câm. Traseira 50+12+10MP Frontal 12MP",0,Search: Samsung Galaxy S24,
bafyreig6jvrlda2fgbya6tzu4m2rqlzxyfb5unbhzukxv227yrlkmnrkra,bluesky,post,2026-08-17 18:42:47,"🔥 Neuf Samsung Galaxy S24 (5Go) 128Go/256Go Désimlocké Smartphones,Sans contrat
eBay · 491.99 €
#BonPlan #HighTech #Promo",0,Search: Samsung Galaxy S24,
bafyreiaxdvushqo67annhpbd4dtg5epeqmglrye2mhkr7dr3tqtkg5ngnu,bluesky,post,2026-08-17 14:50:03,"Samsung Galaxy S24 Ultra 256 GB Titanium Black, 6.8"", 5G, 256 GB, NFC, IP68
R$ 4.319,10
Frete Grátis (consulte o CEP)
Avaliação: ⭐⭐⭐⭐⭐ 🥇
Loja: Amazon

Mediana dos preços de 90 dias: R$ 5.219,10",0,Search: Samsung Galaxy S24,
bafyreig63fytklhbgichdmbsirfbn66oxzn2uz7xfhyucs3ip6rbgjxw4e,bluesky,post,2026-08-17 08:14:32,"📷 Samsung Galaxy S24 Ultra

#photography #prague #praha #tram #perspective",8,Search: Samsung Galaxy S24,
bafyreifhmcoxgi67xxzok7rubniiai7nmqdmsgqq7epypotop4ii763bny,bluesky,post,2026-08-17 06:21:33,"🔥 Samsung Galaxy S24 Ultra - 1To - Gris Titane (Déverrouillé) (Dual SIM)
eBay · 430.00 €
#BonPlan #HighTech #Promo",0,Search: Samsung Galaxy S24,
bafyreiaqpcoubge6cj57vmg6giqbv4mbu32cbhtfsyehkenhcgkt2fdpwe,bluesky,post,2026-08-16 14:08:32,"🔥 -28% · Smartphone Samsung Galaxy S24 Ultra, Galaxy AI, Selfie de 12MP, Tela de 6.8"" 1-120Hz, 256GB, 12GB RAM - Titânio Preto
Aproveite enquanto está disponível 👇",1,Search: Samsung Galaxy S24,
bafyreifxlwd26df4ieaq6ox3viccextipdwat5drq2vdml5mqcuzwyofqe,bluesky,post,2026-08-16 13:12:46,"🔥 Smartphone Samsung Galaxy S24 Ultra - 256 Go, Noir -Single SIM, Version US (vendeur tiers)
514.99 €
#BonPlan #HighTech #Promo",0,Search: Samsung Galaxy S24,
bafyreidxvajdfqksu26zadulnkl2mku6l3eyipkignvctk3sdpdlapwyd4,bluesky,post,2026-08-16 12:29:55,"*GALAXY S24 ULTRA É TOP*

- *Smartphone Samsung Galaxy S24 Ultra 256GB 12GB RAM
🔥 Por: *R$ 4.319,10
link.amazon/B01X2LjNw
⚫ Aproveita todas as ofertas do dia aqui 
link.amazon/B05ZcOgbd
ENTRE NO GRUPO DE OFERTAS 
linktr.ee/omelhornasua...",0,Search: Samsung Galaxy S24,
bafyreibixibxxvgr7cyycemmywpq7vpbwej5k5sifioebcevw2iygl3cgm,bluesky,post,2026-08-16 10:09:04,"Cdiscount fait une offre difficile d’ignorer sur Samsung Galaxy S24 Ultra
➡️ https://l.lindependant.fr/HEB6",0,Search: Samsung Galaxy S24,
bafyreie45kxvi3tjien5m6bkv6z7dks2kgduhyubryyhqzc4rfy6flnyji,bluesky,post,2026-08-16 08:33:57,"📷 Samsung Galaxy S24 Ultra

#photography #prague #praha",8,Search: Samsung Galaxy S24,
bafyreifuaea4lk34xi2x3kopwix7pt6lxlj6b3cnwmcfx6gyplw44g6v54,bluesky,post,2026-08-15 19:32:13,"VERSÃO ULTRA

Smartphone Samsung Galaxy S24 Ultra, Galaxy AI, Selfie de 12MP, Tela de 6.8"" 1-120Hz, 256GB, 12GB RAM 

🔥 De: 5.999 | POR 4.319 
🔗 link.amazon/B01WQlMaO",0,Search: Samsung Galaxy S24,
bafyreieaaqela7u3iprrnz7knq3376wurs37gs7bll4nowik64hpp4gymi,bluesky,post,2026-08-15 19:31:51,"Smartphone Samsung Galaxy S24 Ultra, Galaxy AI, Selfie de 12MP, Tela de 6.8"" 1-120Hz, 256GB, 12GB RAM - Titânio Preto

Por apenas R$4.319,10 Pix
ou R$ 4.799 em 12x sem juros
link.amazon/B03OSqDXY",2,Search: Samsung Galaxy S24,
bafyreiatk4n2thv2fxtbdspmlbmugzvacetu35pbszwlfelyu5farm64qa,bluesky,post,2026-08-15 15:15:08,"Smartphone Samsung Galaxy S24 Ultra 5G 256GB 12GB RAM Câmera 200MP Tela 6.8"" 120Hz S Pen Preto",0,Search: Samsung Galaxy S24,
bafyreihpyfwywqy7dce23lrellojwg57jpzc5gkxczdn3mrtbxjotmtxme,bluesky,post,2026-08-15 15:15:06,"Smartphone Samsung Galaxy S24 Ultra 68"" Galaxy AI 256GB Titânio Cinza 5G 12GB RAM Câm Quádrupla 200MP + Selfie 12MP",0,Search: Samsung Galaxy S24,
bafyreic5txt6ang3e5diiahfu4jimbgmpcy24z454snc3mm5s3knne56vq,bluesky,post,2026-08-15 17:58:08,"📷 Samsung Galaxy S24 Ultra

#photography #prague #praha",6,Search: Samsung Galaxy S24,
bafyreig6kovwuh5wmkx3k4oeinzxa36mzwpjq4ou4yjx2kmq7cnvpv66ai,bluesky,post,2026-08-15 14:55:03,"Sure, I'm coming from the older Samsung Galaxy S24 Ultra, but the Samsung Galaxy Z Fold8 battery is super impressive.",0,Search: Samsung Galaxy S24,
bafyreihxu43mmiby52qsucmkfr5ldku6nc6b6jcmhyncvzeeewtnh4ncoa,bluesky,post,2026-08-15 10:37:45,"Samsung Galaxy S24 de 8/256GB en color Negro Onyx y libre por solo 599 €, con un ahorro frente al precio normal de 969 €. También disponible en otros colores.",0,Search: Samsung Galaxy S24,
bafyreicld7fju2jujxxc5kdjvhdgd53trtp34fyukbxnhuwwztiduamhqu,bluesky,post,2026-08-14 21:03:07,"Smartphone Samsung Galaxy S24 Ultra, Galaxy AI, Selfie de 12MP, Tela de 6.8"" 1-120Hz, 256GB, 12GB RAM - Titânio Preto

Por apenas R$4.319,10 Pix
ou R$ 4.799 em 12x sem juros
link.amazon/B02JpiNCz",2,Search: Samsung Galaxy S24,
bafyreih242ffkxjuelwihofvtt3u54wez22dlt4n5sx3lrlajnbjjcw6ny,bluesky,post,2026-08-14 18:30:07,"Galaxy S23, S24 i S25 trafiły do pozwu patentowego. Chodzi o funkcję, która usypia GPS, gdy telefon się nie rusza, by oszczędzać baterię. Na razie użytkownicy nie mają powodów do obaw 📍🔋",1,Search: Samsung Galaxy S24,
bafyreieupi3c4g3dxo7acqrlerfo2w6p7r7kxvkoip4vbnpdjn3fy3w4si,bluesky,post,2026-08-14 15:37:53,"🔥 Samsung Galaxy S24 Ultra - 256Go - Noir Titane (Déverrouillé) (Dual SIM)
eBay · 465.10 €
#BonPlan #HighTech #Promo",0,Search: Samsung Galaxy S24,
bafyreievb7f76ineoycpiwmjlqbwmh3qinxtks2ivgnac56p5ekniqh55y,bluesky,post,2026-08-14 08:50:55,"📷 Samsung Galaxy S24 Ultra

#photography #prague #praha",6,Search: Samsung Galaxy S24,
bafyreidarzlcwjaju5crifzwh3um7vcd6l5gs6chn3dai56slv53xus4aa,bluesky,post,2026-08-14 00:07:51,"Foto : Çekmeköy Madenler Meydanı ve Ben Vedat Baltacı.

""Tarih 14 Ağustos 2026 Cuma - Saat 00.46""

""Samsung Galaxy S24 Ultra İle Çekildi.""",1,Search: Samsung Galaxy S24,
bafyreigyp7ucshksplwhi5jafz4nkolg3tuacplz3sb5qivdqhkpwl6b2q,bluesky,post,2026-08-13 21:50:06,"Samsung Galaxy S24 FE 128 GB Gray, 6.7"", 5G, 128 GB, NFC, IP68
R$ 2.069,10
Avaliação: ⭐⭐⭐⭐⭐ 🥉
Loja: KaBuM!

Menor preço em 90 dias: R$ 2.069,10
Mediana dos preços de 90 dias: R$ 2.069,10",0,Search: Samsung Galaxy S24,
bafyreig5xir55da7ltkqz5z4huhj6zruacj2jqsarfmqyq3ehnclqmpwhq,bluesky,post,2026-08-13 21:50:04,Recomendações de Smartphones - top 10 - 13/08/26.,0,Search: Samsung Galaxy S24,
bafyreicnadtcztwoh32hgewzscomrb2nc6xqg6r65yzn7y64k2bsziw2ui,bluesky,post,2026-08-13 18:05:28,"Smartphone Samsung Galaxy S24 Ultra, Galaxy AI, Selfie de 12MP, Tela de 6.8"" 1-120Hz, 256GB, 12GB RAM - Titânio Preto

Por apenas R$4.319,10 Pix
ou R$ 4.799 em 12x sem juros
link.amazon/B04M6BCRv",2,Search: Samsung Galaxy S24,
bafyreigquuhfuh6vaiohoewhevbiegxdzyence3egt6dun3gaissjedzqm,bluesky,post,2026-08-13 16:52:24,"Unbelievable Bargain !

Samsung Galaxy S24+ Plus 5G, US Version, 256GB, Onyx Black - Unlocked (Renewed)

Price: $409.23 (MSRP: $749.95 | You Save 45.43%)

Rating: 4.0 (712 reviews)

Get it here: https://budgetbuzz.deals/?l=https://www.amazon.com/dp/B0D365SPZN?tag=buzzdeals0b-20
#ad",0,Search: Samsung Galaxy S24,
bafyreigcrsx4cuhq73le23ggma6azt76nlrigytxtkzkyjbj27uocuud7m,bluesky,post,2026-08-13 16:23:54,"🔥 SMARTPHONE SAMSUNG GALAXY S24+ PLUS 5G SMS926B 512 Go 6,7 pouces DUAL SIM...
eBay · 486.71 €
#BonPlan #HighTech #Promo",0,Search: Samsung Galaxy S24,
bafyreifmphrj53yvth72h77fg7536vehv2eqfd7cfydyac4i3gvuwxyeq4,bluesky,post,2026-08-13 16:02:35,"🔥 SMARTPHONE SAMSUNG GALAXY S24+ PLUS 5G SM S926B 256 Go DUAL SIM ORANGE NO S25
eBay · 461.75 €
#BonPlan #HighTech #Promo",0,Search: Samsung Galaxy S24,
bafyreiei5777gbzet2t2i4tmspdmz6ugr4kos6k3coizcjxerd5j2iolhy,bluesky,post,2026-08-13 15:53:29,s.click.aliexpress.com/e/_c4aTHCpt,1,Search: Samsung Galaxy S24,
bafyreicjrqa3e3fde4m6p3ydpecuphkeawktquohumtitgajw5lbmicska,bluesky,post,2026-08-13 15:01:21,"Não é um simples celular! Selfie de 12MP, tela de 1-120Hz, 256GB, 12GB RAM 

Samsung Galaxy S24 Ultra 
link.amazon/B0c5GU1hh 

#GalaxyS24Ultra #celular #smartphone #tecnologia 

Pelo link, recebo comissão",0,Search: Samsung Galaxy S24,
bafyreift7qleu4eznlveyaiebqikwgbiaye72zma5pjkd55h5f34dqmbtu,bluesky,post,2026-08-13 14:12:55,"🔥 Samsung Galaxy S24 Ultra 512 Go Jaune - Acceptable - Garantie 1 an
eBay · 609.00 €
#BonPlan #HighTech #Promo",0,Search: Samsung Galaxy S24,
bafyreifkhrrnb5lqoywmc6qaiwlmobmbqjvbquhamy47zjxvpwd4ejfnoy,bluesky,post,2026-08-13 14:10:56,"eu peguei esse aqui e foi o 1º que não me estressou depois de 1 ano. o preço tá bem aceitável
--

Smartphone Samsung Galaxy S24 Ultra, Galaxy AI, Selfie de 12MP,  256GB, 12GB RAM

De: R$6.999,90

🔥🔥 Por: R$4.799,00! - até 12x sem juros

⚡10% DE DESCONTO EXTRA PAGANDO NO PIX

👇

link.amazon/B01qIHxGx",0,Search: Samsung Galaxy S24,
bafyreif3qoq6zotfddxstry673uwh5tes7is5chyinuao4m4gcmzzmjrfa,bluesky,post,2026-08-13 10:47:21,"One UI 9 beta para Galaxy S24 aparece em nova compilação interna

Nova compilação beta do One UI 9 para Galaxy S24 aparece nos servidores da Samsung, sinalizando que o programa público de testes pode estar próximo.",0,Search: Samsung Galaxy S24,
bafyreigj5g6ncw5526qpdkutvfwwuow2fa2uhu35xgbnudmqxinirfz2wu,bluesky,post,2026-08-13 07:04:49,"📷 Samsung Galaxy S24 Ultra

#photography #prague #praha #fog",4,Search: Samsung Galaxy S24,
bafyreia4ciam67sit4o72nckggluamnu3bfefegeigfqb6xas6jiyqo2cq,bluesky,post,2026-08-13 02:37:21,"Samsung Galaxy S24 Ultra, Galaxy AI, Câmera 200Mpx, 256GB, 12GB RAM, 6.8"" 120Hz, 5000mAH

❌ De R$5.999
💸 Por R$4.319 no PIX
💳 ou R$4.799 em até 4x sem juros
⭐ 4.8

🛍️ Amazon
🔗 link.amazon/B01T2bafK

🔔 Siga para não perder nenhuma oferta

- Anúncio",0,Search: Samsung Galaxy S24,
bafyreibwsmy46chqtrwj5pj6x7qv3jn6ksxkbk2gtc5ul3j4b35bgyfr5m,bluesky,post,2026-08-12 19:25:19,"Samsung Galaxy S24 Ultra 256GB unlocked, 55% off at $581.28, almost gone. ebay.us/Nb91LL",0,Search: Samsung Galaxy S24,
bafyreibd7crg7cy6xeycb2cr4te5qmgjgamzv6chuwdzxu3oi2roe6cejm,bluesky,post,2026-08-12 19:21:42,"Smartphone Samsung Galaxy S24 Ultra, Galaxy AI, Selfie de 12MP, Tela de 6.8"" 1-120Hz, 256GB, 12GB RAM 

Por apenas R$4.319,10 Pix
ou R$ 4.799 em 12x sem juros
link.amazon/B0c0fLtnt",2,Search: Samsung Galaxy S24,
bafyreiezaicogcedwdev3kjiga3ekberlf3hwekgwbxzkmdliqdbecdihu,bluesky,post,2026-08-12 16:03:18,"🔥 Samsung Galaxy S24 256 Go Violet - Excellent - Garantie 1 an
eBay · 519.00 €
#BonPlan #HighTech #Promo",0,Search: Samsung Galaxy S24,
bafyreicikb4nnzg4wjloeb357jv6moo3eruivxwueqpdpvbfuycazjdm7u,bluesky,post,2026-08-12 11:56:46,"🔥 Samsung Galaxy S24 Ultra 512 Go Vert - Excellent - Garantie 1 an
eBay · 739.00 €
#BonPlan #HighTech #Promo",0,Search: Samsung Galaxy S24,
bafyreibaddyajh3dqdzwgwdpiqztdmr4oj655yh4daluhc4pmofl6bqfeu,bluesky,post,2026-08-12 08:12:22,"📷 Samsung Galaxy S24 Ultra

#photography #prague #praha",3,Search: Samsung Galaxy S24,
bafyreifw56o34dxf73sp5uwv4kqp24zzm6vpn4stj6o4qf7fzjkvlyo6ai,bluesky,post,2026-08-11 21:17:47,"🔥 Samsung Galaxy S24 128 Go Vert - Excellent état - Garantie 1 an
eBay · 419.00 €
#BonPlan #HighTech #Promo",0,Search: Samsung Galaxy S24,
bafyreifzah4k6z5opfnj6pia7igwtio3hzr4kypmqudkgyots4lle2g3sm,bluesky,post,2026-08-11 20:42:10,"🔥 Samsung Galaxy S24 Ultra 256 Go Violet - Acceptable - Garantie 1 an
eBay · 589.00 €
#BonPlan #HighTech #Promo",0,Search: Samsung Galaxy S24,
bafyreic6hthvkpmocrzb2giilwrddpvok2tzcxac4275dcgoxw664fnjti,bluesky,post,2026-08-11 19:33:33,"Smartphone Samsung Galaxy S24 Ultra, Galaxy AI, Selfie de 12MP, Tela de 6.8"" 1-120Hz, 256GB, 12GB RAM - Titânio Preto

Por apenas R$4.319,10 Pix
ou R$ 4.799 em 12x sem juros
link.amazon/B0hyU0I8u",2,Search: Samsung Galaxy S24,
bafyreihu2vl6hge5h5f3jx63htxndxizj22zsttrbddvjygmryboq6kga4,bluesky,post,2026-08-11 17:05:27,"🔥 Samsung Galaxy S24 Plus 256 Go Bleu - Excellent état - Garantie 1 an
eBay · 479.00 €
#BonPlan #HighTech #Promo",0,Search: Samsung Galaxy S24,
bafyreihvc7jmfatb2j57tae25f2objv4qpkkywbjpjfxfloablzzwnnkru,bluesky,post,2026-08-11 12:03:27,"*GALAXY S24 ULTRA É UM MONSTRO!*

- *Smartphone Samsung Galaxy S24 Ultra 256GB
🔥 Por: *R$ 4.319,10
link.amazon/B0aCw8wQ0
⚫ Aproveita todas as ofertas do dia aqui 
link.amazon/B01O5dxwe
ENTRE NO GRUPO DE OFERTAS 
linktr.ee/omelhornasua...",0,Search: Samsung Galaxy S24,
bafyreiesyxtacstp7xbfqzit3qrdtnvti53ib4f2snmmrbq4byvhrsxs5y,bluesky,post,2026-08-11 08:17:13,"📷 Samsung Galaxy S24 Ultra

#photography #sunrise #sky #cars",7,Search: Samsung Galaxy S24,
bafyreibcwvcxpuvsunfpsj77ttrmaahjrjzwhbhiiitaanqczngk4kgq3m,bluesky,post,2026-08-11 07:27:38,"Parking
(Taken by Samsung Galaxy S24)
#Photography #写真好きな人とつながりたい #キリトリセカイ #SamsungGalaxyS24 #GalaxyS24",4,Search: Samsung Galaxy S24,
bafyreic32jmzyby4jgbkqovbydd772kb4cfzijewosrln53guzym54yewq,bluesky,post,2026-08-11 04:10:21,Samsung Galaxy S26 FE specs leak in full: here's what will change and what will stay the same - https://www.gsmarena.com/samsung_galaxy_s26_fe_specs_leak_in_full_heres_what_will_change_and_what_will_stay_the_same-news-74096.php,0,Search: Samsung Galaxy S24,
bafyreidfkvaaqwo4psinomjq5rg7lij5cvzrrkhyp7ioq6tvuzhckocc3q,bluesky,post,2026-08-11 01:00:26,"Video : Benim Elektrikli Bisikletim ""T Bike Vifa Q8""

""Bu Video Samsung Galaxy S24 Ultra İle Çekilip Vedat Baltacı'nın 3D Teknolojisi İle Canlandırılmıştır.""

(Satıcı Firma - Ümraniye Ataşehir'de Bulunan Pro E Bike Club)",1,Search: Samsung Galaxy S24,
bafyreigmm4cgubpdnmwja25unjx343w55g7ru5ncv7yjdxttxlijinjdaa,bluesky,post,2026-08-11 00:47:50,"Video : Benim Bisikletim ""Salcano NG 650 29 HD 17""

""Bu Video Samsung Galaxy S24 Ultra İle Çekilip Vedat Baltacı'nın 3D Teknolojisi İle Canlandırılmıştır.""

(Satıcı Firma - Çekmeköy Bisiklet Diyarı Olarak Bilinen Mr Bike)",1,Search: Samsung Galaxy S24,
bafyreigz3mspambiflvhsyw6sa3zrmbwmdhgxev5w7lhlniparcyo4mywa,bluesky,post,2026-08-10 18:59:36,"🔥 Samsung Galaxy S24 128 Go Violet - Très bon état - Garantie 1 an
eBay · 399.00 €
#BonPlan #HighTech #Promo",1,Search: Samsung Galaxy S24,
bafyreidy64hkhiozjkc6odveklyjzsmykjaga2wao2ba52wtnpv6kt7r5y,bluesky,post,2026-08-10 16:20:39,"🔥 SMARTPHONE SAMSUNG GALAXY S24 ULTRA 5G SM S928B 256 Go DUAL SIM 6,8 POUCES...
eBay · 385.83 €
#BonPlan #HighTech #Promo",0,Search: Samsung Galaxy S24,
bafyreig5qvxwqkmez3f77n7jvcwhedyfu55yn6nv4ebsjgb4rfupcjfjli,bluesky,post,2026-08-10 16:14:18,"Smartphone Samsung Galaxy S24 Ultra Galaxy AI Selfie de 12MP Tela de 6.8"" 1-120Hz 256GB 12GB RAM - Titânio Preto -- Amazon
 
R$ 4.319,10
Compre aqui ⬇️⬇️",0,Search: Samsung Galaxy S24,
bafyreicmfhrhtacahft6xkczyt3und5kxuvufb5ieh7ose72d4omtorapa,bluesky,post,2026-08-10 15:59:23,"🔥 SMARTPHONE SAMSUNG GALAXY S24 ULTRA 5G SM S928B 256 Go DUAL SIM 6,8 POUCES...
eBay · 385.83 €
#BonPlan #HighTech #Promo",0,Search: Samsung Galaxy S24,
bafyreiekkvz6k5a53grcbovendxnp3u7q3fjltb4vkrfdv7pg4igbj4bz4,bluesky,post,2026-08-09 07:06:43,"Difficile de concurrencer cette promo Cdiscount sur le Samsung Galaxy S24 Ultra
➡️ https://l.lindependant.fr/xHI0",0,Search: Samsung Galaxy S24,
bafyreibrhpymwe3pukkoda22g7wdlgkxgk3fpt5fkhynjlbvwhdoxjyfk4,bluesky,post,2026-08-08 20:38:41,"🔥 Samsung Galaxy Étui Portefeuille Smart View Officiel S24+ Vert Clair
13.93 €
#BonPlan #HighTech #Promo",0,Search: Samsung Galaxy S24,
bafyreiftmmmvvccm577y7kw3wdonsqkwyjakl2b36xypidzdhivvck4cja,bluesky,post,2026-08-08 18:23:54,"On August 6, 2026, T-Mobile quietly altered the rules of phone ownership by launching 36-month financing options across its network. Customers now face three full years of payments on hardware like the Apple iPhone 15 Pro Max and Samsung Galaxy S24 Ultra. androidpolice.com",0,Search: Samsung Galaxy S24,
bafyreiahfz2h6kphjbuzipabkajxwsytay4jgys5nlvadnmugvzfsqgyta,bluesky,post,2026-08-08 12:37:30,"🔥 Samsung Galaxy S24 5g- 128Go - Noir Onyx/Modèle D'exposition/Garanti 2ans
eBay · 349.99 €
#BonPlan #HighTech #Promo",0,Search: Samsung Galaxy S24,
bafyreig4bo3kt6iheaa5bfosrigjzu4gjigcdowk3qxiunjjlodg7ftv5u,bluesky,post,2026-08-08 05:04:27,"🔥 Samsung Galaxy S24 256 Go Vert - Très bon état - Garantie 1 an
eBay · 469.00 €
#BonPlan #HighTech #Promo",0,Search: Samsung Galaxy S24,
bafyreiatatjzhhpbc5c67avhnfreuoxj4fkguwj4f246kpphhz34okh5fy,bluesky,post,2026-08-08 03:42:16,"🔥 Samsung Galaxy S24 Ultra 512 Go Violet - Très bon état - Garantie 1 an
eBay · 659.00 €
#BonPlan #HighTech #Promo",0,Search: Samsung Galaxy S24,
bafyreiaq7vfrflpj5nhv3lyxppdxb5fwyzwr3uyp7o4y4vnum6gofdjkn4,bluesky,post,2026-08-08 03:31:50,"🔥 Samsung Galaxy S24 Ultra 512 Go Violet - Très bon état - Garantie 1 an
eBay · 659.00 €
#BonPlan #HighTech #Promo",0,Search: Samsung Galaxy S24,
bafyreibpti44l4i2r2pp3kkt7ymb7d7y7f75ji5mngj3cu4xmqrckc4wk4,bluesky,post,2026-08-07 19:56:00,"🔥 Samsung Galaxy S24 Plus 256 Go Bleu - Excellent - Garantie 1 an
eBay · 499.00 €
#BonPlan #HighTech #Promo",0,Search: Samsung Galaxy S24,
bafyreiamcupjztvtzmzlrurshvhrnnma7hqvxesdja34v2at6ywj6yk4ni,bluesky,post,2026-08-07 19:45:53,"🔥 Samsung Galaxy S24 Plus 256 Go Bleu - Excellent - Garantie 1 an
eBay · 499.00 €
#BonPlan #HighTech #Promo",0,Search: Samsung Galaxy S24,
bafyreig57w7ccy7g2e5c2mriyekadsfbm6msexsq6pigkn7e2xucmc2crq,bluesky,post,2026-08-07 16:18:39,"🔥 Samsung Galaxy S24 Ultra 1 To Noir - Excellent état - Garantie 1 an
eBay · 739.00 €
#BonPlan #HighTech #Promo",0,Search: Samsung Galaxy S24,
bafyreig2k44brabyvgvcvk5mfezkv4ke3efo4pxk73d7zedqwf7we2bttm,bluesky,post,2026-08-07 12:56:55,"🔥 Samsung Galaxy S24 Ultra 512 Go Bleu - Excellent - Garantie 1 an
eBay · 739.00 €
#BonPlan #HighTech #Promo",0,Search: Samsung Galaxy S24,
bafyreidfvp7bfpahoyjtilyq4tdbr7jsvjzim4lbbdvpzvybis2yo4ef3a,bluesky,post,2026-08-07 12:56:51,"🔥 Samsung Galaxy S24 Ultra 256 Go Gris - Acceptable - Garantie 1 an
eBay · 589.00 €
#BonPlan #HighTech #Promo",0,Search: Samsung Galaxy S24,
bafyreihhyealgt545iffzhc2nxuoloimf2jvsmi362touo46xy6slbw5lm,bluesky,post,2026-08-07 12:53:39,"🔥 Samsung Galaxy S24 Ultra 256 Go Gris - Acceptable - Garantie 1 an
eBay · 589.00 €
#BonPlan #HighTech #Promo",0,Search: Samsung Galaxy S24,
bafyreiaw3x5eai2kxkvffm3ck4ego6q2rnmpb7zf6sucqaw7m6bsn7mili,bluesky,post,2026-08-07 11:47:47,"🔥 Chargeur Rapide 25W USB-C pour Samsung Galaxy S22 S23 S24 Z Fold Noir
eBay · 16.99 €
#BonPlan #HighTech #Promo",0,Search: Samsung Galaxy S24,
bafyreigdgmpwdoj2ds2plilb2bsn6gzzklyvfy6thhled3jj536thmj7pm,bluesky,post,2026-08-07 07:04:47,"🔥 Samsung Galaxy S24 Plus 256 Go Vert - Excellent - Garantie 1 an
eBay · 499.00 €
#BonPlan #HighTech #Promo",1,Search: Samsung Galaxy S24,
bafyreiaycusk4ppecpsuycckyqjoqg7ybxywquomfqcmggwk34tse5jjou,bluesky,post,2026-08-06 13:30:16,"🔥 Samsung Galaxy S24 128 Go Jaune - Très bon état - Garantie 1 an
eBay · 399.00 €
#BonPlan #HighTech #Promo",0,Search: Samsung Galaxy S24,
bafyreicrhigotugxlkjvquoivu5wzfxudawmvxexoiedyooiymrutajqhe,bluesky,post,2026-08-06 12:15:04,"🔥 Samsung Galaxy S24 256 Go Gris - Très bon état - Garantie 1 an
eBay · 469.00 €
#BonPlan #HighTech #Promo",0,Search: Samsung Galaxy S24,
bafyreiawkt4iqc2h2ynm5kpcxltoojcbe274gwiycgjstgkkhp4zhc56l4,bluesky,post,2026-08-06 12:08:42,"🔥 Samsung Galaxy S24 Plus 256 Go Violet - Acceptable - Garantie 1 an
eBay · 409.00 €
#BonPlan #HighTech #Promo",0,Search: Samsung Galaxy S24,
bafyreifmkiislkued2rcke55m3znpamqhfrwafkbxybcouvpm7mbgccwue,bluesky,post,2026-08-06 10:57:55,"El Samsung Galaxy S24. Lo pillé reacondicionado, pero con todos los componentes como nuevos.",0,Search: Samsung Galaxy S24,
bafyreie4vuvqzo4igaauuirwt7ayczlxdnmlnwr3ibj73nah7hvpq7pmxq,bluesky,post,2026-08-06 08:42:39,"NEEWER Adaptador Trípode Metálico Movil con Base Liberación Rápida Arca, Zapata Fría, Giro 360° Inclinación 180°, Soporte Teléfono Compatible con iPhone 17 Pro MAX 16 15 Samsung Galaxy S25 Ultra S24

📉 Baja de 29,99 a 19,99€

💶 Ahorro: 10,00€ (33%)

🔗 https://amzlink.to/az0cDjW7M8uCd",0,Search: Samsung Galaxy S24,
bafyreido6u757h7jy4243g2wqs3uub5mtknvd23ajacvmtsiwvgataaz4m,bluesky,post,2026-08-06 07:04:28,"🔥 Samsung Galaxy S24 Ultra - 512 Go - Gris Titane  - Très bon état
eBay · 650.00 €
#BonPlan #HighTech #Promo",0,Search: Samsung Galaxy S24,
bafyreigvnt4a6p4cz6ualjjlxojjpssrcxbreqzbjo46ligu2djafdeb6q,bluesky,post,2026-08-06 05:35:05,"📦 Samsung Galaxy S24 Ultra 256gb 12gb Ram Titanium Black (Outros)

💰 De: R$ 6.650,00
Por: R$ 5.446,92 💵 (18% OFF)

👉 Link: https://meli.la/1Tm8yaz

#oferta #promoção #Outros",0,Search: Samsung Galaxy S24,
bafyreifondwvj3shs3o5cprs6q4jltsowf3ig4wkn3g2v6vy5qw2q4suce,bluesky,post,2026-08-06 01:16:05,"Voicemail Stopped After One UI Update on Samsung? Easy Fix fixyourvoicemail.com/device/samsu...

If voicemail stopped working on your Samsung after a One UI update, the most likely cause is that the update changed your Phone app settings, permissions, or visual voicemail connection.",0,Search: Samsung Galaxy S24,
bafyreibjadi7iiaseg56r6pibod4lrytawnk3a463x5bqzxyjd7tldrx4y,bluesky,post,2026-08-05 16:01:54,"🔥 Samsung Galaxy S24 Ultra 512 Go Orange - Excellent état - Garantie 1 an
eBay · 659.00 €
#BonPlan #HighTech #Promo",0,Search: Samsung Galaxy S24,
bafyreicdkwpzazlqceixmyvegbtwriv2r4mf4kxzareoc7hhhsj2thz65u,bluesky,post,2026-08-05 15:46:18,"🔥 Samsung Galaxy S24 Ultra 512 Go Orange - Excellent état - Garantie 1 an
eBay · 659.00 €
#BonPlan #HighTech #Promo",0,Search: Samsung Galaxy S24,
bafyreicywdwga2thtq2juow3632ypzd4tgxpc7o7zhnvxv6u2jb2zuhbvq,bluesky,post,2026-08-05 09:49:58,"🔥 Samsung Galaxy S24 Ultra - 256 Go - Noir Titane (Déverrouillé) (Dual SIM)
eBay · 850.00 €
#BonPlan #HighTech #Promo",0,Search: Samsung Galaxy S24,
bafyreighgwii3kw6po37dnlbnfrttrwozi7zieiveemswo7jqkweqgiuke,bluesky,post,2026-08-05 09:20:46,"❌ Precio anterior: 4,09 € 
💶 OFERTA: 1,96 € (-52%)

✅ Cómpralo aquí 👉 https://s.click.aliexpress.com/e/_Eu7lwHs

Audífonos Originales con Cable Tipo C para Samsung Galaxy S25 S24 S23 S22 Ultra Plus, Audífonos Intrauditivos de 3.5mm, Accesorios para…

 #Telefonos",0,Search: Samsung Galaxy S24,
bafyreich6zw323urgubk2nkbg5kh3p34kn2q5tkyzgglh5dijbr45ppsiu,bluesky,post,2026-08-04 21:50:06,"Samsung Galaxy S24 FE 128 GB Blue, 6.7"", 5G, 128 GB, NFC, IP68
R$ 2.069,10
Avaliação: ⭐⭐⭐⭐⭐ 🥉
Loja: KaBuM!

Menor preço em 90 dias: R$ 2.069,10
Mediana dos preços de 90 dias: R$ 2.159,10",0,Search: Samsung Galaxy S24,
bafyreihsf67wq5ie3qmbju5yytpdbx5dopre734fl443nikmzugy2hbc4a,bluesky,post,2026-08-04 21:50:03,Recomendações de Smartphones - top 10 - 04/08/26.,0,Search: Samsung Galaxy S24,
bafyreiala2pqukna2y47o4yyhn4x5amhnieqzqznz2k4s7lj6uxdsr4nja,bluesky,post,2026-08-04 20:32:01,"Samsung Galaxy S24 FE 128 GB Blue, 6.7"", 5G, 128 GB, NFC, IP68
R$ 2.069,10
Avaliação: ⭐⭐⭐⭐⭐ 🥉
Loja: KaBuM!

Menor preço em 90 dias: R$ 2.069,10
Mediana dos preços de 90 dias: R$ 2.159,10",0,Search: Samsung Galaxy S24,
bafyreiap7fsiypvqjdttjhepraf4kgzm6wq744rf52at65epsraqudhnxy,bluesky,post,2026-08-04 20:31:57,Recomendações de Smartphones - top 3 - 04/08/26.,0,Search: Samsung Galaxy S24,
bafyreigiiuakskwfkclalqjhxkrm7sgbozohqfuhqeoyfrvwxgzsq2b3pa,bluesky,post,2026-08-04 17:39:04,"*GALAXY S24 ULTRA É BRABÍSSIMO* 😲

- *Smartphone Samsung Galaxy S24 Ultra 256GB* 

🔥 Por: *R$ 4.319,10
link.amazon/B0i1JKpaI
⚫ Aproveita todas as ofertas do dia aqui 
link.amazon/B0dd4QkTZ
ENTRE NO GRUPO DE OFERTAS 
linktr.ee/omelhornasua...",0,Search: Samsung Galaxy S24,
bafyreibuga4fybj4opayyrx6c6vioaee3tl44g4w5lnw3bxazfms6uuzq4,bluesky,post,2026-08-04 17:02:59,"🔥 Samsung Galaxy S24 Ultra 1 To Vert - Excellent - Garantie 1 an
eBay · 739.00 €
#BonPlan #HighTech #Promo",0,Search: Samsung Galaxy S24,
bafyreid6wipxysl7zkr76h2djgz4r35qeqx4x4jlnydwebmevehgmolc5i,bluesky,post,2026-08-04 16:19:56,"🔥 Samsung Galaxy S24 Plus 512 Go Noir - Très bon état - Garantie 1 an
eBay · 479.00 €
#BonPlan #HighTech #Promo",0,Search: Samsung Galaxy S24,
bafyreicu72hpbpsmr6mdhxerznzjdva4vinj34m2xtwuoo5nuyiigjylju,bluesky,post,2026-08-04 10:15:07,JETech Capa para Samsung Galaxy S24 Ultra Anti-Amarelamento Titânio Azul,0,Search: Samsung Galaxy S24,
bafyreidvqagx56db3ia6eu427xua4i722ybilnjojdlexsehrdgr63k4nu,bluesky,post,2026-08-04 11:40:00,"🔥 Samsung Galaxy S24 Plus 256 Go Gris - Très bon état - Garantie 1 an
eBay · 469.00 €
#BonPlan #HighTech #Promo",0,Search: Samsung Galaxy S24,
bafyreib7nydm6qiowy6fshtrjns365hogjgovbhurzsl4r7zpcnqjnzcla,bluesky,post,2026-08-04 10:46:45,"🔥 Samsung Galaxy S24 Plus 256 Go Gris - Très bon état - Garantie 1 an
eBay · 469.00 €
#BonPlan #HighTech #Promo",0,Search: Samsung Galaxy S24,
bafyreiakd7g7jtmevdlj42vcofh2anlmbyl545vujhck26l7rojfu7ukmq,bluesky,post,2026-08-04 10:20:29,"🔥 Samsung Galaxy S24 Ultra - 512 Go - Orange Titane (Déverrouillé)
eBay · 619.00 €
#BonPlan #HighTech #Promo",0,Search: Samsung Galaxy S24,
bafyreiadfanszs65sqpvwdnjyw75borezf7uyblqvbbxuyyi5snguj4oii,bluesky,post,2026-08-04 08:38:11,"🔥 S Pen Stylet Rechange pour Samsung Galaxy S24 Ultra avec Bluetooth, Gris
eBay · 67.53 €
#BonPlan #HighTech #Promo",0,Search: Samsung Galaxy S24,
bafyreiggi54pj22x2p3tmjtrihki6qkwgrho6xdgpwybyaba7iuomuwuxu,bluesky,post,2026-08-04 08:16:14,"🔥 Samsung Galaxy S24 Plus 256 Go Gris - Excellent - Garantie 1 an
eBay · 509.00 €
#BonPlan #HighTech #Promo",0,Search: Samsung Galaxy S24,
bafyreiadx6gkxraetzjzb43cy7awmazthyidso4s57x2e7t2nvt6lkik3y,bluesky,post,2026-08-04 08:00:30,"🔥 Samsung Galaxy S24 Plus 256 Go Gris - Excellent - Garantie 1 an
eBay · 509.00 €
#BonPlan #HighTech #Promo",0,Search: Samsung Galaxy S24,
bafyreihxonhs3dzs4pou7zl5rpb5hyumiwmrrim4unp3yykc2krdn673zm,bluesky,post,2026-08-03 20:15:06,"Smartphone Samsung Galaxy S24 Ultra Galaxy AI Selfie de 12MP Tela de 6.8"" 1-120Hz 256GB 12GB RAM - Titânio Preto",0,Search: Samsung Galaxy S24,
bafyreic7hdbdjzvdjbqpxiqjdc22wx5cdti4hdhsgx4wmrdu5tmdrlp7ey,bluesky,post,2026-08-03 21:50:05,"Samsung Galaxy S24 FE 128 GB Blue, 6.7"", 5G, 128 GB, NFC, IP68
R$ 2.069,10
Avaliação: ⭐⭐⭐⭐⭐ 🥈
Loja: KaBuM!

Menor preço em 90 dias: R$ 2.069,10
Mediana dos preços de 90 dias: R$ 2.159,10",0,Search: Samsung Galaxy S24,
bafyreifmm64qpcqmpgaod6ct467nm32s3cl7bf647dl5rgaszqgmm6tvse,bluesky,post,2026-08-03 21:50:04,Recomendações de Smartphones - top 10 - 03/08/26.,0,Search: Samsung Galaxy S24,
bafyreidof2t5jwu4vooae4ndvpcufqyy3orlncc5pderh2ny3hir5yfitq,bluesky,post,2026-08-03 20:30:42,"À moins de 315 €, ce Samsung Galaxy S24 ne restera pas longtemps en stock
🗞️ 20 Minutes - 🕐 03/08 07:52
#actu #news #presse #20minutes",0,Search: Samsung Galaxy S24,
bafyreihbigdemjuynt52ryxn2sdrshuggogb7tano6652h5sq32zmioanq,bluesky,post,2026-08-03 15:46:50,"⚡️ Samsung Galaxy S24 Ultra | 12GB RAM | 256GB | Tela 6,8"" 120Hz | Câmera 200MP
💲 R$ 4.319,10 (no Pix)
💲 R$ 4.799,00 (em 12x de R$ 399,92 sem juros)
🔗 www.reduzido.com/va/5qecrxj",0,Search: Samsung Galaxy S24,
bafyreigey47zzxlvq6chajx3amsykajiy37yg5ceyrvg2do7xin2m3gd4y,bluesky,post,2026-08-02 21:48:59,"LONLI Hue - for Samsung Galaxy S24 Ultra Phone Case - [360° Shock-Absorbent Bumper only $5.xx
https://www.amazon.com/gp/product/B0F3CQK7FK?smid=&th=1&linkCode=ll2&tag=bluesky0d2-20",0,Search: Samsung Galaxy S24,
bafyreibupv7njdolc2d67kvktzsacwfxbdgt2ymdkebvo5o7yhsj3hz7fe,bluesky,post,2026-08-02 15:31:35,"Last night remembered that my Samsung galaxy s24+ was the only phone that connected to my Bluetooth label printer,  the phone i just traded in, well I'm happy to report that the s26+ does connect and works beautifully, now to finish labeling ALL THE THINGS",0,Search: Samsung Galaxy S24,
bafyreie2ozhugoyrgali3qm37besmauyi43qkd5dhrrlysy27q7l2yb3ra,bluesky,post,2026-08-01 09:25:42,"Informe Lab #897: Testeamos la ranura de tarjetas. Kevin guardó su ID; ahora el estuche tiene más autoridad legal que él. Su nota de 4.5⭐ con 0 ventas sugiere que el diseño atrae reseñas del futuro. Por €9.38, aceptamos la paradoja física.

#TheFindLab #SamsungGalaxy #FamilyGuy #Deals #LabReport
...",0,Search: Samsung Galaxy S24,
bafyreibc4jnfkgnn4hbkzdji7lkcgeyotg4jxnxjwfsglau4th5tchjeoa,bluesky,post,2026-08-01 08:57:30,"Was willst machen? Das Handy zum Tracken verwenden und/oder Musik hören? 

Die hier hat mir in Leipzig geholfen: amzn.eu/d/07lOPpwc",1,Search: Samsung Galaxy S24,
bafyreidrdgoazdyarrvn5jrpkoxcfsiwazprabhy4mmi7xo6wprkuwovuu,bluesky,post,2026-07-31 20:48:36,"Samsung S24 Galaxy. Since the 21, they've been incredible",0,Search: Samsung Galaxy S24,
bafyreif5yhewz7twqikko73tq2cpvcjy6um2uc32peolubihy2cgj3sf54,bluesky,post,2026-07-31 16:03:15,📱Η ενημέρωση ασφαλείας Ιουλίου οδηγεί σε μειωμένη αυτονομία και υπερθέρμανση στα Samsung Galaxy S25 Ultra και S24 Ultra. Δείτε τις αναφορές και το πιθανό workaround. #GalaxyS25Ultra,0,Search: Samsung Galaxy S24,
bafyreibcg22rtsje3urpbraff64tcby6musotaej3w3n6fj7fkba4rqcia,bluesky,post,2026-07-31 14:22:53,"⚠️ Battery drain alerts for Samsung Galaxy S24 and S25 Ultra owners.

The July 2026 update (One UI 8.5) is triggering abnormal overheating and severe battery loss, even during standby.

🔍 The likely cause? A WhatsApp backup loop that keeps the CPU running in the background. Some users report losi...",0,Search: Samsung Galaxy S24,
bafyreig3mlmmf2d2rubobere7wwrspw6gjfsoqviwtqynzzdmtkijpkxpa,bluesky,post,2026-07-31 13:32:30,"🔥 Samsung Galaxy S24 Ultra - SM-S928B/DS - Violet Titane (Déverrouillé) (Dual SIM)
eBay · 529.00 €
#BonPlan #HighTech #Promo",0,Search: Samsung Galaxy S24,
bafyreiatj3kapov4b7u6zo2sqpmredmulenmap55532eunv2vuc7igird4,bluesky,post,2026-07-31 13:02:54,"🔥 Samsung Galaxy S24 Ultra 256 Go Jaune - Acceptable - Garantie 1 an
eBay · 579.00 €
#BonPlan #HighTech #Promo",0,Search: Samsung Galaxy S24,
bafyreihhbjvffucoeg2zs2ktnykaywvs3aviym5kylljt6r5tl4rw54mxy,bluesky,post,2026-07-31 12:14:31,"🔥 Samsung Galaxy S24 Ultra 1 To Gris - Excellent état - Garantie 1 an
eBay · 769.00 €
#BonPlan #HighTech #Promo",0,Search: Samsung Galaxy S24,
bafyreihmop7ostavddfzyye3xmdpmyky73gx2nc64gepwvpgrcaixgvtl4,bluesky,post,2026-07-31 12:08:18,"🔥 Samsung Galaxy S24 Ultra 1 To Gris - Excellent état - Garantie 1 an
eBay · 769.00 €
#BonPlan #HighTech #Promo",0,Search: Samsung Galaxy S24,
bafyreicen6pwgfptrlfq4rl3bg5cafzmlgsyml4d7z2l7zccfwxvobhjlu,bluesky,post,2026-07-31 12:02:31,"Worth checking before it's gone.

TENOC Camera Lens Protector for Samsung Galaxy S24 Plus

🔭 https://www.amazon.com/dp/B0F1XFJSZ5?tag=choosetoshop-20&linkCode=osi&th=1&psc=1 #ad #paidlink",0,Search: Samsung Galaxy S24,
bafyreieoxcwoavu42ek567c5lqorual7gub2cnp2o23tuhtd5t6csxva2q,bluesky,post,2026-07-31 11:50:36,One UI 8.5 : WhatsApp pourrait être responsable de la surchauffe et de la batterie à plat des Galaxy S24 et S25 www.01net.com/actualites/o...,0,Search: Samsung Galaxy S24,
bafyreidmt5lwn6xlbnqp5mkd2gxzqzzkxvcosadcsnlnspl2dh57jiohoa,bluesky,post,2026-07-31 10:48:27,"🔥 Samsung Galaxy S24 Ultra 256 Go Jaune - Acceptable - Garantie 1 an
eBay · 599.00 €
#BonPlan #HighTech #Promo",0,Search: Samsung Galaxy S24,
bafyreihg5gqq372pbso6qvcshiroddfbv5rppxzplikleiqto2wucjkkxi,bluesky,post,2026-07-31 10:16:50,"🔥 Samsung Galaxy S24 Ultra 256 Go Noir - Très bon état - Garantie 1 an
eBay · 629.00 €
#BonPlan #HighTech #Promo",0,Search: Samsung Galaxy S24,
bafyreicrv54vv6ojpgjkbg7gmyeevoynesz4dpmaa3hodobqximedgdfv4,bluesky,post,2026-07-31 09:00:04,"Samsung Galaxy S25 Ultra, S24 Ultra Plagued By Battery Woes Following July Update #galaxys24ultra #galaxys25ultra #mobilephones #samsung

https://www.lowyat.net/2026/400263/samsung-july-update-battery-drain/",0,Search: Samsung Galaxy S24,
bafyreidcvnrthjwziiacyd2qb5yxz75iggbcouillflhyrf3xrkfotbt2y,bluesky,post,2026-07-31 08:37:29,"Several Samsung Galaxy phones have now been updated with the July security update. This update includes a number of minor improvements, but apparently also causes some issues. A growing number of users are reporting battery problems, specifically batte...",0,Search: Samsung Galaxy S24,
bafyreiax3b57dytvtwibx3jfrzovcsppjb2jbl2d5ryqlrep4mabs5ceau,bluesky,post,2026-07-31 04:18:34,Baterai Galaxy S25 dan S24 Ultra cepat terkuras usai pembaruan Juli - https://www.antaranews.com/berita/5673883/baterai-galaxy-s25-dan-s24-ultra-cepat-terkuras-usai-pembaruan-juli,0,Search: Samsung Galaxy S24,
bafyreihnycgbrqhoptlmevjec7b6qhqoemyaehnjo7ozkyjyqnlmeoedre,bluesky,post,2026-07-31 04:14:11,"방금 AliExpress에서 찾은 상품이에요: 
Samsung Galaxy S26 S25 S24 S23 S22 Ultra Plus S25FE S24FE용 아머 케이스, 슬라이드 카메라 보호 링 홀더 및 카드 수납 커버 포함
a.aliexpress.com/_c2wMkD5D",0,Search: Samsung Galaxy S24,
bafyreihh7lxvdwbvvt2s3kic4gogjhfzcdcwuikx2fxs7wlizegzkhnniq,bluesky,post,2026-07-31 03:27:26,"https://mojaoprema.si/izdelek/zascitno-steklo-iz-kaljenega-stekla-9h-za-samsung-galaxy-s24-plus-clear/ 9,99 €  Zaščitno steklo iz kaljenega stekla 9H za Samsung Galaxy S24 PLUS clear",0,Search: Samsung Galaxy S24,
bafyreihuuazj43yy3qqle5qpjci4hldyable2po62k5burdzxtfrl4s23e,bluesky,post,2026-07-31 02:05:11,Los Samsung Galaxy S25 Ultra y S24 Ultra estarían presentando consumo excesivo de batería tras la actualización de julio de 2026 - https://pisapapeles.net/los-samsung-galaxy-s25-ultra-y-s24-ultra-estarian-presentando-consumo-excesivo-de-bateria-tras-la-actualizacion-de-julio-de-2026/,0,Search: Samsung Galaxy S24,
bafyreiak3weqgezxz3y5lgdj7s7ppo33d5ktjo5mob43mcrcvimub6suc4,bluesky,post,2026-07-31 00:01:35,"Samsung's newest software update is leaving many Galaxy S25 and S24 Ultra owners with hot phones and fast-draining batteries. Here's what we know about the cause, the fixes that actually help, and whether Samsung has responded.",0,Search: Samsung Galaxy S24,
bafyreibo2wlgsg4fobirattfljg3zdnxdubzepwoo74wc4zljd6zdzbyjm,bluesky,post,2026-07-30 17:26:47,"@enbyspoonie.bsky.social 

My apologies Finley. Now seeing this as having issues unable to see my feed on Bluesky on my Samsung Galaxy S24. Happy to follow you back. I'm also disabled myself. It's very refreshing to come across many disabled people on Bluesky",0,Search: Samsung Galaxy S24,
bafyreiajlayfs6b47gfsfdcdwa3fmr6riyaz5ski63ttngmhxkd4vjbhqe,bluesky,post,2026-07-30 16:58:32,Galaxy S25 and S24 users report battery drain after July update; WhatsApp may be involved. #Samsung #GalaxyS25 #BatteryDrain #OneUI85 #WhatsApp #TechNews thedailytechfeed.com/samsung-gala...,0,Search: Samsung Galaxy S24,
bafyreie4ktkkzx7f6nso57l3jo7mptn5ulsbnlznqnod5wed3fykvml4fy,bluesky,post,2026-07-30 15:04:21,No actualices tu móvil Samsung: “La batería se agota muy rápido”👇,0,Search: Samsung Galaxy S24,
bafyreiaxsw4znpgpqsgsb7gnkvavqpctjdtdiql26h257vnismtsg6qcym,bluesky,post,2026-07-30 14:01:00,"🔥 Samsung Galaxy S24 Plus 512 Go Noir - Acceptable - Garantie 1 an
eBay · 469.00 €
#BonPlan #HighTech #Promo",0,Search: Samsung Galaxy S24,
bafyreidbomoeminucjzdp55k3pkaa7y44ddaakwreavjskghhlcetuimfe,bluesky,post,2026-07-30 13:24:43,"🔥 Samsung Galaxy S24 Plus 256 Go Violet - Très bon état - Garantie 1 an
eBay · 479.00 €
#BonPlan #HighTech #Promo",0,Search: Samsung Galaxy S24,
bafyreibyvg7kzjkbjhizzceiltvxrpu3vcjv3pkkpiten2wznsu5l2ouly,bluesky,post,2026-07-30 13:21:33,"🔥 Samsung Galaxy S24 Plus 256 Go Violet - Très bon état - Garantie 1 an
eBay · 479.00 €
#BonPlan #HighTech #Promo",0,Search: Samsung Galaxy S24,
bafyreian3awhsha3rbz4tbbmdpwjqvvqr3kxsffbyvf4sxdlk6ufymx2t4,bluesky,post,2026-07-30 13:18:09,"🔥 Samsung Galaxy S24 Plus 512 Go Noir - Acceptable - Garantie 1 an
eBay · 469.00 €
#BonPlan #HighTech #Promo",0,Search: Samsung Galaxy S24,
bafyreih5zn5dj6x6jt3eeksfprg5dbpynzthjkczwfr4qdgwxvs7fgfzci,bluesky,post,2026-07-30 11:04:33,"Samsung Galaxy S24 Ultra and S25 Ultra Battery Drain After July Update? Here’s a Possible Fix

https://www.techloy.com/galaxy-s25-ultra-battery-drain-one-ui-8-5-fix/",0,Search: Samsung Galaxy S24,
bafyreic6huwgyrekrn37navi7yuhg7bxbanlci2pg6v5wxuhdqko7743zq,bluesky,post,2026-07-30 10:37:41,"🔥 Samsung Galaxy S24 Plus 512 Go Noir - Excellent - Garantie 1 an
eBay · 659.00 €
#BonPlan #HighTech #Promo",0,Search: Samsung Galaxy S24,
bafyreihdaaepvk4ozpeumf4ee3if7x22n5x2hjib2afbdwlxbc5zcvbbbm,bluesky,post,2026-07-30 10:32:26,"🔥 Samsung Galaxy S24 Ultra 256 Go Gris - Excellent - Garantie 1 an
eBay · 699.00 €
#BonPlan #HighTech #Promo",0,Search: Samsung Galaxy S24,
bafyreieakgf2asik5a3dqjvdykayjvbuwqatsvdr34u672qjqx5npiruj4,bluesky,post,2026-07-30 10:32:01,Samsung Galaxy S24 & S25 Ultra users face three separate issues after July update. #GalaxyIssues https://fefd.link/oR1PG,0,Search: Samsung Galaxy S24,
bafyreihi3asituicktxa4ccte3ktuce5sqs7eaebg7rximsrvgs6rdhyf4,bluesky,post,2026-07-30 11:50:18,Nach dem jüngsten Sicherheits-Update melden viele Nutzer der Galaxy-S24- und S25-Serie massive Akkuverluste. WhatsApp steht unter Verdacht – eine Lösung von Samsung fehlt bislang. https://www.notebookcheck.com/1355598.html #SamsungGalaxy #Akkuprobleme #WhatsApp,1,Search: Samsung Galaxy S24,
bafyreigf5rfdohozmum5ytsvvbanvxvweadzq3msa5hu7uqmchf42ymcsi,bluesky,post,2026-07-30 09:34:34,"Galaxy S25 et S24 Ultra : à cause de la mise à jour de juillet, les smartphones surchauffent www.tomshardware.fr/galaxy-s25-e...",0,Search: Samsung Galaxy S24,
bafyreihj4zlc7dbaunttvqf52ouhvwjvptvhf5gmytikgdknaidxguvvfq,bluesky,post,2026-07-30 08:52:35,No actualices tu móvil Samsung: “La batería se agota muy rápido” 👇,0,Search: Samsung Galaxy S24,
bafyreid3ujkwn56xmqqj7r27yfbederstm7ezoxbwxg64mtqnw5mviyaiy,bluesky,post,2026-07-30 08:05:13,"Samsung Update Causes Galaxy S25/S24 Ultra Battery Drain

Users report a dramatic decline in battery performance right after installing the recent July security update. The issue hits both... #SamsungS25Ultra",0,Search: Samsung Galaxy S24,
bafyreicpytm7z6dqwxlo4q6mouyohphawuxymxavca2lcewxggg32fc3am,bluesky,post,2026-07-30 05:19:09,"Reported issues include reduced battery life, overheating, and lower charging speeds.",0,Search: Samsung Galaxy S24,
bafyreifo4pu72sp4d2hgoc6wyxdwn7cj4rxiek3ruegdl6euix2ya2kbyi,bluesky,post,2026-07-30 03:36:54,"Samsung Galaxy Battery Drain Update: Overheating & Slow Charging Fix

If you’re rocking a Samsung Galaxy S24 Ultra or S25 Ultra, it might be a good idea to keep an eye on your battery life. Users of these older Ultra models have been voicing their frustrations on platforms like Reddit and Samsung's…",0,Search: Samsung Galaxy S24,
bafyreiaoyiuura2subvqa32pltucc5qe2tgvbepirhjljpcouh4tcfujou,bluesky,post,2026-07-29 21:50:06,"Samsung Galaxy S24 FE 256 GB Graphite, 6.7"", 5G, 256 GB, NFC, IP68
R$ 2.789,10 (R$ 2.529,10 com o cupom INFLU260)
Avaliação: ⭐⭐⭐⭐⭐
Loja: Magazine Luiza

Menor preço em 90 dias: R$ 2.789,10
Mediana dos preços de 90 dias: R$ 2.789,10",0,Search: Samsung Galaxy S24,
bafyreid66kcixqpmg57oq4xnsanjcg3isaonifz7pvt65vv762vivhwd6a,bluesky,post,2026-07-29 19:14:38,"I think if you want something a bit more performant and have the ability to purchase outright, I would buy a refurbished Samsung Galaxy S24. It's got the same length of software support as the Pixel but a more powerful chip",1,Search: Samsung Galaxy S24,
bafyreightbnecgcuzylscvaku5ghwcnrp4o6jt2k7tvivsogmybbaa6xwa,bluesky,post,2026-07-29 17:03:07,"Galaxy S25 Ultra e S24 Ultra têm bateria drenada após update, dizem usuários
https://www.tecmundo.com.br/produto/414911-atualizacao-estaria-drenando-bateria-do-galaxy-s25-ultra-e-s24-ultra.htm?utm_source=flipboard&utm_medium=activitypub 

Posted into Tecnologia @tecnologia-FlipboardBR",0,Search: Samsung Galaxy S24,
bafyreiec525bigumvzdvcvjymyy6xdeedqw5jnltf74e6da63kdsnor7x4,bluesky,post,2026-07-29 15:35:03,"Is your Samsung Galaxy S24 or S25 smartphone suddenly struggling with battery drain or overheating after a recent update? If so, let us know in the comments!",0,Search: Samsung Galaxy S24,
bafyreibptqnjekznitalrhcfh676mhwd5dqgsk4zx6p74xqwjtqil6l7l4,bluesky,post,2026-07-29 15:31:46,"🔥 Samsung Galaxy S24 128 Go Gris - Très bon état - Garantie 1 an
eBay · 409.00 €
#BonPlan #HighTech #Promo",0,Search: Samsung Galaxy S24,
bafyreiefrlm4dn3p7wqbrn5wthgati5adewbivhx7iz7iqebppuwgveun4,bluesky,post,2026-07-29 15:05:50,"https://mojaoprema.si/izdelek/zascitno-kaljeno-steklo-9h-nano-za-samsung-galaxy-s24/ 8,99 €  Zaščitno kaljeno steklo 9H nano za Samsung Galaxy S24
Poskrbite za brezhibno zaščito zaslona",0,Search: Samsung Galaxy S24,
bafyreifoc2e3eaq47f3qnguue2ske7k4472gd3s26qhnctcyv2bruozx4y,bluesky,post,2026-07-29 14:02:44,"Atualização de julho da Samsung está drenando a bateria do Galaxy S25 Ultra e S24 Ultra

Donos do Galaxy S25 Ultra e S24 Ultra relatam queda drástica na bateria, superaquecimento e carregamento lento após instalar a atualização de segurança de julho de 2026. Samsung ainda não se pronunciou.",0,Search: Samsung Galaxy S24,
bafyreieufzhbjgn7vcv2wyglmlyjvrsdh624htvqvibimummbw7nmyqy4m,bluesky,post,2026-07-29 13:30:06,"Samsung Galaxy S26 FE ma podobno zachować ładowanie 45 W — to dobra wiadomość po 25 W w S24 FE. Pytanie brzmi, czy bateria 4900 mAh wystarczy, jeśli konkurencja coraz śmielej stawia na nowe ogniwa i większe pojemności? 🔋",1,Search: Samsung Galaxy S24,
bafyreidrphasxrobv6hrissanlnvtxm3t4qnjrevmeft6ksv52zk7aonvu,bluesky,post,2026-07-29 11:07:51,"Samsung Galaxy S24 & S25 Ultra Users Are Dealing With Three Separate Issues After July Update
www.androidheadlines.com/2026/07/sams... #GalaxyS24Ultra #GalaxyS25Ultra #Samsung",0,Search: Samsung Galaxy S24,
bafyreieybddl63yhlep7d3jksplmf2izpbcwc2u5dtyzisze5nnnxw4tg4,bluesky,post,2026-07-29 09:51:45,"Власники Samsung Galaxy S25 Ultra та Galaxy S24 Ultra почали масово повідомляти про проблеми після встановлення останнього оновлення програмного забезпечення. #Samsung #GalaxyS25Ultra #GalaxyS24Ultra #OneUI #Android #Battery
https://gizchina.net/2026/07/29/samsung-galaxy-s25-ultra-s24-ultra-battery/",0,Search: Samsung Galaxy S24,
bafyreie5hr4s7vfec2imykr2y2xceaoqa5yczhf2csmdnvwsk35hemuiva,bluesky,post,2026-07-29 08:43:17,Galaxy S25 Ultra and S24 Ultra Face (once again) the same issue after latest update,0,Search: Samsung Galaxy S24,
bafyreiedldg26ofetafkueej7yl6m2sdacgusuaqlw4qu3f7hzwwrfh4fy,bluesky,post,2026-07-29 08:09:07,"🔥 Samsung Galaxy S24 Plus 256 Go Noir - Excellent - Garantie 1 an
eBay · 519.00 €
#BonPlan #HighTech #Promo",0,Search: Samsung Galaxy S24,
bafyreierllmixo6747gq5jpulx7l3wl3rrptji34eq4wloqpwjcpgwka3i,bluesky,post,2026-07-29 02:38:37,"Chip Samsung Galaxy S24 FE 256GB Exynos 2400e, Kamera 50MP

1 untuk 1 hak istimewa : Dilengkapi dengan penutup belakang bening tahan guncangan saat ditempa. Keuntungan 15%memberiPengisi daya/pengisi daya Samsung Asli hanya tersisa 340k. Harga yang samasaat membeli perangkat penentuan posisi Galaxy…",0,Search: Samsung Galaxy S24,
bafyreidkeapanuv7sufzopv4us3v6jwclcyf3f62khqdopvsubn7pum6ue,bluesky,post,2026-07-28 18:00:35,"❌ Precio recomendado: 11,99 € 
💶 OFERTA: 10,82 € (-10%)

✅ Cómpralo aquí 👉 https://amzn.to/4z0mO7E

LumFocus 45W Cargador Carga Rapida, USB C Cargador Rapido con 60W 2M Cable para Samsung Galaxy S25/S24/S23/S23+/S23…

 #Accesorios",0,Search: Samsung Galaxy S24,
bafyreictem2ppyrbiiw6zeel2kc3uc33wp6xpmpnfzbblhbecfp5hjmjgu,bluesky,post,2026-07-28 13:57:18,"📱✨ Experience the Power of the Samsung Galaxy S24 Ultra at Cell Geeks! ✨📱

📍 Visit Cell Geeks today for the latest smartphones, mobile accessories, and expert customer service. Message us now to learn more about availability and pricing!

cellgeeks.net

#CellGeeks #SamsungS24Ultra #GalaxyS24Ultra",0,Search: Samsung Galaxy S24,
bafyreia7spwsakz5gwodgfhmdvhmgv3qrc7a76he2dw7xzsgf6qcz62ad4,bluesky,post,2026-07-28 10:21:16,"🔥 Samsung Galaxy S24 Ultra 512 Go Violet - Acceptable - Garantie 1 an
eBay · 659.00 €
#BonPlan #HighTech #Promo",1,Search: Samsung Galaxy S24,
bafyreid2lfhg24gjilqid7deynihagdpc44nrzyjjz3zzau7nreugn53ly,bluesky,post,2026-07-28 10:05:17,"🔥 Chargeur USB C 45W pour Samsung Galaxy S26 S25 S24 S23 S22 Adaptateur
eBay · 20.99 €
#BonPlan #HighTech #Promo",0,Search: Samsung Galaxy S24,
bafyreihwlfi4n2zywcv4mwipkqxr3vqkj55fryaibzv3zp64fzid2pntgy,bluesky,post,2026-07-28 09:00:28,"❌ Precio recomendado: 19,99 € 
💶 OFERTA: 15,33 € (-23%)

✅ Cómpralo aquí 👉 https://amzn.to/4pHB6FZ

LumFocus 45W Cargador Carga Rapida, 2Pack USB C Cargador Rapido con 60W 2M Cable para Samsung Galaxy S25/S24/S23/S23+/S23…

 #Accesorios",0,Search: Samsung Galaxy S24,
bafyreicuefyn2gzkrckod3rtftaw7mrzyudyqy6sqbddccuvsyqyckzsh4,bluesky,post,2026-07-27 22:37:11,"⚡ PRICE ERROR
10000mAh Power Bank Fast Charging 67W: $25.29 w/ coupon VUT2CP5U!
Code says invalid but it's still working

View the deal: #ad #deal",0,Search: Samsung Galaxy S24,
bafyreid6qrom5ho62eus4cve44vjegjiijuosqimwqbo2hjm4pulazhrmy,bluesky,post,2026-07-27 18:00:34,"❌ Precio recomendado: 11,99 € 
💶 OFERTA: 10,82 € (-10%)

✅ Cómpralo aquí 👉 https://amzn.to/4bL7oKi

LumFocus 45W Cargador Carga Rapida, USB C Cargador Rapido con 60W 2M Cable para Samsung Galaxy S25/S24/S23/S23+/S23…

 #Accesorios",0,Search: Samsung Galaxy S24,
bafyreigh5mdrsclpo4w22fwzfl5byxzmwrvgbnhltzx3cou6hfdqdw3v7i,bluesky,post,2026-07-27 17:52:24,"Amazing Bargain !

Samsung Galaxy S24 5G, US Version, 128GB, Onyx Black - Unlocked (Renewed)

Price: $358.49 (MSRP: $799.99 | You Save 55.19%)

Rating: 4.0 (1007 reviews)

Get it here: https://budgetbuzz.deals/?l=https://www.amazon.com/dp/B0D364RMMP?tag=buzzdeals0b-20
#ad",0,Search: Samsung Galaxy S24,
bafyreibrsgtgtjg6dpcyhu6dlelbekeqpag5vvjcw6rp7vwhgrb4ro6km4,bluesky,post,2026-07-26 07:49:50,"Die Samsung Galaxy Watch Ultra2 verfügt über ein 1,52 Zoll-Super-AMOLED-Display mit einer Helligkeit von 5.000 Nits und einen Riesenakku.",1,Search: Samsung Galaxy S24,
bafyreiewamjgg3ehgisu4zdffkhb2vqjlaakuhu72a4uhoj77wcxzxcrau,bluesky,post,2026-07-26 05:29:09,"Pathfinder Clear Dengan Casing Magsafe Ash Tahan Guncangan Samsung Galaxy S24 Ultra UAG

Resistensi guncangan dan benturan yang efektif. Desain transparan dan mewah. Kompatibilitas dengan Magsafe. Ketahanan gores yang optimal.",1,Search: Samsung Galaxy S24,
bafyreiaxytrcb7g5w2qyhemfg7ws4iq4jicrmlxrmtlwfx2ykidhwfggcy,bluesky,post,2026-07-26 04:59:40,"Casing Samsung Galaxy S24 Ultra Zagg Santa Cruz

Resistensi guncangan dan benturan yang efektif Ketahanan gores yang optimal Desain modis dan tahan lama Mudah dipasang dan dilepas",0,Search: Samsung Galaxy S24,
bafyreif3gzwptnltyrpjlckjjdwatnw7sjg4wadplr6bqinznfjwudr5wm,bluesky,post,2026-07-26 00:26:51,"Nagasaki Summer
(Taken by Samsung Galaxy S24)
#photography #写真好きな人とつながりたい #キリトリセカイ #Japan #Nagasaki",9,Search: Samsung Galaxy S24,
bafyreiekyc33hj3aka4ymtruo7v7f6mvgstqittj2isy5tkmo3vl4xlmwy,bluesky,post,2026-07-26 00:11:01,"🔥 Chargeur sans Fil 3 en 1 pour Samsung Galaxy S23 S24 Ultra, Watch, Buds
eBay · 62.99 €
#BonPlan #HighTech #Promo",0,Search: Samsung Galaxy S24,
bafyreigbssthwh5urknhe6d6vv54yi7ewk6kwiiqnvx5nkotz7uky42ydy,bluesky,post,2026-07-25 01:36:34,"🔥 Samsung Galaxy S24 Plus 256 Go Violet - Excellent - Garantie 1 an
eBay · 509.00 €
#BonPlan #HighTech #Promo",0,Search: Samsung Galaxy S24,
bafyreicirnaj3y6ftlgvn62c26yfd6rtffj3b6m6qsxrhowdssmzfoy4bu,bluesky,post,2026-07-25 00:14:37,"🔥 Samsung Galaxy S24 Plus 512 Go Jaune - Excellent état - Garantie 1 an
eBay · 539.00 €
#BonPlan #HighTech #Promo",0,Search: Samsung Galaxy S24,
bafyreif4ks22jwrsyhfuofdpde6bnerqaip6l3efvml5mxmcnrhehz7o3u,bluesky,post,2026-07-24 21:50:05,"Samsung Galaxy S24 128 GB Cobalt Violet, 6.2"", 5G, 128 GB, NFC, IP68
R$ 2.698,20
Avaliação: ⭐⭐⭐⭐⭐ 🥉
Loja: Magazine Luiza

Menor preço em 90 dias: R$ 2.698,20
Mediana dos preços de 90 dias: R$ 2.698,20",0,Search: Samsung Galaxy S24,
bafyreietm7xvdwwcyxoyh6zqmc6a23457kzk75hdvw2ugxqcbs6o7fqtde,bluesky,post,2026-07-24 21:50:05,"Samsung Galaxy S24 FE 128 GB Graphite, 6.7"", 5G, 128 GB, NFC, IP68
R$ 2.069,10
Avaliação: ⭐⭐⭐⭐⭐ 🥈
Loja: KaBuM!

Menor preço em 90 dias: R$ 2.069,10
Mediana dos preços de 90 dias: R$ 2.159,10",0,Search: Samsung Galaxy S24,
bafyreiexh4n2xj3gopvjzfymunliy5ldezaotyfdbzco6s3ju7l2opse2a,bluesky,post,2026-07-24 21:50:03,Recomendações de Smartphones - top 10 - 24/07/26.,0,Search: Samsung Galaxy S24,
bafyreih2sa6lwsolznadkwhfnm7vlea5gv4msw3mtn3xbx3shl2xa75mky,bluesky,post,2026-07-24 20:32:05,"Samsung Galaxy S24 FE 128 GB Graphite, 6.7"", 5G, 128 GB, NFC, IP68
R$ 2.069,10
Avaliação: ⭐⭐⭐⭐⭐ 🥈
Loja: KaBuM!

Menor preço em 90 dias: R$ 2.069,10
Mediana dos preços de 90 dias: R$ 2.159,10",0,Search: Samsung Galaxy S24,
bafyreiepzvqz36jwanqip6mjne344yxz3odype4qvvkkjojn4mjtdc5u7q,bluesky,post,2026-07-24 20:32:04,Recomendações de Smartphones - top 3 - 24/07/26.,0,Search: Samsung Galaxy S24,
bafyreicx6kdxbp6s3fcqfoocdz62k7rlk7qsfpktrq2mnnex46wt5dfgeu,bluesky,post,2026-07-24 20:00:02,"🔧 قطع غيار Samsung Galaxy S24 الأصلية — شاشات، بطاريات، كاميرات وأكثر.
✅ ضمان · شحن لكل مدن المملكة 🚚
🛒 https://fixzone.sa/categories/1575421/samsung-phone-parts-galaxy-s-series-samsung-galaxy-s24-s921
#فيكس_زون",0,Search: Samsung Galaxy S24,
bafyreif7jjfgbg7nzx2jkqw6pbd4skl3ogalb25gao7x2nlj7fwisychye,bluesky,post,2026-07-24 18:49:11,"Um tiquinho mais barato é esse aqui na loja da Amazon, mas são só duas portas:

www.amazon.com.br/UGREEN-Carre...",4,Search: Samsung Galaxy S24,
bafyreido73sibzoej6zk52m42slenge7ckpd2zw53rjsjcdcatltbrbhva,bluesky,post,2026-07-24 18:44:08,"Koodo is making back-to-school shopping easier with their latest promotions! Check out the discounted pre-owned Samsung Galaxy S24 bundled with a 5G 10GB plan starting at just $44/month. Smart savings for students and savvy shoppers alike. Dive into the details…

Read More: https://tscoop.news/V3kW",0,Search: Samsung Galaxy S24,
bafyreiekuflxm5vwho572qhr76vzx45pzagpjv6gwqeitj6ilivy6gacdi,bluesky,post,2026-07-24 15:55:42,"🔥 SMARTPHONE SAMSUNG GALAXY S24 FE 5G SM S721B 256 Go DUAL SIM 50 MP COMME...
eBay · 454.47 €
#BonPlan #HighTech #Promo",0,Search: Samsung Galaxy S24,
bafyreigzsbskurshhdytbmm7fno7xcztlyzkg47qxcfofe57pqi26vnbgm,bluesky,post,2026-07-24 14:08:02,"🔥 Samsung Galaxy S24 Plus 256 Go Noir - Excellent état - Garantie 1 an
eBay · 499.00 €
#BonPlan #HighTech #Promo",0,Search: Samsung Galaxy S24,
bafyreidan35xxqm5uhr7m4s7ffgdadyo6gepm4vyzyx7nlkojfcp5qwole,bluesky,post,2026-07-24 14:07:59,"🔥 Samsung Galaxy S24 Plus 256 Go Gris - Excellent état - Garantie 1 an
eBay · 499.00 €
#BonPlan #HighTech #Promo",0,Search: Samsung Galaxy S24,
bafyreiewabd5hxvnqhaubsaxnazukgvnclx7gyofm4ytkjetwkae4dsdgq,bluesky,post,2026-07-24 14:02:50,"🔥 Samsung Galaxy S24 Plus 256 Go Noir - Excellent état - Garantie 1 an
eBay · 499.00 €
#BonPlan #HighTech #Promo",0,Search: Samsung Galaxy S24,
bafyreie52q7u6djbsc5kmlb6ysvbi6jog6qnib7bdszpqdzbgfxv3kuh6m,bluesky,post,2026-07-24 14:02:48,"🔥 Samsung Galaxy S24 Plus 256 Go Gris - Excellent état - Garantie 1 an
eBay · 499.00 €
#BonPlan #HighTech #Promo",0,Search: Samsung Galaxy S24,
bafyreiclswylibcawhzeuikcmhghth4f62sqydkjcwnywkdmj45274anfu,bluesky,post,2026-07-24 07:35:14,"🔥 Samsung Galaxy S24 128 Go Gris - Excellent état - Garantie 1 an
eBay · 439.00 €
#BonPlan #HighTech #Promo",0,Search: Samsung Galaxy S24,
bafyreibuhyolfwp5ij7a7bi66fvlxu43raogd6mxztvuhvw64lswgdtqzy,bluesky,post,2026-07-24 04:00:36,"Tools of choice to draw:
Samsung Galaxy S24 Ultra's S-Pen.",5,Search: Samsung Galaxy S24,
bafyreihw5lvvy5z2zvmy35vsagzm4z3zee7oa462aazs5o3wowf57dc3aq,bluesky,post,2026-07-24 02:43:56,Alternate reality where everyone has a 70mm imax at home but there's only one Samsung Galaxy S24 in the world and you need to pay $40 to watch The Odyssey on it on,0,Search: Samsung Galaxy S24,
bafyreibyg62f3jalafaftu64mhhiyvuz2w4mztfpyw6jq4iaoraucmpiyi,bluesky,post,2026-07-23 21:50:05,"Samsung Galaxy S24 FE 128 GB Gray, 6.7"", 5G, 128 GB, NFC, IP68
R$ 2.069,10
Avaliação: ⭐⭐⭐⭐⭐ 🥈
Loja: Magazine Luiza

Menor preço em 90 dias: R$ 2.069,10
Mediana dos preços de 90 dias: R$ 3.201,53",0,Search: Samsung Galaxy S24,
bafyreia7ejjboobe3ykky2nxqs45nfxitxqoxqcatjhmmsdw7wkzcck5ya,bluesky,post,2026-07-23 21:50:04,Recomendações de Smartphones - top 10 - 23/07/26.,0,Search: Samsung Galaxy S24,
bafyreicvkcwpv4li2lntb4jekvddphiz6qvik5ihgendrhbge56huzncva,bluesky,post,2026-07-23 20:32:06,"Samsung Galaxy S24 FE 128 GB Gray, 6.7"", 5G, 128 GB, NFC, IP68
R$ 2.069,10
Avaliação: ⭐⭐⭐⭐⭐ 🥈
Loja: Magazine Luiza

Menor preço em 90 dias: R$ 2.069,10
Mediana dos preços de 90 dias: R$ 3.201,53",0,Search: Samsung Galaxy S24,
bafyreie64vo3tnlqhb6iy4abn2qjjqeeji5oxthdspryrbncwtyhayayym,bluesky,post,2026-07-23 20:32:05,Recomendações de Smartphones - top 3 - 23/07/26.,0,Search: Samsung Galaxy S24,
bafyreid5arathlpmdickngzhzy7snladwn54k2rdmuyb3mxpxi43b6jlju,bluesky,post,2026-07-23 20:24:26,"🔥 Samsung Galaxy S24 Ultra 512 Go Violet - Excellent état - Garantie 1 an
eBay · 689.00 €
#BonPlan #HighTech #Promo",0,Search: Samsung Galaxy S24,
bafyreiddzxjjzwilnxppqrzp6pmuwf5wualnpyslbo2rgis37elywxa2le,bluesky,post,2026-07-23 20:17:55,"🔥 Samsung Galaxy S24 Ultra 512 Go Violet - Excellent état - Garantie 1 an
eBay · 689.00 €
#BonPlan #HighTech #Promo",0,Search: Samsung Galaxy S24,
bafyreigj4sh4lzsg47klx67o2qcn2knmmahxxkyrwbkoeyfz4ddj3ivoza,bluesky,post,2026-07-23 19:54:56,"🔥 Samsung Galaxy S24 128 Go Noir - Excellent état - Garantie 1 an
eBay · 439.00 €
#BonPlan #HighTech #Promo",0,Search: Samsung Galaxy S24,
bafyreifob7yczilgjmclmysgodabwborret2eanaeeqd3z5uvc2kbp5cgi,bluesky,post,2026-07-23 19:00:59,"🔥 Samsung Galaxy S24 Ultra 512 Go Bleu - Excellent état - Garantie 1 an
eBay · 689.00 €
#BonPlan #HighTech #Promo",0,Search: Samsung Galaxy S24,
bafyreihcvn6ube7ug7x7gdgp2ytb234sqsdifddtoqk2o43k47fxrefaoy,bluesky,post,2026-07-23 17:15:45,我是尊貴的Samsung Galaxy S24 Ultra 用戶ㄟ（開玩笑ㄉ,0,Search: Samsung Galaxy S24,
bafyreia4fj6ctwudk2fnueabfpu2lyzhhsnvmrmsiqg5a544f6jk5tzyjy,bluesky,post,2026-07-23 08:17:42,"Rapport Lab #7941: Kevin a confondu le 45W avec un défibrillateur pour sa plante. La plante est morte, mais le S24 est chargé à 100%. À 9,43€ au lieu de 20,83€, c’est une affaire. Paix à son cactus.

#TheFindLab #Samsung #S24 #FastCharge #Deals

#samsunggalaxys24case #TheFindLab #tested",1,Search: Samsung Galaxy S24,
bafyreib6hqz4nn2f3ifosm54oamox733o4uzkvj2zxo77oy4f3u4lwf4fa,bluesky,post,2026-07-23 06:59:18,"There's a reason why I'm still clinging to my Galaxy S24 Ultra and refuse to trade it in when the time comes to upgrade, lol. I like my sharp 90 degree angle corners.",2,Search: Samsung Galaxy S24,
bafyreiadj4sexlk3sj3f2hrdewqwljh6jcnwif5ysue72qhqlqyyg6hn7e,bluesky,post,2026-07-22 17:30:08,"Capa à Prova D`água Nautical Para Samsung Galaxy S24 Ultra - Gshield

💸 Por R$ 197,97

🛍 Casas Bahia
🔗 https://www.awin1.com/pclick.php?p=44433652433&a=2831344&m=85979

- Anúncio",0,Search: Samsung Galaxy S24,
bafyreiberux7ehzywu42d4fqrz3vo3np7hnrisnkre34imhkcnv4bye7wi,bluesky,post,2026-07-22 14:02:44,"🔥 Samsung Galaxy S24 Ultra - 512Go - Noir Titane (Déverrouillé) (Dual SIM)
eBay · 495.00 €
#BonPlan #HighTech #Promo",0,Search: Samsung Galaxy S24,
bafyreiausxqwabmxn4hg2vm4k7vojvvagammv3tiih53symzawk5khom6u,bluesky,post,2026-07-21 18:46:45,"🛒
iPhone/Galaxy
スマホ手帳型PUフォンケース

ブルーウォレットカードバッグファッションケース多機能ウォレットスタイル、iPhone 11/12/13/14/15 Pro Maxに対応、日常使いに最適。ウォレットスタイルフリップフォンケース、Samsung Galaxy A55/A54/A53/A52/A51/A14/A15/S22/S23/S24 Ultraに対応
価格[¥459] 
onelink.shein.com/43/5wfxhv6hr...",1,Search: Samsung Galaxy S24,
bafyreibgvj3ofyms7vy3ba2pknsovaiwd3d4wfi53eeqxs6ngk6kvmcr2i,bluesky,post,2026-07-21 13:34:33,"Samsung has released the July security update for a range of devices. The update is available for various foldables, the Galaxy S24 series and the Galaxy A55, amongst others. One device from the S25 series is also included.",0,Search: Samsung Galaxy S24,
bafyreifotu3ex37huodtjx2tcpqrwk6zdpjuiiz63wxundovrayzqn7ggi,bluesky,post,2026-07-21 12:26:08,"Freewell Single ND128,ND1000, filtro CPL con attacco Snow Mist 1/4 e 17MM compatibile con la custodia del telefono Samsung Galaxy S23/S24/S25 Ultra #kelkoo #Lenti #fotocamere #UnicoShop #offerte #sconti #saldi #promo #occasioni #shoponline #ecommerce #bestdeal",0,Search: Samsung Galaxy S24,
bafyreifuojb6lpvljxx5mf3b5fdkb2cuprvso4dwl3qbdwnga6ubq27aee,bluesky,post,2026-07-21 12:24:42,"🔥 Samsung Galaxy S24 Plus 256 Go Violet - Excellent - Garantie 1 an
eBay · 509.00 €
#BonPlan #HighTech #Promo",0,Search: Samsung Galaxy S24,
bafyreihpm37k4jpuvgq4p2pnr7ewbzdfmc4frcoeekrmdk3i3os4y3wjue,bluesky,post,2026-07-21 11:59:25,"🔥 SAMSUNG GALAXY S24 ULTRA DUAL 256 GO VIOLET [REPARATION] REF : RC 4713460
eBay · 532.00 €
#BonPlan #HighTech #Promo",0,Search: Samsung Galaxy S24,
bafyreifpcsr5hyw4tio5nl46rqvdf2aeno5k2wmfdj4yxreh5ifmqja46m,bluesky,post,2026-07-21 11:38:15,"🔥 Samsung Galaxy S24 Ultra 512 Go Violet - Excellent - Garantie 1 an
eBay · 769.00 €
#BonPlan #HighTech #Promo",0,Search: Samsung Galaxy S24,
bafyreidfu4d2lx5bmbdz5wdfook2z6ndw2fs5s3tph6st3xp664w6uxlii,bluesky,post,2026-07-21 11:18:53,"El Samsung Galaxy S24 FE recibe una importante actualización de seguridad

www.larazon.es/tecnologia-c...",0,Search: Samsung Galaxy S24,
bafyreigvfucua4ssldw5exfn3pddiopp7cafnqlgokemvjpcyzmptxiwsm,bluesky,post,2026-07-21 09:50:45,"Is the Galaxy S24 Ultra Worth It? Price & Review

Core Specification And Premium hardware Build Introduction: Next-Level Flagship Innovation The Samsung Galaxy S24 Ultra…...

https://spotlist.in/is-the-galaxy-s24-ultra-worth-it-complete-buyers-guide/",0,Search: Samsung Galaxy S24,
bafyreig74oxnbuuayircynxxfkbycqotiyubhxcogi72rnsvrsevtkf5hi,bluesky,post,2026-07-21 07:49:31,"🔥 Samsung Galaxy S24 Plus 512 Go Jaune - Excellent - Garantie 1 an
eBay · 659.00 €
#BonPlan #HighTech #Promo",1,Search: Samsung Galaxy S24,
bafyreihmtdjjw47uvgqcgo3kjuygzrtln36x5tduntdtwhq2c3xzhs7r64,bluesky,post,2026-07-21 07:29:59,"🔥 Samsung Galaxy S24 Plus 512 Go Jaune - Excellent - Garantie 1 an
eBay · 659.00 €
#BonPlan #HighTech #Promo",0,Search: Samsung Galaxy S24,
bafyreihrol5pbdxnndhtdqnnrkplehz4x2ilmvyr34jhya7b4glx7kuepq,bluesky,post,2026-07-21 06:29:41,"🔥 Samsung Galaxy S24 Ultra 1 To Noir - Acceptable - Garantie 1 an
eBay · 689.00 €
#BonPlan #HighTech #Promo",0,Search: Samsung Galaxy S24,
bafyreie72opf5wg4oosh5ivegpdaodjxk272pqjkatqvjlkxia2xbdhy6q,bluesky,post,2026-07-21 03:21:23,"🔥 Samsung Galaxy S24 Ultra 512 Go Jaune - Excellent - Garantie 1 an
eBay · 749.00 €
#BonPlan #HighTech #Promo",0,Search: Samsung Galaxy S24,
bafyreiahglwn2j3zpwxct4ibc3mehjbyepslr7bbtyl6tzjecfxpie43am,bluesky,post,2026-07-21 03:06:15,"🔥 Samsung Galaxy S24 Ultra 256 Go Jaune - Excellent - Garantie 1 an
eBay · 679.00 €
#BonPlan #HighTech #Promo",1,Search: Samsung Galaxy S24,
bafyreia5eysqej3tmgti6fkb5gyugpz3sjnhbyzvaubzco7vgrhiyz4iwy,bluesky,post,2026-07-21 02:20:31,"🔥 Samsung Galaxy S24 Ultra 512 Go Jaune - Excellent état - Garantie 1 an
eBay · 679.00 €
#BonPlan #HighTech #Promo",1,Search: Samsung Galaxy S24,
bafyreihxul23qkpndxlhd4sv7megpfm4blk6ngk5o3v55acpejrykdnwla,bluesky,post,2026-07-20 23:31:00,"Feed: ""tech-ish""
By: Hillary Keverenge on Monday, July 20, 2026",0,Search: Samsung Galaxy S24,
bafyreibk2mwydiz7ciwlqsyhyp76nsgs7qtmd7fyqb6abfesofe3nx6ib4,bluesky,post,2026-07-20 21:34:31,"🔥 Samsung Galaxy S24 Ultra 256 Go Noir - Excellent - Garantie 1 an
eBay · 699.00 €
#BonPlan #HighTech #Promo",0,Search: Samsung Galaxy S24,
bafyreic6p65fdnrsygjzfq4vaeo3glc7cyk35cxvm2dbw2mcw2m6pvjsoy,bluesky,post,2026-07-20 21:29:24,"🔥 Samsung Galaxy S24 Ultra 512 Go Noir - Excellent - Garantie 1 an
eBay · 769.00 €
#BonPlan #HighTech #Promo",0,Search: Samsung Galaxy S24,
bafyreihespawgkgu5fkforj3tbz6wbgf5sc422hpk2dwj4iptfjufw5qky,bluesky,post,2026-07-20 21:24:03,"🔥 Samsung Galaxy S24 Ultra 256 Go Gris - Acceptable - Garantie 1 an
eBay · 599.00 €
#BonPlan #HighTech #Promo",0,Search: Samsung Galaxy S24,
bafyreif5jwalratmmxyqqb3s66a2xehlvsdbnmygfrrjwb76achdtoxlhq,bluesky,post,2026-07-20 21:24:00,"🔥 Samsung Galaxy S24 Ultra 512 Go Orange - Excellent - Garantie 1 an
eBay · 749.00 €
#BonPlan #HighTech #Promo",0,Search: Samsung Galaxy S24,
bafyreidfdv3nvhkkxbi5kw7ea4dy47axcczt4puvtqltre3lzyksuqmjra,bluesky,post,2026-07-20 21:18:52,"🔥 Samsung Galaxy S24 Ultra 256 Go Gris - Très bon état - Garantie 1 an
eBay · 609.00 €
#BonPlan #HighTech #Promo",0,Search: Samsung Galaxy S24,
bafyreicvmt7avx5ewi7dx4roxf5cqds7hjublk6syb7kpq2zsfi2xlgp7u,bluesky,post,2026-07-20 21:13:41,"🔥 Samsung Galaxy S24 Ultra 512 Go Noir - Très bon état - Garantie 1 an
eBay · 659.00 €
#BonPlan #HighTech #Promo",1,Search: Samsung Galaxy S24,
bafyreigyvweytzxsotak5cpt23t7gzpnu5ylefnotabt7kmov56vf2sjli,bluesky,post,2026-07-20 21:08:21,"🔥 Samsung Galaxy S24 Ultra 256 Go Noir - Excellent état - Garantie 1 an
eBay · 659.00 €
#BonPlan #HighTech #Promo",0,Search: Samsung Galaxy S24,
bafyreiek2loec4xnp5gtsa4mdp5kgkqtusyshmttz2xxqidx4bzwsljxrm,bluesky,post,2026-07-20 21:08:18,"🔥 Samsung Galaxy S24 Ultra 256 Go Gris - Excellent état - Garantie 1 an
eBay · 629.00 €
#BonPlan #HighTech #Promo",0,Search: Samsung Galaxy S24,
bafyreighrol2fdovhxqebxxyxkahq2pnjyszhk6qnx3wktlsok3bap6vlq,bluesky,post,2026-07-20 21:02:53,"🔥 Samsung Galaxy S24 Ultra 512 Go Gris - Excellent état - Garantie 1 an
eBay · 679.00 €
#BonPlan #HighTech #Promo",0,Search: Samsung Galaxy S24,
bafyreih6oeh6aygdco46f4ocli55cp7mqevpgwa3nuzhtpriqy3hkcw5yu,bluesky,post,2026-07-20 21:02:39,"🔥 Samsung Galaxy S24 Ultra 512 Go Noir - Excellent état - Garantie 1 an
eBay · 679.00 €
#BonPlan #HighTech #Promo",0,Search: Samsung Galaxy S24,
bafyreig7kneoqgmuxojeqyup4jopfsaic3f7uypexwvgjub2l4wayvqpf4,bluesky,post,2026-07-20 20:59:09,"🔥 Samsung Galaxy S24 Ultra 256 Go Jaune - Excellent état - Garantie 1 an
eBay · 659.00 €
#BonPlan #HighTech #Promo",0,Search: Samsung Galaxy S24,
bafyreif2373zn2lwypznt2jekxoxfocrwno22tdrwtg45hl5urd5sujgca,bluesky,post,2026-07-20 20:59:05,"🔥 Samsung Galaxy S24 Ultra 256 Go Violet - Excellent état - Garantie 1 an
eBay · 659.00 €
#BonPlan #HighTech #Promo",0,Search: Samsung Galaxy S24,
bafyreic76qvpw7aia5dofsrtexmphu4eq3hstmcp2dbmnh4h5fduxz7suu,bluesky,post,2026-07-20 20:58:05,"Samsung Galaxy S24 FE Receives July 2026 Security Update, Bringing Owners One Step Closer to One UI 90 + Video

A New Chapter Begins for Galaxy S24 FE Users Samsung is continuing its long-term software commitment for the Galaxy S24 family by expanding the July 2026 security update to the Galaxy S24…",0,Search: Samsung Galaxy S24,
bafyreieqhy5cizkphmvuroy2orslk3bfgroinla3gfvdr333coooix2rwu,bluesky,post,2026-07-20 20:20:24,"🔥 Samsung Galaxy S24 Ultra 256 Go Noir - Excellent état - Garantie 1 an
eBay · 659.00 €
#BonPlan #HighTech #Promo",0,Search: Samsung Galaxy S24,
bafyreihaurqs2u2sxv3bwtj5oki6q4yxadb33c5dzti3r7rhslkdixbf6y,bluesky,post,2026-07-20 17:10:06,"🔥 Smartphone SAMSUNG Galaxy S24 Ultra 5G 512Go Gris
799 €
#BonPlan #HighTech #Promo",0,Search: Samsung Galaxy S24,
bafyreicdb4e6g24nmnrlohkkliy3qud4p45tl3ezkfxmyyc4iiklggvdoq,bluesky,post,2026-07-20 15:31:28,"Three Best Phones to Buy in 2026 under $350.
• Google Pixel 8a: Camera that rivals flagships + 7 years of updates. Deals start around $200.
• Samsung Galaxy S24 FE: Flagship AMOLED display and build quality for nearly half the original price. Deals start around $230.
(1/2)",1,Search: Samsung Galaxy S24,
bafyreidhedj7kojathy4232oswouycvk5mue46j2un4ocb3jzgsv6d55mm,bluesky,post,2026-07-20 15:23:33,"July 2026 security patch for the Galaxy S24 is now globally available!

#Samsung #Galaxy #OneUI8_5 #TeamGalaxy #GalaxyAI #TeamSamsung #TechNews #TechUpdates #GalaxyS24",0,Search: Samsung Galaxy S24,
bafyreihrpxsdqj47ujf6mw32napqpucpqr3i4f4c3l4nz6juizewbelppm,bluesky,post,2026-07-20 14:39:39,"🔥 Samsung Galaxy S24 256 Go Gris - Très bon état - Garantie 1 an
eBay · 469.00 €
#BonPlan #HighTech #Promo",0,Search: Samsung Galaxy S24,
bafyreiejez54frx5xgqbv4k3kbrts7dwrqieu5lwmrdvecjo5hk3rnujwe,bluesky,post,2026-07-20 14:17:48,"Samsung is testing new One UI 9 builds with July 2026 security patches for the Galaxy S23 FE, S24 FE, S25 FE and Galaxy S25 Edge, signaling steady progress ahead of the stable Android 17 rollout.",0,Search: Samsung Galaxy S24,
bafyreifpunmgzki74zspk6gk5jcdatlz5sruu45lmmgkgpw4sp7thy3zhu,bluesky,post,2026-07-20 09:29:32,"Samsung Galaxy S24 Ultra 5G 512GB S928B (Kuntoluokka: Grade A+)

Samsung Galaxy S24 Ultra 5G 512GB tarjoaa huippuluokan suorituskykyä ja ensiluokkaisen käyttökokemuksen. Tämä mustan värinen laite on kuntoluokaltaan A+, mikä tarkoittaa, että se on ulkoisesti uudenveroisessa kunnossa ja huolellisesti…",0,Search: Samsung Galaxy S24,
bafyreiadh73m6iab57tjjupfc3rv42mhdkroi2d4mpcscrnylh44g32iv4,bluesky,post,2026-07-20 09:29:16,"Samsung Galaxy S24 Ultra 5G 512GB S928B (Kuntoluokka: Grade A)

Samsung Galaxy S24 Ultra 5G 512GB (S928B) on huippuluokan älypuhelin, joka yhdistää tehon ja tyylin. Tämä laite on kuntoluokitukseltaan Grade A, mikä tarkoittaa, että se on erinomaisessa kunnossa ja lähes uutta vastaava. Puhelin on…",0,Search: Samsung Galaxy S24,
bafyreih7vpwhhdk5c3bqlk7mn22ao2ckhuaajeo6nfblrierm3aqr53mja,bluesky,post,2026-07-20 09:28:54,"Samsung Galaxy S24 Ultra 5G 256GB S928B (Kuntoluokka: Grade A)

Koe äärimmäinen suorituskyky Samsung Galaxy S24 Ultra 5G -puhelimella. Tämä tyylikäs violetti malli 256 Gt muistilla on kuntoluokaltaan erinomainen (Grade A), mikä tarkoittaa, että se on ulkoisesti lähes uudenveroisessa kunnossa. Laite…",0,Search: Samsung Galaxy S24,
bafyreihhrbhy5czhwj6g2jynm3lq4fi5f7224ukahkf5moyh2tukd2tmbi,bluesky,post,2026-07-20 09:28:32,"Samsung Galaxy S24 Ultra 5G 256GB S928B (Kuntoluokka: Grade C)

Samsung Galaxy S24 Ultra 5G 256GB on huippuluokan älypuhelin, joka yhdistää tehokkaan suorituskyvyn ja monipuoliset ominaisuudet. Tämä laite on teknisesti täysin toimiva ja valmis käyttöön. Kyseessä on Grade C -kuntoluokan tuote, mikä…",0,Search: Samsung Galaxy S24,
bafyreifhv6lnc56a7gmotxobvx35rv42ozmmhaimpnlwg24lfmj5znowt4,bluesky,post,2026-07-20 09:28:17,"Samsung Galaxy S24 Ultra 5G 256GB S928B (Kuntoluokka: Grade B)

Samsung Galaxy S24 Ultra 5G 256GB (Violetti) on huipputehokas älypuhelin, joka yhdistää tyylikkään muotoilun ja tinkimättömän suorituskyvyn. Tämä laite on kuntoluokiteltu Grade B -kategoriaan, mikä tarkoittaa, että siinä voi olla…",0,Search: Samsung Galaxy S24,
bafyreife35vs6xoezkoxcqryzgvuhwrqtkiiyms5usbgxb75wpjmqmmtla,bluesky,post,2026-07-20 09:28:00,"Samsung Galaxy S24 Ultra 5G 256GB S928B (Kuntoluokka: Grade A)

Samsung Galaxy S24 Ultra 5G 256GB on huippuluokan älypuhelin, joka yhdistää tyylikkään mustan muotoilun ja tinkimättömän suorituskyvyn. Tämä Grade A -kuntoluokan laite on erinomaisessa kunnossa, ja se on tarkistettu täysin toimivaksi.…",0,Search: Samsung Galaxy S24,
bafyreid5dnseh2cmhnkfpkmpkefztgmwd35mxflsasw6b6ucecawgoobh4,bluesky,post,2026-07-20 09:27:42,"Samsung Galaxy S24 Ultra 5G 1TB S928B (Kuntoluokka: Grade C+)

Samsung Galaxy S24 Ultra 5G 1TB (S928B) on huippuluokan älypuhelin, joka tarjoaa tinkimätöntä suorituskykyä ja valtavasti tallennustilaa. Tämä laite on teknisesti täysin toimiva ja testattu. Ulkoisesti laite on luokiteltu kuntoluokkaan…",0,Search: Samsung Galaxy S24,
bafyreicxlhadf26lipaxijcgvskmwkhg63pamaefholi5orjdgq7bs6qwy,bluesky,post,2026-07-20 09:27:18,"Samsung Galaxy S24 5G 128GB S921B (Kuntoluokka: Grade A)

Samsung Galaxy S24 5G 128GB (S921B) on tyylikäs ja suorituskykyinen älypuhelin harmaana. Tämä Grade A -kuntoluokan laite on erinomaisessa kunnossa, ja siinä on täysin uusi akku, joka takaa pitkän käyttöiän. Puhelin on täysin…",0,Search: Samsung Galaxy S24,
bafyreibhbqcqp54oqn7cywby2iwh3rm3ccrepu2v3ekzr7ibvyvf76ynmm,bluesky,post,2026-07-20 00:02:33,If you look at the metadata for the photo I'm sure it will say something referencing my Samsung Galaxy s24 Ultra,2,Search: Samsung Galaxy S24,
bafyreidzaljjha6wcis2hdiqqba6t2uw4vv2v7nv5mron4kdyqshyz2ugu,bluesky,post,2026-07-19 13:41:49,"🔥 Custom Photo Cover For Samsung Galaxy A55 A54 A53 A52 Case A35 34 S25 S24 S23 S2

💰 $10.98  |  -51…

https://he.aliexpress.com/item/1005009070166532.html?pdp_npi=6%40dis%21ILS%2122.41%2110.98%21%21%2149.58%2124.29%21%402140f88817831014235795790e1333%2112000047807178383%21affd%21%21%21%211%210%21",0,Search: Samsung Galaxy S24,
bafyreig5trmlpj36mx27exiei4tqbwyty4rhs7rb7r2lxw3yrr4uh46zsy,bluesky,post,2026-07-19 13:41:46,"🔥 Custom Photo Cover For Samsung Galaxy A55 A54 A53 A52 Case A35 34 S25 S24 S23 S2

💰 $10.98  |  -51…

https://he.aliexpress.com/item/1005009070166532.html?pdp_npi=6%40dis%21ILS%2122.41%2110.98%21%21%2149.58%2124.29%21%402140f88817831014235795790e1333%2112000047807178383%21affd%21%21%21%211%210%21",0,Search: Samsung Galaxy S24,
bafyreiesnk2zuregyypglahldlxu7fiiaznlbbokhliu3jmyntromeyy44,bluesky,post,2026-07-19 07:19:53,"Samsung Galaxy S24 5G 256GB S921B (Kuntoluokka: Grade A+) @ KorhoneCom: Käytetyt

Väri Musta Pilven lukko CloudOFF Ulkonäkö Arvosana A+ Toiminnallisuus Työskentely Laatikoitunut Premium pakkaamaton Osta verkkokaupastamme KorhoneCom: Käytetyt osoitteesta",0,Search: Samsung Galaxy S24,
bafyreifxft6h6b5xzu3fhs6bq355vr2saazdhqn3mak7ry4s5qq3vhdwue,bluesky,post,2026-07-19 02:06:50,"Samsung Galaxy S24 5G 256GB S921B (Kuntoluokka: Grade A+)

Samsung Galaxy S24 5G 256GB (Musta) on huippuluokan älypuhelin, joka tarjoaa ensiluokkaisen suorituskyvyn ja tyylikään muotoilun. Tämä Grade A+ -kuntoluokan laite on ulkoisesti virheetön ja toiminnallisesti täydellisessä kunnossa. Puhelin…",0,Search: Samsung Galaxy S24,
bafyreicbgj7swtzibbr5h4n4zpjtrlbg5kogt4jjv2c6jeaxyc62ovgfxa,bluesky,post,2026-07-18 21:49:52,"OtterBox Defender Pro Series Case for Samsung Galaxy S24, Galaxy S25, Black + Free Shipping $10.12 

Get the Best Deal 👇:

 https://roundups.ai/pub/otterbox-defender-pro-series-case-for-samsung-galaxy-s24-galaxy-s25-black-free-shipping-1012-a0fb6d",1,Search: Samsung Galaxy S24,
bafyreiagmzhnwqf2hiiadimudl6tjvcczvfuplipntjmsbchkun7lh3xty,bluesky,post,2026-07-18 08:41:49,"🔥 Military Grade Cases for Samsung Galaxy S25 FE S22 S23 S26 Plus S24 FE Ultra Edg

💰 $3.33
⭐ 93.2%  📦 …

https://www.aliexpress.com/item/1005007785943799.html?pdp_npi=6%40dis%21USD%213.33%213.33%21%21%213.33%213.33%21%402101364017732283682857692e1815%2112000053081748439%21affd%21%21%21%211%210%21",0,Search: Samsung Galaxy S24,
bafyreidzhjnpukuaoejayyxoke7totrysk7lkbzttpehei7epcerwurjn4,bluesky,post,2026-07-18 08:41:47,"🔥 Military Grade Cases for Samsung Galaxy S25 FE S22 S23 S26 Plus S24 FE Ultra Edg

💰 $3.33
⭐ 93.2%  📦 …

https://www.aliexpress.com/item/1005007785943799.html?pdp_npi=6%40dis%21USD%213.33%213.33%21%21%213.33%213.33%21%402101364017732283682857692e1815%2112000053081748439%21affd%21%21%21%211%210%21",0,Search: Samsung Galaxy S24,
bafyreibjbyx4tzwalbxcllsqezrpbabwevvisu6emfjdibl3jlrfohyrui,bluesky,post,2026-07-18 01:43:29,"Samsung Galaxy S24 Ultra 5G 512GB S928B (Kuntoluokka: Grade B)

OnePlus Nord 3 5G 128GB on tehokas ja tyylikäs älypuhelin, joka yhdistää sulavan suorituskyvyn ja modernin muotoilun. Tämä upean vihreä laite on kuntoluokitukseltaan Grade BC, mikä tarkoittaa, että puhelimessa on käytön jälkiä, mutta…",0,Search: Samsung Galaxy S24,
bafyreifecqp6iym5ketucvadtli3ord6sthzh6e7za3kz4hgbvytxo25b4,bluesky,post,2026-07-18 01:43:13,"Samsung Galaxy S24 Ultra 5G 512GB S928B (Kuntoluokka: Grade B)

OnePlus Nord 3 5G 128GB on tehokas ja tyylikäs älypuhelin, joka yhdistää sulavan suorituskyvyn ja modernin muotoilun. Tämä upean vihreä laite on kuntoluokitukseltaan Grade BC, mikä tarkoittaa, että puhelimessa on käytön jälkiä, mutta…",0,Search: Samsung Galaxy S24,
bafyreibcb72fdmqp34rlchlctktb5p6kdndlgdckdfj2z443lnitv4afta,bluesky,post,2026-07-18 01:42:51,"Samsung Galaxy S24 Ultra 5G 512GB S928B (Kuntoluokka: Grade B)

OnePlus Nord 3 5G 128GB on tehokas ja tyylikäs älypuhelin, joka yhdistää sulavan suorituskyvyn ja modernin muotoilun. Tämä upean vihreä laite on kuntoluokitukseltaan Grade BC, mikä tarkoittaa, että puhelimessa on käytön jälkiä, mutta…",0,Search: Samsung Galaxy S24,
bafyreic5zp6k23c24vsczm6rntety3eakigehgff3rbpycg2wrs37ij5zy,bluesky,post,2026-07-18 01:42:32,"Samsung Galaxy S24 Ultra 5G 512GB S928B (Kuntoluokka: Grade A+)

OnePlus Nord 3 5G 128GB on tehokas ja tyylikäs älypuhelin, joka yhdistää sulavan suorituskyvyn ja modernin muotoilun. Tämä upean vihreä laite on kuntoluokitukseltaan Grade BC, mikä tarkoittaa, että puhelimessa on käytön jälkiä, mutta…",0,Search: Samsung Galaxy S24,
bafyreielzwa7xuzmkt7miehxbbx2pobgcep6mrnuyozn364f7zwn4rg5ym,bluesky,post,2026-07-18 01:42:15,"Samsung Galaxy S24 Ultra 5G 256GB S928B (Kuntoluokka: Grade A+)

OnePlus Nord 3 5G 128GB on tehokas ja tyylikäs älypuhelin, joka yhdistää sulavan suorituskyvyn ja modernin muotoilun. Tämä upean vihreä laite on kuntoluokitukseltaan Grade BC, mikä tarkoittaa, että puhelimessa on käytön jälkiä, mutta…",0,Search: Samsung Galaxy S24,
bafyreib3mg6vbu2nufmjrz4cvd3ek66mrhcwxmuzaggxjjh3lt7ccyamym,bluesky,post,2026-07-18 01:41:59,"Samsung Galaxy S24 Ultra 5G 256GB S928B (Kuntoluokka: Grade B)

OnePlus Nord 3 5G 128GB on tehokas ja tyylikäs älypuhelin, joka yhdistää sulavan suorituskyvyn ja modernin muotoilun. Tämä upean vihreä laite on kuntoluokitukseltaan Grade BC, mikä tarkoittaa, että puhelimessa on käytön jälkiä, mutta…",0,Search: Samsung Galaxy S24,
bafyreih226ca7kyfrzudfdw55wjpnn7uwiukk7xzqtzknuz5hfekaq5hhy,bluesky,post,2026-07-18 01:41:37,"Samsung Galaxy S24 Ultra 5G 256GB S928B (Kuntoluokka: Grade A+)

OnePlus Nord 3 5G 128GB on tehokas ja tyylikäs älypuhelin, joka yhdistää sulavan suorituskyvyn ja modernin muotoilun. Tämä upean vihreä laite on kuntoluokitukseltaan Grade BC, mikä tarkoittaa, että puhelimessa on käytön jälkiä, mutta…",0,Search: Samsung Galaxy S24,
bafyreifnqjhcnpp37y5c5xvqqz3zrli2s7fauynqokdwrxyegmpyd4xj6e,bluesky,post,2026-07-18 01:41:22,"Samsung Galaxy S24 Ultra 5G 256GB S928B (Kuntoluokka: Grade B)

OnePlus Nord 3 5G 128GB on tehokas ja tyylikäs älypuhelin, joka yhdistää sulavan suorituskyvyn ja modernin muotoilun. Tämä upean vihreä laite on kuntoluokitukseltaan Grade BC, mikä tarkoittaa, että puhelimessa on käytön jälkiä, mutta…",0,Search: Samsung Galaxy S24,
bafyreibi4orvtdvakavhrkahbsvlbq7rjts4eqmfcxcsxmiwckqe5kf4nu,bluesky,post,2026-07-18 01:41:03,"Samsung Galaxy S24 Ultra 5G 256GB S928B (Kuntoluokka: Grade B)

OnePlus Nord 3 5G 128GB on tehokas ja tyylikäs älypuhelin, joka yhdistää sulavan suorituskyvyn ja modernin muotoilun. Tämä upean vihreä laite on kuntoluokitukseltaan Grade BC, mikä tarkoittaa, että puhelimessa on käytön jälkiä, mutta…",0,Search: Samsung Galaxy S24,
bafyreigx3oj3may52f22vbo4tzlutscppks2grjf55o2cgs4mh3clsinkq,bluesky,post,2026-07-18 01:40:46,"Samsung Galaxy S24 Ultra 5G 256GB S928B (Kuntoluokka: Grade C)

OnePlus Nord 3 5G 128GB on tehokas ja tyylikäs älypuhelin, joka yhdistää sulavan suorituskyvyn ja modernin muotoilun. Tämä upean vihreä laite on kuntoluokitukseltaan Grade BC, mikä tarkoittaa, että puhelimessa on käytön jälkiä, mutta…",0,Search: Samsung Galaxy S24,
bafyreifzl7fh474bycy7otyfmy5tqoyzdeck2hl3ovitinff3my64g6zdy,bluesky,post,2026-07-18 01:40:28,"Samsung Galaxy S24 Ultra 5G 256GB S928B (Kuntoluokka: Grade A+)

OnePlus Nord 3 5G 128GB on tehokas ja tyylikäs älypuhelin, joka yhdistää sulavan suorituskyvyn ja modernin muotoilun. Tämä upean vihreä laite on kuntoluokitukseltaan Grade BC, mikä tarkoittaa, että puhelimessa on käytön jälkiä, mutta…",0,Search: Samsung Galaxy S24,
bafyreiayy6ujieipsahrpgl2e653v5bycwdwnv7kop2f7mws6yaxoqi5bm,bluesky,post,2026-07-18 01:40:11,"Samsung Galaxy S24 Ultra 5G 256GB S928B (Kuntoluokka: Grade A+)

OnePlus Nord 3 5G 128GB on tehokas ja tyylikäs älypuhelin, joka yhdistää sulavan suorituskyvyn ja modernin muotoilun. Tämä upean vihreä laite on kuntoluokitukseltaan Grade BC, mikä tarkoittaa, että puhelimessa on käytön jälkiä, mutta…",0,Search: Samsung Galaxy S24,
bafyreihsclnfo7bu35uu5htd3xpecryz4pxwskj3qyjjf4mg5vpmujfcza,bluesky,post,2026-07-18 01:39:51,"Samsung Galaxy S24 Ultra 5G 256GB S928B (Kuntoluokka: Grade A+)

OnePlus Nord 3 5G 128GB on tehokas ja tyylikäs älypuhelin, joka yhdistää sulavan suorituskyvyn ja modernin muotoilun. Tämä upean vihreä laite on kuntoluokitukseltaan Grade BC, mikä tarkoittaa, että puhelimessa on käytön jälkiä, mutta…",0,Search: Samsung Galaxy S24,
bafyreif4kvpwyuzhep4ho4ftvbtqyczqx5vzca42ukaaha5i43evbsvd7e,bluesky,post,2026-07-18 01:39:31,"Samsung Galaxy S24 Ultra 5G 256GB S928B (Kuntoluokka: Grade C)

OnePlus Nord 3 5G 128GB on tehokas ja tyylikäs älypuhelin, joka yhdistää sulavan suorituskyvyn ja modernin muotoilun. Tämä upean vihreä laite on kuntoluokitukseltaan Grade BC, mikä tarkoittaa, että puhelimessa on käytön jälkiä, mutta…",0,Search: Samsung Galaxy S24,
bafyreihawi6w2zxglq6uskgccjlvoe5nvx7rn4xk77atp7k44f2fnl7ege,bluesky,post,2026-07-18 01:39:12,"Samsung Galaxy S24 Ultra 5G 256GB S928B (Kuntoluokka: Grade C+)

OnePlus Nord 3 5G 128GB on tehokas ja tyylikäs älypuhelin, joka yhdistää sulavan suorituskyvyn ja modernin muotoilun. Tämä upean vihreä laite on kuntoluokitukseltaan Grade BC, mikä tarkoittaa, että puhelimessa on käytön jälkiä, mutta…",0,Search: Samsung Galaxy S24,
bafyreigm7me7apie7fq2w6hqbogxg4xotvmikkfcdkdnnnxxorrzr5pw7u,bluesky,post,2026-07-18 01:38:57,"Samsung Galaxy S24 Ultra 5G 1TB S928B (Kuntoluokka: Grade A+)

OnePlus Nord 3 5G 128GB on tehokas ja tyylikäs älypuhelin, joka yhdistää sulavan suorituskyvyn ja modernin muotoilun. Tämä upean vihreä laite on kuntoluokitukseltaan Grade BC, mikä tarkoittaa, että puhelimessa on käytön jälkiä, mutta se…",0,Search: Samsung Galaxy S24,
bafyreicn7mcjnqrntbethkki4zzehhl2nicq6qk44m5lflceuh2wjyvlbe,bluesky,post,2026-07-18 01:38:38,"Samsung Galaxy S24 Plus 5G 256GB S926B (Kuntoluokka: Grade A+)

OnePlus Nord 3 5G 128GB on tehokas ja tyylikäs älypuhelin, joka yhdistää sulavan suorituskyvyn ja modernin muotoilun. Tämä upean vihreä laite on kuntoluokitukseltaan Grade BC, mikä tarkoittaa, että puhelimessa on käytön jälkiä, mutta…",0,Search: Samsung Galaxy S24,
bafyreibnvez7tq3ndpdcdzb4klhmy3ktr22qnwlcv44wez56mp7hojnzwi,bluesky,post,2026-07-18 01:38:19,"Samsung Galaxy S24 Plus 5G 256GB S926B (Kuntoluokka: Grade A+)

OnePlus Nord 3 5G 128GB on tehokas ja tyylikäs älypuhelin, joka yhdistää sulavan suorituskyvyn ja modernin muotoilun. Tämä upean vihreä laite on kuntoluokitukseltaan Grade BC, mikä tarkoittaa, että puhelimessa on käytön jälkiä, mutta…",0,Search: Samsung Galaxy S24,
bafyreiaiurg46pgvfnchau3xc4f2a55qjionphaxnpfaylxfjgmvdkasiy,bluesky,post,2026-07-18 01:38:06,"Samsung Galaxy S24 FE 5G 128GB S721 (Kuntoluokka: Grade A)

OnePlus Nord 3 5G 128GB on tehokas ja tyylikäs älypuhelin, joka yhdistää sulavan suorituskyvyn ja modernin muotoilun. Tämä upean vihreä laite on kuntoluokitukseltaan Grade BC, mikä tarkoittaa, että puhelimessa on käytön jälkiä, mutta se on…",0,Search: Samsung Galaxy S24,
bafyreiadasp5pnwhbg6immeoawndvlvo6vgspsblq7xofg53lzmlhh7kcy,bluesky,post,2026-07-18 01:37:32,"Samsung Galaxy S24 5G 256GB S921B (Kuntoluokka: Grade C)

OnePlus Nord 3 5G 128GB on tehokas ja tyylikäs älypuhelin, joka yhdistää sulavan suorituskyvyn ja modernin muotoilun. Tämä upean vihreä laite on kuntoluokitukseltaan Grade BC, mikä tarkoittaa, että puhelimessa on käytön jälkiä, mutta se on…",0,Search: Samsung Galaxy S24,
bafyreielodc6lstipxuznezxh2e5zeejfd3aqndoz4d5yfcogjyjc7sh4i,bluesky,post,2026-07-18 01:37:17,"Samsung Galaxy S24 5G 256GB S921B (Kuntoluokka: Grade C)

OnePlus Nord 3 5G 128GB on tehokas ja tyylikäs älypuhelin, joka yhdistää sulavan suorituskyvyn ja modernin muotoilun. Tämä upean vihreä laite on kuntoluokitukseltaan Grade BC, mikä tarkoittaa, että puhelimessa on käytön jälkiä, mutta se on…",0,Search: Samsung Galaxy S24,
bafyreic6e43prb4ingdvwel3pfjfwnbrlgokrwaxj72zjea7lmmjq64nym,bluesky,post,2026-07-18 01:37:00,"Samsung Galaxy S24 5G 256GB S921B (Kuntoluokka: Grade C)

OnePlus Nord 3 5G 128GB on tehokas ja tyylikäs älypuhelin, joka yhdistää sulavan suorituskyvyn ja modernin muotoilun. Tämä upean vihreä laite on kuntoluokitukseltaan Grade BC, mikä tarkoittaa, että puhelimessa on käytön jälkiä, mutta se on…",0,Search: Samsung Galaxy S24,
bafyreibqolhog7phgmu5dpsbb7znks6mirn4cvn5mhtrcsqhavczwdqmca,bluesky,post,2026-07-18 01:36:44,"Samsung Galaxy S24 5G 256GB S921B (Kuntoluokka: Grade A)

OnePlus Nord 3 5G 128GB on tehokas ja tyylikäs älypuhelin, joka yhdistää sulavan suorituskyvyn ja modernin muotoilun. Tämä upean vihreä laite on kuntoluokitukseltaan Grade BC, mikä tarkoittaa, että puhelimessa on käytön jälkiä, mutta se on…",0,Search: Samsung Galaxy S24,
bafyreihohhy47rhd2tz42nwjyofgeg25pzwcbieuf5tv6zbbkj4pcfohpi,bluesky,post,2026-07-18 01:36:24,"Samsung Galaxy S24 5G 128GB S921B (Kuntoluokka: Grade A+)

OnePlus Nord 3 5G 128GB on tehokas ja tyylikäs älypuhelin, joka yhdistää sulavan suorituskyvyn ja modernin muotoilun. Tämä upean vihreä laite on kuntoluokitukseltaan Grade BC, mikä tarkoittaa, että puhelimessa on käytön jälkiä, mutta se on…",0,Search: Samsung Galaxy S24,
bafyreibaggdwilow6lccltnr7pbe5mhgkefdrkplmu3sjopb373tdqkvde,bluesky,post,2026-07-18 01:36:07,"Samsung Galaxy S24 5G 128GB S921B (Kuntoluokka: Grade C)

OnePlus Nord 3 5G 128GB on tehokas ja tyylikäs älypuhelin, joka yhdistää sulavan suorituskyvyn ja modernin muotoilun. Tämä upean vihreä laite on kuntoluokitukseltaan Grade BC, mikä tarkoittaa, että puhelimessa on käytön jälkiä, mutta se on…",0,Search: Samsung Galaxy S24,
bafyreihaukavfqznlavrwucr7tbejmqk6h65nxgrjr7veukfzcd6bpc7q4,bluesky,post,2026-07-18 01:35:47,"Samsung Galaxy S24 5G 128GB S921B (Kuntoluokka: Grade A+)

OnePlus Nord 3 5G 128GB on tehokas ja tyylikäs älypuhelin, joka yhdistää sulavan suorituskyvyn ja modernin muotoilun. Tämä upean vihreä laite on kuntoluokitukseltaan Grade BC, mikä tarkoittaa, että puhelimessa on käytön jälkiä, mutta se on…",0,Search: Samsung Galaxy S24,
bafyreiaizmjcngcm5dkafjkrfzet5wwx5uwo4voyettxb62gyiun34a55y,bluesky,post,2026-07-18 01:35:29,"Samsung Galaxy S24 5G 128GB S921B (Kuntoluokka: Grade A+)

OnePlus Nord 3 5G 128GB on tehokas ja tyylikäs älypuhelin, joka yhdistää sulavan suorituskyvyn ja modernin muotoilun. Tämä upean vihreä laite on kuntoluokitukseltaan Grade BC, mikä tarkoittaa, että puhelimessa on käytön jälkiä, mutta se on…",0,Search: Samsung Galaxy S24,
bafyreibt43vj5gscq6ak4fne325gnfqyo45vu4zwvbpr5b5bsikg7bbfmi,bluesky,post,2026-07-18 01:35:11,"Samsung Galaxy S24 5G 128GB S921B (Kuntoluokka: Grade C)

OnePlus Nord 3 5G 128GB on tehokas ja tyylikäs älypuhelin, joka yhdistää sulavan suorituskyvyn ja modernin muotoilun. Tämä upean vihreä laite on kuntoluokitukseltaan Grade BC, mikä tarkoittaa, että puhelimessa on käytön jälkiä, mutta se on…",0,Search: Samsung Galaxy S24,
bafyreiedxfk32jfx653ceb4wcaqumc2vfdvzd3bkl47wrh4pzbj2ujh2bi,bluesky,post,2026-07-17 21:11:42,"Galaxy S26 series continues to break records 

The lineup sold 3 million units in Korea in 3 months. It took 6 months for the S25 series to achieve that, and 8 months for the S24 series.

Samsung increased production of the lineup by 50% in July due to the strong demand",3,Search: Samsung Galaxy S24,
bafyreihh2h4x6ftd5inty6idjj2pe72kmrkageau6c22oz5mwb3xghvxgi,bluesky,post,2026-07-17 12:33:36,"Samsung Galaxy S24 FE 5G 128GB S721 (Kuntoluokka: Grade A+) @ KorhoneCom: Käytetyt

Väri Grafiitti Pilven lukko CloudOFF Ulkonäkö Arvosana A+ Toiminnallisuus Työskentely Laatikoitunut Purettu laatikosta Lisätietoja Uusi akku Osta verkkokaupastamme KorhoneCom: Käytetyt osoitteesta",0,Search: Samsung Galaxy S24,
bafyreibpanfjbrg4dkq6haugvqovzauf6pj6tecfxmtn7ef6v5mqxhtndu,bluesky,post,2026-07-17 06:45:54,"#publicidad

🔥 ¡OFERTA AMZ! 🔥

Otterbox Funda para Samsung Galaxy S24 Core Series, a Prueba de Golpes y caídas, Ultra Fina, Funda Protectora, Testada 3X con los estándares Militares anticaídas, Blanco

💰 Precio: 12,39€ (Antes: 49,99€)

🔗 https://www.amazon.es/dp/B0CQR9NXD9/?tag=infocompras08-21",0,Search: Samsung Galaxy S24,
bafyreigg4mkl7a5i6sao2gmr2luicqg4k3osq2mtglpadqn7jcpvhgg7eq,bluesky,post,2026-07-17 05:49:11,"Wer eines der Galaxy-S24-Smartphones besitzt, kann sich jetzt über ein wichtiges Sicherheitsupdate freuen.",1,Search: Samsung Galaxy S24,
bafyreiarf5owjiockp4bcacrelewpoqtfin5s4eq3i4zdlbfrwa6wc6rmq,bluesky,post,2026-07-17 05:05:10,Samsung Galaxy S24 FE 5G 128GB S721 (Kuntoluokka: Grade A+),0,Search: Samsung Galaxy S24,
bafyreiar2nat3gwcjvachdk6p4e5y2ezfnx4j2mvbvbk64t46fmhqbcbve,bluesky,post,2026-07-17 00:18:09,"🔥 Samsung Galaxy S24 Plus 512 Go Orange - Excellent état - Garantie 1 an
eBay · 539.00 €
#BonPlan #HighTech #Promo",1,Search: Samsung Galaxy S24,
bafyreieat7ms7745cpiqi5e644ivoaojbf332pafrtoqydv4jx3mageq5a,bluesky,post,2026-07-16 23:14:05,"Samsung Galaxy S24 Ultra 5G 512GB S928B (Kuntoluokka: Grade C)

Tämä OnePlus 15R 5G (512GB) on erinomaisessa Grade A+ -kunnossa oleva huippupuhelin, joka tarjoaa tinkimätöntä suorituskykyä tyylikkäässä mustassa kuoressa. Laite on purettu alkuperäisestä pakkauksestaan, mutta se on täysin…",0,Search: Samsung Galaxy S24,
bafyreiaa35d3ur3cjeqys6vqfc6qmsxhz6gxradwfo4kkovraasktmmwo4,bluesky,post,2026-07-16 23:13:50,"Samsung Galaxy S24 Ultra 5G 512GB S928B (Kuntoluokka: Grade C+)

Tämä OnePlus 15R 5G (512GB) on erinomaisessa Grade A+ -kunnossa oleva huippupuhelin, joka tarjoaa tinkimätöntä suorituskykyä tyylikkäässä mustassa kuoressa. Laite on purettu alkuperäisestä pakkauksestaan, mutta se on täysin…",0,Search: Samsung Galaxy S24,
bafyreidv4yv63xitscadxyjavvtguunofima6aqcj3vvhrpdon3euk6ztu,bluesky,post,2026-07-16 23:13:32,"Samsung Galaxy S24 Ultra 5G 512GB S928B (Kuntoluokka: Grade C)

Tämä OnePlus 15R 5G (512GB) on erinomaisessa Grade A+ -kunnossa oleva huippupuhelin, joka tarjoaa tinkimätöntä suorituskykyä tyylikkäässä mustassa kuoressa. Laite on purettu alkuperäisestä pakkauksestaan, mutta se on täysin…",0,Search: Samsung Galaxy S24,
bafyreigyloee6665ufxl3y2oov65kesy64igmqctccxrltgwwzkvi5x5vy,bluesky,post,2026-07-16 23:12:47,"Samsung Galaxy S24 Ultra 5G 256GB S928B (Kuntoluokka: Grade C+)

Tämä OnePlus 15R 5G (512GB) on erinomaisessa Grade A+ -kunnossa oleva huippupuhelin, joka tarjoaa tinkimätöntä suorituskykyä tyylikkäässä mustassa kuoressa. Laite on purettu alkuperäisestä pakkauksestaan, mutta se on täysin…",0,Search: Samsung Galaxy S24,
bafyreiaujtteq37iigmet6t5dbnkwgil3ympd535uoxjbh2zejnxkgs35y,bluesky,post,2026-07-16 23:12:24,"Samsung Galaxy S24 Ultra 5G 256GB S928B (Kuntoluokka: Grade C+)

Tämä OnePlus 15R 5G (512GB) on erinomaisessa Grade A+ -kunnossa oleva huippupuhelin, joka tarjoaa tinkimätöntä suorituskykyä tyylikkäässä mustassa kuoressa. Laite on purettu alkuperäisestä pakkauksestaan, mutta se on täysin…",0,Search: Samsung Galaxy S24,
bafyreihc7lgdvd4gv6jjs2hmldujw4sif5fog7rmehav5klc2jo4zvi2y4,bluesky,post,2026-07-16 23:12:11,"Samsung Galaxy S24 Ultra 5G 1TB S928B (Kuntoluokka: Grade C+)

Tämä OnePlus 15R 5G (512GB) on erinomaisessa Grade A+ -kunnossa oleva huippupuhelin, joka tarjoaa tinkimätöntä suorituskykyä tyylikkäässä mustassa kuoressa. Laite on purettu alkuperäisestä pakkauksestaan, mutta se on täysin…",0,Search: Samsung Galaxy S24,
bafyreiciq44pbzudx4rb3gzubeck5eubycpujk3kuieqrsjp7hddpqyjl4,bluesky,post,2026-07-16 23:11:46,"Samsung Galaxy S24 Plus 5G 512GB S926B (Kuntoluokka: Grade B)

Tämä OnePlus 15R 5G (512GB) on erinomaisessa Grade A+ -kunnossa oleva huippupuhelin, joka tarjoaa tinkimätöntä suorituskykyä tyylikkäässä mustassa kuoressa. Laite on purettu alkuperäisestä pakkauksestaan, mutta se on täysin…",0,Search: Samsung Galaxy S24,
bafyreifstprepzoruyyqqc67lbkayn2ys3e3ezs5qpxblwk5o2uyu46ae4,bluesky,post,2026-07-16 23:11:19,"Samsung Galaxy S24 Plus 5G 512GB S926B (Kuntoluokka: Grade C+)

Tämä OnePlus 15R 5G (512GB) on erinomaisessa Grade A+ -kunnossa oleva huippupuhelin, joka tarjoaa tinkimätöntä suorituskykyä tyylikkäässä mustassa kuoressa. Laite on purettu alkuperäisestä pakkauksestaan, mutta se on täysin…",0,Search: Samsung Galaxy S24,
bafyreibvwtmdikx6zozz7dxlawnteuagwrsdpoau72olt5xhhkzgvlsbh4,bluesky,post,2026-07-16 23:10:57,"Samsung Galaxy S24 Plus 5G 512GB S926B (Kuntoluokka: Grade B)

Tämä OnePlus 15R 5G (512GB) on erinomaisessa Grade A+ -kunnossa oleva huippupuhelin, joka tarjoaa tinkimätöntä suorituskykyä tyylikkäässä mustassa kuoressa. Laite on purettu alkuperäisestä pakkauksestaan, mutta se on täysin…",0,Search: Samsung Galaxy S24,
bafyreig3vtp2lmef5h5estrwdib5vlyq572jakrq53k24e4i323nv5bd6a,bluesky,post,2026-07-16 23:10:41,"Samsung Galaxy S24 Plus 5G 256GB S926B (Kuntoluokka: Grade C)

Tämä OnePlus 15R 5G (512GB) on erinomaisessa Grade A+ -kunnossa oleva huippupuhelin, joka tarjoaa tinkimätöntä suorituskykyä tyylikkäässä mustassa kuoressa. Laite on purettu alkuperäisestä pakkauksestaan, mutta se on täysin…",0,Search: Samsung Galaxy S24,
bafyreibb4i6cnsd3drdwrurssmxme5cqmgykcx4ehaaznu7bil7cxqya2m,bluesky,post,2026-07-16 23:10:26,"Samsung Galaxy S24 Plus 5G 256GB S926B (Kuntoluokka: Grade A)

Tämä OnePlus 15R 5G (512GB) on erinomaisessa Grade A+ -kunnossa oleva huippupuhelin, joka tarjoaa tinkimätöntä suorituskykyä tyylikkäässä mustassa kuoressa. Laite on purettu alkuperäisestä pakkauksestaan, mutta se on täysin…",0,Search: Samsung Galaxy S24,
bafyreiejybjmfuxwmltfzuenhllczu34nuvvlourhuol7vqm2vzrrd54fm,bluesky,post,2026-07-16 23:10:08,"Samsung Galaxy S24 Plus 5G 256GB S926B (Kuntoluokka: Grade B)

Tämä OnePlus 15R 5G (512GB) on erinomaisessa Grade A+ -kunnossa oleva huippupuhelin, joka tarjoaa tinkimätöntä suorituskykyä tyylikkäässä mustassa kuoressa. Laite on purettu alkuperäisestä pakkauksestaan, mutta se on täysin…",0,Search: Samsung Galaxy S24,
bafyreiank2kjtclqqr4tlhkifnbscctosrpk3l24hfjnqdm2kd2nhjfc24,bluesky,post,2026-07-16 23:09:28,"Samsung Galaxy S24 FE 5G 256GB S721 (Kuntoluokka: Grade B)

Tämä OnePlus 15R 5G (512GB) on erinomaisessa Grade A+ -kunnossa oleva huippupuhelin, joka tarjoaa tinkimätöntä suorituskykyä tyylikkäässä mustassa kuoressa. Laite on purettu alkuperäisestä pakkauksestaan, mutta se on täysin…",0,Search: Samsung Galaxy S24,
bafyreiarg2gecximj65qenv2wrqn3wy72fstu2elmrof3uzu3alq7hot7q,bluesky,post,2026-07-16 23:08:52,"Samsung Galaxy S24 5G 256GB S921B (Kuntoluokka: Grade C+)

Tämä OnePlus 15R 5G (512GB) on erinomaisessa Grade A+ -kunnossa oleva huippupuhelin, joka tarjoaa tinkimätöntä suorituskykyä tyylikkäässä mustassa kuoressa. Laite on purettu alkuperäisestä pakkauksestaan, mutta se on täysin toimintakunnossa…",0,Search: Samsung Galaxy S24,
bafyreifi4r22ngtejtgpmmot25yrwmxkit5uydbvtjhcmosnwjt2wu5xei,bluesky,post,2026-07-16 23:08:31,"Samsung Galaxy S24 5G 256GB S921B (Kuntoluokka: Grade C)

Tämä OnePlus 15R 5G (512GB) on erinomaisessa Grade A+ -kunnossa oleva huippupuhelin, joka tarjoaa tinkimätöntä suorituskykyä tyylikkäässä mustassa kuoressa. Laite on purettu alkuperäisestä pakkauksestaan, mutta se on täysin toimintakunnossa…",0,Search: Samsung Galaxy S24,
bafyreifwwcqruztt3mp2xyytoopassae3fckg6palt2icgzpdx6g6x7nw4,bluesky,post,2026-07-16 23:08:19,"Samsung Galaxy S24 5G 256GB S921B (Kuntoluokka: Grade C)

Tämä OnePlus 15R 5G (512GB) on erinomaisessa Grade A+ -kunnossa oleva huippupuhelin, joka tarjoaa tinkimätöntä suorituskykyä tyylikkäässä mustassa kuoressa. Laite on purettu alkuperäisestä pakkauksestaan, mutta se on täysin toimintakunnossa…",0,Search: Samsung Galaxy S24,
bafyreigqtaoo6irmx76aaoqhoecvrvvynasbtyg3coyvpjza3vly6qsh6a,bluesky,post,2026-07-16 23:08:01,"Samsung Galaxy S24 5G 128GB S921B (Kuntoluokka: Grade A)

Tämä OnePlus 15R 5G (512GB) on erinomaisessa Grade A+ -kunnossa oleva huippupuhelin, joka tarjoaa tinkimätöntä suorituskykyä tyylikkäässä mustassa kuoressa. Laite on purettu alkuperäisestä pakkauksestaan, mutta se on täysin toimintakunnossa…",0,Search: Samsung Galaxy S24,
bafyreiak6uttgq3hlk6n3corci5n2eshk5jkletx6kiht7puspldkp3p3e,bluesky,post,2026-07-16 23:07:46,"Samsung Galaxy S24 5G 128GB S921B (Kuntoluokka: Grade B)

Tämä OnePlus 15R 5G (512GB) on erinomaisessa Grade A+ -kunnossa oleva huippupuhelin, joka tarjoaa tinkimätöntä suorituskykyä tyylikkäässä mustassa kuoressa. Laite on purettu alkuperäisestä pakkauksestaan, mutta se on täysin toimintakunnossa…",0,Search: Samsung Galaxy S24,
bafyreic4ivocm5qdfgoaa75abfnf4tcszxunwxcvm4qp4c6seizjt63xei,bluesky,post,2026-07-16 21:07:50,"🔥 Samsung Galaxy S24 Plus 512 Go Orange - Excellent état - Garantie 1 an
eBay · 539.00 €
#BonPlan #HighTech #Promo",0,Search: Samsung Galaxy S24,
bafyreiejelppofxsg4gzygarwwni3jxqknljly5futgwqkiijb4qjxjxnm,bluesky,post,2026-07-16 19:09:49,"🔥 Samsung Galaxy S24 128 Go Gris - Excellent état - Garantie 1 an
eBay · 429.00 €
#BonPlan #HighTech #Promo",0,Search: Samsung Galaxy S24,
bafyreid6mh6l56ahndvtl5pfkw724apegz56bgeqsunsqjk6huq2jlmji4,bluesky,post,2026-07-16 19:06:36,"🔥 Samsung Galaxy S24 Plus 256 Go Gris - Excellent état - Garantie 1 an
eBay · 499.00 €
#BonPlan #HighTech #Promo",0,Search: Samsung Galaxy S24,
bafyreihll6pggzbvbjdun5pge422jpzyk3xn45cbyuessvtz6utvxrznyq,bluesky,post,2026-07-16 19:06:32,"🔥 Samsung Galaxy S24 Plus 256 Go Noir - Excellent état - Garantie 1 an
eBay · 499.00 €
#BonPlan #HighTech #Promo",0,Search: Samsung Galaxy S24,
bafyreievzpdwa3uglf7wtr2vxaed6t2w4z76sbueuizszbfjrlm5dsl3je,bluesky,post,2026-07-16 18:49:29,"🔥 Samsung Galaxy S24 Plus 256 Go Noir - Excellent état - Garantie 1 an
eBay · 499.00 €
#BonPlan #HighTech #Promo",1,Search: Samsung Galaxy S24,
bafyreigcubqvnlduk3gghjg6eaoejrlvxkrel3d7l4noecyflkg6at7rrm,bluesky,post,2026-07-16 18:46:22,"🔥 Samsung Galaxy S24 128 Go Gris - Excellent état - Garantie 1 an
eBay · 429.00 €
#BonPlan #HighTech #Promo",0,Search: Samsung Galaxy S24,
bafyreihrreeq43q5akm7dvls355nnkrflprt6xapm5bjzjibmpcosdp7te,bluesky,post,2026-07-16 14:23:38,"@studioscully.com Hello! I don't know if the game is still getting supported, but my wife noticed this visual glitch on all screens of the game. Seems to happen on both of our Samsung Galaxy S24 Ultra. I get the feeling that an OS update might caused this.
Thanks for the game btw!",0,Search: Samsung Galaxy S24,
bafyreihqka2ubuna7uh7vupsxqlmujfhayuqwl565ae5z3eaow52pzmabq,bluesky,post,2026-07-16 12:25:23,"🔥 Samsung Galaxy S24 256 Go Violet - Acceptable - Garantie 1 an
eBay · 409.00 €
#BonPlan #HighTech #Promo",0,Search: Samsung Galaxy S24,
bafyreidmqfnucah5kb5ypwnuutnb7chqss7od2iwj6wdyctfdkqvze24fm,bluesky,post,2026-07-16 12:21:58,"🔥 Samsung Galaxy S24 Plus 512 Go Noir - Excellent état - Garantie 1 an
eBay · 539.00 €
#BonPlan #HighTech #Promo",0,Search: Samsung Galaxy S24,
bafyreiaaeade2zq6lr7fvivgeffudli7u3euvpg4ghbjkbublqmlfmxi3q,bluesky,post,2026-07-16 12:15:25,"🔥 Samsung Galaxy S24 Plus 512 Go Noir - Excellent état - Garantie 1 an
eBay · 539.00 €
#BonPlan #HighTech #Promo",0,Search: Samsung Galaxy S24,
bafyreibv3b3bn3ookmcaaf7ucojgjgcorv6fiflxbu3bnr44elmhff7g4y,bluesky,post,2026-07-16 09:38:51,"🔥 Stylet S Pen pour Samsung Galaxy S24 Ultra
20.72 €
#BonPlan #HighTech #Promo",0,Search: Samsung Galaxy S24,
bafyreia3shbsyzklmdjwuuy2ub4jrdvzazbzlioen65dreokqhl7ljlq24,bluesky,post,2026-07-16 02:30:38,"[4/5] analysis, AI search and other large model capabilities. At present, the cooperation between the two parties has covered many flagship models such as Galaxy S24 to S26. The approval of this filing also marks the further solidification of Samsung Galaxy AI’s",0,Search: Samsung Galaxy S24,
bafyreifgjs4x7zgnt3l2zx4w62lxpv6wzbjhp72qgbr5mshsgv7jzmv5gy,bluesky,post,2026-07-15 23:31:12,"Samsung Galaxy S24 Ultra 5G 256GB S928B (Kuntoluokka: Grade C)

Tämä tyylikäs sininen Samsung Galaxy A55 5G 256GB tarjoaa erinomaista suorituskykyä ja luotettavuutta. Laite on kuntoluokitukseltaan Grade B, mikä tarkoittaa, että siinä on käytön jälkiä, mutta se on täysin toimintakuntoinen. Puhelin…",0,Search: Samsung Galaxy S24,
bafyreihumiep43jybmtj62xpyagfzv4gff62iyawymvbnntjhp5femzmka,bluesky,post,2026-07-15 23:30:56,"Samsung Galaxy S24 Ultra 5G 256GB S928B (Kuntoluokka: Grade A)

Tämä tyylikäs sininen Samsung Galaxy A55 5G 256GB tarjoaa erinomaista suorituskykyä ja luotettavuutta. Laite on kuntoluokitukseltaan Grade B, mikä tarkoittaa, että siinä on käytön jälkiä, mutta se on täysin toimintakuntoinen. Puhelin…",0,Search: Samsung Galaxy S24,
bafyreiallxwr6ufcvr3app3epwy6qh625xc3arsdm42ptgu3bvpo3bau6y,bluesky,post,2026-07-15 23:30:38,"Samsung Galaxy S24 Ultra 5G 256GB S928B (Kuntoluokka: Grade C)

Tämä tyylikäs sininen Samsung Galaxy A55 5G 256GB tarjoaa erinomaista suorituskykyä ja luotettavuutta. Laite on kuntoluokitukseltaan Grade B, mikä tarkoittaa, että siinä on käytön jälkiä, mutta se on täysin toimintakuntoinen. Puhelin…",0,Search: Samsung Galaxy S24,
bafyreigchtyoww5kbtgidedocka6hnmj2fmaelozfhn62vqcu4g6lgbt6y,bluesky,post,2026-07-15 23:30:22,"Samsung Galaxy S24 Ultra 5G 1TB S928B (Kuntoluokka: Grade B)

Tämä tyylikäs sininen Samsung Galaxy A55 5G 256GB tarjoaa erinomaista suorituskykyä ja luotettavuutta. Laite on kuntoluokitukseltaan Grade B, mikä tarkoittaa, että siinä on käytön jälkiä, mutta se on täysin toimintakuntoinen. Puhelin on…",0,Search: Samsung Galaxy S24,
bafyreiaulaxmntismv3rhqyx2nm65pdva3drcfivrq67doxffrs6kso5jq,bluesky,post,2026-07-15 23:30:04,"Samsung Galaxy S24 FE 5G 256GB S721 (Kuntoluokka: Grade A)

Tämä tyylikäs sininen Samsung Galaxy A55 5G 256GB tarjoaa erinomaista suorituskykyä ja luotettavuutta. Laite on kuntoluokitukseltaan Grade B, mikä tarkoittaa, että siinä on käytön jälkiä, mutta se on täysin toimintakuntoinen. Puhelin on…",0,Search: Samsung Galaxy S24,
bafyreic46xylvpen5bv5wmx7zb2wdvaajnutdsgluetflhssooqezark2i,bluesky,post,2026-07-15 23:29:46,"Samsung Galaxy S24 FE 5G 128GB S721 (Kuntoluokka: Grade A)

Tämä tyylikäs sininen Samsung Galaxy A55 5G 256GB tarjoaa erinomaista suorituskykyä ja luotettavuutta. Laite on kuntoluokitukseltaan Grade B, mikä tarkoittaa, että siinä on käytön jälkiä, mutta se on täysin toimintakuntoinen. Puhelin on…",0,Search: Samsung Galaxy S24,
bafyreia5rnffca5d4gnadarb2ehqo44lu4ngeuizxafpzpcgbmkuwiapsi,bluesky,post,2026-07-15 23:29:26,"Samsung Galaxy S24 FE 5G 128GB S721 (Kuntoluokka: Grade A)

Tämä tyylikäs sininen Samsung Galaxy A55 5G 256GB tarjoaa erinomaista suorituskykyä ja luotettavuutta. Laite on kuntoluokitukseltaan Grade B, mikä tarkoittaa, että siinä on käytön jälkiä, mutta se on täysin toimintakuntoinen. Puhelin on…",0,Search: Samsung Galaxy S24,
bafyreifkxxng3tlyepul6sfcjreuaqslh7gxrapoapfcmwgjv7n7s2a6nq,bluesky,post,2026-07-15 23:29:11,"Samsung Galaxy S24 5G 256GB S921B (Kuntoluokka: Grade C+)

Tämä tyylikäs sininen Samsung Galaxy A55 5G 256GB tarjoaa erinomaista suorituskykyä ja luotettavuutta. Laite on kuntoluokitukseltaan Grade B, mikä tarkoittaa, että siinä on käytön jälkiä, mutta se on täysin toimintakuntoinen. Puhelin on…",0,Search: Samsung Galaxy S24,
bafyreibzbkrqrs6qxflagbsjbkanaqrn3nrnu456m26fjg77ups52zle2y,bluesky,post,2026-07-15 23:28:54,"Samsung Galaxy S24 5G 256GB S921B (Kuntoluokka: Grade B)

Tämä tyylikäs sininen Samsung Galaxy A55 5G 256GB tarjoaa erinomaista suorituskykyä ja luotettavuutta. Laite on kuntoluokitukseltaan Grade B, mikä tarkoittaa, että siinä on käytön jälkiä, mutta se on täysin toimintakuntoinen. Puhelin on…",0,Search: Samsung Galaxy S24,
bafyreifgeurry2fghof77t5q473fw7tgzirv4c77cslq3sjbyl5eu7xsb4,bluesky,post,2026-07-15 23:28:36,"Samsung Galaxy S24 5G 256GB S921B (Kuntoluokka: Grade C)

Tämä tyylikäs sininen Samsung Galaxy A55 5G 256GB tarjoaa erinomaista suorituskykyä ja luotettavuutta. Laite on kuntoluokitukseltaan Grade B, mikä tarkoittaa, että siinä on käytön jälkiä, mutta se on täysin toimintakuntoinen. Puhelin on…",0,Search: Samsung Galaxy S24,
bafyreig5df32tcxv7huerli43kpkd4gbm3f3h4iyfxyachbn3m7evtisji,bluesky,post,2026-07-15 23:28:21,"Samsung Galaxy S24 5G 256GB S921B (Kuntoluokka: Grade C)

Tämä tyylikäs sininen Samsung Galaxy A55 5G 256GB tarjoaa erinomaista suorituskykyä ja luotettavuutta. Laite on kuntoluokitukseltaan Grade B, mikä tarkoittaa, että siinä on käytön jälkiä, mutta se on täysin toimintakuntoinen. Puhelin on…",0,Search: Samsung Galaxy S24,
bafyreicton2piv5eqkwcp76yh5xoajzx7odmn2gn34zsi5cud3dqwbghau,bluesky,post,2026-07-15 23:28:02,"Samsung Galaxy S24 5G 256GB S921B (Kuntoluokka: Grade C)

Tämä tyylikäs sininen Samsung Galaxy A55 5G 256GB tarjoaa erinomaista suorituskykyä ja luotettavuutta. Laite on kuntoluokitukseltaan Grade B, mikä tarkoittaa, että siinä on käytön jälkiä, mutta se on täysin toimintakuntoinen. Puhelin on…",0,Search: Samsung Galaxy S24,
bafyreieyufadbluezibjlo2tmcnnxf75324rnzipmpbkfogpwufyuqcusi,bluesky,post,2026-07-15 23:27:46,"Samsung Galaxy S24 5G 256GB S921B (Kuntoluokka: Grade C)

Tämä tyylikäs sininen Samsung Galaxy A55 5G 256GB tarjoaa erinomaista suorituskykyä ja luotettavuutta. Laite on kuntoluokitukseltaan Grade B, mikä tarkoittaa, että siinä on käytön jälkiä, mutta se on täysin toimintakuntoinen. Puhelin on…",0,Search: Samsung Galaxy S24,
bafyreidnclwxnzpln2dsy6du7u57krtvpmzar3o5heqgqz33q5b7lm4efa,bluesky,post,2026-07-15 23:27:28,"Samsung Galaxy S24 5G 256GB S921B (Kuntoluokka: Grade A)

Tämä tyylikäs sininen Samsung Galaxy A55 5G 256GB tarjoaa erinomaista suorituskykyä ja luotettavuutta. Laite on kuntoluokitukseltaan Grade B, mikä tarkoittaa, että siinä on käytön jälkiä, mutta se on täysin toimintakuntoinen. Puhelin on…",0,Search: Samsung Galaxy S24,
bafyreifuperu2vfllscfqhpa3f3w4vrdkg26tlvvxx3rn7iukowsaxpuda,bluesky,post,2026-07-15 23:27:10,"Samsung Galaxy S24 5G 128GB S921B (Kuntoluokka: Grade A)

Tämä tyylikäs sininen Samsung Galaxy A55 5G 256GB tarjoaa erinomaista suorituskykyä ja luotettavuutta. Laite on kuntoluokitukseltaan Grade B, mikä tarkoittaa, että siinä on käytön jälkiä, mutta se on täysin toimintakuntoinen. Puhelin on…",0,Search: Samsung Galaxy S24,
bafyreied4p5jz4vswcfjqhe4lc4d46g7k2xre4u4wu6nlpyl46plbauibe,bluesky,post,2026-07-15 23:26:55,"Samsung Galaxy S24 5G 128GB S921B (Kuntoluokka: Grade C+)

Tämä tyylikäs sininen Samsung Galaxy A55 5G 256GB tarjoaa erinomaista suorituskykyä ja luotettavuutta. Laite on kuntoluokitukseltaan Grade B, mikä tarkoittaa, että siinä on käytön jälkiä, mutta se on täysin toimintakuntoinen. Puhelin on…",0,Search: Samsung Galaxy S24,
bafyreifmcabuaz44olf67v2lj7l6pidg27fgqk4rss3t6xtyhvq6wgowma,bluesky,post,2026-07-15 13:55:37,"スペックが頭打ちしているので、バッテリーさえ新しければその通りだと思う。

最新のS26 Ultraではなく「Galaxy S24 Ultra」を今あえて選ぶこれだけの理由（ライフハッカー・ジャパン） - Yahoo!ニュース news.yahoo.co.jp/articles/8bd...",0,Search: Samsung Galaxy S24,
bafyreifg5ur7xmqpume4ebpl3ynut7wo62lqkhvqa7wzjwqqu6idy3b7fq,bluesky,post,2026-07-15 13:39:44,"July 2026 security patch is now available for the Galaxy S24!

#Samsung #Galaxy #OneUI8_5 #TeamGalaxy #GalaxyAI #TeamSamsung #TechNews #TechUpdates #GalaxyS24",0,Search: Samsung Galaxy S24,
bafyreih5hddai3jn3xi2d5znrhgvkpvl23fcqhx7od3ix533elsjcurw5u,bluesky,post,2026-07-15 12:00:53,"Samsung Galaxy S24 Receives July 2026 Security Update With 57 Fixes Ahead of One UI 90 Transformation + Video

🎯 Introduction: Samsung Strengthens Its Galaxy Security Before a Major Software Evolution Samsung is once again reinforcing its commitment to long-term software support as the company…",0,Search: Samsung Galaxy S24,
bafyreie7nbci4u727fbh7umj6bdn5ipxugc36hibtuurkvauyspbqxhyza,bluesky,post,2026-07-15 10:37:29,"🔥 Samsung Galaxy S24 Plus 256 Go Gris - Excellent - Garantie 1 an
eBay · 519.00 €
#BonPlan #HighTech #Promo",0,Search: Samsung Galaxy S24,
bafyreiaoxpj52zpan4iomvcvz4fx46z3xytddejufnk75lp7zwyx4nlcxu,bluesky,post,2026-07-15 08:28:51,"https://mojaoprema.si/izdelek/zascitno-steklo-iz-kaljenega-stekla-9h-za-samsung-galaxy-s24-plus-clear/ 9,99 €  Zaščitno steklo iz kaljenega stekla 9H za Samsung Galaxy S24 PLUS clear",0,Search: Samsung Galaxy S24,
bafyreichqmpz3ydmxbrnxf4wrdeyncdiku4bg2qyfnyyy56nsyu4f2c5by,bluesky,post,2026-07-14 20:54:23,Samsung Galaxy S24 Ultra 5G 256GB S928B (Kuntoluokka: Grade C),0,Search: Samsung Galaxy S24,
bafyreifjcadexbchgpbo5vgtrgvaawnoqeet4acmrbqcu2jgnfn4gehgsa,bluesky,post,2026-07-14 20:54:08,Samsung Galaxy S24 Ultra 5G 256GB S928B (Kuntoluokka: Grade C),0,Search: Samsung Galaxy S24,
bafyreiez4slucyrxrtmhcf2xu3txclccpdvr4hfdn7abjhymbvoizmebxm,bluesky,post,2026-07-14 20:53:52,Samsung Galaxy S24 Ultra 5G 256GB S928B (Kuntoluokka: Grade B),0,Search: Samsung Galaxy S24,
bafyreigxbd45glbgekxg2ui3otkpxjaxvknsgpho735dajp6ajzxvagghi,bluesky,post,2026-07-14 20:53:39,Samsung Galaxy S24 Ultra 5G 256GB S928B (Kuntoluokka: Grade C+),0,Search: Samsung Galaxy S24,
bafyreidxqsej4q6o2bb2fd74druektutrj3dg65nkcczj7zap3hr7vtr5q,bluesky,post,2026-07-14 20:53:21,Samsung Galaxy S24 Ultra 5G 256GB S928B (Kuntoluokka: Grade C+),0,Search: Samsung Galaxy S24,
bafyreigbbnhqmigltia4a6spze6wnn6s44gzmrkmosrrtgi2nyuehqj6ye,bluesky,post,2026-07-14 20:53:06,Samsung Galaxy S24 Ultra 5G 256GB S928B (Kuntoluokka: Grade B),0,Search: Samsung Galaxy S24,
bafyreidjzulq5xseuluc4eldd4nlwjmtscovisairzuwr3zhwgd55gfjr4,bluesky,post,2026-07-14 20:52:50,Samsung Galaxy S24 Ultra 5G 1TB S928B (Kuntoluokka: Grade C),0,Search: Samsung Galaxy S24,
bafyreicix5mylh4iffe6bu4b5it3cjsrugny4vlmn3isluekrmybiezasa,bluesky,post,2026-07-14 20:52:36,Samsung Galaxy S24 Ultra 5G 1TB S928B (Kuntoluokka: Grade C),0,Search: Samsung Galaxy S24,
bafyreibpziqzff42tajeoj57ipw3zuggouoxk4tyq7zk4cr3ndd7a62ofy,bluesky,post,2026-07-14 20:52:21,Samsung Galaxy S24 Ultra 5G 1TB S928B (Kuntoluokka: Grade A),0,Search: Samsung Galaxy S24,
bafyreibiz7rmgb4zedcu7fmscilfnqsuywvblyek5hm7zo67j2jkinzyre,bluesky,post,2026-07-14 20:52:05,Samsung Galaxy S24 Plus 5G 512GB S926B (Kuntoluokka: Grade A),0,Search: Samsung Galaxy S24,
bafyreibhbjeygoaljgn3hrjdi63fk5qjynrrgwbd5hytfeqh5axrm7xs6i,bluesky,post,2026-07-14 20:51:48,Samsung Galaxy S24 Plus 5G 256GB S926B (Kuntoluokka: Grade C),0,Search: Samsung Galaxy S24,
bafyreih7uuxtoxwqoit7z74vxpfjuyt7azkznubmamfaifhlth3rknpsye,bluesky,post,2026-07-14 20:51:34,Samsung Galaxy S24 Plus 5G 256GB S926B (Kuntoluokka: Grade C),0,Search: Samsung Galaxy S24,
bafyreievpkz4q2y5prhvq6jknidhc7egoz6h4tlwxwr7kslavxcsfblsfy,bluesky,post,2026-07-14 20:51:18,Samsung Galaxy S24 Plus 5G 256GB S926B (Kuntoluokka: Grade B),0,Search: Samsung Galaxy S24,
bafyreidghnxuxoxlbsifr4lnps7qn6pkog3bnmt3cki4wlttg5b2ctk2dm,bluesky,post,2026-07-14 20:51:06,Samsung Galaxy S24 Plus 5G 256GB S926B (Kuntoluokka: Grade A+),0,Search: Samsung Galaxy S24,
bafyreidd3mcjtmbjyfcfdpsyq2cl7k2qaekfrfxxgydncb5czlxl5n27cy,bluesky,post,2026-07-14 20:50:50,Samsung Galaxy S24 Plus 5G 256GB S926B (Kuntoluokka: Grade C+),0,Search: Samsung Galaxy S24,
bafyreih53gbbvnpxpctkpwtuis4jgkab5vgmyach56h3v2x4ix2advb7gq,bluesky,post,2026-07-14 20:50:35,Samsung Galaxy S24 Plus 5G 256GB S926B (Kuntoluokka: Grade B),0,Search: Samsung Galaxy S24,
bafyreicrveuonmsdcsfxm3sn2f2zu2llycydpj2q6weabd4zn4puq2hple,bluesky,post,2026-07-14 20:50:19,Samsung Galaxy S24 FE 5G 256GB S721 (Kuntoluokka: Grade B),0,Search: Samsung Galaxy S24,
bafyreih7lpjqrkx6r2uyc5xuwaths7m4r3yyjlov2nyb4n4km6ydxoa3ne,bluesky,post,2026-07-14 20:50:05,Samsung Galaxy S24 FE 5G 256GB S721 (Kuntoluokka: Grade C),0,Search: Samsung Galaxy S24,
bafyreih6dd7llpl5qvd6durgmi7prmtx7qg2nfzsszztc24ko6r4zqkj4i,bluesky,post,2026-07-14 20:49:48,Samsung Galaxy S24 FE 5G 128GB S721 (Kuntoluokka: Grade A),0,Search: Samsung Galaxy S24,
bafyreidvcyp37z662xyx2f55ylyg72zet2wm2htssgqdgqanibtvxgep2a,bluesky,post,2026-07-14 20:49:33,Samsung Galaxy S24 FE 5G 128GB S721 (Kuntoluokka: Grade B),0,Search: Samsung Galaxy S24,
bafyreibexuezjaplmb6fp6qo7ywdcfk7ykwq4vuyaoui5y5h4jd4qsfpbe,bluesky,post,2026-07-14 20:49:14,Samsung Galaxy S24 FE 5G 128GB S721 (Kuntoluokka: Grade B),0,Search: Samsung Galaxy S24,
bafyreidleqcpnykgzhooabodxguxrsxv5hbo5n44za3x6ffvitkqjtqv6u,bluesky,post,2026-07-14 20:48:58,Samsung Galaxy S24 FE 5G 128GB S721 (Kuntoluokka: Grade C),0,Search: Samsung Galaxy S24,
bafyreiho6l3sjkyfklkpnmaxtctmurx7n34j5uizwqshv4i6fnqdd4dr5e,bluesky,post,2026-07-14 20:48:43,Samsung Galaxy S24 FE 5G 128GB S721 (Kuntoluokka: Grade B),0,Search: Samsung Galaxy S24,
bafyreibqg4a4q3gft7rcwiq44aiagrg4yh2gta2hfzj2jyrwhbv6qev63m,bluesky,post,2026-07-14 20:48:22,Samsung Galaxy S24 5G 256GB S921B (Kuntoluokka: Grade A),0,Search: Samsung Galaxy S24,
bafyreidpqkkrjmw52cfxxspduh6ogy7ouj5ds7je4okkznkfwub34u3pha,bluesky,post,2026-07-14 20:48:04,Samsung Galaxy S24 5G 256GB S921B (Kuntoluokka: Grade A),0,Search: Samsung Galaxy S24,
bafyreifyaal5j3h4kyoukkqkmjov4qinymai5gxzbzqefc3esul5fzfboy,bluesky,post,2026-07-14 20:47:51,Samsung Galaxy S24 5G 256GB S921B (Kuntoluokka: Grade C),0,Search: Samsung Galaxy S24,
bafyreibd2ueefkpvvvkvfd5azz47shc2apmdxjo4txlpielzg33mdfzu2i,bluesky,post,2026-07-14 20:47:38,Samsung Galaxy S24 5G 128GB S921B (Kuntoluokka: Grade C),0,Search: Samsung Galaxy S24,
bafyreiceyfsc5tmdzfevqbia4udxu637wltftlhaaq76rji5iz6d2vwacq,bluesky,post,2026-07-14 20:47:19,Samsung Galaxy S24 5G 128GB S921B (Kuntoluokka: Grade C+),0,Search: Samsung Galaxy S24,
bafyreia3wg2fj3ltaplij3sublj2qx6qtmpc4x7otl6er4777n2p2lid2i,bluesky,post,2026-07-14 20:47:06,Samsung Galaxy S24 5G 128GB S921B (Kuntoluokka: Grade C+),0,Search: Samsung Galaxy S24,
bafyreierhsozeawfjauxe3rdz32m24cozwohnpy5dum4pi4cpavvkryove,bluesky,post,2026-07-14 20:46:51,Samsung Galaxy S24 5G 128GB S921B (Kuntoluokka: Grade A),0,Search: Samsung Galaxy S24,
bafyreia5wsj4vondsczpf3v74ycp47krgh6v7smvhnmejyeiqsivyca74e,bluesky,post,2026-07-14 20:46:35,Samsung Galaxy S24 5G 128GB S921B (Kuntoluokka: Grade C+),0,Search: Samsung Galaxy S24,
bafyreihe3aeu7ngwuc75vsdtzuc6y7mjkpbgbinuc6ercsugs3g6kf3poa,bluesky,post,2026-07-14 20:46:19,Samsung Galaxy S24 5G 128GB S921B (Kuntoluokka: Grade C),0,Search: Samsung Galaxy S24,
bafyreifh7ep63feswno52hdenofzmk3gip32ycfbexedg7pfe5qynzt7cq,bluesky,post,2026-07-14 20:46:03,Samsung Galaxy S24 5G 128GB S921B (Kuntoluokka: Grade C),0,Search: Samsung Galaxy S24,
bafyreib5uvh5ydu6ekeoo2swgu4jfu7jd3ohcsrcxhud6n7dzgvhx4trbu,bluesky,post,2026-07-14 20:45:49,Samsung Galaxy S24 5G 128GB S921B (Kuntoluokka: Grade B),0,Search: Samsung Galaxy S24,
bafyreiekbehz7v2sd3qdgthlzuc2kyl53z2tmui3ylt7ndtcn3h52pf43y,bluesky,post,2026-07-14 20:45:34,Samsung Galaxy S24 5G 128GB S921B (Kuntoluokka: Grade A),0,Search: Samsung Galaxy S24,
bafyreihs22almv336pg454o7alg5vicsfyxbisymzn7jytubzh4jnbvvoi,bluesky,post,2026-07-14 20:45:18,Samsung Galaxy S24 5G 128GB S921B (Kuntoluokka: Grade B),0,Search: Samsung Galaxy S24,
bafyreihzp4dho32acvurb3rh3zwpee4iz5czljvn3kd4qomwo2cuoudj7e,bluesky,post,2026-07-14 20:45:05,Samsung Galaxy S24 5G 128GB S921B (Kuntoluokka: Grade C+),0,Search: Samsung Galaxy S24,
bafyreihm3j2dtlwqt5cp7xe6k4wrzpdvhfr6rf3h3q4rdaxc2xehp76uiq,bluesky,post,2026-07-14 20:44:51,Samsung Galaxy S24 5G 128GB S921B (Kuntoluokka: Grade C+),0,Search: Samsung Galaxy S24,
bafyreih3mvc4ej2empkjv4tmpw7w5u3y22j5gkmn3de52rrsbzhkfwbn6a,bluesky,post,2026-07-14 20:44:35,Samsung Galaxy S24 5G 128GB S921B (Kuntoluokka: Grade B),0,Search: Samsung Galaxy S24,
bafyreidyfzzkjgfnfsis4ruli5fkvgw4wnse3wweshx22a34kooirfuhwy,bluesky,post,2026-07-14 20:44:23,Samsung Galaxy S24 5G 128GB S921B (Kuntoluokka: Grade C),0,Search: Samsung Galaxy S24,
bafyreiaesaw2sxrsrwonq5ovtksts4cpm5nykqdvpyf6nbeduahilk4iji,bluesky,post,2026-07-14 16:00:14,"🔥 Samsung Galaxy S24 128 Go Violet - Très bon état - Garantie 1 an
eBay · 399.00 €
#BonPlan #HighTech #Promo",0,Search: Samsung Galaxy S24,
bafyreigbq3bydsu2nub3mzuckpb6u3x34pzdmpqmy7ncejc4ew5tj2hyzy,bluesky,post,2026-07-14 15:11:41,"🔥 Samsung Galaxy S24 Plus 256 Go Violet - Excellent état - Garantie 1 an
eBay · 499.00 €
#BonPlan #HighTech #Promo",0,Search: Samsung Galaxy S24,
bafyreiebaocamklxevrnirkby6z376ziuouo5cizubot4xhuy53pjpjheu,bluesky,post,2026-07-14 09:55:21,Ah é por isso que meu Samsung Galaxy s24 tá morrendo?,0,Search: Samsung Galaxy S24,
bafyreicbcobf32pphzqdwstyrx2yzda6dzkp3jdobpbg3ygqlrpmn6qnzy,bluesky,post,2026-07-14 03:08:11,"🔥 Samsung Galaxy S24 Plus 256 Go Noir - Excellent - Garantie 1 an
eBay · 509.00 €
#BonPlan #HighTech #Promo",0,Search: Samsung Galaxy S24,
bafyreiaafmeawiiatdm4k2nuwn5rvjfnjhixszwnkmgypiyna5havt3tfm,bluesky,post,2026-07-13 18:13:48,"🔥 Samsung Galaxy S24 128 Go Noir - Excellent état - Garantie 1 an
eBay · 429.00 €
#BonPlan #HighTech #Promo",0,Search: Samsung Galaxy S24,
bafyreibewvaso5q2w2s3wqpg6kqtmlyhrd42yccrthnnlzyeshg6edsc6i,bluesky,post,2026-07-13 18:07:20,"🔥 Samsung Galaxy S24 256 Go Violet - Très bon état - Garantie 1 an
eBay · 459.00 €
#BonPlan #HighTech #Promo",0,Search: Samsung Galaxy S24,
bafyreif44mbzzn5y5qz5ztapv5te6xqpkdn4hacijwt7okxamp6qibthaa,bluesky,post,2026-07-13 16:47:01,"🔥 Samsung Galaxy S24 128 Go Violet - Excellent - Garantie 1 an
eBay · 439.00 €
#BonPlan #HighTech #Promo",0,Search: Samsung Galaxy S24,
bafyreihxbdy62byxmr4kfzf3lczek3c65c6hndawx47wkgfrvzsfefpezm,bluesky,post,2026-07-13 15:27:25,"🔥 Samsung Galaxy S24 Plus 256 Go Noir - Excellent état - Garantie 1 an
eBay · 499.00 €
#BonPlan #HighTech #Promo",0,Search: Samsung Galaxy S24,
bafyreih2e6tkxymlrhtkukrg6y5empx5hdyhnnofwi36pzrmdl36a3cy4u,bluesky,post,2026-07-13 15:22:07,"🔥 Samsung Galaxy S24 Plus 256 Go Noir - Excellent état - Garantie 1 an
eBay · 499.00 €
#BonPlan #HighTech #Promo",0,Search: Samsung Galaxy S24,
bafyreif5v4uw6ef7nvmkxqahikvhdmnlmd7md5ez2iapevkgvs2ffxmoe4,bluesky,post,2026-07-13 13:09:53,"🔥 Samsung Galaxy S24 128 Go Gris - Excellent état - Garantie 1 an
eBay · 429.00 €
#BonPlan #HighTech #Promo",0,Search: Samsung Galaxy S24,
bafyreia4t6atyov2yxcamopvgfxgfwxuushljtfubqjtu5ulbdaj2l7i3m,bluesky,post,2026-07-13 07:25:00,"🔥 Samsung Galaxy S24 128 Go Noir - Excellent état - Garantie 1 an
eBay · 429.00 €
#BonPlan #HighTech #Promo",0,Search: Samsung Galaxy S24,
bafyreie37xcrwq6ljfg7nyqadwchd4xfgn3gtcqggx6ggnxaxct2uqdj4m,bluesky,post,2026-07-12 22:44:10,"🔥 Samsung Galaxy S24 128 Go Noir - Excellent état - Garantie 1 an
eBay · 429.00 €
#BonPlan #HighTech #Promo",0,Search: Samsung Galaxy S24,
bafyreiea5lumtq5lhyilnzdww5hvho2btkkezov5vp54v3odmszienijii,bluesky,post,2026-07-12 21:52:00,Samsung Galaxy S24 Ultra – Standing Grip -kotelo – vaaleansininen (Kuntoluokka: Grade A+),0,Search: Samsung Galaxy S24,
bafyreibp3jq2jea7wlfy564qfhtyxhsuo4g2ciwnuoxznvvoxbfhgf6dku,bluesky,post,2026-07-12 21:51:21,Samsung Galaxy S24 Ultra – Silikonikotelo – Tumman violetti (Kuntoluokka: Brand New),0,Search: Samsung Galaxy S24,
bafyreigj2ifwhqhlc32aze3iijrer4ciuk7ryli4c73hg75njyohba7ebq,bluesky,post,2026-07-12 21:51:06,Samsung Galaxy S24 Plus – Vegaaninen nahkakotelo – Tumman violetti (Kuntoluokka: Grade A+),0,Search: Samsung Galaxy S24,
bafyreiabpuayp4lhm6arlj3bxlurp7rkp3ifds5rg66evx4skd6tncz6ii,bluesky,post,2026-07-12 21:50:51,Samsung Galaxy S24 Plus – Smart View -lompakkokotelo – vaaleanvihreä (Kuntoluokka: Grade A+),0,Search: Samsung Galaxy S24,
bafyreiaazfh4eoinw2lylhrulf4lxhycomtff2gqrojmocny6hexgnhzyq,bluesky,post,2026-07-12 21:50:38,Samsung Galaxy S24 Plus – Silikonikotelo – Vaaleanvihreä (Kuntoluokka: Grade A+),0,Search: Samsung Galaxy S24,
bafyreibc66yj2bpqqgqzgpicvuwkrjdue3xnb7y4pnxbhxgnvu2ptdnmqi,bluesky,post,2026-07-12 21:50:18,Samsung Galaxy S24 Plus – Silikonikotelo – Tumman violetti (Kuntoluokka: Grade A+),0,Search: Samsung Galaxy S24,
bafyreiay5zdtfdduhirtcybjfiborquiutqznwrnh7spga7sw4pg5mnqay,bluesky,post,2026-07-12 21:49:37,Samsung Galaxy S24 Plus – Kirkas kotelo – Läpinäkyvä (Kuntoluokka: Grade A+),0,Search: Samsung Galaxy S24,
bafyreiatqp4z7jx7h2hsyefo2eg2r4dpmsa6fec35f4x2xd5wco3vlpqs4,bluesky,post,2026-07-12 21:49:22,Samsung Galaxy S24 Plus – Kirkas kotelo – Läpinäkyvä (Kuntoluokka: Brand New),0,Search: Samsung Galaxy S24,
bafyreigi677dm2jbedaxme5v6hjwqrx62ic5wvtei7s5lrmr2whbk6vkve,bluesky,post,2026-07-12 21:49:09,Samsung Galaxy S24 – Standing Grip -kotelo – vaaleansininen (Kuntoluokka: Grade A+),0,Search: Samsung Galaxy S24,
bafyreigifjcaw6cce3nioupv2xmgenomyrkb4rynyhsl6qevq3sz22rmha,bluesky,post,2026-07-12 21:48:53,Samsung Galaxy S24 – Silikonikotelo – Valkoinen (Kuntoluokka: Grade A+),0,Search: Samsung Galaxy S24,
bafyreihqmbuxnyaan6qejkh24f5cippre32sisyesiwvnfjifak7wdr2n4,bluesky,post,2026-07-12 21:47:56,Samsung Galaxy S24 – Silikonikotelo – Tumman violetti (Kuntoluokka: Grade A+),0,Search: Samsung Galaxy S24,
bafyreibtjzbhiyqsvxwbl3hubwligs6wjqxtrtekzwq2pwiylmogac77pm,bluesky,post,2026-07-12 21:47:24,Samsung Galaxy S24 – Silikonikotelo – Tumman violetti (Kuntoluokka: Grade A+),0,Search: Samsung Galaxy S24,
bafyreih6vndve6c4r2dfqi3uumei2rramc663xwcw72vzkjnvegw2fohti,bluesky,post,2026-07-12 19:46:36,"If you have an android, get one of these. I'm sure there are iPhone equivalents too

MOSWAG USB Type C to 3.5mm Female Headphone Jack Adapter a.co/d/0fXLBS1r",2,Search: Samsung Galaxy S24,
bafyreieipupwpb6kbyezbr63nthbbejxeikniedmjb46mfuurh3uvw7noe,bluesky,post,2026-07-11 21:38:38,"Belkin BoostCharge Cargador de Pared con Dos Puertos de 42 W, USB-C y USB-A, Carga rápida, para la Serie iPhone 16, 15, Samsung Galaxy S24, S23, Note, Google Pixel, iPad, MacBook y AirPods, Blanco

📉 Baja de 29,99 a 18,00€

💶 Ahorro: 11,99€ (40%)

🔗 https://amzlink.to/az0KaH5cTBq3D",1,Search: Samsung Galaxy S24,
bafyreibipswsuw6y2hv5jte4qwpf72wclwzqslmi3jha2cz4nvzqjqa26m,bluesky,post,2026-07-11 16:54:51,"Samsung Galaxy S24 Ultra, 256GB, 12GB, Galaxy AI, Câmera 200Mp, Tela 6.8"" 120Hz

❌ De R$5.999
💸 Por R$4.319 no PIX
💳 ou R$4.799 até 10x sem juros

🛍️ Amazon
🔗 link.amazon/B07mokabS

- Anúncio",0,Search: Samsung Galaxy S24,
bafyreiguqccm63jmyfs3zqzcbe2a3fq2rjw7t5qtewebdtuggq4hv5mzqi,bluesky,post,2026-07-11 14:24:09,"🔥 SMARTPHONE SAMSUNG GALAXY S23 ULTRA 5G SM S918B 1 To DOUBLE SIM VERT NO S24
eBay · 579.27 €
#BonPlan #HighTech #Promo",0,Search: Samsung Galaxy S24,
bafyreiae53elntvgckm7ua4slw2lvyz3nbjy27n6pakf7awft2qboqrlia,bluesky,post,2026-07-11 11:11:00,"Smartphone Samsung Galaxy S24 Ultra Galaxy AI Selfie de 12MP Tela de 6.8"" 1-120Hz 256GB 12GB RAM - Titânio Preto -- Amazon
 
R$ 4.319,10
Compre aqui ⬇️⬇️",0,Search: Samsung Galaxy S24,
bafyreihryn6zsgxie22ch74szyvlmbmlo5xsxsa36rytrbqrufptwmg4bm,bluesky,post,2026-07-11 00:42:17,"Samsung Galaxy S24 Ultra 5G 512GB S928B (Kuntoluokka: Grade B)

Samsung Galaxy S10 Lite 128GB on tehokas ja luotettava älypuhelin, joka tarjoaa erinomaisen suorituskyvyn arjen haasteisiin. Tämä musta malli on teknisesti täysin toimiva ja valmis käyttöön. Tuote on kuntoluokitukseltaan C+, mikä…",0,Search: Samsung Galaxy S24,
bafyreigyev7al7nzmb27wc3pwpgmwjw5unczhu42fobronpwseaq2trm7a,bluesky,post,2026-07-11 00:42:02,"Samsung Galaxy S24 Ultra 5G 512GB S928B (Kuntoluokka: Grade B)

Samsung Galaxy S10 Lite 128GB on tehokas ja luotettava älypuhelin, joka tarjoaa erinomaisen suorituskyvyn arjen haasteisiin. Tämä musta malli on teknisesti täysin toimiva ja valmis käyttöön. Tuote on kuntoluokitukseltaan C+, mikä…",0,Search: Samsung Galaxy S24,
bafyreibd6zxumzygmlpqbxelkuxgny2l7327ekrej56csj4ixqxddbbply,bluesky,post,2026-07-11 00:41:49,"Samsung Galaxy S24 Ultra 5G 512GB S928B (Kuntoluokka: Grade B)

Samsung Galaxy S10 Lite 128GB on tehokas ja luotettava älypuhelin, joka tarjoaa erinomaisen suorituskyvyn arjen haasteisiin. Tämä musta malli on teknisesti täysin toimiva ja valmis käyttöön. Tuote on kuntoluokitukseltaan C+, mikä…",0,Search: Samsung Galaxy S24,
bafyreidprxcbc42jnvhrufp76jhqqttjaxi7vvztnnrgxkc5fdsll75m2m,bluesky,post,2026-07-11 00:40:41,"Samsung Galaxy S24 Ultra 5G 512GB S928B (Kuntoluokka: Grade A+)

Samsung Galaxy S10 Lite 128GB on tehokas ja luotettava älypuhelin, joka tarjoaa erinomaisen suorituskyvyn arjen haasteisiin. Tämä musta malli on teknisesti täysin toimiva ja valmis käyttöön. Tuote on kuntoluokitukseltaan C+, mikä…",0,Search: Samsung Galaxy S24,
bafyreib3gcpwht6livlfixe7qrs2zthbokuamjp2lbfqkty2gwjricpxma,bluesky,post,2026-07-11 00:40:27,"Samsung Galaxy S24 Ultra 5G 512GB S928B (Kuntoluokka: Grade C)

Samsung Galaxy S10 Lite 128GB on tehokas ja luotettava älypuhelin, joka tarjoaa erinomaisen suorituskyvyn arjen haasteisiin. Tämä musta malli on teknisesti täysin toimiva ja valmis käyttöön. Tuote on kuntoluokitukseltaan C+, mikä…",0,Search: Samsung Galaxy S24,
bafyreibkbswfaodbzydn3psi73bosyvnyclpijgoyuc3vwzrcylsdqtvsy,bluesky,post,2026-07-11 00:40:12,"Samsung Galaxy S24 Ultra 5G 512GB S928B (Kuntoluokka: Grade A)

Samsung Galaxy S10 Lite 128GB on tehokas ja luotettava älypuhelin, joka tarjoaa erinomaisen suorituskyvyn arjen haasteisiin. Tämä musta malli on teknisesti täysin toimiva ja valmis käyttöön. Tuote on kuntoluokitukseltaan C+, mikä…",0,Search: Samsung Galaxy S24,
bafyreifguub5xwey32uh3snkg5rs43izeeuzrw64wskt5kakjedzhald5i,bluesky,post,2026-07-11 00:39:57,"Samsung Galaxy S24 Ultra 5G 512GB S928B (Kuntoluokka: Grade B)

Samsung Galaxy S10 Lite 128GB on tehokas ja luotettava älypuhelin, joka tarjoaa erinomaisen suorituskyvyn arjen haasteisiin. Tämä musta malli on teknisesti täysin toimiva ja valmis käyttöön. Tuote on kuntoluokitukseltaan C+, mikä…",0,Search: Samsung Galaxy S24,
bafyreidouzzsu4mt6mqjdlhqsrbh37ckr2v2wlfn3rhykbphqssyv3rq7u,bluesky,post,2026-07-11 00:39:41,"Samsung Galaxy S24 Ultra 5G 256GB S928B (Kuntoluokka: Grade C+)

Samsung Galaxy S10 Lite 128GB on tehokas ja luotettava älypuhelin, joka tarjoaa erinomaisen suorituskyvyn arjen haasteisiin. Tämä musta malli on teknisesti täysin toimiva ja valmis käyttöön. Tuote on kuntoluokitukseltaan C+, mikä…",0,Search: Samsung Galaxy S24,
bafyreibiznughngdjokhfn3fbvk5wc4ehhzyh4g7yljv5vl63llmyf5tua,bluesky,post,2026-07-11 00:38:07,"Samsung Galaxy S24 Ultra 5G 256GB S928B (Kuntoluokka: Grade A)

Samsung Galaxy S10 Lite 128GB on tehokas ja luotettava älypuhelin, joka tarjoaa erinomaisen suorituskyvyn arjen haasteisiin. Tämä musta malli on teknisesti täysin toimiva ja valmis käyttöön. Tuote on kuntoluokitukseltaan C+, mikä…",0,Search: Samsung Galaxy S24,
bafyreigru6pmvnuhhqy5g2wp4bzsu2w6dwmge5gpv4dk5bfv7lbtk7mi5m,bluesky,post,2026-07-11 00:37:44,"Samsung Galaxy S24 Ultra 5G 256GB S928B (Kuntoluokka: Grade B)

Samsung Galaxy S10 Lite 128GB on tehokas ja luotettava älypuhelin, joka tarjoaa erinomaisen suorituskyvyn arjen haasteisiin. Tämä musta malli on teknisesti täysin toimiva ja valmis käyttöön. Tuote on kuntoluokitukseltaan C+, mikä…",0,Search: Samsung Galaxy S24,
bafyreiffhr2eacslzivtxfvmzxcdspb5nm44aivtyvql3ohgn3tsmuizpu,bluesky,post,2026-07-11 00:37:28,"Samsung Galaxy S24 Ultra 5G 256GB S928B (Kuntoluokka: Grade C)

Samsung Galaxy S10 Lite 128GB on tehokas ja luotettava älypuhelin, joka tarjoaa erinomaisen suorituskyvyn arjen haasteisiin. Tämä musta malli on teknisesti täysin toimiva ja valmis käyttöön. Tuote on kuntoluokitukseltaan C+, mikä…",0,Search: Samsung Galaxy S24,
bafyreief3fnmw5jqzpfmko73jze2bj3pxdin4vmoiipdm3t4zn6fqlklju,bluesky,post,2026-07-11 00:37:14,"Samsung Galaxy S24 Ultra 5G 256GB S928B (Kuntoluokka: Grade C)

Samsung Galaxy S10 Lite 128GB on tehokas ja luotettava älypuhelin, joka tarjoaa erinomaisen suorituskyvyn arjen haasteisiin. Tämä musta malli on teknisesti täysin toimiva ja valmis käyttöön. Tuote on kuntoluokitukseltaan C+, mikä…",0,Search: Samsung Galaxy S24,
bafyreieigh3aftmahvfsc4ur3rcj6jl32l7pgrfo3fg673zlbhjzvbw5km,bluesky,post,2026-07-11 00:36:57,"Samsung Galaxy S24 Ultra 5G 256GB S928B (Kuntoluokka: Grade C+)

Samsung Galaxy S10 Lite 128GB on tehokas ja luotettava älypuhelin, joka tarjoaa erinomaisen suorituskyvyn arjen haasteisiin. Tämä musta malli on teknisesti täysin toimiva ja valmis käyttöön. Tuote on kuntoluokitukseltaan C+, mikä…",0,Search: Samsung Galaxy S24,
bafyreihz3hvqeukqd2quczeyenpscaqsj43mf7b2o7oegpo5nv53ndjffq,bluesky,post,2026-07-11 00:36:54,"Samsung Galaxy S24 Ultra 5G 256GB S928B (Kuntoluokka: Grade B)

Samsung Galaxy S10 Lite 128GB on tehokas ja luotettava älypuhelin, joka tarjoaa erinomaisen suorituskyvyn arjen haasteisiin. Tämä musta malli on teknisesti täysin toimiva ja valmis käyttöön. Tuote on kuntoluokitukseltaan C+, mikä…",0,Search: Samsung Galaxy S24,
bafyreidafj4dpedxdsnwkfybnbyzllqvnrrb4nhu5hw3qzohm22vpnu7wq,bluesky,post,2026-07-11 00:35:47,"Samsung Galaxy S24 Ultra 5G 256GB S928B (Kuntoluokka: Grade C)

Samsung Galaxy S10 Lite 128GB on tehokas ja luotettava älypuhelin, joka tarjoaa erinomaisen suorituskyvyn arjen haasteisiin. Tämä musta malli on teknisesti täysin toimiva ja valmis käyttöön. Tuote on kuntoluokitukseltaan C+, mikä…",0,Search: Samsung Galaxy S24,
bafyreignpdtjp67rj4uconjgeyv5kvxddiat5ue2rgpazwoxat7fg7u6nm,bluesky,post,2026-07-11 00:35:16,"Samsung Galaxy S24 Ultra 5G 256GB S928B (Kuntoluokka: Grade C+)

Samsung Galaxy S10 Lite 128GB on tehokas ja luotettava älypuhelin, joka tarjoaa erinomaisen suorituskyvyn arjen haasteisiin. Tämä musta malli on teknisesti täysin toimiva ja valmis käyttöön. Tuote on kuntoluokitukseltaan C+, mikä…",0,Search: Samsung Galaxy S24,
bafyreieetrvjivmdmanqrl6tkne65hfcmqugej7pop2yimbodvacwuvosy,bluesky,post,2026-07-11 00:35:10,"Samsung Galaxy S24 Ultra 5G 256GB S928B (Kuntoluokka: Grade C+) @ KorhoneCom: Käytetyt

Väri Musta Pilven lukko CloudOFF Ulkonäkö Luokka C+ Toiminnallisuus Työskentely Laatikoitunut Purettu laatikosta Osta verkkokaupastamme KorhoneCom: Käytetyt osoitteesta",0,Search: Samsung Galaxy S24,
bafyreifliabcl7osamd5mfyjlwsvurxne72qpnabwti3tag6or2r4ttczy,bluesky,post,2026-07-11 00:35:01,"Samsung Galaxy S24 Ultra 5G 256GB S928B (Kuntoluokka: Grade C+)

Samsung Galaxy S10 Lite 128GB on tehokas ja luotettava älypuhelin, joka tarjoaa erinomaisen suorituskyvyn arjen haasteisiin. Tämä musta malli on teknisesti täysin toimiva ja valmis käyttöön. Tuote on kuntoluokitukseltaan C+, mikä…",0,Search: Samsung Galaxy S24,
bafyreihxrcpd7kjebwjsmr6tzsx5dcajaph46ntltu4hcxqwm4m5q4ov3y,bluesky,post,2026-07-11 00:34:49,"Samsung Galaxy S24 Ultra 5G 256GB S928B (Kuntoluokka: Grade A+)

Samsung Galaxy S10 Lite 128GB on tehokas ja luotettava älypuhelin, joka tarjoaa erinomaisen suorituskyvyn arjen haasteisiin. Tämä musta malli on teknisesti täysin toimiva ja valmis käyttöön. Tuote on kuntoluokitukseltaan C+, mikä…",0,Search: Samsung Galaxy S24,
bafyreidt6nhib4nltj5arglggi4ejtk37tdlzxe2nnbdzwnou7urh36mzi,bluesky,post,2026-07-11 00:34:20,"Samsung Galaxy S24 Ultra 5G 256GB S928B (Kuntoluokka: Grade B)

Samsung Galaxy S10 Lite 128GB on tehokas ja luotettava älypuhelin, joka tarjoaa erinomaisen suorituskyvyn arjen haasteisiin. Tämä musta malli on teknisesti täysin toimiva ja valmis käyttöön. Tuote on kuntoluokitukseltaan C+, mikä…",0,Search: Samsung Galaxy S24,
bafyreigwxwrvnqgyd5n5krnlhuse3o2kzkjoyrt4wrrie4kvwydrnmczoi,bluesky,post,2026-07-11 00:33:52,"Samsung Galaxy S24 Plus 5G 512GB S926B (Kuntoluokka: Grade B)

Samsung Galaxy S10 Lite 128GB on tehokas ja luotettava älypuhelin, joka tarjoaa erinomaisen suorituskyvyn arjen haasteisiin. Tämä musta malli on teknisesti täysin toimiva ja valmis käyttöön. Tuote on kuntoluokitukseltaan C+, mikä…",0,Search: Samsung Galaxy S24,
bafyreibhhf4yrkvm4ssm5343qir52bdyr5zxdoae4j36fvdhomodugi4eq,bluesky,post,2026-07-11 00:33:25,"Samsung Galaxy S24 Plus 5G 512GB S926B (Kuntoluokka: Grade A)

Samsung Galaxy S10 Lite 128GB on tehokas ja luotettava älypuhelin, joka tarjoaa erinomaisen suorituskyvyn arjen haasteisiin. Tämä musta malli on teknisesti täysin toimiva ja valmis käyttöön. Tuote on kuntoluokitukseltaan C+, mikä…",0,Search: Samsung Galaxy S24,
bafyreidqedccqefrrxzqfa4vuttif3y53gnimw27q3f4xu7z4ab4wy64su,bluesky,post,2026-07-11 00:33:07,"Samsung Galaxy S24 Plus 5G 512GB S926B (Kuntoluokka: Grade C)

Samsung Galaxy S10 Lite 128GB on tehokas ja luotettava älypuhelin, joka tarjoaa erinomaisen suorituskyvyn arjen haasteisiin. Tämä musta malli on teknisesti täysin toimiva ja valmis käyttöön. Tuote on kuntoluokitukseltaan C+, mikä…",0,Search: Samsung Galaxy S24,
bafyreiftqyma2rwipm6u2iewppfwjyvw2o3y6jlhcr7ekqz4uex4eope6i,bluesky,post,2026-07-11 00:32:52,"Samsung Galaxy S24 Plus 5G 512GB S926B (Kuntoluokka: Grade A+)

Samsung Galaxy S10 Lite 128GB on tehokas ja luotettava älypuhelin, joka tarjoaa erinomaisen suorituskyvyn arjen haasteisiin. Tämä musta malli on teknisesti täysin toimiva ja valmis käyttöön. Tuote on kuntoluokitukseltaan C+, mikä…",0,Search: Samsung Galaxy S24,
bafyreic4fddmdwmzxsq5vxkyzzsldaqm7yeshpvme2gx26fmgwqleuhubi,bluesky,post,2026-07-11 00:32:37,"Samsung Galaxy S24 Plus 5G 512GB S926B (Kuntoluokka: Grade A)

Samsung Galaxy S10 Lite 128GB on tehokas ja luotettava älypuhelin, joka tarjoaa erinomaisen suorituskyvyn arjen haasteisiin. Tämä musta malli on teknisesti täysin toimiva ja valmis käyttöön. Tuote on kuntoluokitukseltaan C+, mikä…",0,Search: Samsung Galaxy S24,
bafyreifcwunvjqsk4nkdqetakkbv25wgu7xuflmbth6qbqljmim3l4rp4i,bluesky,post,2026-07-11 00:32:27,"Samsung Galaxy S24 Plus 5G 256GB S926B (Kuntoluokka: Grade C)

Samsung Galaxy S10 Lite 128GB on tehokas ja luotettava älypuhelin, joka tarjoaa erinomaisen suorituskyvyn arjen haasteisiin. Tämä musta malli on teknisesti täysin toimiva ja valmis käyttöön. Tuote on kuntoluokitukseltaan C+, mikä…",0,Search: Samsung Galaxy S24,
bafyreidj5iw2zmorlhbmibtwbtdwmshyu6inu5tp3kysnh4cepdmzzyzda,bluesky,post,2026-07-11 00:31:44,"Samsung Galaxy S24 Plus 5G 256GB S926B (Kuntoluokka: Grade A)

Samsung Galaxy S10 Lite 128GB on tehokas ja luotettava älypuhelin, joka tarjoaa erinomaisen suorituskyvyn arjen haasteisiin. Tämä musta malli on teknisesti täysin toimiva ja valmis käyttöön. Tuote on kuntoluokitukseltaan C+, mikä…",0,Search: Samsung Galaxy S24,
bafyreicavooe4l5ns57zt4zdahuqhzlhzilhb2v5vtpfslbiz4h4ua22ai,bluesky,post,2026-07-11 00:31:10,"Samsung Galaxy S24 Plus 5G 256GB S926B (Kuntoluokka: Grade C+)

Samsung Galaxy S10 Lite 128GB on tehokas ja luotettava älypuhelin, joka tarjoaa erinomaisen suorituskyvyn arjen haasteisiin. Tämä musta malli on teknisesti täysin toimiva ja valmis käyttöön. Tuote on kuntoluokitukseltaan C+, mikä…",0,Search: Samsung Galaxy S24,
bafyreifxqmprzfppngwmupwxthjtkjvacta24tymjj3sxsj7v2igae6cbi,bluesky,post,2026-07-11 00:30:49,"Samsung Galaxy S24 Plus 5G 256GB S926B (Kuntoluokka: Grade B)

Samsung Galaxy S10 Lite 128GB on tehokas ja luotettava älypuhelin, joka tarjoaa erinomaisen suorituskyvyn arjen haasteisiin. Tämä musta malli on teknisesti täysin toimiva ja valmis käyttöön. Tuote on kuntoluokitukseltaan C+, mikä…",0,Search: Samsung Galaxy S24,
bafyreidqv67n5qvn4odjs43ylf2gyd5jt6m3mqcoroei6dpkbqxj7ohfkm,bluesky,post,2026-07-11 00:30:33,"Samsung Galaxy S24 FE 5G 256GB S721 (Kuntoluokka: Grade C)

Samsung Galaxy S10 Lite 128GB on tehokas ja luotettava älypuhelin, joka tarjoaa erinomaisen suorituskyvyn arjen haasteisiin. Tämä musta malli on teknisesti täysin toimiva ja valmis käyttöön. Tuote on kuntoluokitukseltaan C+, mikä…",0,Search: Samsung Galaxy S24,
bafyreiab3jkjdkcxjspzpe7dh5i5tgxq35uezysrmcnwewydcaqmtxlhki,bluesky,post,2026-07-11 00:30:07,"Samsung Galaxy S24 FE 5G 128GB S721 (Kuntoluokka: Grade C+)

Samsung Galaxy S10 Lite 128GB on tehokas ja luotettava älypuhelin, joka tarjoaa erinomaisen suorituskyvyn arjen haasteisiin. Tämä musta malli on teknisesti täysin toimiva ja valmis käyttöön. Tuote on kuntoluokitukseltaan C+, mikä…",0,Search: Samsung Galaxy S24,
bafyreigttpaqgxsy337weyl7eotd75sinnkg73uz32s7u3fafmhzjxehgm,bluesky,post,2026-07-11 00:29:51,"Samsung Galaxy S24 FE 5G 128GB S721 (Kuntoluokka: Grade A+)

Samsung Galaxy S10 Lite 128GB on tehokas ja luotettava älypuhelin, joka tarjoaa erinomaisen suorituskyvyn arjen haasteisiin. Tämä musta malli on teknisesti täysin toimiva ja valmis käyttöön. Tuote on kuntoluokitukseltaan C+, mikä…",0,Search: Samsung Galaxy S24,
bafyreiawnpnt356htgfftdw42xdnmouatfr2g7kn6btfflqccqakunx3s4,bluesky,post,2026-07-11 00:29:36,"Samsung Galaxy S24 5G 256GB S921B (Kuntoluokka: Grade C+)

Samsung Galaxy S10 Lite 128GB on tehokas ja luotettava älypuhelin, joka tarjoaa erinomaisen suorituskyvyn arjen haasteisiin. Tämä musta malli on teknisesti täysin toimiva ja valmis käyttöön. Tuote on kuntoluokitukseltaan C+, mikä…",0,Search: Samsung Galaxy S24,
bafyreiam2so7burtqi4oidqkaa4zbimby5hknwv5lewq3djifwomz5sjm4,bluesky,post,2026-07-11 00:29:17,"Samsung Galaxy S24 5G 256GB S921B (Kuntoluokka: Grade C)

Samsung Galaxy S10 Lite 128GB on tehokas ja luotettava älypuhelin, joka tarjoaa erinomaisen suorituskyvyn arjen haasteisiin. Tämä musta malli on teknisesti täysin toimiva ja valmis käyttöön. Tuote on kuntoluokitukseltaan C+, mikä tarkoittaa,…",0,Search: Samsung Galaxy S24,
bafyreietzrj42qq6ziritwde4kqlmrw6zcw6m53qul6lzeqbvejy5hb2sa,bluesky,post,2026-07-11 00:28:00,"Samsung Galaxy S24 5G 256GB S921B (Kuntoluokka: Grade A)

Samsung Galaxy S10 Lite 128GB on tehokas ja luotettava älypuhelin, joka tarjoaa erinomaisen suorituskyvyn arjen haasteisiin. Tämä musta malli on teknisesti täysin toimiva ja valmis käyttöön. Tuote on kuntoluokitukseltaan C+, mikä tarkoittaa,…",0,Search: Samsung Galaxy S24,
bafyreico3jhudwbltyqdqtwkrs2rxdnz7jc4ofikdbdl2kneapv25uejma,bluesky,post,2026-07-11 00:27:14,"Samsung Galaxy S24 5G 256GB S921B (Kuntoluokka: Grade C)

Samsung Galaxy S10 Lite 128GB on tehokas ja luotettava älypuhelin, joka tarjoaa erinomaisen suorituskyvyn arjen haasteisiin. Tämä musta malli on teknisesti täysin toimiva ja valmis käyttöön. Tuote on kuntoluokitukseltaan C+, mikä tarkoittaa,…",0,Search: Samsung Galaxy S24,
bafyreihdhyvwzmych2ceepzws6bhaorrpvqh5nepnypzeq3ctuwjecxkiy,bluesky,post,2026-07-11 00:26:58,"Samsung Galaxy S24 5G 256GB S921B (Kuntoluokka: Grade C)

Samsung Galaxy S10 Lite 128GB on tehokas ja luotettava älypuhelin, joka tarjoaa erinomaisen suorituskyvyn arjen haasteisiin. Tämä musta malli on teknisesti täysin toimiva ja valmis käyttöön. Tuote on kuntoluokitukseltaan C+, mikä tarkoittaa,…",0,Search: Samsung Galaxy S24,
bafyreieaddao5bxqjcx4co4oo7v22uvwnuekkesom4h6d5oohbfgqppite,bluesky,post,2026-07-11 00:26:41,"Samsung Galaxy S24 5G 128GB S921B (Kuntoluokka: Grade B)

Samsung Galaxy S10 Lite 128GB on tehokas ja luotettava älypuhelin, joka tarjoaa erinomaisen suorituskyvyn arjen haasteisiin. Tämä musta malli on teknisesti täysin toimiva ja valmis käyttöön. Tuote on kuntoluokitukseltaan C+, mikä tarkoittaa,…",0,Search: Samsung Galaxy S24,
bafyreidbmdxj3dmptpxhg3ugduykap63updr6kkrurd2uxpwgnprxegx7a,bluesky,post,2026-07-11 00:26:28,"Samsung Galaxy S24 5G 128GB S921B (Kuntoluokka: Grade C)

Samsung Galaxy S10 Lite 128GB on tehokas ja luotettava älypuhelin, joka tarjoaa erinomaisen suorituskyvyn arjen haasteisiin. Tämä musta malli on teknisesti täysin toimiva ja valmis käyttöön. Tuote on kuntoluokitukseltaan C+, mikä tarkoittaa,…",0,Search: Samsung Galaxy S24,
bafyreieo5wru4mqhxtcqiumc63snjlnsxdfbam4ok5kzvqbxz6i5apilci,bluesky,post,2026-07-11 00:25:57,"Samsung Galaxy S24 5G 128GB S921B (Kuntoluokka: Grade A)

Samsung Galaxy S10 Lite 128GB on tehokas ja luotettava älypuhelin, joka tarjoaa erinomaisen suorituskyvyn arjen haasteisiin. Tämä musta malli on teknisesti täysin toimiva ja valmis käyttöön. Tuote on kuntoluokitukseltaan C+, mikä tarkoittaa,…",0,Search: Samsung Galaxy S24,
bafyreiasu3hxngmhffditudh3rchogh7i52vxvvmrqyb3ucmzhhevena3i,bluesky,post,2026-07-11 00:25:14,"Samsung Galaxy S24 5G 128GB S921B (Kuntoluokka: Grade C+)

Samsung Galaxy S10 Lite 128GB on tehokas ja luotettava älypuhelin, joka tarjoaa erinomaisen suorituskyvyn arjen haasteisiin. Tämä musta malli on teknisesti täysin toimiva ja valmis käyttöön. Tuote on kuntoluokitukseltaan C+, mikä…",0,Search: Samsung Galaxy S24,
bafyreiddnmr2bjnprwhb5264zchwbketzu6nzicgpswhjz35dqlyppyoli,bluesky,post,2026-07-11 00:24:55,"Samsung Galaxy S24 5G 128GB S921B (Kuntoluokka: Grade B)

Samsung Galaxy S10 Lite 128GB on tehokas ja luotettava älypuhelin, joka tarjoaa erinomaisen suorituskyvyn arjen haasteisiin. Tämä musta malli on teknisesti täysin toimiva ja valmis käyttöön. Tuote on kuntoluokitukseltaan C+, mikä tarkoittaa,…",0,Search: Samsung Galaxy S24,
bafyreiafxj5275epldd4hn3gu5ztborrl7p5ft6xrjcsmiknzunbpiu7gy,bluesky,post,2026-07-11 00:24:40,"Samsung Galaxy S24 5G 128GB S921B (Kuntoluokka: Grade A)

Samsung Galaxy S10 Lite 128GB on tehokas ja luotettava älypuhelin, joka tarjoaa erinomaisen suorituskyvyn arjen haasteisiin. Tämä musta malli on teknisesti täysin toimiva ja valmis käyttöön. Tuote on kuntoluokitukseltaan C+, mikä tarkoittaa,…",0,Search: Samsung Galaxy S24,
bafyreifgmoa2gkuwav2e6fth3fv3hbc4yh72a4yusizy3y3zbb4sswn7oe,bluesky,post,2026-07-11 00:24:08,"Samsung Galaxy S24 5G 128GB S921B (Kuntoluokka: Grade B)

Samsung Galaxy S10 Lite 128GB on tehokas ja luotettava älypuhelin, joka tarjoaa erinomaisen suorituskyvyn arjen haasteisiin. Tämä musta malli on teknisesti täysin toimiva ja valmis käyttöön. Tuote on kuntoluokitukseltaan C+, mikä tarkoittaa,…",0,Search: Samsung Galaxy S24,
bafyreicgkhe53lnf5nntli5ra3b73ztyidba7ewas4fngfselarpko2ewe,bluesky,post,2026-07-10 21:50:07,"Samsung Galaxy S24 256 GB Onyx Black, 6.2"", 5G, 256 GB, NFC, IP68
R$ 2.789,10
Avaliação: ⭐⭐⭐⭐⭐
Loja: Magazine Luiza

Menor preço em 90 dias: R$ 2.789,10
Mediana dos preços de 90 dias: R$ 2.834,10",0,Search: Samsung Galaxy S24,
bafyreihejhaiwdj5lxbakucan74cwtqgoapliu75ancc7ct4fqubsahiqa,bluesky,post,2026-07-10 11:58:17,"*VOLTOU‼️GALAXY S24 ULTRA É UM MONSTRO!* 🔥📱

- *Smartphone Samsung Galaxy S24 Ultra 256GB
🔥 Por: *R$ 4.319,10
link.amazon/B0cx9bsH9
⚫ Aproveita todas as ofertas do dia aqui 
link.amazon/B07l5AYiI
ENTRE NO GRUPO DE OFERTAS 
linktr.ee/omelhornasua...",0,Search: Samsung Galaxy S24,
bafyreiehhbkymko6lo5ssgkwtlmsabzwxwaouowhc7hgxunmgbh5fiqdza,bluesky,post,2026-07-09 21:50:07,"Samsung Galaxy S24 256 GB Onyx Black, 6.2"", 5G, 256 GB, NFC, IP68
R$ 2.789,10
Avaliação: ⭐⭐⭐⭐⭐
Loja: Magazine Luiza

Menor preço em 90 dias: R$ 2.789,10
Mediana dos preços de 90 dias: R$ 2.879,10",0,Search: Samsung Galaxy S24,
bafyreih2yiwg7ef45vyu6ggjipenaauj3qzvh6x7ov3qeuyle33wseos3u,bluesky,post,2026-07-09 15:19:16,"The Samsung Galaxy S26 series breaks a sales record in Korea, boosts the country's exports - https://www.gsmarena.com/the_samsung_galaxy_s26_series_breaks_a_sales_record_in_korea_boosts_the_countrys_exports-news-73646.php",0,Search: Samsung Galaxy S24,
bafyreidtrb5tw4ipcnjfrcr3udkwve7ioa4qjv2xkurdfh7bxvrvukrxlu,bluesky,post,2026-07-09 03:44:16,MATE YOU ARE FUCKING JOKING,4,Search: Samsung Galaxy S24,
bafyreicvp7yrycxppnl4iqlanthfr2retse2ukjpnx3xrmf4q5p5xofi4u,bluesky,post,2026-07-09 00:26:36,"https://mojaoprema.si/izdelek/zascitno-steklo-iz-kaljenega-stekla-9h-za-samsung-galaxy-s24-clear/ 9,99 €  Zaščitno steklo iz kaljenega stekla 9H za Samsung Galaxy S24 clear
Predstavljamo vam",0,Search: Samsung Galaxy S24,
bafyreigqocqyvfsbd2zi3wywn74aikku6srvanlbdyfglwcnx2ppg2muvi,bluesky,post,2026-07-08 22:55:59,"#AliExpress:  

Smartphone Samsung Galaxy S24 Ultra 5G 12GB RAM 256GB Tela de 6,8"" Galaxy AI    Câmera Quádrupla 200MP + Selfie 12MP 5000mAh Titânio Preto

De: R$9.999,00
Por: R$5.698,00
 s.click.aliexpress.com/e/_mKFXDb5",0,Search: Samsung Galaxy S24,
bafyreidc7oq3lsunzn2esczog45zvvtq4zsoxq2ndywm2wnrzjzbpxsaxe,bluesky,post,2026-07-08 21:50:09,"Samsung Galaxy S24 256 GB Onyx Black, 6.2"", 5G, 256 GB, NFC, IP68
R$ 2.789,10
Avaliação: ⭐⭐⭐⭐⭐
Loja: Magazine Luiza

Menor preço em 90 dias: R$ 2.789,10
Mediana dos preços de 90 dias: R$ 2.879,10",0,Search: Samsung Galaxy S24,
bafyreicr3tkd2ygepw5qrmb3iy5vl4o7yupha7gtarqmpnjws4v6fjrfua,bluesky,post,2026-07-08 15:17:57,"Oi amigos, meu S24 Ultra segue disponível. Subi um anúncio na OLX, por lá fica menos de 3.500 com desconto e cupom 

sp.olx.com.br/sao-paulo-e-...",12,Search: Samsung Galaxy S24,
bafyreifttg3lbijmjsjouulsxfsyq7ptuurxyzj5lx5oc5okvbvq2kn654,bluesky,post,2026-07-08 01:07:15,"#publi 🔥 O S24 Ultra pra tirar foto da lua em alta qualidade

📱 Samsung Galaxy S24 Ultra, 256GB, 12GB RAM

💵 R$ 3.969,10 Pix
💳 R$ 4.449,00 em até 10x s/juros

🎟️ Aplique o Cupom: AINDA7DO7
🔹 Exclusivo Membros Prime

link.amazon/B0hbA5gl1",0,Search: Samsung Galaxy S24,
bafyreidwqvuuyd5wu7nebg76s6rfkjwl2shozj7hpa7dctazb3obvvp2my,bluesky,post,2026-07-07 22:57:00,"I am currently holding my phone, a Samsung Galaxy S24+, in my hand (not the newest model). seven years ago, when this show aired, the phone they were advertising as the latest and greatest was the S10. these phones are coming out too fast!",1,Search: Samsung Galaxy S24,
bafyreiaxyfrhc2lbdaf3kktkqxzon477pc7vcsd74toimir32t2l3sic5i,bluesky,post,2026-07-07 22:06:54,"#publi 🔥 O S24 Ultra pra tirar foto da lua em alta qualidade

📱 Samsung Galaxy S24 Ultra, 256GB, 12GB RAM

💵 R$ 4.069,10 Pix
💳 R$ 4.549,00 em até 10x s/juros

🎟️ Aplique o Cupom: EBA7DO7
🔹 Exclusivo Membros Prime

link.amazon/B0hbA5gl1",0,Search: Samsung Galaxy S24,
bafyreibecxnjczgln3klsgd4dep2sbqi565oslwih4hwdffc2rrx6arsgu,bluesky,post,2026-07-07 21:34:50,"Feed: ""• 𝐭𝐞𝐜𝐡-𝑖𝑠ℎ""
By: Hillary Keverenge on Tuesday, July 7, 2026",0,Search: Samsung Galaxy S24,
bafyreicfjkb3o64okgf3jzje7xllkowgautku4jnq5nbrlpx72t4z3u7ky,bluesky,post,2026-07-07 14:09:25,"S24 ULTRA COM CUPOMZÃO!! RAPIDOOO

Samsung Galaxy S24 Ultra 5G 256GB 12GB RAM

💵 Por: 3.969 no Pix ou  4.449 em até 10x sem juros  
🔗 link.amazon/B00kWR7I3

Use o Cupom: NODIA7DO7",0,Search: Samsung Galaxy S24,
bafyreifv5jxmv647ip3gur4pewuobgisa4c2p6rowq3u2uetp7s4ivj4ta,bluesky,post,2026-07-07 04:56:21,Samsung hasn't announced when the Galaxy S24 will receive One UI 9 based on Android 17. But here's our prediction based on the company's previous software rollout schedule.,0,Search: Samsung Galaxy S24,
bafyreibxqghqkl6xwwfk3ondhvnm7auq4fzpmvl46klqmdueosm6qzi7mm,bluesky,post,2026-07-07 00:28:45,"Baseus Cargador USB C 45W, Pack de 2 Cargadores Rápidos GaN, Adaptador de Corriente PPS PD para iPhone 17/16/15 Pro Max, Samsung Galaxy S25 Ultra/S24, iPad, MacBook, Pixel (Incluye Cable USB-C de 1 m)

📉 Baja de 35,99 a 27,54€

💶 Ahorro: 8,45€ (23%)

🔗 https://amzlink.to/az0eqLopQH6IC",0,Search: Samsung Galaxy S24,
bafyreigg6e3okqg7k27cunwepwfshd5hblsghqp4vjdgikhppum6qpw24e,bluesky,post,2026-07-06 21:50:08,"Samsung Galaxy S24 256 GB Onyx Black, 6.2"", 5G, 256 GB, NFC, IP68
R$ 2.789,10
Avaliação: ⭐⭐⭐⭐⭐
Loja: Magazine Luiza

Menor preço em 90 dias: R$ 2.789,10
Mediana dos preços de 90 dias: R$ 2.879,10",0,Search: Samsung Galaxy S24,
bafyreieewxlcd2in5x4af4hlijrjbgivduto3latrv7uj3fa3xcbwqbd7m,bluesky,post,2026-07-06 21:20:12,"Smartphone Samsung Galaxy S24 Ultra, Galaxy AI, Selfie de 12MP, Tela de 6.8"" 1-120Hz, 256GB, 12GB RAM - Titânio Preto

Por apenas R$ 4.169,10 Pix  (Exclusivo Prime)
ou R$4.649 em 12x sem juros
Ative o cupom JUNTOSPRIMEE
link.amazon/B00Z5Opgb",2,Search: Samsung Galaxy S24,
bafyreifo6674cudliayosc3yija7qgkr7j7ikn3nuimh7oi6l2c7bslb3u,bluesky,post,2026-07-06 20:10:35,"DELTARUNE on Android, via GameNative

atp I'm gonna be running DR on everything like it's fucking DOOM and Bad Apple",3,Search: Samsung Galaxy S24,
bafyreibsnwa2p4nnmdj2a7kc6incerfconefeog5lqagoizswep5tt55ym,bluesky,post,2026-07-06 19:14:33,"It's definitely something that will depend on your carrier, your national laws, your system update version, if you're rooted/not, etc.

In terms of whether you have it or not, the app actually doesn't announce itself as a Google product, but it is. I have a Galaxy S24 and it was even pre-installed.",2,Search: Samsung Galaxy S24,
bafyreiabfrhfacqi7tcstvjpusga5ntxq5k6q5ca6ag3i77mgxizognoji,bluesky,post,2026-07-06 13:47:39,"*ESSE JÁ TEM UM TEMPÃO QUE NÃO APARECE POR AQUI ‼️ 256GB😲

Smartphone Samsung Galaxy S24, Galaxy AI 256GB, 8GB RAM
🔥Por R$ 2.949,00 ate 12x sem juros 
⚠️Use o cupom: CUPOMSEMPRE
link.amazon/B0bsQiJgN
⚫ ofertas do dia aqui 
link.amazon/B06NCHcb4
ENTRE NO GRUPO DE OFERTAS 
linktr.ee/omelhornasua...",0,Search: Samsung Galaxy S24,
bafyreihx5jmsvcjau2ls4tknu4tkvzmascrqsexerd5irqbn3yyilzrzdi,bluesky,post,2026-07-06 05:11:56,"Type-C Wired Headphones For Samsung Galaxy S24 S23 S22 3.5MM in-Ear Headphone A53 A52 Note 20 USB-C Earphone HiFi Bass Stereo
Price Now: USD 1.24 (Original price: USD 1.45,  14% off)
🔗Click & Buy: s.click.aliexpress.com/e/_c3OMpXtb",0,Search: Samsung Galaxy S24,
bafyreifgfx4e6pqqpisbbj2dqfpya35jvacnoksbik7c3yx6villnxv62a,bluesky,post,2026-07-05 22:36:21,"#publi 🔥 O S24 Ultra pra tirar foto da lua em alta qualidade

📱 Samsung Galaxy S24 Ultra, 256GB, 12GB RAM

💵 R$ 3.969,10 Pix
💳 R$ 4.449 em até 10x s/juros

🎟️ Aplique o Cupom: TOMA200 + 5PRIMEBRASIL
🔹 Exclusivo Membros Prime

link.amazon/B0hbA5gl1",0,Search: Samsung Galaxy S24,
bafyreidqkgogioyshpjqq5oh7mfbnovtdzfrjd7s4wwmctxeaoj2yrkzlq,bluesky,post,2026-07-05 21:45:14,"Le puissant Samsung Galaxy S24 Ultra atteint son meilleur prix sur ce site particulier
🗞️ 20 Minutes - 🕐 05/07 08:37
#actu #news #presse #20minutes",0,Search: Samsung Galaxy S24,
bafyreifj3tckfoyfok22ne4zcnzc34g7tjz72xry3zsn6d2rfxrw7zh2c4,bluesky,post,2026-07-05 18:57:10,Last night's fireworks taken with a Samsung Galaxy S24 Ultra.,0,Search: Samsung Galaxy S24,
bafyreigracberzqivxfd5m5smsahgfphhn45bxvwleq3uagqkdsiivq5v4,bluesky,post,2026-07-05 18:34:44,"Summer Time Fun for QuestLord One!🏰

In a time before AI Slop. When Artificial Intelligence was no more than text trees, A* Algorithms and a few well placed if/thens coupled with math.random() calls. 🥹🫡

#GameDev #IndieGame #MobileGame #NoAI #QuestLord #QuestLord2 #Android #iOS #GooglePlay #AppStore",16,Search: Samsung Galaxy S24,
bafyreicy6xpgyalgle4gcdqhvs7jr4lbtpyirypiwcdbslnsbvtjpctqje,bluesky,post,2026-07-05 16:35:03,"*GALAXY S24 ULTRA É UM MONSTRO!* 🔥📱

- *Smartphone Samsung Galaxy S24 Ultra 256GB* 

🔥 Por: *R$3.969,10* 
⚠️ Use o cupom: *SEUCUPOM200 + 5OFFPRIME
link.amazon/B04VolELu
⚫ Aproveita todas as ofertas do dia aqui 
link.amazon/B0bKyNNAN
ENTRE NO GRUPO DE OFERTAS 
linktr.ee/omelhornasua...",0,Search: Samsung Galaxy S24,
bafyreihbhrsnjkjp7hsane52o5dzoer2snopqhk462l2k4v63inmcmzzaq,bluesky,post,2026-07-05 16:34:00,"[AMAZON] Samsung Galaxy S24 Ultra 120Hz 256GB 12GB RAM - Titânio Preto

~De: R$ 5.999,90~
Por: R$ 3.969,10 no Pix
💳 ou 12x de R$ 370,75

🎟️Use o cupom: SEUCUPOM200 + 5OFFPRIME

🔗 link.amazon/B0aygA76r",0,Search: Samsung Galaxy S24,
bafyreieqz4mdklkqwdbxo46gkufywilr7u2iorue5mybumwzjp3zlwiaja,bluesky,post,2026-07-05 16:29:55,"Oferta exclusiva para membros Prime

Smartphone Samsung Galaxy S24 Ultra 6,8"" Galaxy AI 256GB Titânio Preto 5G 12GB RAM Câm. Quádrupla 200MP + Selfie 12MP 5000mAh
🔥 R$ 3.969,10 via pix
⚠️ Cupom: SEUCUPOM200 + 5OFFPRIME

🛒Compre aqui: www.amazon.com.br/dp/B0CQD9VK7...",0,Search: Samsung Galaxy S24,
bafyreifykkg7phhxx3a3rhctbdo62zqdvdmvl3hy6ocoowba3mmd67abra,bluesky,post,2026-07-05 16:27:50,"⚠️ Cupom Amazon: SEUCUPOM200 + 5OFFPRIME (resgate no anúncio)

Smartphone Samsung Galaxy S24 Ultra, 256GB | Oferta Amazon Prime Day #Anúncio Tom

R$ 3.969,10 (no pix)
👉 link.amazon/B009N5h3M

Meus grupos de ofertas:
👉 linktr.ee/tomniemand",0,Search: Samsung Galaxy S24,
bafyreihenaqhcsc6axzla5fk2eycbio2v7tr6pxcoujmug2d4mf5cp6ycm,bluesky,post,2026-07-05 16:27:30,"#publi 🔥 O S24 Ultra pra tirar foto da lua em alta qualidade

📱 Samsung Galaxy S24 Ultra, 256GB, 12GB RAM

💵 R$ 3.969,10 Pix
💳 R$ 4.449 em até 10x s/juros

🎟️ Aplique o Cupom: SEUCUPOM200 + 5OFFPRIME
🔹 Exclusivo Membros Prime

link.amazon/B0hbA5gl1",0,Search: Samsung Galaxy S24,
bafyreifyvts2ugdtbrcj6ruvwy44csjvmoe4isvilpizbkqu7poylf6yh4,bluesky,post,2026-07-05 16:16:25,"🛒 Smartphone Samsung Galaxy S24 Ultra 256GB

💵 POR: R$ 3.969,10

🏷️ Resgate o cupom + 5OFFPRIME + Pix

🔗 https://link.amazon/B0eUe7VtB

anuncio",0,Search: Samsung Galaxy S24,
bafyreiane4p3lukxlzytv2hzrm6bqljvrne6n5z3was3ryge7c6lrj3aje,bluesky,post,2026-07-05 14:17:18,"⚠️ Cupom Amazon: PRIMEDAY150 + VAIMAIS5OFF (resgate no anúncio) no pix

Smartphone Samsung Galaxy S24 Ultra, 256GB | Oferta Amazon Prime Day #Anúncio Tom

R$ 4.019,10 (no pix)
👉 link.amazon/B04yKssJt

Meus grupos de ofertas:
👉 linktr.ee/tomniemand",0,Search: Samsung Galaxy S24,
bafyreid2ul5giqiuhkwvsh2hoz2xx6kpvnatqcdjc3hq7xzmn2jp7m46l4,bluesky,post,2026-07-05 11:06:59,"Smartphone Samsung Galaxy S24 Ultra Galaxy AI Selfie de 12MP Tela de 6.8"" 1-120Hz 256GB 12GB RAM - Titânio Preto -- Amazon
 
R$ 4.319,10
Compre aqui ⬇️⬇️",0,Search: Samsung Galaxy S24,
bafyreiewyujvkpwifqgpsf6mklygucx64etc5riujfthl2uhg4i6t4yq6e,bluesky,post,2026-07-05 09:08:35,"Ja ik deed dat al voor het een ding was, mijn handen laten meer vallen dan me lief is.
Momenteel ben ik fan van deze. Ik heb ook zo'n klein bijpassend tasje erbij voor mijn oordopjes en wat geld etc.
www.smartphonehoesjes.nl/nova-telefoo...",2,Search: Samsung Galaxy S24,
bafyreibruncmscrcw5ynwlkugeycqi4xecj5iiju34rpwlfm7txvhwxkse,bluesky,post,2026-07-04 23:09:28,"#publi 🔥 O S24 Ultra pra tirar foto da lua em alta qualidade

📱 Samsung Galaxy S24 Ultra, 256GB, 12GB RAM

💵 R$ 3.969,10 Pix
💳 R$ 4.449 em até 10x s/juros

🎟️ Aplique o Cupom: NEWPRIME + EXTRAPRAVC 
🔹 Exclusivo Membros Prime

link.amazon/B0hbA5gl1",0,Search: Samsung Galaxy S24,
bafyreifoifz27etjh2gajkem6c5o6dbki7palklhfxtnwijrywucrrhe24,bluesky,post,2026-07-04 19:23:01,"*GALAXY S24 ULTRA NO MENOR PREÇO HISTÓRICO* 😲🔝

*Smartphone Samsung Galaxy S24 Ultra, 256GB, 12GB RAM, Titânio Preto | Galaxy AI* 

🔥Por *R$ 3.969,00*
⚠️Use o cupom: *EXTRAPRAVC
 link.amazon/B03EzxpgU
⚫ofertas do dia aqui 
link.amazon/B0gkHBlLI
ENTRE NO GRUPO DE OFERTAS 
linktr.ee/omelhornasua...",0,Search: Samsung Galaxy S24,
bafyreigmqziwii43lzv65ylu5wdt3ezq2t7rg6hpgupgdfnazqbvicroh4,bluesky,post,2026-07-04 19:13:09,"[AMAZON] Samsung Galaxy S24 Ultra 120Hz 256GB 12GB RAM - Titânio Preto

~De: R$ 5.999,90~
Por: R$ 3.969,10 no Pix
💳 ou 12x de R$ 370,75

🎟️Use o cupom: NOVOCUPOM + EXTRAPRAVC

🔗 link.amazon/B01VZDYx8",0,Search: Samsung Galaxy S24,
bafyreigmkwhkyapuuv6vtdui5ztewzgs3eyu7sbksk2hbxg7e5g5rztldy,bluesky,post,2026-07-04 19:11:53,"CORRE, S24 ULTRA MAIS BARATO QUE NA BLACK FRIDAY
🤩 Smartphone Samsung Galaxy S24 Ultra 256GB

🤑 Por: R$ 3.969 no Pix
🎟️ CUPOM: EXTRAPRAVC + NOVOCUPOM (resgate o cupom na página do produto)

🛒 Compre aqui: link.amazon/B04ghyjmY",0,Search: Samsung Galaxy S24,
bafyreifwgeky345hwjt67lcrztg7t6ywkwmaoyrkwct2nnyy4dbwvz2rwm,bluesky,post,2026-07-04 19:09:19,"#publi 🔥 O S24 Ultra pra tirar foto da lua em alta qualidade

📱 Samsung Galaxy S24 Ultra, 256GB, 12GB RAM

💵 R$ 3.969,10 Pix
💳 R$ 4.449 em até 10x s/juros

🎟️ Aplique o Cupom: NOVOCUPOM  + EXTRAPRAVC 
🔹 Exclusivo Membros Prime

link.amazon/B0hbA5gl1",0,Search: Samsung Galaxy S24,
bafyreid6ztesgetugjvsur5ofcysl2tnwdftk3a3wsmienvzpzmm52ylfy,bluesky,post,2026-07-04 05:42:41,"The port on my phone has been busted for a long time, but this thing worked wonders for me and has extended by about a year now how long Ive gone without a new phone

a.co/d/0fuhAkvq",0,Search: Samsung Galaxy S24,
bafyreib4tlzqqmidmpr324cplxqt5qyiqlxt5oot57npm7yf5x63eeyu2m,bluesky,post,2026-07-03 22:01:28,"Casing ponsel transparan tahan guncangan Samsung Galaxy S24 Ultra Plus melindungi dari terjatuh

Casing super tahan lama, perlindungan optimal untuk Galaxy S24 Ultra Plus.",0,Search: Samsung Galaxy S24,
bafyreigbiusimi6nj6cvv7qtpsrjjztouytacfwlowyyaf65bbcgkilo7e,bluesky,post,2026-07-03 21:50:07,"Samsung Galaxy S24 256 GB Onyx Black, 6.2"", 5G, 256 GB, NFC, IP68
R$ 2.789,10
Avaliação: ⭐⭐⭐⭐⭐
Loja: Magazine Luiza

Menor preço em 90 dias: R$ 2.789,10
Mediana dos preços de 90 dias: R$ 2.879,10",0,Search: Samsung Galaxy S24,
bafyreif7duliefvijdv5323m5acnt6tvvhiivrqqknd73h2s6vhjqrbmdy,bluesky,post,2026-07-03 20:25:42,"⚠️ Cupom Amazon: COMPREIOFF (resgate no anúncio)

Smartphone Samsung Galaxy S24 Ultra, 256GB | Oferta Amazon Prime Day #Anúncio Tom

R$ 4.099,10 (no pix)
👉 link.amazon/B06ajPD38

Meus grupos de ofertas:
👉 linktr.ee/tomniemand",0,Search: Samsung Galaxy S24,
bafyreihelrbns45vnve26grratl2diffm6xsxojglygawbkp3tcfskdvxi,bluesky,post,2026-07-03 20:15:29,"Smartphone Samsung Galaxy S24 Ultra, 256GB, 12GB RAM, Titânio Preto | Galaxy AI, Selfie de 12MP, Tela de 6.8"" 1-120Hz
Oferta Exclusiva Membros Prime

De: R$ 5.999,90 
🔥 Por: R$ 4.099,00 no PIX

🎟️ Use o Cupom: COMPREIOFF

link.amazon/B0iPyeW5V",0,Search: Samsung Galaxy S24,
bafyreihtzldgcnftte6nmnujcngtzhi2plwdjdmyidaod3d4oforxq7egy,bluesky,post,2026-07-03 19:38:13,"welectronics.com/shop/gsm-pho...

Samsung Galaxy S24 Ultra 5G SM-S928B/DS Titanium Violet 256GB 12GB RAM Gsm Unlocked Phone Qualcomm SM8650-AC Snapdragon 8 Gen 3 200MP
Display 6.8-inch",0,Search: Samsung Galaxy S24,
bafyreibuofupu37zgrukgafsr7hnsjq3fyb64swjdlkun5cos3ccjqz2ie,bluesky,post,2026-08-31 13:31:56,"Samsung's August Security Update Reaches the Galaxy S23 & S24 Series — Here's What's Included
www.androidheadlines.com/2026/08/sams... #GalaxyS23 #GalaxyS24 #Samsung",0,Search: Samsung Galaxy S23,
bafyreihogu4fgsli3lvfuosqiwm5l6l5wgtrohhfukhvi7x3fwjvcft2tm,bluesky,post,2026-08-31 11:19:21,"Galaxy S23 Gets August 2026 Security Update, Finally",1,Search: Samsung Galaxy S23,
bafyreidck6xjdmdxv7fnnnu7khf44sc7rpbnupclrze5nftpdbpmil2zlq,bluesky,post,2026-08-31 07:19:06,"🔥 USB C Chargeur 25W Câble pour Samsung Galaxy S26 S25 S24 S23 S22 S21 Ultra/Plus
eBay · 21.99 €
#BonPlan #HighTech #Promo",0,Search: Samsung Galaxy S23,
bafyreidx6kuspomgnwggfqsan6xl5fhlj6h62mpt5b5hma6cotixs2qhyq,bluesky,post,2026-08-31 06:35:18,"August 2026 security patch is live for the Galaxy S23 and S22 in Korea!

#Samsung #Galaxy #OneUI8_5 #OneUI8 #TeamGalaxy #GalaxyAI #TeamSamsung #TechNews #TechUpdates #GalaxyS23 #GalaxyS22",0,Search: Samsung Galaxy S23,
bafyreiaexxzeslthybrc6iwiixeweil2vaamb54uinzeobxboqhwdp2ftq,bluesky,post,2026-08-31 06:33:00,Galaxy S23 series gets the latest security update on the last day of the month www.sammobile.com/news/galaxy-...,0,Search: Samsung Galaxy S23,
bafyreihyfobaeiweofpzltcyfq3ivo7as7ffusnpmswwbigadfarvvunou,bluesky,post,2026-08-31 05:00:31,"✨ 今日のおすすめ

適用 Samsung Galaxy S23 ケース対応 少女の 可愛い 愛心の形 メッキ加工保護ケース …

👍 いま注目のアイテム
💰 1,772円

🛒 詳しくはこちら👇
https://osusume-mart.com/product.php?id=8950109&utm_source=bluesky&utm_medium=social&utm_campaign=auto_202608

#楽天 #おすすめ #お買い物 #PR",0,Search: Samsung Galaxy S23,
bafyreifghtjzyuochr762a6l5f37eaimwphzkic3ybgu7oifusrd46epca,bluesky,post,2026-08-30 17:23:17,"I currently have two phones- one for the US (iPhone 13 Pro Max) & one for Kenya (Samsung Galaxy S23 Ultra). Google Maps is showing different lake names on each device! Fake name on my iPhone, real name on my Samsung. 🤦🏻‍♀️ Both are connected to wifi with location enabled.",2,Search: Samsung Galaxy S23,
bafyreigojhrkltxsih7yp5fgqsu3o4w4wkjxm4gupbm5hrpwhtlojwc6vy,bluesky,post,2026-08-30 03:58:14,"Baseus 65W Cargador USB C GAN, Cargador Rapido Multipuerto 2 USB C y USB A, Compatible con Samsung Galaxy S23+/S22/S21/S20, iPhone 15 Pro Max/14/13/12/11, iPad Pro/Air, MacBook Air, Steam Deck

📉 Baja de 27,99 a 18,99€

💶 Ahorro: 9,00€ (32%)

🔗 https://amzlink.to/az0QigaRz3jfJ",0,Search: Samsung Galaxy S23,
bafyreiclxv5sqaoqafuqmwwcnwwr3fdngucbq4zntye5th3caihbw6bkbe,bluesky,post,2026-08-29 14:32:39,"🔥 Samsung Galaxy S23 Ultra SM-S918B/DS - 256Go - Vert (Déverrouillé) très bon état
eBay · 435.00 €
#BonPlan #HighTech #Promo",0,Search: Samsung Galaxy S23,
bafyreihsasueoqlc5rqku6ncr5b5ziriwjwrfyx6vtrja4rpfo36sw75ky,bluesky,post,2026-08-28 06:12:50,"Pra não deixar passar batido a minha falha de hoje, ficam aqui 4 registros que fiz da Lua em outros momentos.
O primeiro, de 2018, feito com uma Canon EOS Rebel T6i. Os outros três, de 2025, usando um Samsung Galaxy S23+.",0,Search: Samsung Galaxy S23,
bafyreif6hreiaaiegjzgja6yfblucykfgmkqox622ntx6vyehx5mgolkne,bluesky,post,2026-08-28 01:19:42,"• 30% OFF acima de R$29 (limitado a R$500)
🎟 Cupom: ECONOMIZEI
🔗 meli.la/1yMhi3s

• 30% OFF acima de R$29 (limitado a R$500)
🎟 Cupom: DESCONTEI
🔗 meli.la/29GY7VG

• 8% OFF acima de R$150 (limitado a R$200)
🎟 Cupom: OFFCOMMELI
🔗 meli.la/2wnjwDp",0,Search: Samsung Galaxy S23,
bafyreiahcho4cesmu4pa5mgcvadxme526xs4w3wg3dzeejafqeapiveyzu,bluesky,post,2026-08-27 22:09:56,"SAMSUNG Capa para celular Galaxy S23 Ultra Clear Gadget | Oferta Amazon #Anúncio Tom

Original Samsung

R$ 96,40
👉 link.amazon/B0dFxnTof

Meus grupos de ofertas:
👉 linktr.ee/tomniemand",0,Search: Samsung Galaxy S23,
bafyreibwczgl46vywekao6crxenzsiahwpyo4difmpdaa56x4b3eermlhi,bluesky,post,2026-08-27 01:49:49,this is why i'm switching to a clucks communicator when my samsung galaxy s23 stops receiving updates. i want an UNLOCKED bootloader NO carrier locks and the decency to give me a headphone jack and microSD card slot!! that and the keyboard and form factor is pretty sick,2,Search: Samsung Galaxy S23,
bafyreiewsof6y2ifrxjhmlp2n767634tuote522eh7itnuwiqs452ewtmq,bluesky,post,2026-08-26 21:15:09,"Belkin Cargador de Pared Doble USB tipo C de 65 W, Carga Rápida 3.0 con Tecnología GaN, cargador USB para iPhone 16, 15, 14, 13, iPad Pro, Air, MacBook, Samsung Galaxy S24, S23, Google Pixel, Blanco

📉 Baja de 49,99 a 28,10€

💶 Ahorro: 21,89€ (44%)

🔗 https://amzlink.to/az0ig7eV43bc2",0,Search: Samsung Galaxy S23,
bafyreiebfxvvuaz6xibqc3xc5odyen6pn2nhtchds6evsgr44kobjfnwkq,bluesky,post,2026-08-26 16:12:17,android-mt.ouest-france.fr/news/smartph...,0,Search: Samsung Galaxy S23,
bafyreidoy5du3ocpveyeysuceopvlocelfg3323pkhpmtbkgsfvuq6egfy,bluesky,post,2026-08-26 09:46:45,"Samsung Galaxy S23 (Android) - ich kann deinen Bug reproduzieren, teile das Video aber nicht da personenbezogene Daten unnötig veröffentlicht würden.",1,Search: Samsung Galaxy S23,
bafyreif2e3esb72nqa5poysh3jk3e2mfs3zloy63jt6hqrrmdvdv2s2zcm,bluesky,post,2026-08-26 05:51:12,"Tonight's waxing gibbous #moonshot #TimeLineCleanse adjusted for improved contrast, sharpness, and definition. Taken with my Samsung Galaxy S23 Ultra.",8,Search: Samsung Galaxy S23,
bafyreih4ftvo2i5uvnox75tadjywo22mghipkucjdnit6pcztudkrlr4wm,bluesky,post,2026-08-26 01:00:21,"153 comments on the S23 FE. Almost none mention the phone — it's all Exynos rage and Google sideloading policy rants. Meanwhile, 1-year owners: ""well impressed for the money."" The internet's mad at Samsung. Owners aren't. Who's right?

https://gyibb.com/phones/samsung-galaxy-s23-fe",0,Search: Samsung Galaxy S23,
bafyreihnsnelohnc76eae6uvlvjqy2clcbzj5djp7ouowmvex7weef4mny,bluesky,post,2026-08-25 22:59:46,"Daftar HP Second Spek Gahar Yang Masih Layak digunakan: Spek Dan Harga – industry – https://bit.ly/3UEUHLn – #Opsitek #Techno #Tekno

2026-08-26T05:31:59+07:00 Keluarga IPhone 13 Iklan Temukan daftar HP second spek gahar yang masih layak digunakan di tahun 2026, lengkap dengan spesifikasi dan…",1,Search: Samsung Galaxy S23,
bafyreictjj6qjdia6ak57y3m4r7fogdh6gsontwqke7axgry5j5hoxqhla,bluesky,post,2026-08-25 14:06:18,"🔥 Smartphone SAMSUNG Galaxy S23 128Go Noir Reconditionné grade A+ batterie neuve
299.98 €
#BonPlan #HighTech #Promo",0,Search: Samsung Galaxy S23,
bafyreiexfmyif3xjo27oc3iltcuvh7wodff26uknycrcfetwspinq3tddm,bluesky,post,2026-08-25 13:43:52,"• 25% OFF acima de R$ 29 (limite de R$ 500)
🎟️ Cupom: MAISCUPONS
🛒 Válidos: meli.la/1zmNUhB

• 25% OFF acima de R$ 29 (limite de R$ 500)
🎟️ Cupom: MELHORNOML
🛒 Válidos: meli.la/2f9rx1m

• 18% OFF acima de R$ 29 (limite de R$ 500)
🎟️ Cupom: MAISOFERTAS
🛒 Válidos: meli.la/2b1qiWL",0,Search: Samsung Galaxy S23,
bafyreigx7eut4yceik336w54lv5etma5o3reovcux4otgmur74sdd45lta,bluesky,post,2026-08-25 05:23:07,"https://mojaoprema.si/izdelek/premium-zascitno-kaljeno-steklo-9h-za-samsung-galaxy-s23-plus/ 5,99 €  PREMIUM zaščitno kaljeno steklo 9H za Samsung Galaxy S23 PLUS – Vrhunska zaščita za vaš zaslon",0,Search: Samsung Galaxy S23,
bafyreieeqmdzh3d6fpzj7ekkezetfh4httsxxsgrjyxw4ljwo2ykgrta5a,bluesky,post,2026-08-23 19:44:07,"🔥 Chargeur USB C 45W avec Câble 2m pour Samsung Galaxy S25 S24 S23 S22 S21
eBay · 25.99 €
#BonPlan #HighTech #Promo",0,Search: Samsung Galaxy S23,
bafyreibfjw4lk7r3ut5h2yy2ibfruzndmv57djhyatf6xmtwvjy7is6pny,bluesky,post,2026-08-23 14:05:01,"Found my old samsung from 2010. Wild to think how small these things used to be its like 2/3rds the size of my current galaxy s23. Kinda miss smaller phones 

#oldtech #oldphones #fruitgerareo #samsung #2010s",1,Search: Samsung Galaxy S23,
bafyreigpetayijjwehedo5ef3akmd2q5waof43he44oajbvibx6ndokvei,bluesky,post,2026-08-23 07:20:30,"#publicidad

🔥 ¡OFERTA AMZ! 🔥

Belkin BoostCharge cable USB C trenzado (cable USB-C a USB-C, cable USB Tipo C para iPhone 16, iPhone 15, Samsung Galaxy S24, S23, Google Pixel, iPad, MacBook, Nintendo...

💰 Precio: 7,32€ (Antes: 14,90€)

🔗 https://www.amazon.es/dp/B085Y899HP/?tag=infocompras08-21",0,Search: Samsung Galaxy S23,
bafyreicgf7ujhbcptoxty6rk5neejqceangvn7ndypxtodwvahmivf6szy,bluesky,post,2026-08-22 22:46:43,"🔥 Samsung Galaxy S23 SM-S911U Android Smartphone 128 Go Vert Modèle SM-S911U
eBay · 270.00 €
#BonPlan #HighTech #Promo",0,Search: Samsung Galaxy S23,
bafyreibbcwy6oq3aaptvajd7u5ltuskztcuoqqc2drvqcmrzzceaaotyhi,bluesky,post,2026-08-22 19:25:34,"Mandala Samsung Galaxy S23 Ultra Läppäkotelo – Khaki

EUR 0.00 Lisää tietoa",0,Search: Samsung Galaxy S23,
bafyreicqtgzke7dk2lw6lci4qyeou73phueyd3ac2neu7jbrijgoxymyga,bluesky,post,2026-08-22 18:23:25,"Mandala Samsung Galaxy S23 Plus Läppäkotelo – Khaki

EUR 0.00 Lisää tietoa",0,Search: Samsung Galaxy S23,
bafyreic25qi5acapxg7k5xvtobxzvvkfo5uy7q7mstgbv7nepn62ifdigi,bluesky,post,2026-08-22 17:23:12,"Mandala Samsung Galaxy S23 Läppäkotelo – Sininen

EUR 0.00 Lisää tietoa",0,Search: Samsung Galaxy S23,
bafyreig4hesk5dsjg6lylee4jedtnojqpijjjrenrlgatgaihnr32y6jnm,bluesky,post,2026-08-22 15:49:27,"Resumo do que o leaker @kro_roe
 tem dito sobre a linha Galaxy S27 
👇 
Comunicação por satélite

S27 Ultra e S27 Pro devem ser os primeiros Galaxy com suporte a satélite.
Samsung planeava desde o S23 Ultra, mas cancelou até agora.",0,Search: Samsung Galaxy S23,
bafyreidjqyjavj46ucvcafepsqesg7wujatp34dadouuzuhxqy2paurrpq,bluesky,post,2026-08-22 13:19:29,"Mandala Samsung Galaxy S23 Läppäkotelo – Vihreä

EUR 0.00 Lisää tietoa",0,Search: Samsung Galaxy S23,
bafyreidfulkf3x7222jweesmasta5cuv2ptmvykq5q4tan43lh7tuse3t4,bluesky,post,2026-08-22 05:20:20,"Pro uživatele smartphonů Samsung Galaxy to není dobrá zpráva. Výrobce potvrdil ukončení podpory pro řadu S23. Týká se to velkých aktualizací funkcí. …

https://www.chip.cz/novinky/galaxy-s23-android17-oneui9",0,Search: Samsung Galaxy S23,
bafyreibu5hdinqoseokgrzvvxghzhkfey35onsb5no64stzb6y4zfd3icy,bluesky,post,2026-08-21 16:47:20,"🔥 SMARTPHONE SAMSUNG GALAXY S23 5G SM S911B 128 Go DUAL SIM 6,1"" 50MP CRÈME...
eBay · 243.35 €
#BonPlan #HighTech #Promo",0,Search: Samsung Galaxy S23,
bafyreiedv7dy5pfroxbpy45x4xq4wczwbj6awe7whjiamjme654bybv76e,bluesky,post,2026-08-20 10:18:50,"🔥 SMARTPHONE SAMSUNG GALAXY S23 ULTRA 5G SM S918B 512 Go DUAL SIM 6,8 POUCES...
eBay · 432.63 €
#BonPlan #HighTech #Promo",0,Search: Samsung Galaxy S23,
bafyreiaxp5lxuirtresjxp3brkqkeeko264qllsu2ekqccwym3ndmkqpvq,bluesky,post,2026-08-19 15:12:36,"• 25% OFF acima de R$29 (limite de R$500)
🎟️ Cupom: MAISCUPONS
🛒 Válidos: meli.la/1zmNUhB

• 20% OFF acima de R$39 (limite de R$30)
🎟️ Cupom: MAKE20
🛒 Válidos: meli.la/2tbaA7C

• R$50 OFF acima de R$299
🎟️ Cupom: PET50WEEK
🛒 Válidos: meli.la/26bNx6v",0,Search: Samsung Galaxy S23,
bafyreidhgelr4of6ogr2j7hsmy3kalr64hi7fh4rody226c3bwotlbprce,bluesky,post,2026-08-18 22:18:25,"This charger for under $10 actually supports PPS for Samsung phones and tablets (bypass charging)

amzn.to/4wFGRpw",0,Search: Samsung Galaxy S23,
bafyreidbqrop6aqvncr6dhsldvoiu6p2blxrrk3evpkbkahxxjwc6mjazi,bluesky,post,2026-08-18 18:00:16,Capa Magnética Dobrável com Proteção Total da Lente para Samsung Galaxy S26 S25 S24 S23 Ultra A57 A56 A37 A36 Compat,0,Search: Samsung Galaxy S23,
bafyreid5unjifini2assbpdlmw4zovl4zignibq2bc3ihdhbr5pvwxd5qa,bluesky,post,2026-08-18 04:18:00,"#Ypsilanti, Mi 08/16/26 #photography #landscape",11,Search: Samsung Galaxy S23,
bafyreicsdvneldv657vcnkbnjpgwh7hffk7cs3mbbbeqvphlyrndvzuqgq,bluesky,post,2026-08-18 01:55:10,"🛒
📱かわいいパン型のスマホケース（ストラップ付き）

Samsung Galaxy S25、S24、S24 Plus/S24+、S24 Ultra、S24 FE、S20、S21、S22、S23、11/11 Pro/11 Pro Max、12/12 Pro/12 Pro Max、13/13 Pro/13 Pro Max、14/14 Pro/14 Pro Max、15/15 Pro/15 Pro Max、16/16 Proに対応。 ベストセラー#1
価格[¥557] 
onelink.shein.com/48/5z7odehrt...",0,Search: Samsung Galaxy S23,
bafyreihljsikh2vicixxmowo44fm2gjvodqdt4v7fsjdk67znxo2tyagz4,bluesky,post,2026-08-17 18:13:15,"S23 ULTRA (seminovo) POR MENOS DE 1K

Samsung Galaxy S23 Ultra 5G 256GB Tela 6.8'' 12GB RAM IP68 Processador Qualcomm Snapdragon 8 Gen 2 Câmera Quádrupla de até 200MP + Selfie 12MP - Verde (Seminovo)

R$ 941

Loja Oficial Amazon 
link.amazon/B0hieSpSu",0,Search: Samsung Galaxy S23,
bafyreihisxuhde64v2or3anotvlmyje4hktqcvrvx6xhaav5ji3hiqukea,bluesky,post,2026-08-17 18:12:50,"FOTO DE CASAMENTO DE CINEMA NO BOLSO

Samsung Galaxy S23 Ultra 5G 256GB
💰 De R$ 3.079,00 por R$ 941,00
🔗 Ver Oferta
🅰️ Loja: Amazon",0,Search: Samsung Galaxy S23,
bafyreiclqfiex75mvap6ppeo52aaw6l2zogxm7pvlmq4up3qqm77uqr6yq,bluesky,post,2026-08-16 21:12:08,"A quick (and shaky) macroshot of a green shield bug. I found it dead in a lampshade. Shots are made with my Samsung Galaxy S23 Ultra and a tiny (wannabe) clip-on microscope.  

Check my YouTube channel (Nairolf Slednib) for more:  

youtu.be/xEirbjYBwUo?...

#microscope #microphotography",0,Search: Samsung Galaxy S23,
bafyreifsftubnnuqzfbxdsoi4waekdxc63357nckxuj2pepwn6d3qxgm6e,bluesky,post,2026-08-16 21:11:09,"A quick (and shaky) macroshot of a green shield bug. I found it dead in a lampshade. Shots are made with my Samsung Galaxy S23 Ultra and a tiny (wannabe) clip-on microscope.  

Check my second YouTube channel (Nairolf Slednib) for more:  

youtu.be/xEirbjYBwUo?...

#microscope #microphotography",0,Search: Samsung Galaxy S23,
bafyreieavockhpjmcr7m42xr2cpf7ikzm74j6djqfmzik2rmwpuqoak3f4,bluesky,post,2026-08-16 20:26:08,"A quick (and shaky) macroshot of a green shield bug. I found it dead in a lampshade. Shots are made with my Samsung Galaxy S23 Ultra and a tiny (wannabe) clip-on microscope.  

Check my second YouTube channel (Nairolf Slednib) for more:  

youtu.be/xEirbjYBwUo?...

#microscope #microphotography",0,Search: Samsung Galaxy S23,
bafyreicodyv3yoo5fs2e3zokhvdktychukdnpmv6ly3aa3uubhapuakjya,bluesky,post,2026-08-16 17:53:01,"A quick (and shaky) macroshot of a green shield bug. I found it dead in a lampshade. Shots are made with my smartphone (Samsung Galaxy S23 Ultra) and a tiny (wannabe) clip-on microscope.  

Check my second YouTube channel (Nairolf Slednib) for more:  youtu.be/xEirbjYBwUo?...",5,Search: Samsung Galaxy S23,
bafyreiegkegafja42a6c4l4sc35hm3wxvvugirumhhkm2o3g46uxlwd5gu,bluesky,post,2026-08-16 15:13:44,"The right equipment can unlock incredible experiences.

YWXTW Camera Lens Protector for Samsung Galaxy S23 Ultra

🔭 https://www.amazon.com/dp/B0BQW5SX84?tag=jwebb004-20&linkCode=osi&th=1&psc=1 #ad #paidlink #AmazonAffiliate #Tech #Gadgets",0,Search: Samsung Galaxy S23,
bafyreigrz2was5biiyxtkbk33ayn74at7tibzbzul3ak5fiajxvw46lstq,bluesky,post,2026-08-16 12:20:14,"❌ Precio anterior: 4,36 € 
💶 OFERTA: 1,66 € (-62%)

✅ Cómpralo aquí 👉 https://s.click.aliexpress.com/e/_Ez6X3PG

Auriculares con cable tipo C para Samsung Galaxy S23 S21 S22 Ultra Plus, auriculares de 3,5 mm, accesorios A54 A34 A53…

 #Telefonos",0,Search: Samsung Galaxy S23,
bafyreih242ffkxjuelwihofvtt3u54wez22dlt4n5sx3lrlajnbjjcw6ny,bluesky,post,2026-08-14 18:30:07,"Galaxy S23, S24 i S25 trafiły do pozwu patentowego. Chodzi o funkcję, która usypia GPS, gdy telefon się nie rusza, by oszczędzać baterię. Na razie użytkownicy nie mają powodów do obaw 📍🔋",1,Search: Samsung Galaxy S23,
bafyreicdtd2turohzinx2bwhj3dhb7flwylqska7jhldk3wqxkfk7tuvgq,bluesky,post,2026-08-14 05:00:06,"Galaxy Z Fold8 Ultra to mniej telefon, a bardziej kieszonkowy komputer: 3 aplikacje naraz, Excel bez męki i One UI 9, które wreszcie robi użytek z dużego ekranu. Czy składaki właśnie znalazły swój sens? 📱",1,Search: Samsung Galaxy S23,
bafyreiei5777gbzet2t2i4tmspdmz6ugr4kos6k3coizcjxerd5j2iolhy,bluesky,post,2026-08-13 15:53:29,s.click.aliexpress.com/e/_c4aTHCpt,1,Search: Samsung Galaxy S23,
bafyreia4butmdoclqpecmp3t7z2kwii7io5zo36widmkrdwq3j6qpxijqa,bluesky,post,2026-08-13 10:17:56,"🔥 Samsung Galaxy S23 Ultra 256 Go Violet - Excellent - Garantie 1 an
eBay · 619.00 €
#BonPlan #HighTech #Promo",1,Search: Samsung Galaxy S23,
bafyreicjgtfrj4zkygycooqoiciulw7lvauazuzywz26ygvxmuuq5x2wwe,bluesky,post,2026-08-13 10:07:08,"🔥 Samsung Galaxy S23 Ultra 256 Go Violet - Excellent - Garantie 1 an
eBay · 619.00 €
#BonPlan #HighTech #Promo",0,Search: Samsung Galaxy S23,
bafyreicxn3iyl6udkjvgvwbyinsutpvardvak67op7dc3tjf63dvuicjla,bluesky,post,2026-08-13 09:23:45,"🔥 Samsung Galaxy S23 FE 256 Go Graphite - Excellent - Garantie 1 an
eBay · 389.00 €
#BonPlan #HighTech #Promo",0,Search: Samsung Galaxy S23,
bafyreidruv7yaukdca57arbyeqxa4wdxy2p4u2drxdzy5gcciuddfsho6e,bluesky,post,2026-08-12 22:36:23,"The last good Samsung I had was the Galaxy s21, but I had to trade it in when the internal antenna/GPS started having hardware malfunctions that required frequent full restarts to reconnect to networks.
The s23 is alright but Bixby and GalaxyAI being integrated (though optional) makes me weary.",1,Search: Samsung Galaxy S23,
bafyreigji5ahwnmjuzae7opnmcbixiwte356qzemwrtm2dlg277rwrsray,bluesky,post,2026-08-12 19:52:31,"Major Discount !

Samsung Galaxy S23 FE 5G, US Version, 128GB, Black - Unlocked (Renewed)

Price: $232.0 (MSRP: $386.44 | You Save 39.96%)

Rating: 4.4 (1029 reviews)

Get it here: https://budgetbuzz.deals/?l=https://www.amazon.com/dp/B0CRPQ8W8X?tag=buzzdeals0b-20
#ad",0,Search: Samsung Galaxy S23,
bafyreigcq6q3wrgabvxb4nr4m6btkao6q5k2qqyndd22rgv2ry7iu7b45a,bluesky,post,2026-08-12 18:26:14,"Solar ellipse in Aalborg in Denmark. Photos taken 19.56 local time with my Samsung Galaxy S23 Ultra..

We didnt have any special sunglasses but fortunately my phones camera is extremely good...",0,Search: Samsung Galaxy S23,
bafyreig4u7le3ddxmgdcjd6gyo47nncu3jgomtvok3ro2giscta74ba5wi,bluesky,post,2026-08-12 14:48:30,"🔥 Samsung Galaxy S23 FE 128 Go Beige - Excellent état - Garantie 1 an
eBay · 299.00 €
#BonPlan #HighTech #Promo",0,Search: Samsung Galaxy S23,
bafyreihg7j5fmg4j54tsds5hldu5vqunozm3ti5dt5vxl2e7wqhxcc33l4,bluesky,post,2026-08-12 07:09:49,"🔥 Samsung Galaxy S23 Ultra 512 Go Violet - Acceptable - Garantie 1 an
eBay · 469.00 €
#BonPlan #HighTech #Promo",0,Search: Samsung Galaxy S23,
bafyreihoupizk5sgtknchzrin5er6iie5lcgyucdvgbxhmkbzkhez7p5ca,bluesky,post,2026-08-12 01:47:37,"Baseus 65W Cargador USB C GAN, Cargador Rapido Multipuerto 2 USB C y USB A, Compatible con Samsung Galaxy S23+/S22/S21/S20, iPhone 15 Pro Max/14/13/12/11, iPad Pro/Air, MacBook Air, Steam Deck

📉 Baja de 27,99 a 19,99€

💶 Ahorro: 8,00€ (29%)

🔗 https://amzlink.to/az0QigaRz3jfJ",0,Search: Samsung Galaxy S23,
bafyreia43yfujbi5g3ysfzrk5vdlwd4kagdaswerqlebenxdoft6tkvvay,bluesky,post,2026-08-11 21:17:44,"🔥 Samsung Galaxy S23 FE 256 Go Beige - Acceptable - Garantie 1 an
eBay · 339.00 €
#BonPlan #HighTech #Promo",0,Search: Samsung Galaxy S23,
bafyreibg5xlj72ld7itnyd4rixwf224peh3uywcgltmrgoul4vtydjdib4,bluesky,post,2026-08-11 20:42:23,"🔥 Samsung Galaxy S23 Plus 512 Go Vert - Très bon état - Garantie 1 an
eBay · 409.00 €
#BonPlan #HighTech #Promo",0,Search: Samsung Galaxy S23,
bafyreicpzmfjegds7443garj5ymhzrud6plc25g5ikofg57gdo7qdmkula,bluesky,post,2026-08-11 20:21:16,"🔥 Samsung Galaxy S23 Ultra 512 Go Beige - Excellent état - Garantie 1 an
eBay · 559.00 €
#BonPlan #HighTech #Promo",0,Search: Samsung Galaxy S23,
bafyreict4f7rpkd4qbvdzm3ktna3jqketifjgy6wtcorri646mzs2b4s5q,bluesky,post,2026-08-11 20:21:14,"🔥 Samsung Galaxy S23 Plus 256 Go Graphite - Très bon état - Garantie 1 an
eBay · 379.00 €
#BonPlan #HighTech #Promo",0,Search: Samsung Galaxy S23,
bafyreif54tsxraijrs2czxgbuh6gwzumleej7eicx2vw7xyazgigtmvu5u,bluesky,post,2026-08-11 20:18:07,"🔥 Samsung Galaxy S23 Plus 256 Go Beige - Très bon état - Garantie 1 an
eBay · 379.00 €
#BonPlan #HighTech #Promo",0,Search: Samsung Galaxy S23,
bafyreievyb4kzkjxafi7b6n2uw46wnnjwpycjcoqdigyyywkx5ceal75c4,bluesky,post,2026-08-11 20:17:55,"🔥 Samsung Galaxy S23 Ultra 512 Go Beige - Excellent état - Garantie 1 an
eBay · 559.00 €
#BonPlan #HighTech #Promo",0,Search: Samsung Galaxy S23,
bafyreieikdq6eec5txqgktznugp4ppdcnas6imnygq25u77h6wplyg2w7a,bluesky,post,2026-08-11 15:05:06,One UI 9 con Android 17 será la última gran actualización para el Samsung Galaxy S23 FE - https://pisapapeles.net/one-ui-9-con-android-17-sera-la-ultima-gran-actualizacion-para-el-samsung-galaxy-s23-fe/,0,Search: Samsung Galaxy S23,
bafyreift6rfczucxqtviot2lkraiha7rlhifjbntamfnkvbwkc2sflp52e,bluesky,post,2026-08-11 13:07:50,"The upcoming eclipse takes me back to this story I did in 2024. That was a fun day.
www.techradar.com/phones/i-sho...",3,Search: Samsung Galaxy S23,
bafyreiao4gdn4zkynyoniw5n2fc447chxigx7wadtqt7xsiesuv6oce37u,bluesky,post,2026-08-11 13:03:01,"🔥 Samsung galaxy S23 ultra vert, 256 go de stockage et 8 go de ram
eBay · 450.00 €
#BonPlan #HighTech #Promo",0,Search: Samsung Galaxy S23,
bafyreibzjf4s5ayexa3dxjtaa4ycr2c6b3qgza6o62tvtvp2ks6uw4pzeu,bluesky,post,2026-08-11 10:46:38,"20万超えのGalaxy最新機、正直高すぎません…？

発売されたばかりのS26 Ultraに待った！
10万台前半で買える「型落ちハイエンド機」こそ、2026年の一番賢い勝ち筋です。

S25 UltraやS23 Ultraが、今どれだけお買い得か徹底解説しました👇

#Galaxy
https://note.com/high_harihari/n/n589991033ac8",0,Search: Samsung Galaxy S23,
bafyreieqti5faiqb7ea3ure2nmk3q3gog2nrjtq3azjmjdviepzjj77ch4,bluesky,post,2026-08-11 09:23:59,"🔥 Samsung Galaxy S23 Ultra 512 Go couleur exclusive Rouge SM-S918B/DS
eBay · 410.00 €
#BonPlan #HighTech #Promo",0,Search: Samsung Galaxy S23,
bafyreidturisruxs7jtyvsvwocnwmeczovhcc72jjqkw7po6t73ywo7lku,bluesky,post,2026-08-11 07:59:24,"🔥 Verre d'écran MUSTTBY avec OCA pour Samsung Galaxy S23 Ultra SM-S918
eBay · 27.12 €
#BonPlan #HighTech #Promo",0,Search: Samsung Galaxy S23,
bafyreiego3iuj2scy7kf3xovthyyuotuojnz7qxfgknxj5mnhgpvgcnjye,bluesky,post,2026-08-10 15:37:27,"🔥 Samsung Galaxy S23 Ultra 256 Go Violet - Très bon état - Garantie 1 an
eBay · 479.00 €
#BonPlan #HighTech #Promo",0,Search: Samsung Galaxy S23,
bafyreidy5oh5j6a5plrmwo6rbdardlu2fk7x4iqjq7fnly4gjxrfzoupdu,bluesky,post,2026-08-10 10:22:15,"🔥 Samsung Galaxy S23 Ultra 256 Go Graphite - Excellent état - Garantie 1 an
eBay · 519.00 €
#BonPlan #HighTech #Promo",0,Search: Samsung Galaxy S23,
bafyreicxox2y3npeawcvtm6txtwpsqbk3qr4umu4xu4ngvvktd5fkgsmxu,bluesky,post,2026-08-10 10:11:20,"🔥 Samsung Galaxy S23 Ultra 256 Go Graphite - Excellent état - Garantie 1 an
eBay · 519.00 €
#BonPlan #HighTech #Promo",1,Search: Samsung Galaxy S23,
bafyreia23npvikflz4kph5o4lua4kc2h3r2ooetyw3lohcp5aepdgigi2m,bluesky,post,2026-08-10 09:49:41,"🔥 Samsung Galaxy S23 256 Go Graphite - Acceptable - Garantie 1 an
eBay · 349.00 €
#BonPlan #HighTech #Promo",1,Search: Samsung Galaxy S23,
bafyreiakq765cypt4kpoqlr6oinqk3mpp6tbjtsrfvm4clj7jlsp73rjaq,bluesky,post,2026-08-10 09:33:50,"🔥 Samsung Galaxy S23 256 Go Graphite - Acceptable - Garantie 1 an
eBay · 349.00 €
#BonPlan #HighTech #Promo",0,Search: Samsung Galaxy S23,
bafyreifk7kb2btwazlhaxcrvgqg3nohcuomirahdkeqg3rd3txoz6c3hsy,bluesky,post,2026-08-10 09:26:00,"De Samsung Galaxy S23 FE lijkt volgend jaar geen update meer te krijgen naar Android 18. Dat is opvallend, want daarmee blijft het toestel steken op drie nieuwe versies van…",0,Search: Samsung Galaxy S23,
bafyreihaechw3jjaxvpp4zjrxu3ncefleqtb2c4e3ehn3rcaiogyosohmy,bluesky,post,2026-08-10 09:23:25,"🔥 Samsung Galaxy S23 256 Go Graphite - Acceptable - Garantie 1 an
eBay · 349.00 €
#BonPlan #HighTech #Promo",0,Search: Samsung Galaxy S23,
bafyreieerybd5ujbfty2tyle3tprpybp7hsxy2irerqscsuuntxhwcr5xy,bluesky,post,2026-08-10 08:35:06,"🔥 Samsung Galaxy S23 256 Go Beige - Très bon état - Garantie 1 an
eBay · 369.00 €
#BonPlan #HighTech #Promo",0,Search: Samsung Galaxy S23,
bafyreiblwttucbsyun3kv4p6pfdmc3wgmg5ynevtwxgqi2stmugidn4zmm,bluesky,post,2026-08-09 21:14:31,"Samsung corrige linha verde em fotos, mas só para estes celulares

A Samsung lançou uma atualização para o app Câmera que corrige a linha verde nas miniaturas de fotos em alta resolução. Por enquanto, a correção vale apenas para a linha Galaxy S23.",0,Search: Samsung Galaxy S23,
bafyreidqzosxz5gtqzkwfjgf7jhacnhtsw2bduabe6kdr6x5dl3jfov2xm,bluesky,post,2026-08-09 20:47:35,Samsung Just Confirmed What Galaxy S23 Owners Feared Most,0,Search: Samsung Galaxy S23,
bafyreiasut5pbi4ayyz24llxsym7pz4pda4hvimbibmqes37fvw4rve7ia,bluesky,post,2026-08-09 18:57:04,"🔥 Samsung Galaxy S23 256GB Green – Smartphone, 6,1″ Dynamic AMOLED 2X, Snapdragon 8 Gen 2, 50 MP & IP68 & ohne Vertrag
Samsung · 459.99 €
#BonPlan #HighTech #Promo",0,Search: Samsung Galaxy S23,
bafyreihoegvyzelkuhspopzo6omsjlsueer33feyl3k4phzks5xotscpdq,bluesky,post,2026-08-09 16:33:21,Samsung hat das Support-Ende für die Galaxy-S23-Reihe bei großen Updates bestätigt. One UI 9.0 soll für alle Modelle der letzte große Versionssprung sein.,1,Search: Samsung Galaxy S23,
bafyreifc54mcjzts7mcpwqftimrrve3dwslm6fgyfrs3dtlcgmpml4x7um,bluesky,post,2026-08-09 16:01:21,"🗞 Компанія Samsung офіційно підтвердила, що серія смартфонів Galaxy S23, яка включає моделі S23, S23+, S23 Ultra та S23 FE, отримає One UI 9.0 на базі Android 17 як своє останнє велике оновлення операційної системи.

https://t.co/JKcAN27tTc",0,Search: Samsung Galaxy S23,
bafyreiccoqgq4khqaf7sxgafj3qhbgdxkupadxd74rlhx3depbw47kedxu,bluesky,post,2026-08-09 14:09:54,Android 17-based One UI 9 to be the last major upgrade for the Samsung Galaxy S23 FE - https://www.gsmarena.com/samsung_galaxy_s23_fe_android_17_one_ui_9_last_major_os_upgrade-news-74079.php,1,Search: Samsung Galaxy S23,
bafyreiendcvjprmsdrm5w6xn2agcw6ievopy7mfwvjnvdweflqe3nmvyvi,bluesky,post,2026-08-09 11:54:36,Samsung beendet große Android-Upgrades für die Galaxy-S23-Serie mit One UI 9.0. Sicherheits-Patches bleiben für fünf Jahre verfügbar.,2,Search: Samsung Galaxy S23,
bafyreidmcvhspq7amlzrt6bgggu4ihfwbub4xnujwrrac7nk7xp5c75hti,bluesky,post,2026-08-09 10:00:15,Samsung naprawił irytujący błąd aparatu: zieloną linię przy miniaturach zdjęć w wysokiej rozdzielczości. Zaskoczenie? Łatka 16.5.03.2 trafiła na razie tylko do serii Galaxy S23. Sprawdzicie ją w Galaxy Store.,1,Search: Samsung Galaxy S23,
bafyreifx5axw4e26bhdx4znfro33zyem64ds34mohi3oarkqbdjd2dhctu,bluesky,post,2026-08-09 09:36:26,Samsung hat das Support-Ende für die Galaxy-S23-Reihe bei großen Updates bestätigt. One UI 9.0 soll für alle Modelle der letzte große Versionssprung sein.,1,Search: Samsung Galaxy S23,
bafyreiftrehsbjupnxya54xavt2qaxqmvaj6pd74ocuktjhn2tz7sgkkou,bluesky,post,2026-08-08 22:08:44,Im gonna pick up drawing on my phone which is the Samsung galaxy S23 any suggestions?,2,Search: Samsung Galaxy S23,
bafyreieobzeeuxd64xor2lg6t4eagmnrqftzapsj2dy5pkdcggwunsvgf4,bluesky,post,2026-08-08 21:51:57,"Samsung has confirmed that One UI 9.0 will be the last major update for the Galaxy S23 series, including the Galaxy S23 FE.",1,Search: Samsung Galaxy S23,
bafyreihzq5cbf6auh7oe7ilon63dsflnm36npudlsg7weoobaczneguiru,bluesky,post,2026-08-08 04:43:43,"🔥 Samsung Galaxy S23 Ultra 1 To Noir - Très bon état - Garantie 1 an
eBay · 569.00 €
#BonPlan #HighTech #Promo",0,Search: Samsung Galaxy S23,
bafyreicad3xiz56vij254lh3764jtyrbjkpeidi6thyxwnwvozoubjeeaq,bluesky,post,2026-08-08 03:31:52,"🔥 Samsung Galaxy S23 Ultra 1 To Noir - Très bon état - Garantie 1 an
eBay · 569.00 €
#BonPlan #HighTech #Promo",0,Search: Samsung Galaxy S23,
bafyreievkpfgxculqwyxhlrcrtx5wagpzrqxxppudu5hzgbejcqmrdi64u,bluesky,post,2026-08-08 00:05:08,Samsung confirma que One UI 9 será la última gran actualización para los Galaxy S23 - https://pisapapeles.net/samsung-confirma-que-one-ui-9-sera-la-ultima-gran-actualizacion-para-los-galaxy-s23/,0,Search: Samsung Galaxy S23,
bafyreihkc53mdorzuuigldjbxjowtmeo4zp7nwkij4nwt3gzdna7jqjoqe,bluesky,post,2026-08-07 21:58:34,"📱 Samsung підтвердила: One UI 9.0 стане останнім оновленням для Galaxy S23

Компанія офіційно підтвердила, що вся серія Galaxy S23 — S23, S23+, S23 Ultra та S23 FE — отримає One UI 9.0 на базі Android 17 як фінальне велике оновлення. #Samsung #GalaxyS23 #OneUI9 #Android17

👉 t.me/dplse/783",1,Search: Samsung Galaxy S23,
bafyreigzsdxse26i2kxcybye2mpo5wbfzahmxcg3aapg77p2bmfvbyp5zy,bluesky,post,2026-08-07 21:00:27,Initial — Samsung anuncia que One UI 9 será última atualização para Galaxy S23 #Initial #Samsung #News,0,Search: Samsung Galaxy S23,
bafyreiezbutzjhexp56volurk7xxsbp2rhklwien7hcegd3imrbomwrbpa,bluesky,post,2026-08-07 20:17:05,"Samsung muda política? One UI 9 será última atualização da linha Galaxy S23
https://www.techtudo.com.br/noticias/2026/08/samsung-muda-politica-one-ui-9-sera-ultima-atualizacao-da-linha-galaxy-s23-edapps.ghtml?utm_source=flipboard&utm_medium=activitypub 

Posted into Tecnologia […]",0,Search: Samsung Galaxy S23,
bafyreielgmpbhujr3j5um53wqwl3f4bl55ixj2nw4vqs2laxw6tjzj7fce,bluesky,post,2026-08-07 19:00:06,"Galaxy S23 szykuje się na ostatnią dużą aktualizację: One UI 9 z Androidem 17. Samsung dowiezie obiecane 4 lata dużych update’ów, ale dla wielu użytkowników to już symboliczny początek emerytury tego flagowca.",1,Search: Samsung Galaxy S23,
bafyreieiumrccqzbsraqvqcm7co2zsdshwko37baesnlr4yi25ciht3yu4,bluesky,post,2026-08-07 18:50:07,"Samsung Quietly Fixes Galaxy Camera Bug as Galaxy S23 Users Receive Long-Awaited Green Line Thumbnail Repair Update + Video

A Small Camera Fix Solves a Frustrating Galaxy Smartphone Problem Smartphone cameras have become one of the most important features for modern users, with millions of people…",0,Search: Samsung Galaxy S23,
bafyreib6bd3kmpig2s36wxj2ooo2e2juhaamxfnem5272nmucqcu4ook3q,bluesky,post,2026-08-07 19:06:08,"A Samsung Galaxy S23 FE encerra atualizações com o Android 17. O dispositivo não chegará ao Android 18, segundo a marca sul-coreana. 📱

#android #fe #galaxy #samsung",0,Search: Samsung Galaxy S23,
bafyreiatqzok3lduozu4d7wwhmlfnatkltodj3pkac3vjs56du5av7assa,bluesky,post,2026-08-07 17:11:30,"Samsung Officially Confirms the Final Major Android Update for the Galaxy S23 Series: What It Means for Millions of Users + Video

Introduction: A Milestone That Marks the End of an Era Software updates are one of the most important factors when buying a smartphone today. While flagship hardware…",0,Search: Samsung Galaxy S23,
bafyreidfxnfcaicgj45ltj7ssp7a75y2u4ljiewiggescc32gv4zmilxpu,bluesky,post,2026-08-07 14:35:45,"Galaxy S23 series to receive One UI 9.0 as its last major update, Samsung confirms www.sammobile.com/news/galaxy-...",0,Search: Samsung Galaxy S23,
bafyreicvtlu4vk6tho3v3vifmdwilwzvyzvx6jozj6xot4wr5i623pikti,bluesky,post,2026-08-07 11:47:50,"🔥 Samsung Galaxy S23 Ultra 512 Go Noir - Très bon état - Garantie 1 an
eBay · 519.00 €
#BonPlan #HighTech #Promo",0,Search: Samsung Galaxy S23,
bafyreiaw3x5eai2kxkvffm3ck4ego6q2rnmpb7zf6sucqaw7m6bsn7mili,bluesky,post,2026-08-07 11:47:47,"🔥 Chargeur Rapide 25W USB-C pour Samsung Galaxy S22 S23 S24 Z Fold Noir
eBay · 16.99 €
#BonPlan #HighTech #Promo",0,Search: Samsung Galaxy S23,
bafyreicmsvdjthfrpu4ar7yep32nblnd5chccrwboiqturnickl6jf32gm,bluesky,post,2026-08-07 11:37:22,"🔥 Samsung Galaxy S23 Ultra 512 Go Noir - Très bon état - Garantie 1 an
eBay · 519.00 €
#BonPlan #HighTech #Promo",0,Search: Samsung Galaxy S23,
bafyreif3dzy5wtaly27uhc5bt6zxxzyddaobsc5xtrzshy4ubmde45k2be,bluesky,post,2026-08-07 08:45:24,"Samsung Galaxy S25 / S25 Ultra 用MagSafeケース – PITAKA Japan share.google/3PzVX3lZjESI...
もうs23の無かったわ。そしてs26もねー！撤退したか？
原付から叩き落としも無傷の無敵カバー",0,Search: Samsung Galaxy S23,
bafyreick3laneamqdjr7ld2gqbt3nr2mfqkqeqr43jcxgqghzgtrcbqpua,bluesky,post,2026-08-06 18:46:51,"🔥 Samsung Galaxy S23 Ultra 512 Go Vert - Acceptable - Garantie 1 an
eBay · 469.00 €
#BonPlan #HighTech #Promo",0,Search: Samsung Galaxy S23,
bafyreih4cx7gidtjs62jmquifoohs2uj4urmhqj5ib6woanrgpcfoeztxm,bluesky,post,2026-08-06 18:43:40,"🔥 Samsung Galaxy S23 Ultra 512 Go Vert - Acceptable - Garantie 1 an
eBay · 469.00 €
#BonPlan #HighTech #Promo",0,Search: Samsung Galaxy S23,
bafyreiab4tsoctl3bgrxq7fm4jcpsa2h7nxej7cz56tlrrtxjfglr6aava,bluesky,post,2026-08-06 12:21:25,"🔥 Samsung Galaxy S23 128 Go Beige - Très bon état - Garantie 1 an
eBay · 349.00 €
#BonPlan #HighTech #Promo",1,Search: Samsung Galaxy S23,
bafyreignhqoe2kw5gutjtoiptwh7jenn6jw2w7ipsebcgi5j2aifgt3sne,bluesky,post,2026-08-06 12:18:13,"🔥 Samsung Galaxy S23 128 Go Beige - Très bon état - Garantie 1 an
eBay · 349.00 €
#BonPlan #HighTech #Promo",0,Search: Samsung Galaxy S23,
bafyreifsp3fjzxfo3idt2jg62vine7fmzj6uiiktmgzpu2s2sui6a23uma,bluesky,post,2026-08-06 06:50:43,"🔥 Samsung Galaxy S23 Ultra 512 Go Violet - Très bon état - Garantie 1 an
eBay · 519.00 €
#BonPlan #HighTech #Promo",0,Search: Samsung Galaxy S23,
bafyreihr5tvyheijc55kyxmr5m4ajikv3qcpv5rqvqs3bpqfsd342s444m,bluesky,post,2026-08-06 05:32:31,"Rubén, experto en tecnología: “Este móvil Android de hace 3 años sigue siendo de lo mejor que puedes comprar” 👇",0,Search: Samsung Galaxy S23,
bafyreieyomquhy34gtmmnb7lvkedyyui4fpdi3o7smusm5ja653bnd5fqy,bluesky,post,2026-08-05 21:55:45,"Ah j'ai retrouvé, déjà Samsung et Huawei donc

www.frandroid.com/marques/sams...",1,Search: Samsung Galaxy S23,
bafyreicnzo74wkpolzwfgjbt6bad7xvlyhtz3d7be4vgvbtbr26cycnwpi,bluesky,post,2026-08-05 12:15:05,"🔥 Samsung Galaxy S23 Ultra 256 Go Beige - Très bon état - Garantie 1 an
eBay · 479.00 €
#BonPlan #HighTech #Promo",0,Search: Samsung Galaxy S23,
bafyreihuqr3lgxkrgpca4hbgyhnhocluxqmskjvtywtuq5crq4ct7kd2tm,bluesky,post,2026-08-05 11:20:16,"🔥 Samsung Galaxy S23 Ultra 256 Go Vert - Acceptable - Garantie 1 an
eBay · 449.00 €
#BonPlan #HighTech #Promo",0,Search: Samsung Galaxy S23,
bafyreiglhecbjgbbd4oyyiuvsc6kpr6od3fwim5js7ojuoknpunvy3zi2u,bluesky,post,2026-08-05 10:11:29,"🔥 Samsung Galaxy S23 Ultra 256 Go Violet - Excellent état - Garantie 1 an
eBay · 519.00 €
#BonPlan #HighTech #Promo",0,Search: Samsung Galaxy S23,
bafyreighgwii3kw6po37dnlbnfrttrwozi7zieiveemswo7jqkweqgiuke,bluesky,post,2026-08-05 09:20:46,"❌ Precio anterior: 4,09 € 
💶 OFERTA: 1,96 € (-52%)

✅ Cómpralo aquí 👉 https://s.click.aliexpress.com/e/_Eu7lwHs

Audífonos Originales con Cable Tipo C para Samsung Galaxy S25 S24 S23 S22 Ultra Plus, Audífonos Intrauditivos de 3.5mm, Accesorios para…

 #Telefonos",0,Search: Samsung Galaxy S23,
bafyreibpj2vpayyemdngf7lhgdxx26y6d64n7r6avsxafuw43rizrvoppu,bluesky,post,2026-08-04 14:17:44,"🔥 Samsung Galaxy S23 Plus 512 Go Violet - Excellent - Garantie 1 an
eBay · 519.00 €
#BonPlan #HighTech #Promo",0,Search: Samsung Galaxy S23,
bafyreiavqtowccg5zdlivihjkirmvzjx5hmzdjbv5bb3ol5hk75rymmahu,bluesky,post,2026-08-04 13:55:38,"🔥 Samsung Galaxy S23 Plus 512 Go Violet - Excellent - Garantie 1 an
eBay · 519.00 €
#BonPlan #HighTech #Promo",0,Search: Samsung Galaxy S23,
bafyreihzyadm7whxbuhdmfjronavchgrgvc2p5u2mt7cmehj4avsvgapmy,bluesky,post,2026-08-04 12:07:47,"🔥 Samsung Galaxy S23 Ultra 256 Go Rouge - Très bon état - Garantie 1 an
eBay · 479.00 €
#BonPlan #HighTech #Promo",0,Search: Samsung Galaxy S23,
bafyreid6hresbwmvghs5ltfkvo3qaq6u4ijqn3u5ztsw7ynnxh5kg5bmgy,bluesky,post,2026-08-04 11:24:17,"🔥 Samsung Galaxy S23 Ultra 256 Go Noir - Très bon état - Garantie 1 an
eBay · 479.00 €
#BonPlan #HighTech #Promo",0,Search: Samsung Galaxy S23,
bafyreidj6i5nekjaoe6kpvkbrj3wqc53a777dib4gkrqjfhel2y7sir44y,bluesky,post,2026-08-04 11:18:36,"🔥 Samsung Galaxy S23 Ultra 256 Go Rouge - Très bon état - Garantie 1 an
eBay · 479.00 €
#BonPlan #HighTech #Promo",0,Search: Samsung Galaxy S23,
bafyreiajelob32laglzazbm7ow3bk5en36sbn3vfj3rvmak5aule3ua2fe,bluesky,post,2026-08-04 10:36:14,"🔥 Samsung Galaxy S23 Ultra 256 Go Noir - Très bon état - Garantie 1 an
eBay · 479.00 €
#BonPlan #HighTech #Promo",1,Search: Samsung Galaxy S23,
bafyreibbtqro7knyad3dbpepkhjhogu7z4evlb4cjz7x2z3pllgohxnnkm,bluesky,post,2026-08-04 06:50:08,"🔥 Samsung Galaxy S23 256 Go Beige - Excellent état - Garantie 1 an
eBay · 399.00 €
#BonPlan #HighTech #Promo",0,Search: Samsung Galaxy S23,
bafyreihl3uwsan4k22edmrj2cr3kd7nsmk4wgb2gt3drocarorape75xeq,bluesky,post,2026-08-04 00:46:50,"Peterborough Transit 6615
📸 Samsung Galaxy S23

#photography #transit #publicbus #ontario",4,Search: Samsung Galaxy S23,
bafyreic35vhkilxwtrfiui7rarrppxzsmf7p3daetq6vo22tgbqq77jc3i,bluesky,post,2026-08-03 00:00:52,"📝 Review: Samsung Galaxy S23 Ultra 512GB S918U Unlocked - Very Good


Best for: This device is best suited for power users who need advanced graphics and camera c…

#ProductReview #MichiFinds

📖 Full review → https://michifinds.com/reviews/samsung-galaxy-s23-ultra-512gb-s918u-unlocked-very-good",0,Search: Samsung Galaxy S23,
bafyreibkwctblhnakdfwidwr7wfroa3ioiearj3k3p2l5u2hhlqgb7bfsi,bluesky,post,2026-08-02 09:13:11,Samsung Galaxy S23 Ultra Review 2026,0,Search: Samsung Galaxy S23,
bafyreiaeghn7sv4mubrkxa3ia5zgbj2pxjdakoppwxkknewappyshscl6a,bluesky,post,2026-08-02 00:00:33,"📝 Review: Samsung Galaxy S23 Ultra 256GB S918U Unlocked - Excellent


Best for: Specifically, photographers and videographers who need high-quality graphics perfo…

#ProductReview #MichiFinds

📖 Full review → https://michifinds.com/reviews/samsung-galaxy-s23-ultra-256gb-s918u-unlocked-excellent",1,Search: Samsung Galaxy S23,
bafyreie2ozhugoyrgali3qm37besmauyi43qkd5dhrrlysy27q7l2yb3ra,bluesky,post,2026-08-01 09:25:42,"Informe Lab #897: Testeamos la ranura de tarjetas. Kevin guardó su ID; ahora el estuche tiene más autoridad legal que él. Su nota de 4.5⭐ con 0 ventas sugiere que el diseño atrae reseñas del futuro. Por €9.38, aceptamos la paradoja física.

#TheFindLab #SamsungGalaxy #FamilyGuy #Deals #LabReport
...",0,Search: Samsung Galaxy S23,
bafyreiel2xojfgh2tnp6kq26ptqghxr762titibumcsivjri3o7kqacnk4,bluesky,post,2026-07-31 13:51:54,"🔥 Samsung Galaxy S23 Ultra 256 Go Beige - Acceptable - Garantie 1 an
eBay · 469.00 €
#BonPlan #HighTech #Promo",0,Search: Samsung Galaxy S23,
bafyreihnycgbrqhoptlmevjec7b6qhqoemyaehnjo7ozkyjyqnlmeoedre,bluesky,post,2026-07-31 04:14:11,"방금 AliExpress에서 찾은 상품이에요: 
Samsung Galaxy S26 S25 S24 S23 S22 Ultra Plus S25FE S24FE용 아머 케이스, 슬라이드 카메라 보호 링 홀더 및 카드 수납 커버 포함
a.aliexpress.com/_c2wMkD5D",0,Search: Samsung Galaxy S23,
bafyreif6opsnkouab7plai5jja4mcpr7ga4j6tfsvz5r23a2vjvfemoobq,bluesky,post,2026-07-30 15:41:28,"I can't get it to accept 17 seconds of video! I have some really amazing super slow motion captures from this Samsung Galaxy S23 Ultra! I have one of a blackbird diving out of the corner eves of our house to flight, and also of an after dark ground to cloud lightning strike and I can't post either",1,Search: Samsung Galaxy S23,
bafyreibbwc7l73zrkz64pf4dutlme6lgl3eoia4eyje4byc6ptf2kq4sz4,bluesky,post,2026-07-30 13:46:31,"To put an even sharper point on it: Google’s latest Android build only supports Pixel 6 and later! Its own handset line, only supported for 5 years…

The oldest Samsung Galaxy eligible for Android 17? Galaxy S23…3 years…

*That’s* a smartphone underclass: upgrade phone or lose security and features.",0,Search: Samsung Galaxy S23,
bafyreidxfg5qxcxsqiw6kpvzwk3jt45wky45mmtc4ihdvhpsqah3shcqc4,bluesky,post,2026-07-30 09:55:28,"🔥 Samsung Galaxy S23 Ultra 256 Go Beige - Excellent état - Garantie 1 an
eBay · 529.00 €
#BonPlan #HighTech #Promo",0,Search: Samsung Galaxy S23,
bafyreifxv4kd6cufaxcixlyn6k5wcbjvphgwlx2rjdn6xva2lusm7be7oe,bluesky,post,2026-07-29 20:37:05,"🔥 Samsung Galaxy S23 Ultra 512 Go Violet - Excellent état - Garantie 1 an
eBay · 579.00 €
#BonPlan #HighTech #Promo",1,Search: Samsung Galaxy S23,
bafyreia4jdgn6jus2eiz2z4gic36gcawcjti2u7ngwoddsltbcybldsvle,bluesky,post,2026-07-29 20:33:53,"🔥 Samsung Galaxy S23 Ultra 512 Go Violet - Excellent état - Garantie 1 an
eBay · 579.00 €
#BonPlan #HighTech #Promo",1,Search: Samsung Galaxy S23,
bafyreifbes7bve2ghprdsi3mqptatxs37kpzodlzppiva5jmclzsrwzrsy,bluesky,post,2026-07-29 14:43:41,"🔥 Samsung Galaxy S23 Ultra 256 Go Vert - Excellent état - Garantie 1 an
eBay · 529.00 €
#BonPlan #HighTech #Promo",0,Search: Samsung Galaxy S23,
bafyreibeginkpcsylswwiqctdkdmy6njkv7filqoufx6sxqwqmh3jljpoa,bluesky,post,2026-07-29 14:33:02,"🔥 Samsung Galaxy S23 Ultra 256 Go Vert - Excellent état - Garantie 1 an
eBay · 529.00 €
#BonPlan #HighTech #Promo",0,Search: Samsung Galaxy S23,
bafyreid46gnkx4obfhzfjm5j22wntfnyjkyqyeou62rd4b2xx5qx3nloje,bluesky,post,2026-07-29 12:46:46,"🔥 Samsung Galaxy S23 256 Go Graphite - Excellent état - Garantie 1 an
eBay · 419.00 €
#BonPlan #HighTech #Promo",0,Search: Samsung Galaxy S23,
bafyreigfjybvsw32hni6lit653e3hv6pf2lyyql2f7hqvmj2jxrreuk6ei,bluesky,post,2026-07-29 12:39:52,"🔥 Samsung Galaxy S23 Plus 512 Go Violet - Très bon état - Garantie 1 an
eBay · 439.00 €
#BonPlan #HighTech #Promo",0,Search: Samsung Galaxy S23,
bafyreice2e6k2woeusnbbjjjrescy5bo5jxgkqepgjye3lwwtvhe3ua264,bluesky,post,2026-07-29 12:30:21,"🔥 Samsung Galaxy S23 256 Go Graphite - Excellent état - Garantie 1 an
eBay · 419.00 €
#BonPlan #HighTech #Promo",0,Search: Samsung Galaxy S23,
bafyreibbfnxb2wtpyxdrtxz2n4wcnhq7bzze5zzk7kn5vuviaivzvyleii,bluesky,post,2026-07-29 12:30:19,"🔥 Samsung Galaxy S23 Plus 512 Go Violet - Très bon état - Garantie 1 an
eBay · 439.00 €
#BonPlan #HighTech #Promo",0,Search: Samsung Galaxy S23,
bafyreievcaij5gd6jjpons427xq3mj6ya2zsthtqlnf3b6ne4tjt4cr7ie,bluesky,post,2026-07-29 12:27:00,"🔥 Samsung Galaxy S23 Plus 512 Go Violet - Très bon état - Garantie 1 an
eBay · 439.00 €
#BonPlan #HighTech #Promo",0,Search: Samsung Galaxy S23,
bafyreicwtlwftm25pyb6oxsukjr7k4ni7rr4mhmellap4q2e45wj556ciq,bluesky,post,2026-07-29 11:39:43,"🔥 Samsung Galaxy S23 128 Go Violet - Excellent - Garantie 1 an
eBay · 419.00 €
#BonPlan #HighTech #Promo",0,Search: Samsung Galaxy S23,
bafyreibu2kknay6u4mddpkeqf6slf2a7bruk6s5xb7iblnj3kn43mmibim,bluesky,post,2026-07-29 10:27:21,"Date: 2026 07 29
Time: 01:16:13 BST

Samsung Galaxy S23

IS0 8000 | 23mm | 0.0ev | F1.8 | 1/17s",0,Search: Samsung Galaxy S23,
bafyreice7mp45432ejmlfrpmtgzennfzgrzjuapicwtff6qwtej4xqr2lu,bluesky,post,2026-07-29 08:43:41,Samsung has rolled out updates for a further six devices. The Tab S11 tablets and the Galaxy S23 smartphones are being updated with the latest software update.,0,Search: Samsung Galaxy S23,
bafyreiexc6ldddof3mopnfwkpskkhbspi2ja54lzkykz2zs3jmwr5juqga,bluesky,post,2026-07-29 07:57:52,"https://mojaoprema.si/izdelek/premium-zascitno-kaljeno-steklo-9h-za-samsung-galaxy-s23-plus/ 5,99 €  PREMIUM zaščitno kaljeno steklo 9H za Samsung Galaxy S23 PLUS
Ponosno predstavljamo naše",0,Search: Samsung Galaxy S23,
bafyreidp4qldku5bublcwsvbidpvazblqvqap2jx7culn4hddbgfjrl644,bluesky,post,2026-07-28 21:52:24,"Great Value Deal !

Samsung Galaxy S23+ Plus 5G, US Version, 256GB, Phantom Black - Unlocked (Renewed)

Price: $323.0 (MSRP: $449.84 | You Save 28.2%)

Rating: 4.3 (2002 reviews)

Get it here: https://budgetbuzz.deals/?l=https://www.amazon.com/dp/B0C4Q796XC?tag=buzzdeals0b-20
#ad",0,Search: Samsung Galaxy S23,
bafyreihqc63zyvgk5xs3xumtpey5gzysa46u7oojipstmrfsky3yecfya4,bluesky,post,2026-07-28 20:16:29,"No announcement yet, but sometime soon I might need to open Commissions for Mutual Critters!

I need to save up for a phone with more storage that runs a little better (and possibly has a stylus? Used Samsung Galaxy Ultra S23 maybe..)",35,Search: Samsung Galaxy S23,
bafyreiekm5bries44q2bnu4yifbcdzceaudabmkiaawwxfpzxwmutgkkhm,bluesky,post,2026-07-28 18:15:24,"🔥 Samsung Galaxy S23 Ultra 256 Go Noir - Acceptable - Garantie 1 an
eBay · 469.00 €
#BonPlan #HighTech #Promo",0,Search: Samsung Galaxy S23,
bafyreibi2e6fmpsd7odydyh7xir5aigrah56ibcv6rzfbruzf2ryy7x5jm,bluesky,post,2026-07-28 18:15:21,"🔥 Samsung Galaxy S23 256 Go Violet - Excellent état - Garantie 1 an
eBay · 419.00 €
#BonPlan #HighTech #Promo",0,Search: Samsung Galaxy S23,
bafyreidkeapanuv7sufzopv4us3v6jwclcyf3f62khqdopvsubn7pum6ue,bluesky,post,2026-07-28 18:00:35,"❌ Precio recomendado: 11,99 € 
💶 OFERTA: 10,82 € (-10%)

✅ Cómpralo aquí 👉 https://amzn.to/4z0mO7E

LumFocus 45W Cargador Carga Rapida, USB C Cargador Rapido con 60W 2M Cable para Samsung Galaxy S25/S24/S23/S23+/S23…

 #Accesorios",0,Search: Samsung Galaxy S23,
bafyreifcirs25cjfozyxfxmlcgljyfopftj2f2kwuekrydxeym2w57xysy,bluesky,post,2026-07-28 17:44:04,"🔥 Samsung Galaxy S23 Ultra 512 Go Vert - Excellent état - Garantie 1 an
eBay · 579.00 €
#BonPlan #HighTech #Promo",0,Search: Samsung Galaxy S23,
bafyreidffg46gru3aa5qgrfryn3tlmpwi72px245upms3q65bqobtvv77q,bluesky,post,2026-07-28 17:00:10,"Galaxy S23 Ultra ma potwierdzony błąd w aplikacji aparatu: elementy interfejsu potrafią gubić proporcje i działać z opóźnieniem. Samsung twierdzi, że poprawka jest gotowa i powinna trafić z sierpniową aktualizacją.",1,Search: Samsung Galaxy S23,
bafyreidbysyoksqci7jnm5qtirb5qgcufke7kwdn5pkgcrokb644x75qzu,bluesky,post,2026-07-28 16:56:09,"Happy Tuesday everyone!

I hope you all have a wonderful and stress-free week!

Date: 7/25/26
Location: Habitat for Humanity/Bob Evans on 15-501, Durham, NC. 
Camera: Samsung Galaxy S23 FE 

#naturephotography #nature #durhamnc #nc #northcarolina

www.instagram.com/p/DbVtfIGRBB...",0,Search: Samsung Galaxy S23,
bafyreicegr4gzjzqlmbkzmbexbphiwvn4x24ueykvs6ymcuvsmhsltluba,bluesky,post,2026-07-28 15:58:47,"🔥 SMARTPHONE SAMSUNG GALAXY S23 FE 5G SM S711B 256 Go DUAL SIM 6,4 POUCES...
eBay · 341.11 €
#BonPlan #HighTech #Promo",0,Search: Samsung Galaxy S23,
bafyreienh2wiksnfd2xr3q52mzpn5bscdw7uxjxaw6cmwbrmpybpv5fkvm,bluesky,post,2026-07-28 15:48:16,"🔥 SMARTPHONE SAMSUNG GALAXY S23 FE 5G SM S711B 256 Go DUAL SIM 6,4 POUCES...
eBay · 341.11 €
#BonPlan #HighTech #Promo",0,Search: Samsung Galaxy S23,
bafyreih5mp6aqm6daz2snskfh5e6tcnizovaj3fj5zgcgc7nwcp4qviy2q,bluesky,post,2026-07-28 15:32:28,"🔥 SMARTPHONE SAMSUNG GALAXY S23 FE 5G SM S711B 256 Go DUAL SIM 6,4 POUCES...
eBay · 341.11 €
#BonPlan #HighTech #Promo",0,Search: Samsung Galaxy S23,
bafyreid2lfhg24gjilqid7deynihagdpc44nrzyjjz3zzau7nreugn53ly,bluesky,post,2026-07-28 10:05:17,"🔥 Chargeur USB C 45W pour Samsung Galaxy S26 S25 S24 S23 S22 Adaptateur
eBay · 20.99 €
#BonPlan #HighTech #Promo",0,Search: Samsung Galaxy S23,
bafyreihwlfi4n2zywcv4mwipkqxr3vqkj55fryaibzv3zp64fzid2pntgy,bluesky,post,2026-07-28 09:00:28,"❌ Precio recomendado: 19,99 € 
💶 OFERTA: 15,33 € (-23%)

✅ Cómpralo aquí 👉 https://amzn.to/4pHB6FZ

LumFocus 45W Cargador Carga Rapida, 2Pack USB C Cargador Rapido con 60W 2M Cable para Samsung Galaxy S25/S24/S23/S23+/S23…

 #Accesorios",0,Search: Samsung Galaxy S23,
bafyreieqvskehoakleansob7ox4y3ovxhbk7zqxbyqk52y42rqjq2q45lm,bluesky,post,2026-07-27 20:24:45,"🔥 Samsung Galaxy S23 Ultra 512 Go Noir - Excellent état - Garantie 1 an
eBay · 579.00 €
#BonPlan #HighTech #Promo",0,Search: Samsung Galaxy S23,
bafyreid6qrom5ho62eus4cve44vjegjiijuosqimwqbo2hjm4pulazhrmy,bluesky,post,2026-07-27 18:00:34,"❌ Precio recomendado: 11,99 € 
💶 OFERTA: 10,82 € (-10%)

✅ Cómpralo aquí 👉 https://amzn.to/4bL7oKi

LumFocus 45W Cargador Carga Rapida, USB C Cargador Rapido con 60W 2M Cable para Samsung Galaxy S25/S24/S23/S23+/S23…

 #Accesorios",0,Search: Samsung Galaxy S23,
bafyreibkzq4virzntll3vx5z5zwzkimbdw2ygvtwfnxc4wpkss3kmfsxza,bluesky,post,2026-07-27 15:11:00,"🔥 Samsung Galaxy S23 FE 128 Go Graphite - Excellent - Garantie 1 an
eBay · 359.00 €
#BonPlan #HighTech #Promo",0,Search: Samsung Galaxy S23,
bafyreih3xcgs3wqkosk4l7sce2m54x5rdyxvehtzzgtexjpqkn7dbtxceu,bluesky,post,2026-07-27 15:05:40,"🔥 Samsung Galaxy S23 FE 128 Go Graphite - Excellent - Garantie 1 an
eBay · 359.00 €
#BonPlan #HighTech #Promo",0,Search: Samsung Galaxy S23,
bafyreih4qw64oepzhfbbq2es2s52sb7yhfqravk26ttunw4dzuxjtxku74,bluesky,post,2026-07-27 07:29:19,"🔥 Samsung Galaxy S23 FE 128 Go Vert - Excellent - Garantie 1 an
eBay · 349.00 €
#BonPlan #HighTech #Promo",0,Search: Samsung Galaxy S23,
bafyreift4bwomuyle75qgma5gcreii5bapcwnflt6jqepr7bi7xoibbnqm,bluesky,post,2026-07-27 07:26:09,"🔥 Samsung Galaxy S23 FE 256 Go Violet - Excellent - Garantie 1 an
eBay · 429.00 €
#BonPlan #HighTech #Promo",0,Search: Samsung Galaxy S23,
bafyreih2qg6kgn6tueqmwy5tte3zctu5zuhgzg5tlr5tqtv3b4vcnuc45q,bluesky,post,2026-07-27 07:22:44,"🔥 Samsung Galaxy S23 FE 128 Go Graphite - Acceptable - Garantie 1 an
eBay · 279.00 €
#BonPlan #HighTech #Promo",0,Search: Samsung Galaxy S23,
bafyreid24ocbg7b7hu6eifyxmosdkhe33nuxpbfdrxeee34v4cler2ual4,bluesky,post,2026-07-27 07:22:40,"🔥 Samsung Galaxy S23 FE 128 Go Vert - Excellent état - Garantie 1 an
eBay · 329.00 €
#BonPlan #HighTech #Promo",0,Search: Samsung Galaxy S23,
bafyreiairgifnwsil2gciigf74yt2mu2efoq23j4zn23uptrl5tvl4tlla,bluesky,post,2026-07-27 07:16:12,"🔥 Samsung Galaxy S23 FE 256 Go Violet - Très bon état - Garantie 1 an
eBay · 359.00 €
#BonPlan #HighTech #Promo",0,Search: Samsung Galaxy S23,
bafyreid2c2vjbhhjsrgr5bvlbo47vb5epnv3p3huvcl7xf3wshhekbnwuq,bluesky,post,2026-07-27 07:12:44,"🔥 Samsung Galaxy S23 FE 128 Go Violet - Excellent état - Garantie 1 an
eBay · 329.00 €
#BonPlan #HighTech #Promo",1,Search: Samsung Galaxy S23,
bafyreibtavxp3tddtcipovvp4d5l2jcdtefycuxmqqwt6juf7tplpmpprq,bluesky,post,2026-07-27 07:06:14,"🔥 Samsung Galaxy S23 FE 128 Go Graphite - Très bon état - Garantie 1 an
eBay · 289.00 €
#BonPlan #HighTech #Promo",0,Search: Samsung Galaxy S23,
bafyreifmrkymjdfmldenszr3spfau6xfys5qnrnr2jo5rj4onyz6lzxvvi,bluesky,post,2026-07-27 07:06:10,"🔥 Samsung Galaxy S23 FE 128 Go Graphite - Excellent état - Garantie 1 an
eBay · 309.00 €
#BonPlan #HighTech #Promo",0,Search: Samsung Galaxy S23,
bafyreihywmcagpznqkesnfkma6c5u3t2v2bxctumsoo6ilztu4zzsjipsu,bluesky,post,2026-07-27 07:05:08,"Samsung Strengthens Galaxy S23 Security as Global July 2026 Update Begins Rolling Out + Video

Introduction Samsung continues to prove that software support is just as important as hardware innovation. While the spotlight is currently focused on the newly announced Galaxy Z Fold 8, Galaxy Z Fold 8…",0,Search: Samsung Galaxy S23,
bafyreia4li3ls3ydkotachozuqdnkfeg3xcqii3lw7u2e4e7ckfvayfq24,bluesky,post,2026-07-27 06:57:35,"🔥 Samsung Galaxy S23 FE 256 Go Graphite - Très bon état - Garantie 1 an
eBay · 359.00 €
#BonPlan #HighTech #Promo",0,Search: Samsung Galaxy S23,
bafyreia456julfxm7lgyjjsszyuryf4nyd4rnejxlntz5l3uyao76bsrbq,bluesky,post,2026-07-27 06:47:34,Samsung Galaxy S23 series' July 2026 security update goes international. Read more about it in our article linked below. ⏬,1,Search: Samsung Galaxy S23,
bafyreifcz7m33madakqhowhxkp4vuukwz2wj2hnl2b2jut4bqpyrtlzafu,bluesky,post,2026-07-27 03:37:24,"🔥 Samsung Galaxy S23 FE 128 Go Graphite - Excellent état - Garantie 1 an
eBay · 329.00 €
#BonPlan #HighTech #Promo",0,Search: Samsung Galaxy S23,
bafyreidbyliuueqewaovfdv4wmik3ay7mqzel7gusdu6tcgcsyqpgylvsi,bluesky,post,2026-07-27 02:21:40,"🔥 Samsung Galaxy S23 FE 256 Go Graphite - Excellent état - Garantie 1 an
eBay · 389.00 €
#BonPlan #HighTech #Promo",1,Search: Samsung Galaxy S23,
bafyreiakt6lorl7hx5pmveupksu7fiiy3zc5mrlxnney3uiaaqvpsrf3ci,bluesky,post,2026-07-26 06:34:00,"Samsung Galaxy S23 Ultra 5G 512GB Lama

Layar AMOLED Dinamis 2X 6,9"" 120Hz Kamera utama 200 MP, mengambil foto menakjubkan Teknologi stabilisasi gambar optik (OIS). Corning Gorila Kaca Victus 2",0,Search: Samsung Galaxy S23,
bafyreiekyc33hj3aka4ymtruo7v7f6mvgstqittj2isy5tkmo3vl4xlmwy,bluesky,post,2026-07-26 00:11:01,"🔥 Chargeur sans Fil 3 en 1 pour Samsung Galaxy S23 S24 Ultra, Watch, Buds
eBay · 62.99 €
#BonPlan #HighTech #Promo",0,Search: Samsung Galaxy S23,
bafyreiegosn22tkpdmenp5gpqp7lbjspmc72hmrzgfgg4ouqacpjz3cjxi,bluesky,post,2026-07-25 21:50:44,My 10 best native plant photos taken during that trek. The rare instance my Samsung Galaxy S23 decided to cooperate. Some photos were edited to look closer to how they appeared IRL since my phone often washes out colors. #NaturePhotography #Mississippi #Zone9A #Colorful,10,Search: Samsung Galaxy S23,
bafyreiat4xlh3eo3u5zjhclqkhbxbuuusojxthkkgalus7doelh6n2uawa,bluesky,post,2026-07-25 19:50:27,"Change of plan, instead of getting the Samsung Galaxy S23 FE (because it kept being delayed until Wednesday) i decided to cancel my order and get a Samsung Galaxy S25 FE instead. Capisce?",0,Search: Samsung Galaxy S23,
bafyreien4af3e4k22kkxxmxoz3iupnlxpzfhd4mz2y5yus745bsytoq4eq,bluesky,post,2026-07-25 15:42:43,"Amazon delayed my Samsung Galaxy S23 FE again.. wait, you know what? Fúçķ this şħîț i am NOT waiting for my phone until Wednesday. Hell imma buy a Samsung Galaxy S25 FE instead and it’ll come tomorrow. THANK GOD",0,Search: Samsung Galaxy S23,
bafyreidtyhcutavxzc7j6wm5dhyufotpmbyf6ttlm75k2f3im2ongilvbq,bluesky,post,2026-07-25 11:10:55,"https://mojaoprema.si/izdelek/ceramic-9d-zascitno-kaljeno-steklo-za-samsung-galaxy-s23-plus/ 8,99 €  CERAMIC 9D zaščitno kaljeno steklo za Samsung Galaxy S23 PLUS
Predstavljamo vam izjemno",0,Search: Samsung Galaxy S23,
bafyreihoc6lbeqiytm67rx7rzeyir262ae6bvheyhd36njvh2mrzhofibu,bluesky,post,2026-07-25 03:08:52,"🔥 Samsung Galaxy S23 Ultra 512 Go Beige - Excellent - Garantie 1 an
eBay · 679.00 €
#BonPlan #HighTech #Promo",0,Search: Samsung Galaxy S23,
bafyreic6sf6txfibrbe6t7tkaa3jdq2rjfiyujpjv3m2yx3dvckj6pdudm,bluesky,post,2026-07-25 01:46:55,"🔥 Samsung Galaxy S23 128 Go Beige - Excellent état - Garantie 1 an
eBay · 389.00 €
#BonPlan #HighTech #Promo",0,Search: Samsung Galaxy S23,
bafyreicdbwikhjhxqgv3kxekmz7wub6t46gvezhkniws4j6qe4qw6q7tjm,bluesky,post,2026-07-25 00:55:18,"🔥 Samsung Galaxy S23 Plus 256 Go Vert - Excellent état - Garantie 1 an
eBay · 439.00 €
#BonPlan #HighTech #Promo",0,Search: Samsung Galaxy S23,
bafyreiaaw6dk6fu3zuhm5ou4pwshsrdsow5n5pybsgpfqbktipwpi7otpq,bluesky,post,2026-07-25 00:34:54,"🔥 Samsung Galaxy S23 Plus 256 Go Violet - Très bon état - Garantie 1 an
eBay · 409.00 €
#BonPlan #HighTech #Promo",0,Search: Samsung Galaxy S23,
bafyreig22tjy6v6xr3kpsdzmon7d5asc6ndot2bpyid3ljl6yq5bmpppq4,bluesky,post,2026-07-25 00:24:44,"🔥 Samsung Galaxy S23 Plus 256 Go Violet - Très bon état - Garantie 1 an
eBay · 409.00 €
#BonPlan #HighTech #Promo",1,Search: Samsung Galaxy S23,
bafyreiemh5jy2x53qqt7ny4jkcgzd7t3bmnozorehyxucc2fbrhuqx4yyi,bluesky,post,2026-07-25 00:04:22,"🔥 Samsung Galaxy S23 Plus 256 Go Violet - Excellent état - Garantie 1 an
eBay · 439.00 €
#BonPlan #HighTech #Promo",0,Search: Samsung Galaxy S23,
bafyreif7jjfgbg7nzx2jkqw6pbd4skl3ogalb25gao7x2nlj7fwisychye,bluesky,post,2026-07-24 18:49:11,"Um tiquinho mais barato é esse aqui na loja da Amazon, mas são só duas portas:

www.amazon.com.br/UGREEN-Carre...",4,Search: Samsung Galaxy S23,
bafyreigxua6v6lwp73oiuig7skdjynzjzvyrjrmnr5j32ppszow32i2bbe,bluesky,post,2026-07-24 14:19:03,"🔥 Samsung Galaxy S23 Plus 256 Go Noir - Très bon état - Garantie 1 an
eBay · 409.00 €
#BonPlan #HighTech #Promo",1,Search: Samsung Galaxy S23,
bafyreihm3wpe5iaddl45zpuobtkcv6ir62l3vfv5x5m2vzsoi6eqsbu6qa,bluesky,post,2026-07-23 23:33:24,I ordered myself a new case and kickstand for my phone since mine are wearing out 😯 I'm very much a creature of habit and picked the exact same case again 🤣,6,Search: Samsung Galaxy S23,
bafyreigva4pmt2pmfsjtybx5yz3im4cwpesjsqxf6w4uju4a2v4vx7pnxq,bluesky,post,2026-07-23 20:41:11,"🔥 Samsung Galaxy S23 Ultra 512 Go Vert - Très bon état - Garantie 1 an
eBay · 509.00 €
#BonPlan #HighTech #Promo",0,Search: Samsung Galaxy S23,
bafyreigqxcmnsp7qp47rx4zrv5qgdx2p7j4qsmna347jogmbcnhijnz6vq,bluesky,post,2026-07-23 18:43:58,"🔥 Samsung Galaxy S23 Ultra 256 Go Noir - Excellent état - Garantie 1 an
eBay · 509.00 €
#BonPlan #HighTech #Promo",0,Search: Samsung Galaxy S23,
bafyreifjktdure5t5ki2makqw2kmn3k5vobmuu7fismcdqvu2bzhpen5pu,bluesky,post,2026-07-23 18:40:23,"🔥 Samsung Galaxy S23 Ultra 256 Go Noir - Excellent état - Garantie 1 an
eBay · 509.00 €
#BonPlan #HighTech #Promo",0,Search: Samsung Galaxy S23,
bafyreihw3q43ndyh557e4jj7gjkvduw5w2oucn3q4e6jsciolde6iecrqu,bluesky,post,2026-07-23 18:10:13,"🔥 Samsung Galaxy S23 Plus 256 Go Vert - Excellent - Garantie 1 an
eBay · 479.00 €
#BonPlan #HighTech #Promo",0,Search: Samsung Galaxy S23,
bafyreify3gkuy63lrhftsqwypcnmug5uh3lqvwvkrqczzm7igd22ztf2ma,bluesky,post,2026-07-23 18:10:00,"🔥 Samsung Galaxy S23 Plus 256 Go Noir - Excellent état - Garantie 1 an
eBay · 429.00 €
#BonPlan #HighTech #Promo",0,Search: Samsung Galaxy S23,
bafyreidzlefxsql6koayvsl7ywwguigwpjqgm3b2dcgxbbybatl267wtzm,bluesky,post,2026-07-23 18:06:51,"🔥 Samsung Galaxy S23 Plus 256 Go Noir - Excellent état - Garantie 1 an
eBay · 429.00 €
#BonPlan #HighTech #Promo",0,Search: Samsung Galaxy S23,
bafyreidwtz2s5vka3a2g4hmz7adsixazaz5a5mltuil32utkuaqdao2cce,bluesky,post,2026-07-23 18:03:37,"🔥 Samsung Galaxy S23 Plus 512 Go Beige - Excellent - Garantie 1 an
eBay · 519.00 €
#BonPlan #HighTech #Promo",0,Search: Samsung Galaxy S23,
bafyreid7y3le3ftffmkox2n5j63wp5wgkh6ddosit6ho75dj5yi5vuxt7m,bluesky,post,2026-07-23 18:00:03,"🔥 Samsung Galaxy S23 Plus 512 Go Beige - Excellent - Garantie 1 an
eBay · 519.00 €
#BonPlan #HighTech #Promo",0,Search: Samsung Galaxy S23,
bafyreigopt3d2q5wgm5iihmqyq26au6muinbnc4wrrtqq4pqewhaviuw6e,bluesky,post,2026-07-23 17:00:13,"❌ Precio anterior: 4,51 € 
💶 OFERTA: 1,72 € (-62%)

✅ Cómpralo aquí 👉 https://s.click.aliexpress.com/e/_EwKeFdk

Auriculares con cable tipo C para Samsung Galaxy S23 S21 S22 Ultra Plus, auriculares de 3,5 mm, accesorios A54 A34 A53…

 #Telefonos",0,Search: Samsung Galaxy S23,
bafyreiceumz4xzofvsrobken6b33fbzsgxd66mbvneg5fkaw36vez3uc5e,bluesky,post,2026-07-23 15:10:25,"🔧 قطع غيار Samsung Galaxy S23 Ultra الأصلية — شاشات، بطاريات، كاميرات وأكثر.
✅ ضمان · شحن لكل مدن المملكة 🚚
🛒 https://szznpu.zid.store/categories/1575522
#فيكس_زون",1,Search: Samsung Galaxy S23,
bafyreiafimtopzgnmcfuwth3kynmbj3uw2klp6rw63crt3pdccvlznzxki,bluesky,post,2026-07-23 16:16:25,"🚨 NEWS: Samsung aggiorna Galaxy S23 con patch di sicurezza luglio 2026

Leggi L'articolo completo e seguici per rimanere sempre aggiornato! 🧡

🚀 LINK: https://meteoraweb.com/news/samsung-aggiorna-galaxy-s23-con-patch-di-sicurezza-luglio-2026?utm_source=bluesky&utm_medium=social&utm_campaig",0,Search: Samsung Galaxy S23,
bafyreihnmngkutfzzls4hq6bz4o6qk2eviiq7vlx3stwgqyqgpjpzq7uau,bluesky,post,2026-07-23 14:12:54,"Samsung Galaxy S23 Receives Major Security Boost as Galaxy Z Fold 8 Era Begins: 57 Vulnerabilities Fixed in Latest Update + Video

A New Security Chapter Begins for Galaxy Users While Samsung is celebrating the arrival of its newest generation of foldable smartphones, the company is proving that…",0,Search: Samsung Galaxy S23,
bafyreibpphrc3byn3pbvy3i33mevg2wl72za5meg7zxgg3ypshadipxsyu,bluesky,post,2026-07-23 12:54:41,"SAMSUNG Galaxy S23 SM-S911BZKDEUB, libre, 128GB Phantom Black

📉 Baja de 611,59 a 425,85€

💶 Ahorro: 185,74€ (30%)

🔗 https://amzlink.to/az0joSzaKX7c9",0,Search: Samsung Galaxy S23,
bafyreia4fj6ctwudk2fnueabfpu2lyzhhsnvmrmsiqg5a544f6jk5tzyjy,bluesky,post,2026-07-23 08:17:42,"Rapport Lab #7941: Kevin a confondu le 45W avec un défibrillateur pour sa plante. La plante est morte, mais le S24 est chargé à 100%. À 9,43€ au lieu de 20,83€, c’est une affaire. Paix à son cactus.

#TheFindLab #Samsung #S24 #FastCharge #Deals

#samsunggalaxys24case #TheFindLab #tested",1,Search: Samsung Galaxy S23,
bafyreiab7i5wsssbgscqeykuwoze57jjw5v7ibfx76ve6slhxxzz33w7te,bluesky,post,2026-07-23 05:21:45,"Galaxy S23 receives the July 2026 security patch!

#Samsung #Galaxy #OneUI8_5 #TeamGalaxy #GalaxyAI #TeamSamsung #TechNews #TechUpdates #GalaxyS23",0,Search: Samsung Galaxy S23,
bafyreickjg6aymjkrfpg4rczpty7avhgd4fqg7o6avkzxzquqbsye6d5lm,bluesky,post,2026-07-22 13:28:01,"最近折りたたみスマホも気になってはいたのだが、今回のFold、寸胴な短さ…でもこれはこれで持ちやすさが改善するのかな…実物見てみないとなぁ&シリーズが次も続くかどうかもあるよなぁ（S23で困ってないワイ）

x.com/i/status/207991439884...",1,Search: Samsung Galaxy S23,
bafyreicanzqhn4c6wczuco3atyai6zhg3qngzt4ganpk2c6geie5rc7rp4,bluesky,post,2026-07-22 06:23:12,"🔥 Smartphone Samsung Galaxy S23 Ultra 5G 8GB 256GB 6,8"" AMOLED SM-S918B Lavande
eBay · 520.20 €
#BonPlan #HighTech #Promo",0,Search: Samsung Galaxy S23,
bafyreiausxqwabmxn4hg2vm4k7vojvvagammv3tiih53symzawk5khom6u,bluesky,post,2026-07-21 18:46:45,"🛒
iPhone/Galaxy
スマホ手帳型PUフォンケース

ブルーウォレットカードバッグファッションケース多機能ウォレットスタイル、iPhone 11/12/13/14/15 Pro Maxに対応、日常使いに最適。ウォレットスタイルフリップフォンケース、Samsung Galaxy A55/A54/A53/A52/A51/A14/A15/S22/S23/S24 Ultraに対応
価格[¥459] 
onelink.shein.com/43/5wfxhv6hr...",1,Search: Samsung Galaxy S23,
bafyreibxi5p5wwwmsqtjlt6ikv5wrxcdclcbdlw4hl27uo4xjt5h45cjti,bluesky,post,2026-07-21 14:32:33,"🔥 Samsung Galaxy S23 256 Go Noir - Très bon état - Garantie 1 an
eBay · 369.00 €
#BonPlan #HighTech #Promo",0,Search: Samsung Galaxy S23,
bafyreihwdzahtk2jeqwojlqhuxjwfmoqblcnwwhimi6xoxhx47gbdunzoq,bluesky,post,2026-07-21 13:04:20,"🔥 Samsung Galaxy S23 256 Go Noir - Très bon état - Garantie 1 an
eBay · 369.00 €
#BonPlan #HighTech #Promo",1,Search: Samsung Galaxy S23,
bafyreifotu3ex37huodtjx2tcpqrwk6zdpjuiiz63wxundovrayzqn7ggi,bluesky,post,2026-07-21 12:26:08,"Freewell Single ND128,ND1000, filtro CPL con attacco Snow Mist 1/4 e 17MM compatibile con la custodia del telefono Samsung Galaxy S23/S24/S25 Ultra #kelkoo #Lenti #fotocamere #UnicoShop #offerte #sconti #saldi #promo #occasioni #shoponline #ecommerce #bestdeal",0,Search: Samsung Galaxy S23,
bafyreiggs2p7pk2wmcbxhwfykrww3fyczujbsa3lkmqhf7rty6v3xji7ka,bluesky,post,2026-07-21 11:49:02,"🔥 SAMSUNG GALAXY S23 ULTRA DUAL sim/eSim 256 GO NOIR [REPARATION] REF : RC 6102185
eBay · 308.00 €
#BonPlan #HighTech #Promo",0,Search: Samsung Galaxy S23,
bafyreibno5ub5xvtertft4o4tkjh2maukzqoozskxs2s75emces7qcixua,bluesky,post,2026-07-21 11:22:41,"🔥 Samsung Galaxy S23 Ultra 512 Go Beige - Excellent état - Garantie 1 an
eBay · 549.00 €
#BonPlan #HighTech #Promo",0,Search: Samsung Galaxy S23,
bafyreihxul23qkpndxlhd4sv7megpfm4blk6ngk5o3v55acpejrykdnwla,bluesky,post,2026-07-20 23:31:00,"Feed: ""tech-ish""
By: Hillary Keverenge on Monday, July 20, 2026",0,Search: Samsung Galaxy S23,
bafyreibparozq7i364djtjs3gac6pvabo6slfgrnx3fieada2f4t5vyg3m,bluesky,post,2026-07-20 23:12:31,My mom's birthday is coming up and I would love to get her a phone case! Does anyone want a half body commission in exchange for this gift? It'll make my mom happy as she needs a new one :>,1,Search: Samsung Galaxy S23,
bafyreiejez54frx5xgqbv4k3kbrts7dwrqieu5lwmrdvecjo5hk3rnujwe,bluesky,post,2026-07-20 14:17:48,"Samsung is testing new One UI 9 builds with July 2026 security patches for the Galaxy S23 FE, S24 FE, S25 FE and Galaxy S25 Edge, signaling steady progress ahead of the stable Android 17 rollout.",0,Search: Samsung Galaxy S23,
bafyreiaznbu4qt2thvs44s2l4vb75hng4rzyq4xwqjcgc3hgwsr2zm2e6y,bluesky,post,2026-07-20 10:27:43,"🔥 Samsung Galaxy S23 5G 8/128Go 120Hz S911B/DS Noir Débloqué | État: Très bon
eBay · 294.99 €
#BonPlan #HighTech #Promo",0,Search: Samsung Galaxy S23,
bafyreidxwbzx3klkqasidxnng4zhrwawmozw6pb47qlqbhpczzofofhply,bluesky,post,2026-07-20 10:22:10,"🔥 Samsung Galaxy S23 5G 8/128GB AMOLED S911B/DS Noir Débloqué | État: Parfait
eBay · 323.99 €
#BonPlan #HighTech #Promo",0,Search: Samsung Galaxy S23,
bafyreiffv35ihifka5njb63btflz2p6azq5j6edm52ii4nbsp75svjrqpq,bluesky,post,2026-07-20 10:16:41,"🔥 Samsung Galaxy S23 5G 8/128GB NFC S911B/DS Noir Débloqué | État: Satisfaisant
eBay · 239.99 €
#BonPlan #HighTech #Promo",0,Search: Samsung Galaxy S23,
bafyreihidbfitlo5gojghxkc3h3pvnduhubrguwpedylie6fwdnludufoy,bluesky,post,2026-07-20 10:16:18,"🔥 Samsung Galaxy S23 5G 8/128GB NFC SM-S911B/DS Noir Garantie 12 Mois | État: Bon
eBay · 251.99 €
#BonPlan #HighTech #Promo",0,Search: Samsung Galaxy S23,
bafyreieqzgtypkr5phye4ifkphucb2t5pbkjf23xtvrpm4yar7ao5jqfem,bluesky,post,2026-07-20 09:26:59,"Samsung Galaxy S23 5G 256GB S911B (Kuntoluokka: Grade A)

Samsung Galaxy S23 5G 256GB (Beige) on erinomaisessa Grade A -kunnossa oleva älypuhelin, joka tarjoaa huippuluokan suorituskykyä kompaktissa koossa. Laite on täysin toimintakuntoinen, siisti ja huolellisesti tarkistettu. Puhelimessa ei ole…",0,Search: Samsung Galaxy S23,
bafyreidzaljjha6wcis2hdiqqba6t2uw4vv2v7nv5mron4kdyqshyz2ugu,bluesky,post,2026-07-19 13:41:49,"🔥 Custom Photo Cover For Samsung Galaxy A55 A54 A53 A52 Case A35 34 S25 S24 S23 S2

💰 $10.98  |  -51…

https://he.aliexpress.com/item/1005009070166532.html?pdp_npi=6%40dis%21ILS%2122.41%2110.98%21%21%2149.58%2124.29%21%402140f88817831014235795790e1333%2112000047807178383%21affd%21%21%21%211%210%21",0,Search: Samsung Galaxy S23,
bafyreig5trmlpj36mx27exiei4tqbwyty4rhs7rb7r2lxw3yrr4uh46zsy,bluesky,post,2026-07-19 13:41:46,"🔥 Custom Photo Cover For Samsung Galaxy A55 A54 A53 A52 Case A35 34 S25 S24 S23 S2

💰 $10.98  |  -51…

https://he.aliexpress.com/item/1005009070166532.html?pdp_npi=6%40dis%21ILS%2122.41%2110.98%21%21%2149.58%2124.29%21%402140f88817831014235795790e1333%2112000047807178383%21affd%21%21%21%211%210%21",0,Search: Samsung Galaxy S23,
bafyreigthxe6jtnbxhlrp7w2gwwqp5qiuywb6gpiw672w24avnmohhidmu,bluesky,post,2026-07-18 20:16:00,"🥉 SE DUVIDAR CARREGA ATÉ BYD

Anker Carregador Portátil, Nano Power Bank 5.000mAh com Cabo

por 189,04 no pix
link.amazon/B0bOtuEwS",0,Search: Samsung Galaxy S23,
bafyreiagmzhnwqf2hiiadimudl6tjvcczvfuplipntjmsbchkun7lh3xty,bluesky,post,2026-07-18 08:41:49,"🔥 Military Grade Cases for Samsung Galaxy S25 FE S22 S23 S26 Plus S24 FE Ultra Edg

💰 $3.33
⭐ 93.2%  📦 …

https://www.aliexpress.com/item/1005007785943799.html?pdp_npi=6%40dis%21USD%213.33%213.33%21%21%213.33%213.33%21%402101364017732283682857692e1815%2112000053081748439%21affd%21%21%21%211%210%21",0,Search: Samsung Galaxy S23,
bafyreidzhjnpukuaoejayyxoke7totrysk7lkbzttpehei7epcerwurjn4,bluesky,post,2026-07-18 08:41:47,"🔥 Military Grade Cases for Samsung Galaxy S25 FE S22 S23 S26 Plus S24 FE Ultra Edg

💰 $3.33
⭐ 93.2%  📦 …

https://www.aliexpress.com/item/1005007785943799.html?pdp_npi=6%40dis%21USD%213.33%213.33%21%21%213.33%213.33%21%402101364017732283682857692e1815%2112000053081748439%21affd%21%21%21%211%210%21",0,Search: Samsung Galaxy S23,
bafyreihhd7lemgvf5aehasjsjlpzlmzfvq2wynn5bcmibqwtpyaheqp22i,bluesky,post,2026-07-18 08:15:22,"Avec 200 € de réduction, le Samsung Galaxy S23 Ultra atteint un nouveau prix record sur Cdiscount
🗞️ 20 Minutes - 🕐 17/07 19:32
#actu #news #presse #20minutes",0,Search: Samsung Galaxy S23,
bafyreidjmdhj2v5yoz3hco7kcom5fihjuh55nes5jnf7qpbmrkoa2m4c6u,bluesky,post,2026-07-18 01:34:54,"Samsung Galaxy S23 Ultra 5G 512GB S918B (Kuntoluokka: Grade C+)

OnePlus Nord 3 5G 128GB on tehokas ja tyylikäs älypuhelin, joka yhdistää sulavan suorituskyvyn ja modernin muotoilun. Tämä upean vihreä laite on kuntoluokitukseltaan Grade BC, mikä tarkoittaa, että puhelimessa on käytön jälkiä, mutta…",0,Search: Samsung Galaxy S23,
bafyreiegx63rssfhzbhp5bxk4aohnd2lp6b3el6l75akrr6rq77do5dwdi,bluesky,post,2026-07-18 01:34:37,"Samsung Galaxy S23 Ultra 5G 512GB S918B (Kuntoluokka: Grade C)

OnePlus Nord 3 5G 128GB on tehokas ja tyylikäs älypuhelin, joka yhdistää sulavan suorituskyvyn ja modernin muotoilun. Tämä upean vihreä laite on kuntoluokitukseltaan Grade BC, mikä tarkoittaa, että puhelimessa on käytön jälkiä, mutta…",0,Search: Samsung Galaxy S23,
bafyreicqjehferx4ywixu5a2okuc7eiikscdkid2lherjray3gd7ftxzo4,bluesky,post,2026-07-18 01:34:20,"Samsung Galaxy S23 Ultra 5G 512GB S918B (Kuntoluokka: Grade B)

OnePlus Nord 3 5G 128GB on tehokas ja tyylikäs älypuhelin, joka yhdistää sulavan suorituskyvyn ja modernin muotoilun. Tämä upean vihreä laite on kuntoluokitukseltaan Grade BC, mikä tarkoittaa, että puhelimessa on käytön jälkiä, mutta…",0,Search: Samsung Galaxy S23,
bafyreigafvhyt6q2mgipr4sggkkffmlhryxqapxt6dcug7fq7p6mqmlyxu,bluesky,post,2026-07-18 01:34:01,"Samsung Galaxy S23 Ultra 5G 512GB S918B (Kuntoluokka: Grade B)

OnePlus Nord 3 5G 128GB on tehokas ja tyylikäs älypuhelin, joka yhdistää sulavan suorituskyvyn ja modernin muotoilun. Tämä upean vihreä laite on kuntoluokitukseltaan Grade BC, mikä tarkoittaa, että puhelimessa on käytön jälkiä, mutta…",0,Search: Samsung Galaxy S23,
bafyreic2xhtv66ib3iz2dpqgbpwjrg2wkxw7iw6sh72s5cfmtohjamqmxq,bluesky,post,2026-07-18 01:33:47,"Samsung Galaxy S23 Ultra 5G 256GB S918B (Kuntoluokka: Grade C)

OnePlus Nord 3 5G 128GB on tehokas ja tyylikäs älypuhelin, joka yhdistää sulavan suorituskyvyn ja modernin muotoilun. Tämä upean vihreä laite on kuntoluokitukseltaan Grade BC, mikä tarkoittaa, että puhelimessa on käytön jälkiä, mutta…",0,Search: Samsung Galaxy S23,
bafyreiarh56zinpb7vwm56ymk6lxthqoe5qwrwziov5rywrg627dw4zfda,bluesky,post,2026-07-18 01:33:32,"Samsung Galaxy S23 Ultra 5G 256GB S918B (Kuntoluokka: Grade C+)

OnePlus Nord 3 5G 128GB on tehokas ja tyylikäs älypuhelin, joka yhdistää sulavan suorituskyvyn ja modernin muotoilun. Tämä upean vihreä laite on kuntoluokitukseltaan Grade BC, mikä tarkoittaa, että puhelimessa on käytön jälkiä, mutta…",0,Search: Samsung Galaxy S23,
bafyreig3vkqq3tbcy3raukwsiw6nmfmg265j4yw3bmpw3cmeb7d5i3jzzy,bluesky,post,2026-07-18 01:33:15,"Samsung Galaxy S23 Ultra 5G 256GB S918B (Kuntoluokka: Grade A+)

OnePlus Nord 3 5G 128GB on tehokas ja tyylikäs älypuhelin, joka yhdistää sulavan suorituskyvyn ja modernin muotoilun. Tämä upean vihreä laite on kuntoluokitukseltaan Grade BC, mikä tarkoittaa, että puhelimessa on käytön jälkiä, mutta…",0,Search: Samsung Galaxy S23,
bafyreieh6iwbywucp6p5mjcrrlf5e6uqofdoq247ll4bhm6poktngofskq,bluesky,post,2026-07-18 01:32:59,"Samsung Galaxy S23 Ultra 5G 256GB S918B (Kuntoluokka: Grade B)

OnePlus Nord 3 5G 128GB on tehokas ja tyylikäs älypuhelin, joka yhdistää sulavan suorituskyvyn ja modernin muotoilun. Tämä upean vihreä laite on kuntoluokitukseltaan Grade BC, mikä tarkoittaa, että puhelimessa on käytön jälkiä, mutta…",0,Search: Samsung Galaxy S23,
bafyreiac5iynjtzo44szqktkl2egzhfm7n7nr4bnqhakrk3wloqcmlriiy,bluesky,post,2026-07-18 01:32:39,"Samsung Galaxy S23 Ultra 5G 1TB S918B (Kuntoluokka: Grade C)

OnePlus Nord 3 5G 128GB on tehokas ja tyylikäs älypuhelin, joka yhdistää sulavan suorituskyvyn ja modernin muotoilun. Tämä upean vihreä laite on kuntoluokitukseltaan Grade BC, mikä tarkoittaa, että puhelimessa on käytön jälkiä, mutta se…",0,Search: Samsung Galaxy S23,
bafyreidryyzjjkklzwvgnpigrvry7t2j5gzcqlfssrv5is6cqp7s5ioovy,bluesky,post,2026-07-18 01:32:22,"Samsung Galaxy S23 Plus 5G 512GB S916B (Kuntoluokka: Grade C)

OnePlus Nord 3 5G 128GB on tehokas ja tyylikäs älypuhelin, joka yhdistää sulavan suorituskyvyn ja modernin muotoilun. Tämä upean vihreä laite on kuntoluokitukseltaan Grade BC, mikä tarkoittaa, että puhelimessa on käytön jälkiä, mutta se…",0,Search: Samsung Galaxy S23,
bafyreihl6n6c2v3pgee4ajwbbj2rl3zhk5mwcyli2livh5fpimajginoxq,bluesky,post,2026-07-18 01:32:03,"Samsung Galaxy S23 FE 5G 256GB S711B (Kuntoluokka: Grade B)

OnePlus Nord 3 5G 128GB on tehokas ja tyylikäs älypuhelin, joka yhdistää sulavan suorituskyvyn ja modernin muotoilun. Tämä upean vihreä laite on kuntoluokitukseltaan Grade BC, mikä tarkoittaa, että puhelimessa on käytön jälkiä, mutta se…",0,Search: Samsung Galaxy S23,
bafyreigfokw2vmutu4id2btfbnngyqhaelwexmxwadi3johmzupyjut37y,bluesky,post,2026-07-18 01:31:44,"Samsung Galaxy S23 FE 5G 128GB S711B (Kuntoluokka: Grade C)

OnePlus Nord 3 5G 128GB on tehokas ja tyylikäs älypuhelin, joka yhdistää sulavan suorituskyvyn ja modernin muotoilun. Tämä upean vihreä laite on kuntoluokitukseltaan Grade BC, mikä tarkoittaa, että puhelimessa on käytön jälkiä, mutta se…",0,Search: Samsung Galaxy S23,
bafyreib5pagyzlvppatnrkth5sjygv2x56pmz2zqxtn6sz7gjtsr4zgwoa,bluesky,post,2026-07-18 01:31:28,"Samsung Galaxy S23 FE 5G 128GB S711B (Kuntoluokka: Grade A+)

OnePlus Nord 3 5G 128GB on tehokas ja tyylikäs älypuhelin, joka yhdistää sulavan suorituskyvyn ja modernin muotoilun. Tämä upean vihreä laite on kuntoluokitukseltaan Grade BC, mikä tarkoittaa, että puhelimessa on käytön jälkiä, mutta se…",0,Search: Samsung Galaxy S23,
bafyreialjggcyoy5uycnb35pygkmv5samjiwg6bx5kzrccfu7o5dbyqqtu,bluesky,post,2026-07-18 01:31:11,"Samsung Galaxy S23 FE 5G 128GB S711B (Kuntoluokka: Grade A)

OnePlus Nord 3 5G 128GB on tehokas ja tyylikäs älypuhelin, joka yhdistää sulavan suorituskyvyn ja modernin muotoilun. Tämä upean vihreä laite on kuntoluokitukseltaan Grade BC, mikä tarkoittaa, että puhelimessa on käytön jälkiä, mutta se…",0,Search: Samsung Galaxy S23,
bafyreiaxefqo4rqgibetexl5n6opfxeso5vrbb4yopevxoygdq54ufrewi,bluesky,post,2026-07-18 01:30:53,"Samsung Galaxy S23 FE 5G 128GB S711B (Kuntoluokka: Grade A)

OnePlus Nord 3 5G 128GB on tehokas ja tyylikäs älypuhelin, joka yhdistää sulavan suorituskyvyn ja modernin muotoilun. Tämä upean vihreä laite on kuntoluokitukseltaan Grade BC, mikä tarkoittaa, että puhelimessa on käytön jälkiä, mutta se…",0,Search: Samsung Galaxy S23,
bafyreibgii7peojvzf5jgxg6muu4wvbaws6yrebdnupogajg53is67nsza,bluesky,post,2026-07-18 01:30:37,"Samsung Galaxy S23 FE 5G 128GB S711B (Kuntoluokka: Grade B)

OnePlus Nord 3 5G 128GB on tehokas ja tyylikäs älypuhelin, joka yhdistää sulavan suorituskyvyn ja modernin muotoilun. Tämä upean vihreä laite on kuntoluokitukseltaan Grade BC, mikä tarkoittaa, että puhelimessa on käytön jälkiä, mutta se…",0,Search: Samsung Galaxy S23,
bafyreicpdq5a5734z3gwizsdshqvr4yz6mljrvjtghhr4u6sithscna5he,bluesky,post,2026-07-18 01:30:19,"Samsung Galaxy S23 5G 256GB S911B (Kuntoluokka: Grade A)

OnePlus Nord 3 5G 128GB on tehokas ja tyylikäs älypuhelin, joka yhdistää sulavan suorituskyvyn ja modernin muotoilun. Tämä upean vihreä laite on kuntoluokitukseltaan Grade BC, mikä tarkoittaa, että puhelimessa on käytön jälkiä, mutta se on…",0,Search: Samsung Galaxy S23,
bafyreig76ycnr3snszd7kgws7nriywfdwj4ecz7pgapoftfpew2caxsthy,bluesky,post,2026-07-18 01:30:00,"Samsung Galaxy S23 5G 256GB S911B (Kuntoluokka: Grade C)

OnePlus Nord 3 5G 128GB on tehokas ja tyylikäs älypuhelin, joka yhdistää sulavan suorituskyvyn ja modernin muotoilun. Tämä upean vihreä laite on kuntoluokitukseltaan Grade BC, mikä tarkoittaa, että puhelimessa on käytön jälkiä, mutta se on…",0,Search: Samsung Galaxy S23,
bafyreia2y5empql2vdizhjb7wc5u2qvtnu6pkgi5vhk4bo5k7ycyiaf2ra,bluesky,post,2026-07-18 01:29:43,"Samsung Galaxy S23 5G 256GB S911B (Kuntoluokka: Grade C)

OnePlus Nord 3 5G 128GB on tehokas ja tyylikäs älypuhelin, joka yhdistää sulavan suorituskyvyn ja modernin muotoilun. Tämä upean vihreä laite on kuntoluokitukseltaan Grade BC, mikä tarkoittaa, että puhelimessa on käytön jälkiä, mutta se on…",0,Search: Samsung Galaxy S23,
bafyreigitfbozsqmxa6tsdjqewmm6focldpfk2b7jku3cfgiipkivu6bhi,bluesky,post,2026-07-18 01:29:26,"Samsung Galaxy S23 5G 256GB S911B (Kuntoluokka: Grade A+)

OnePlus Nord 3 5G 128GB on tehokas ja tyylikäs älypuhelin, joka yhdistää sulavan suorituskyvyn ja modernin muotoilun. Tämä upean vihreä laite on kuntoluokitukseltaan Grade BC, mikä tarkoittaa, että puhelimessa on käytön jälkiä, mutta se on…",0,Search: Samsung Galaxy S23,
bafyreic3qjkiqgyb5puuk7sfveqd372n6sya3owhytx7um526i7cnzkjma,bluesky,post,2026-07-18 01:29:07,"Samsung Galaxy S23 5G 256GB S911B (Kuntoluokka: Grade C)

OnePlus Nord 3 5G 128GB on tehokas ja tyylikäs älypuhelin, joka yhdistää sulavan suorituskyvyn ja modernin muotoilun. Tämä upean vihreä laite on kuntoluokitukseltaan Grade BC, mikä tarkoittaa, että puhelimessa on käytön jälkiä, mutta se on…",0,Search: Samsung Galaxy S23,
bafyreicxvulrcncx2ny67zcfirqqj2vqrev7cnp7ej7ghtuqr3uaczluzq,bluesky,post,2026-07-18 01:28:52,"Samsung Galaxy S23 5G 256GB S911B (Kuntoluokka: Grade C+)

OnePlus Nord 3 5G 128GB on tehokas ja tyylikäs älypuhelin, joka yhdistää sulavan suorituskyvyn ja modernin muotoilun. Tämä upean vihreä laite on kuntoluokitukseltaan Grade BC, mikä tarkoittaa, että puhelimessa on käytön jälkiä, mutta se on…",0,Search: Samsung Galaxy S23,
bafyreifhmvx5ohwbr5obmbbtiei6hu3dzbyrizj2cc6m4bs5ecx6dgiwki,bluesky,post,2026-07-18 01:28:35,"Samsung Galaxy S23 5G 256GB S911B (Kuntoluokka: Grade C)

OnePlus Nord 3 5G 128GB on tehokas ja tyylikäs älypuhelin, joka yhdistää sulavan suorituskyvyn ja modernin muotoilun. Tämä upean vihreä laite on kuntoluokitukseltaan Grade BC, mikä tarkoittaa, että puhelimessa on käytön jälkiä, mutta se on…",0,Search: Samsung Galaxy S23,
bafyreibz5czw3r3dfqlbvz6vkxomdmohkumlwdalennmklks5pe567d6k4,bluesky,post,2026-07-18 01:28:19,"Samsung Galaxy S23 5G 256GB S911B (Kuntoluokka: Grade A)

OnePlus Nord 3 5G 128GB on tehokas ja tyylikäs älypuhelin, joka yhdistää sulavan suorituskyvyn ja modernin muotoilun. Tämä upean vihreä laite on kuntoluokitukseltaan Grade BC, mikä tarkoittaa, että puhelimessa on käytön jälkiä, mutta se on…",0,Search: Samsung Galaxy S23,
bafyreifhu6tiiv2q4hgbudl55wolm4pqe3sksb7fwxl26rfwvbxp7hgylu,bluesky,post,2026-07-18 01:28:04,"Samsung Galaxy S23 5G 256GB S911B (Kuntoluokka: Grade C+)

OnePlus Nord 3 5G 128GB on tehokas ja tyylikäs älypuhelin, joka yhdistää sulavan suorituskyvyn ja modernin muotoilun. Tämä upean vihreä laite on kuntoluokitukseltaan Grade BC, mikä tarkoittaa, että puhelimessa on käytön jälkiä, mutta se on…",0,Search: Samsung Galaxy S23,
bafyreibunx22gjaubmepvjhpv6ndx4tqbuanxpxjtg4xnlraci35luahhy,bluesky,post,2026-07-18 01:27:49,"Samsung Galaxy S23 5G 256GB S911B (Kuntoluokka: Grade A)

OnePlus Nord 3 5G 128GB on tehokas ja tyylikäs älypuhelin, joka yhdistää sulavan suorituskyvyn ja modernin muotoilun. Tämä upean vihreä laite on kuntoluokitukseltaan Grade BC, mikä tarkoittaa, että puhelimessa on käytön jälkiä, mutta se on…",0,Search: Samsung Galaxy S23,
bafyreigbzokikb5lbg664glcpgkkejayvl7ourycbqbhkcbz44coul2pdq,bluesky,post,2026-07-18 01:27:30,"Samsung Galaxy S23 5G 128GB S911B (Kuntoluokka: Grade A+)

OnePlus Nord 3 5G 128GB on tehokas ja tyylikäs älypuhelin, joka yhdistää sulavan suorituskyvyn ja modernin muotoilun. Tämä upean vihreä laite on kuntoluokitukseltaan Grade BC, mikä tarkoittaa, että puhelimessa on käytön jälkiä, mutta se on…",0,Search: Samsung Galaxy S23,
bafyreibcp32x63a36s67ijrrd4h5rhlmnalcvoyzpr7jkqqcg4vktv7oyy,bluesky,post,2026-07-18 01:27:14,"Samsung Galaxy S23 5G 128GB S911B (Kuntoluokka: Grade C)

OnePlus Nord 3 5G 128GB on tehokas ja tyylikäs älypuhelin, joka yhdistää sulavan suorituskyvyn ja modernin muotoilun. Tämä upean vihreä laite on kuntoluokitukseltaan Grade BC, mikä tarkoittaa, että puhelimessa on käytön jälkiä, mutta se on…",0,Search: Samsung Galaxy S23,
bafyreiap3rndccpflntz5ruuln6g7ovazpjrbpbqjhmtiyp6xrskzoeigu,bluesky,post,2026-07-18 01:26:59,"Samsung Galaxy S23 5G 128GB S911B (Kuntoluokka: Grade C)

OnePlus Nord 3 5G 128GB on tehokas ja tyylikäs älypuhelin, joka yhdistää sulavan suorituskyvyn ja modernin muotoilun. Tämä upean vihreä laite on kuntoluokitukseltaan Grade BC, mikä tarkoittaa, että puhelimessa on käytön jälkiä, mutta se on…",0,Search: Samsung Galaxy S23,
bafyreicn4xkppvs5rlki5v2xvob4spxe77gvd65ledkvcdb5sqkh373aju,bluesky,post,2026-07-18 01:26:41,"Samsung Galaxy S23 5G 128GB S911B (Kuntoluokka: Grade C)

OnePlus Nord 3 5G 128GB on tehokas ja tyylikäs älypuhelin, joka yhdistää sulavan suorituskyvyn ja modernin muotoilun. Tämä upean vihreä laite on kuntoluokitukseltaan Grade BC, mikä tarkoittaa, että puhelimessa on käytön jälkiä, mutta se on…",0,Search: Samsung Galaxy S23,
bafyreie2vskzjkjnqjbh7ewrdeumkbai4gc5e6zrdpbicpdxlhnuksot5e,bluesky,post,2026-07-18 01:26:26,"Samsung Galaxy S23 5G 128GB S911B (Kuntoluokka: Grade C+)

OnePlus Nord 3 5G 128GB on tehokas ja tyylikäs älypuhelin, joka yhdistää sulavan suorituskyvyn ja modernin muotoilun. Tämä upean vihreä laite on kuntoluokitukseltaan Grade BC, mikä tarkoittaa, että puhelimessa on käytön jälkiä, mutta se on…",0,Search: Samsung Galaxy S23,
bafyreigwfdsgznhkkvndkrkdgusbyl22mcqsy3eovrrt6rmlekzjn43dv4,bluesky,post,2026-07-18 01:26:12,"Samsung Galaxy S23 5G 128GB S911B (Kuntoluokka: Grade C)

OnePlus Nord 3 5G 128GB on tehokas ja tyylikäs älypuhelin, joka yhdistää sulavan suorituskyvyn ja modernin muotoilun. Tämä upean vihreä laite on kuntoluokitukseltaan Grade BC, mikä tarkoittaa, että puhelimessa on käytön jälkiä, mutta se on…",0,Search: Samsung Galaxy S23,
bafyreib2qoodiqsjihqwx5ijjm4otytt5dy4e5pkcjplxjda5xcwhinbpy,bluesky,post,2026-07-18 01:25:55,"Samsung Galaxy S23 5G 128GB S911B (Kuntoluokka: Grade A)

OnePlus Nord 3 5G 128GB on tehokas ja tyylikäs älypuhelin, joka yhdistää sulavan suorituskyvyn ja modernin muotoilun. Tämä upean vihreä laite on kuntoluokitukseltaan Grade BC, mikä tarkoittaa, että puhelimessa on käytön jälkiä, mutta se on…",0,Search: Samsung Galaxy S23,
bafyreidc7iiv2awfdla4wsiq67sm6bcn7rlo2fwtzdmwabr3l2xaauexeq,bluesky,post,2026-07-18 01:25:38,"Samsung Galaxy S23 5G 128GB S911B (Kuntoluokka: Grade A)

OnePlus Nord 3 5G 128GB on tehokas ja tyylikäs älypuhelin, joka yhdistää sulavan suorituskyvyn ja modernin muotoilun. Tämä upean vihreä laite on kuntoluokitukseltaan Grade BC, mikä tarkoittaa, että puhelimessa on käytön jälkiä, mutta se on…",0,Search: Samsung Galaxy S23,
bafyreihlydljfrhsltxlljl42osz3ulbaeftjgz776tvqmy6xy6j4xgyae,bluesky,post,2026-07-18 01:25:20,"Samsung Galaxy S23 5G 128GB S911B (Kuntoluokka: Grade C)

OnePlus Nord 3 5G 128GB on tehokas ja tyylikäs älypuhelin, joka yhdistää sulavan suorituskyvyn ja modernin muotoilun. Tämä upean vihreä laite on kuntoluokitukseltaan Grade BC, mikä tarkoittaa, että puhelimessa on käytön jälkiä, mutta se on…",0,Search: Samsung Galaxy S23,
bafyreiakxoqigmtlovhzq5h2i4qx5n2tigsn3ky62khyvl4pxc4b3a6sxu,bluesky,post,2026-07-18 00:56:43,"🔥 Samsung Galaxy S23 Ultra 512 Go Noir - Excellent état - Garantie 1 an
eBay · 549.00 €
#BonPlan #HighTech #Promo",1,Search: Samsung Galaxy S23,
bafyreic6awxc6yf2s2up45i5hp64wm7hcyqqvecd7x4aojwnptszkad6ue,bluesky,post,2026-07-17 22:00:06,"1️⃣ Samsung Galaxy S23 128GB - 5G SM-S911U1 - FACTORY UNLOCKED …

💰 81% OFF — $224.48 (was $1199.99)
📦 eBay

🔗 https://michifinds.com/go/1fo",0,Search: Samsung Galaxy S23,
bafyreihdllk3okn3ha7khxwyzfor7h3h5hcnuarj3bjsnte7mkd2vyy6jq,bluesky,post,2026-07-17 15:21:23,"🔥 Samsung Galaxy S23 128 Go Violet - Acceptable - Garantie 1 an
eBay · 329.00 €
#BonPlan #HighTech #Promo",0,Search: Samsung Galaxy S23,
bafyreidm6f72rt3ovw6zsetwtvefqynflad64ry77b4rromr6enbyzfmlq,bluesky,post,2026-07-17 12:57:45,"🔥 Samsung Galaxy S23 Ultra 256 Go Noir - Acceptable - Garantie 1 an
eBay · 439.00 €
#BonPlan #HighTech #Promo",0,Search: Samsung Galaxy S23,
bafyreiah2cp7nmyy4tdgxpslhxj3kpeds5clnzmjtcgjtaiexq7bph2oz4,bluesky,post,2026-07-17 11:16:43,"🔥 Samsung Galaxy S23 Plus 512 Go Noir - Très bon état - Garantie 1 an
eBay · 419.00 €
#BonPlan #HighTech #Promo",1,Search: Samsung Galaxy S23,
bafyreidfxfl4mljkjjfkstmxahwkcf747w2oan3g3qrojzcvxusyu5yzoa,bluesky,post,2026-07-17 11:06:08,"🔥 Samsung Galaxy S23 Ultra 256 Go Noir - Très bon état - Garantie 1 an
eBay · 499.00 €
#BonPlan #HighTech #Promo",0,Search: Samsung Galaxy S23,
bafyreif22kh3qzn76efk7kn6jzc5ifmhqluttppvjpsnfzglqjqmyepobi,bluesky,post,2026-07-17 11:00:54,"🔥 Samsung Galaxy S23 Ultra 256 Go Noir - Très bon état - Garantie 1 an
eBay · 499.00 €
#BonPlan #HighTech #Promo",0,Search: Samsung Galaxy S23,
bafyreifzscccln6xy7xooke2vjfa2wkbqsft73fyilssxqytfhk6nmg2oa,bluesky,post,2026-07-17 11:00:52,"🔥 Samsung Galaxy S23 Ultra 512 Go Vert - Excellent état - Garantie 1 an
eBay · 549.00 €
#BonPlan #HighTech #Promo",0,Search: Samsung Galaxy S23,
bafyreiher6rcnf7gohshvojtodhsc4cbchknxa3riwmi2yossytoonrmgu,bluesky,post,2026-07-17 10:23:34,"🔥 Samsung Galaxy S23 Ultra 512 Go Violet - Acceptable - Garantie 1 an
eBay · 459.00 €
#BonPlan #HighTech #Promo",0,Search: Samsung Galaxy S23,
bafyreicgxmmnyzza3xksr27yzq74uj26jwnvdgrop4xw4sj2bdlnco4dsi,bluesky,post,2026-07-17 02:04:33,"🔥 Samsung Galaxy S23 256 Go Graphite - Très bon état - Garantie 1 an
eBay · 369.00 €
#BonPlan #HighTech #Promo",0,Search: Samsung Galaxy S23,
bafyreiff6iurokka36lx2xpaelzc2i6ghpno54x2ch7kc5rx7j7lycuplm,bluesky,post,2026-07-17 00:33:17,"🔥 Samsung Galaxy S23 Plus 256 Go Beige - Excellent état - Garantie 1 an
eBay · 429.00 €
#BonPlan #HighTech #Promo",0,Search: Samsung Galaxy S23,
bafyreiecjroqvzxoyba2lzr2va2odk7hoxk4ht35nyuk4iuswvtvvgqmcy,bluesky,post,2026-07-16 23:32:49,"🔥 Samsung Galaxy S23 Ultra 512 Go Beige - Excellent état - Garantie 1 an
eBay · 549.00 €
#BonPlan #HighTech #Promo",0,Search: Samsung Galaxy S23,
bafyreievgicowwrvbxdofkewboohc26bve3gaajvhsaguywv4vozw7kczu,bluesky,post,2026-07-16 23:07:23,"Samsung Galaxy S23 Ultra 5G 512GB S918B (Kuntoluokka: Grade A+)

Tämä OnePlus 15R 5G (512GB) on erinomaisessa Grade A+ -kunnossa oleva huippupuhelin, joka tarjoaa tinkimätöntä suorituskykyä tyylikkäässä mustassa kuoressa. Laite on purettu alkuperäisestä pakkauksestaan, mutta se on täysin…",0,Search: Samsung Galaxy S23,
bafyreibijstidvsui5nofbaqtqvvrgl2x72sk6hpxzajmid2fg4nl7jtuy,bluesky,post,2026-07-16 23:06:11,"Samsung Galaxy S23 Ultra 5G 512GB S918B (Kuntoluokka: Grade A+)

Tämä OnePlus 15R 5G (512GB) on erinomaisessa Grade A+ -kunnossa oleva huippupuhelin, joka tarjoaa tinkimätöntä suorituskykyä tyylikkäässä mustassa kuoressa. Laite on purettu alkuperäisestä pakkauksestaan, mutta se on täysin…",0,Search: Samsung Galaxy S23,
bafyreid2opei4k26aqwiiux3q7jshccag2s6qsm3edujsewg3wdmblhjqe,bluesky,post,2026-07-16 23:05:14,"Samsung Galaxy S23 Ultra 5G 512GB S918B (Kuntoluokka: Grade A)

Tämä OnePlus 15R 5G (512GB) on erinomaisessa Grade A+ -kunnossa oleva huippupuhelin, joka tarjoaa tinkimätöntä suorituskykyä tyylikkäässä mustassa kuoressa. Laite on purettu alkuperäisestä pakkauksestaan, mutta se on täysin…",0,Search: Samsung Galaxy S23,
bafyreidykrjexzz53jyqpebdheus6ivwbi5p7tovktg2jz7sduyuls2ncu,bluesky,post,2026-07-16 23:05:01,"Samsung Galaxy S23 Ultra 5G 512GB S918B (Kuntoluokka: Grade B)

Tämä OnePlus 15R 5G (512GB) on erinomaisessa Grade A+ -kunnossa oleva huippupuhelin, joka tarjoaa tinkimätöntä suorituskykyä tyylikkäässä mustassa kuoressa. Laite on purettu alkuperäisestä pakkauksestaan, mutta se on täysin…",0,Search: Samsung Galaxy S23,
bafyreigtxq43lohse5ssfrpw34xhrgigbafgditgtnakegxsopwtkglm3y,bluesky,post,2026-07-16 23:04:43,"Samsung Galaxy S23 Ultra 5G 512GB S918B (Kuntoluokka: Grade A+)

Tämä OnePlus 15R 5G (512GB) on erinomaisessa Grade A+ -kunnossa oleva huippupuhelin, joka tarjoaa tinkimätöntä suorituskykyä tyylikkäässä mustassa kuoressa. Laite on purettu alkuperäisestä pakkauksestaan, mutta se on täysin…",0,Search: Samsung Galaxy S23,
bafyreiflgb7h4vhmytxfkr3aw642eheegwpxojyz3soysqkddbrcqdo2wa,bluesky,post,2026-07-16 23:04:27,"Samsung Galaxy S23 Ultra 5G 512GB S918B (Kuntoluokka: Grade C)

Tämä OnePlus 15R 5G (512GB) on erinomaisessa Grade A+ -kunnossa oleva huippupuhelin, joka tarjoaa tinkimätöntä suorituskykyä tyylikkäässä mustassa kuoressa. Laite on purettu alkuperäisestä pakkauksestaan, mutta se on täysin…",0,Search: Samsung Galaxy S23,
bafyreidgugs6owmyc3vdvapn4hgiomsbyzl4kumrg4fjng3uomzph25hdy,bluesky,post,2026-07-16 23:04:13,"Samsung Galaxy S23 Plus 5G 512GB S916B (Kuntoluokka: Grade C+)

Tämä OnePlus 15R 5G (512GB) on erinomaisessa Grade A+ -kunnossa oleva huippupuhelin, joka tarjoaa tinkimätöntä suorituskykyä tyylikkäässä mustassa kuoressa. Laite on purettu alkuperäisestä pakkauksestaan, mutta se on täysin…",0,Search: Samsung Galaxy S23,
bafyreiadkqdeipdswl7r3decfth6e5l3lvx3jcvso2f3yfjlbuohlwphv4,bluesky,post,2026-07-16 23:01:48,"Samsung Galaxy S23 Plus 5G 512GB S916B (Kuntoluokka: Grade B)

Tämä OnePlus 15R 5G (512GB) on erinomaisessa Grade A+ -kunnossa oleva huippupuhelin, joka tarjoaa tinkimätöntä suorituskykyä tyylikkäässä mustassa kuoressa. Laite on purettu alkuperäisestä pakkauksestaan, mutta se on täysin…",0,Search: Samsung Galaxy S23,
bafyreihtcrs77fkcekovr4do45gfgrqrmtyj5v4druut5zsol6ifx2eyhi,bluesky,post,2026-07-16 23:01:27,"Samsung Galaxy S23 Plus 5G 256GB S916B (Kuntoluokka: Grade C+)

Tämä OnePlus 15R 5G (512GB) on erinomaisessa Grade A+ -kunnossa oleva huippupuhelin, joka tarjoaa tinkimätöntä suorituskykyä tyylikkäässä mustassa kuoressa. Laite on purettu alkuperäisestä pakkauksestaan, mutta se on täysin…",0,Search: Samsung Galaxy S23,
bafyreihfithod6dpzf63zzdka3wwastra373o6y5y6ifj64hn3jer257u4,bluesky,post,2026-07-16 23:01:15,"Samsung Galaxy S23 Plus 5G 256GB S916B (Kuntoluokka: Grade C)

Tämä OnePlus 15R 5G (512GB) on erinomaisessa Grade A+ -kunnossa oleva huippupuhelin, joka tarjoaa tinkimätöntä suorituskykyä tyylikkäässä mustassa kuoressa. Laite on purettu alkuperäisestä pakkauksestaan, mutta se on täysin…",0,Search: Samsung Galaxy S23,
bafyreiem2fljg7zz3zdiqqvwbtzlvsugufvc6b3jtr7d3pmcphgp4b6xle,bluesky,post,2026-07-16 23:01:07,"Samsung Galaxy S23 FE 5G 128GB S711B (Kuntoluokka: Grade A)

Tämä OnePlus 15R 5G (512GB) on erinomaisessa Grade A+ -kunnossa oleva huippupuhelin, joka tarjoaa tinkimätöntä suorituskykyä tyylikkäässä mustassa kuoressa. Laite on purettu alkuperäisestä pakkauksestaan, mutta se on täysin…",0,Search: Samsung Galaxy S23,
bafyreigldmnujxsr2ctk3z6kj24mlclkvvsuodsd5ho5vsd7ys3ydrosnu,bluesky,post,2026-07-16 23:01:06,"Samsung Galaxy S23 5G 256GB S911B (Kuntoluokka: Grade C+)

Tämä OnePlus 15R 5G (512GB) on erinomaisessa Grade A+ -kunnossa oleva huippupuhelin, joka tarjoaa tinkimätöntä suorituskykyä tyylikkäässä mustassa kuoressa. Laite on purettu alkuperäisestä pakkauksestaan, mutta se on täysin toimintakunnossa…",0,Search: Samsung Galaxy S23,
bafyreibs3qaybkuypcu5fwngie5gtl64sdy7fyxj3ilkrqmyrqwmtw2agu,bluesky,post,2026-07-16 23:01:05,"Samsung Galaxy S23 Plus 5G 256GB S916B (Kuntoluokka: Grade B)

Tämä OnePlus 15R 5G (512GB) on erinomaisessa Grade A+ -kunnossa oleva huippupuhelin, joka tarjoaa tinkimätöntä suorituskykyä tyylikkäässä mustassa kuoressa. Laite on purettu alkuperäisestä pakkauksestaan, mutta se on täysin…",0,Search: Samsung Galaxy S23,
bafyreiba4qxn63a7cz27vmj5rt6v6socyf3nquvjbcjfdfgce6c2uwfzuu,bluesky,post,2026-07-16 22:59:51,"Samsung Galaxy S23 5G 256GB S911B (Kuntoluokka: Grade C)

Tämä OnePlus 15R 5G (512GB) on erinomaisessa Grade A+ -kunnossa oleva huippupuhelin, joka tarjoaa tinkimätöntä suorituskykyä tyylikkäässä mustassa kuoressa. Laite on purettu alkuperäisestä pakkauksestaan, mutta se on täysin toimintakunnossa…",0,Search: Samsung Galaxy S23,
bafyreib7kmhxblfq65rinot5bn7423b5a2bckfz4frn7mvl6x6coh53h5u,bluesky,post,2026-07-16 22:59:39,"Samsung Galaxy S23 5G 256GB S911B (Kuntoluokka: Grade B)

Tämä OnePlus 15R 5G (512GB) on erinomaisessa Grade A+ -kunnossa oleva huippupuhelin, joka tarjoaa tinkimätöntä suorituskykyä tyylikkäässä mustassa kuoressa. Laite on purettu alkuperäisestä pakkauksestaan, mutta se on täysin toimintakunnossa…",0,Search: Samsung Galaxy S23,
bafyreibnspjgnq5noc2en3ukwaxe3u5nzpxk3vozp7bfmwvnnbvfaa5vge,bluesky,post,2026-07-16 22:59:23,"Samsung Galaxy S23 5G 256GB S911B (Kuntoluokka: Grade B)

Tämä OnePlus 15R 5G (512GB) on erinomaisessa Grade A+ -kunnossa oleva huippupuhelin, joka tarjoaa tinkimätöntä suorituskykyä tyylikkäässä mustassa kuoressa. Laite on purettu alkuperäisestä pakkauksestaan, mutta se on täysin toimintakunnossa…",0,Search: Samsung Galaxy S23,
bafyreiabyppkywobqhjvze7r3oh3b5ti73egd6dwzf4mbjiu2qxgxbrpka,bluesky,post,2026-07-16 22:58:42,"Samsung Galaxy S23 5G 128GB S911B (Kuntoluokka: Grade C)

Tämä OnePlus 15R 5G (512GB) on erinomaisessa Grade A+ -kunnossa oleva huippupuhelin, joka tarjoaa tinkimätöntä suorituskykyä tyylikkäässä mustassa kuoressa. Laite on purettu alkuperäisestä pakkauksestaan, mutta se on täysin toimintakunnossa…",0,Search: Samsung Galaxy S23,
bafyreifmbbsehhv2i2h5sa26zpylfycv4pve55ctd5xlmrrpqhukpahmpy,bluesky,post,2026-07-16 22:58:11,"Samsung Galaxy S23 5G 128GB S911B (Kuntoluokka: Grade C+)

Tämä OnePlus 15R 5G (512GB) on erinomaisessa Grade A+ -kunnossa oleva huippupuhelin, joka tarjoaa tinkimätöntä suorituskykyä tyylikkäässä mustassa kuoressa. Laite on purettu alkuperäisestä pakkauksestaan, mutta se on täysin toimintakunnossa…",0,Search: Samsung Galaxy S23,
bafyreiaoiom5tsasoqzn3h63pcboaogadk3ftwg5kwyw4a5a2mqha7duli,bluesky,post,2026-07-16 21:44:34,"🔥 Samsung Galaxy S23 Ultra 512 Go Beige - Excellent état - Garantie 1 an
eBay · 549.00 €
#BonPlan #HighTech #Promo",0,Search: Samsung Galaxy S23,
bafyreib45beu6oz4dq2jg5fwbygsvh2tacdzzs7363pgxqoin4cdd3q4z4,bluesky,post,2026-07-16 21:18:13,"🔥 Samsung Galaxy S23 256 Go Graphite - Très bon état - Garantie 1 an
eBay · 369.00 €
#BonPlan #HighTech #Promo",0,Search: Samsung Galaxy S23,
bafyreiglsuwtxkjhva5f5lc7qqahr4hbuuxu7sy37eeoptdi5oqpwaywh4,bluesky,post,2026-07-16 21:13:05,"🔥 Samsung Galaxy S23 Ultra 512 Go Violet - Acceptable - Garantie 1 an
eBay · 459.00 €
#BonPlan #HighTech #Promo",0,Search: Samsung Galaxy S23,
bafyreiaed6daveaglh3mvzbcbihvcks23yrj6emwdgntdlnnf4o3zfsl7i,bluesky,post,2026-07-16 21:13:00,"🔥 Samsung Galaxy S23 Plus 256 Go Beige - Excellent état - Garantie 1 an
eBay · 429.00 €
#BonPlan #HighTech #Promo",0,Search: Samsung Galaxy S23,
bafyreidmwqqlr6gtmf63z2bhoh3u2r24ic7dtzcx7wuwjg57wguy5jgqmy,bluesky,post,2026-07-16 19:03:12,"🔥 Samsung Galaxy S23 Ultra 256 Go Noir - Excellent état - Garantie 1 an
eBay · 509.00 €
#BonPlan #HighTech #Promo",0,Search: Samsung Galaxy S23,
bafyreiafeuykvnuzlenrwsuutjhaucumn5i4rjx2afp5cifb3wykx5avcu,bluesky,post,2026-07-16 17:19:38,"🔥 Samsung Galaxy S23 128 Go Noir - Excellent état - Garantie 1 an
eBay · 339.00 €
#BonPlan #HighTech #Promo",0,Search: Samsung Galaxy S23,
bafyreih5chtl6w2rvf66l4ha34d2fpzgedsnhdst7se3zxpqrd75r77rtm,bluesky,post,2026-07-16 17:09:05,"🔥 Samsung Galaxy S23 128 Go Noir - Excellent état - Garantie 1 an
eBay · 339.00 €
#BonPlan #HighTech #Promo",0,Search: Samsung Galaxy S23,
bafyreicngj6v56jazjhllj5ecfky6uakucvmbwh3r4i6wwgc2z4xkpn3d4,bluesky,post,2026-07-16 16:47:31,"🔥 Samsung Galaxy S23 Plus 512 Go Noir - Excellent état - Garantie 1 an
eBay · 469.00 €
#BonPlan #HighTech #Promo",0,Search: Samsung Galaxy S23,
bafyreihi5lq4nf37qotvrqvjyn5a3xsyrozq6e2npdqsz7f2x5ymdx7kle,bluesky,post,2026-07-16 16:15:04,"🔥 Samsung Galaxy S23 128 Go Noir - Excellent état - Garantie 1 an
eBay · 339.00 €
#BonPlan #HighTech #Promo",0,Search: Samsung Galaxy S23,
bafyreidlms6wq6vftzinjmafwzq4j3n24vmkrgx4pmpm6hwtkwzf5xtkkm,bluesky,post,2026-07-16 16:15:03,"🔥 Samsung Galaxy S23 Plus 512 Go Noir - Excellent état - Garantie 1 an
eBay · 469.00 €
#BonPlan #HighTech #Promo",0,Search: Samsung Galaxy S23,
bafyreignhxbtkbjwu4qzqdpfacx4um2ahjrd3sljix42zfdd6yl2ii5hq4,bluesky,post,2026-07-16 15:16:23,"🔥 Samsung Galaxy S23 128 Go Beige - Acceptable - Garantie 1 an
eBay · 329.00 €
#BonPlan #HighTech #Promo",0,Search: Samsung Galaxy S23,
bafyreiax5d3upgv2u5gy6nlby6chz44eyztdanpmhzc6bb6gpp4yuhnicu,bluesky,post,2026-07-16 15:11:04,"🔥 Samsung Galaxy S23 128 Go Beige - Acceptable - Garantie 1 an
eBay · 329.00 €
#BonPlan #HighTech #Promo",0,Search: Samsung Galaxy S23,
bafyreifxbthi3764cc33ir2tpyjwxk5qlf3xzkvcewwnzq5f4x7oxhbl5u,bluesky,post,2026-07-16 14:44:03,"🔥 Samsung Galaxy S23 128 Go Beige - Acceptable - Garantie 1 an
eBay · 329.00 €
#BonPlan #HighTech #Promo",0,Search: Samsung Galaxy S23,
bafyreibyu45trxungfd5r7mprpzngojsfi3joau6kclsquzcjzkdxv4dca,bluesky,post,2026-07-16 14:38:38,"🔥 Samsung Galaxy S23 128 Go Beige - Acceptable - Garantie 1 an
eBay · 329.00 €
#BonPlan #HighTech #Promo",0,Search: Samsung Galaxy S23,
bafyreiabfdrrefuslxp2wc2cr6mrwoh2uo5fkdc26eaczuerz3x35pkv6y,bluesky,post,2026-07-16 13:20:54,"🔥 Samsung Galaxy S23 256 Go Vert - Très bon état - Garantie 1 an
eBay · 369.00 €
#BonPlan #HighTech #Promo",0,Search: Samsung Galaxy S23,
bafyreias347hqurekwtq43w3tqkulaaasqya5m5ouvly4ks7wj3v37wp2i,bluesky,post,2026-07-16 13:04:11,"🔥 Samsung Galaxy S23 256 Go Vert - Très bon état - Garantie 1 an
eBay · 369.00 €
#BonPlan #HighTech #Promo",0,Search: Samsung Galaxy S23,
bafyreiciqimqjghufxue722iropf55e7zn55c77djwc3lbmmhunnmlhreu,bluesky,post,2026-07-16 12:09:07,"🔥 Samsung Galaxy S23 256 Go Noir - Excellent état - Garantie 1 an
eBay · 329.00 €
#BonPlan #HighTech #Promo",0,Search: Samsung Galaxy S23,
bafyreiawl4dgqik5hde4tagslzrvwyoevxevht4z7xeuqrszsxhug2wer4,bluesky,post,2026-07-16 11:51:27,"🔥 Samsung Galaxy S23 Plus 256 Go Vert - Acceptable - Garantie 1 an
eBay · 359.00 €
#BonPlan #HighTech #Promo",0,Search: Samsung Galaxy S23,
bafyreiblnajxt763fbuqz3opus5lkyifq2x23akncwxdfcrq7nh4z5axpi,bluesky,post,2026-07-16 11:35:29,"🔥 Samsung Galaxy S23 Plus 256 Go Vert - Très bon état - Garantie 1 an
eBay · 389.00 €
#BonPlan #HighTech #Promo",0,Search: Samsung Galaxy S23,
bafyreigpqtzx5xc3xgs73vyaxb3o654f6frt5tx6va3trdqeupggairvbm,bluesky,post,2026-07-16 11:19:33,"🔥 Samsung Galaxy S23 Plus 256 Go Vert - Très bon état - Garantie 1 an
eBay · 389.00 €
#BonPlan #HighTech #Promo",0,Search: Samsung Galaxy S23,
bafyreihdfyylrqevdmwdsvk7rq6k4lqm4d6tqo57c6c6rtzqggqpwqgrgu,bluesky,post,2026-07-16 07:05:32,"🔥 Samsung Galaxy S23 256 Go Beige - Excellent état - Garantie 1 an
eBay · 409.00 €
#BonPlan #HighTech #Promo",0,Search: Samsung Galaxy S23,
bafyreif4erjgzufl3cg6m276it5gtjyc6fevcl3wnkw2irhzxrft5eio3m,bluesky,post,2026-07-16 06:51:16,"🔥 Samsung Galaxy S23 Plus 256 Go Graphite - Acceptable - Garantie 1 an
eBay · 359.00 €
#BonPlan #HighTech #Promo",1,Search: Samsung Galaxy S23,
bafyreicjbesvwfsvarvs6yfvc3vubutm37awetvqogde5ukjkvk57kndrm,bluesky,post,2026-07-16 01:20:31,"🔥 Samsung Galaxy S23 Ultra 256 Go Violet - Excellent état - Garantie 1 an
eBay · 509.00 €
#BonPlan #HighTech #Promo",1,Search: Samsung Galaxy S23,
bafyreievl3qvcnwulojfval7c36li2psrfjcuymnlorfo746xxxsrysmru,bluesky,post,2026-07-15 23:26:36,"Samsung Galaxy S23 Ultra 5G 512GB S918B (Kuntoluokka: Grade A+)

Tämä tyylikäs sininen Samsung Galaxy A55 5G 256GB tarjoaa erinomaista suorituskykyä ja luotettavuutta. Laite on kuntoluokitukseltaan Grade B, mikä tarkoittaa, että siinä on käytön jälkiä, mutta se on täysin toimintakuntoinen. Puhelin…",0,Search: Samsung Galaxy S23,
bafyreig7wj7n5dj2gocfue5ndckdufzizzkntypmzf2dkl5iuhfllwbjci,bluesky,post,2026-07-15 23:26:17,"Samsung Galaxy S23 Ultra 5G 512GB S918B (Kuntoluokka: Grade C)

Tämä tyylikäs sininen Samsung Galaxy A55 5G 256GB tarjoaa erinomaista suorituskykyä ja luotettavuutta. Laite on kuntoluokitukseltaan Grade B, mikä tarkoittaa, että siinä on käytön jälkiä, mutta se on täysin toimintakuntoinen. Puhelin…",0,Search: Samsung Galaxy S23,
bafyreihxps53xvbtwgbicj6nx6ksrrbaevwou2vbrvkf32arnypdc4zqza,bluesky,post,2026-07-15 23:26:01,"Samsung Galaxy S23 Ultra 5G 512GB S918B (Kuntoluokka: Grade C+)

Tämä tyylikäs sininen Samsung Galaxy A55 5G 256GB tarjoaa erinomaista suorituskykyä ja luotettavuutta. Laite on kuntoluokitukseltaan Grade B, mikä tarkoittaa, että siinä on käytön jälkiä, mutta se on täysin toimintakuntoinen. Puhelin…",0,Search: Samsung Galaxy S23,
bafyreidusskivwt2ntaf6iioiy3npmcqurc4xo7jw36e4yhvy2ggjuosfe,bluesky,post,2026-07-15 23:25:44,"Samsung Galaxy S23 Ultra 5G 512GB S918B (Kuntoluokka: Grade B)

Tämä tyylikäs sininen Samsung Galaxy A55 5G 256GB tarjoaa erinomaista suorituskykyä ja luotettavuutta. Laite on kuntoluokitukseltaan Grade B, mikä tarkoittaa, että siinä on käytön jälkiä, mutta se on täysin toimintakuntoinen. Puhelin…",0,Search: Samsung Galaxy S23,
bafyreicbp7ug6wvfefrngetbf2d43gpybyyrzlkhxuh7uyp4jh65um6l5q,bluesky,post,2026-07-15 23:25:27,"Samsung Galaxy S23 Ultra 5G 512GB S918B (Kuntoluokka: Grade B)

Tämä tyylikäs sininen Samsung Galaxy A55 5G 256GB tarjoaa erinomaista suorituskykyä ja luotettavuutta. Laite on kuntoluokitukseltaan Grade B, mikä tarkoittaa, että siinä on käytön jälkiä, mutta se on täysin toimintakuntoinen. Puhelin…",0,Search: Samsung Galaxy S23,
bafyreidkkifpmi3wvlcjif3hdnsh73a65k2amvxvzwqfvpdw6e4qtwklxe,bluesky,post,2026-07-15 23:25:06,"Samsung Galaxy S23 Ultra 5G 256GB S918B (Kuntoluokka: Grade A)

Tämä tyylikäs sininen Samsung Galaxy A55 5G 256GB tarjoaa erinomaista suorituskykyä ja luotettavuutta. Laite on kuntoluokitukseltaan Grade B, mikä tarkoittaa, että siinä on käytön jälkiä, mutta se on täysin toimintakuntoinen. Puhelin…",0,Search: Samsung Galaxy S23,
bafyreic5i4j2qrcly5czws272f6oqsxm4mujtrw2eyron7jsq3oo4jhqje,bluesky,post,2026-07-15 23:24:49,"Samsung Galaxy S23 Ultra 5G 256GB S918B (Kuntoluokka: Grade C)

Tämä tyylikäs sininen Samsung Galaxy A55 5G 256GB tarjoaa erinomaista suorituskykyä ja luotettavuutta. Laite on kuntoluokitukseltaan Grade B, mikä tarkoittaa, että siinä on käytön jälkiä, mutta se on täysin toimintakuntoinen. Puhelin…",0,Search: Samsung Galaxy S23,
bafyreihfxs6dpjp2myh3a655vpe32lg73re73mob3pxakjyhmpllc5ksnu,bluesky,post,2026-07-15 23:24:33,"Samsung Galaxy S23 Ultra 5G 256GB S918B (Kuntoluokka: Grade C)

Tämä tyylikäs sininen Samsung Galaxy A55 5G 256GB tarjoaa erinomaista suorituskykyä ja luotettavuutta. Laite on kuntoluokitukseltaan Grade B, mikä tarkoittaa, että siinä on käytön jälkiä, mutta se on täysin toimintakuntoinen. Puhelin…",0,Search: Samsung Galaxy S23,
bafyreiazqmjxnnj45ji5wpxkgvjvsddo44n3wdioc6pvjktyshctkzw32u,bluesky,post,2026-07-15 23:24:16,"Samsung Galaxy S23 Ultra 5G 256GB S918B (Kuntoluokka: Grade C+)

Tämä tyylikäs sininen Samsung Galaxy A55 5G 256GB tarjoaa erinomaista suorituskykyä ja luotettavuutta. Laite on kuntoluokitukseltaan Grade B, mikä tarkoittaa, että siinä on käytön jälkiä, mutta se on täysin toimintakuntoinen. Puhelin…",0,Search: Samsung Galaxy S23,
bafyreihbglwka4acj5h7txdpjdtjijzudtxa2yyukw3rundtu567mww2fy,bluesky,post,2026-07-15 23:23:56,"Samsung Galaxy S23 Ultra 5G 256GB S918B (Kuntoluokka: Grade B)

Tämä tyylikäs sininen Samsung Galaxy A55 5G 256GB tarjoaa erinomaista suorituskykyä ja luotettavuutta. Laite on kuntoluokitukseltaan Grade B, mikä tarkoittaa, että siinä on käytön jälkiä, mutta se on täysin toimintakuntoinen. Puhelin…",0,Search: Samsung Galaxy S23,
bafyreidu5x5kjbq2ewa4l7famscvjbsmjmmn6e33up5v5hxnuonveupgni,bluesky,post,2026-07-15 23:23:49,"Samsung Galaxy S23 Ultra 5G 256GB S918B (Kuntoluokka: Grade C+) @ KorhoneCom: Käytetyt

Väri Musta Pilven lukko CloudOFF Ulkonäkö Luokka C+ Toiminnallisuus Työskentely Laatikoitunut Purettu laatikosta Osta verkkokaupastamme KorhoneCom: Käytetyt osoitteesta",0,Search: Samsung Galaxy S23,
bafyreiguxyy7kt7pik7orm434iva6rxtr5upc7p7ra6gijmzbp4wuo74pi,bluesky,post,2026-07-15 23:23:38,"Samsung Galaxy S23 Ultra 5G 256GB S918B (Kuntoluokka: Grade C+)

Tämä tyylikäs sininen Samsung Galaxy A55 5G 256GB tarjoaa erinomaista suorituskykyä ja luotettavuutta. Laite on kuntoluokitukseltaan Grade B, mikä tarkoittaa, että siinä on käytön jälkiä, mutta se on täysin toimintakuntoinen. Puhelin…",0,Search: Samsung Galaxy S23,
bafyreigp2qcxvmi345426r33svhcw7rk524ybp3xhha5xz72wkuwamprra,bluesky,post,2026-07-15 23:23:20,"Samsung Galaxy S23 Ultra 5G 256GB S918B (Kuntoluokka: Grade A)

Tämä tyylikäs sininen Samsung Galaxy A55 5G 256GB tarjoaa erinomaista suorituskykyä ja luotettavuutta. Laite on kuntoluokitukseltaan Grade B, mikä tarkoittaa, että siinä on käytön jälkiä, mutta se on täysin toimintakuntoinen. Puhelin…",0,Search: Samsung Galaxy S23,
bafyreigh6aitppev42pzy5uquxweo34jo7kvpbckgmimti3yvl65m2kk7q,bluesky,post,2026-07-15 23:23:04,"Samsung Galaxy S23 Ultra 5G 256GB S918B (Kuntoluokka: Grade B)

Tämä tyylikäs sininen Samsung Galaxy A55 5G 256GB tarjoaa erinomaista suorituskykyä ja luotettavuutta. Laite on kuntoluokitukseltaan Grade B, mikä tarkoittaa, että siinä on käytön jälkiä, mutta se on täysin toimintakuntoinen. Puhelin…",0,Search: Samsung Galaxy S23,
bafyreidtrqjzavryyseo2mbl57ybymxqajbjrj4tejebqw443q3mdbsnpm,bluesky,post,2026-07-15 23:22:47,"Samsung Galaxy S23 Ultra 5G 256GB S918B (Kuntoluokka: Grade C+)

Tämä tyylikäs sininen Samsung Galaxy A55 5G 256GB tarjoaa erinomaista suorituskykyä ja luotettavuutta. Laite on kuntoluokitukseltaan Grade B, mikä tarkoittaa, että siinä on käytön jälkiä, mutta se on täysin toimintakuntoinen. Puhelin…",0,Search: Samsung Galaxy S23,
bafyreiaiv7woni4ksukwgaqkog7caxbon7y6j2valzwtphtg2j7szz2wdy,bluesky,post,2026-07-15 23:22:30,"Samsung Galaxy S23 Plus 5G 512GB S916B (Kuntoluokka: Grade A)

Tämä tyylikäs sininen Samsung Galaxy A55 5G 256GB tarjoaa erinomaista suorituskykyä ja luotettavuutta. Laite on kuntoluokitukseltaan Grade B, mikä tarkoittaa, että siinä on käytön jälkiä, mutta se on täysin toimintakuntoinen. Puhelin on…",0,Search: Samsung Galaxy S23,
bafyreifh6cgrqd337zm3cmn7wekrqxf577lztyagdocbwlf4uezzuui5py,bluesky,post,2026-07-15 23:22:13,"Samsung Galaxy S23 Plus 5G 512GB S916B (Kuntoluokka: Grade B)

Tämä tyylikäs sininen Samsung Galaxy A55 5G 256GB tarjoaa erinomaista suorituskykyä ja luotettavuutta. Laite on kuntoluokitukseltaan Grade B, mikä tarkoittaa, että siinä on käytön jälkiä, mutta se on täysin toimintakuntoinen. Puhelin on…",0,Search: Samsung Galaxy S23,
bafyreifo3njxo4knnyqlsljkbxverwavfxsicprw6b7yrrapcsvvajhnf4,bluesky,post,2026-07-15 23:21:56,"Samsung Galaxy S23 Plus 5G 256GB S916B (Kuntoluokka: Grade A)

Tämä tyylikäs sininen Samsung Galaxy A55 5G 256GB tarjoaa erinomaista suorituskykyä ja luotettavuutta. Laite on kuntoluokitukseltaan Grade B, mikä tarkoittaa, että siinä on käytön jälkiä, mutta se on täysin toimintakuntoinen. Puhelin on…",0,Search: Samsung Galaxy S23,
bafyreidu3ojty6xfadrc4tu7hdoznzcnfidvzz4zxaxjrbwtxrwkewfxti,bluesky,post,2026-07-15 23:21:40,"Samsung Galaxy S23 Plus 5G 256GB S916B (Kuntoluokka: Grade A)

Tämä tyylikäs sininen Samsung Galaxy A55 5G 256GB tarjoaa erinomaista suorituskykyä ja luotettavuutta. Laite on kuntoluokitukseltaan Grade B, mikä tarkoittaa, että siinä on käytön jälkiä, mutta se on täysin toimintakuntoinen. Puhelin on…",0,Search: Samsung Galaxy S23,
bafyreifexowrltmzoyztvgrdnqrvsbks5ohned3txau3gjwzxl6yv4xl5u,bluesky,post,2026-07-15 23:21:23,"Samsung Galaxy S23 Plus 5G 256GB S916B (Kuntoluokka: Grade C)

Tämä tyylikäs sininen Samsung Galaxy A55 5G 256GB tarjoaa erinomaista suorituskykyä ja luotettavuutta. Laite on kuntoluokitukseltaan Grade B, mikä tarkoittaa, että siinä on käytön jälkiä, mutta se on täysin toimintakuntoinen. Puhelin on…",0,Search: Samsung Galaxy S23,
bafyreihmvylufrpcddx26abvun6q44soue577wk333snqym44srm6jio4u,bluesky,post,2026-07-15 23:21:06,"Samsung Galaxy S23 Plus 5G 256GB S916B (Kuntoluokka: Grade B)

Tämä tyylikäs sininen Samsung Galaxy A55 5G 256GB tarjoaa erinomaista suorituskykyä ja luotettavuutta. Laite on kuntoluokitukseltaan Grade B, mikä tarkoittaa, että siinä on käytön jälkiä, mutta se on täysin toimintakuntoinen. Puhelin on…",0,Search: Samsung Galaxy S23,
bafyreifbyaxb5sk4c4wh24ndwzp6ykslphof5h6dmrzww3utfwxxfs7twe,bluesky,post,2026-07-15 23:20:50,"Samsung Galaxy S23 Plus 5G 256GB S916B (Kuntoluokka: Grade A)

Tämä tyylikäs sininen Samsung Galaxy A55 5G 256GB tarjoaa erinomaista suorituskykyä ja luotettavuutta. Laite on kuntoluokitukseltaan Grade B, mikä tarkoittaa, että siinä on käytön jälkiä, mutta se on täysin toimintakuntoinen. Puhelin on…",0,Search: Samsung Galaxy S23,
bafyreihtus555i6gtrgoqqghu7mbxivxtxvk6dik22zu7qfykrrtpoccbu,bluesky,post,2026-07-15 23:20:30,"Samsung Galaxy S23 Plus 5G 256GB S916B (Kuntoluokka: Grade C+)

Tämä tyylikäs sininen Samsung Galaxy A55 5G 256GB tarjoaa erinomaista suorituskykyä ja luotettavuutta. Laite on kuntoluokitukseltaan Grade B, mikä tarkoittaa, että siinä on käytön jälkiä, mutta se on täysin toimintakuntoinen. Puhelin…",0,Search: Samsung Galaxy S23,
bafyreictdspscwxcvtgyvsoxgbpkpdfdbmisfewgpzv6vbtipao7ehcxhy,bluesky,post,2026-07-15 23:20:14,"Samsung Galaxy S23 Plus 5G 256GB S916B (Kuntoluokka: Grade B)

Tämä tyylikäs sininen Samsung Galaxy A55 5G 256GB tarjoaa erinomaista suorituskykyä ja luotettavuutta. Laite on kuntoluokitukseltaan Grade B, mikä tarkoittaa, että siinä on käytön jälkiä, mutta se on täysin toimintakuntoinen. Puhelin on…",0,Search: Samsung Galaxy S23,
bafyreiadyn3sil56yluecjfcpml2iuxa2svu42hu3qnotjoahgce5ltnkm,bluesky,post,2026-07-15 23:19:55,"Samsung Galaxy S23 Plus 5G 256GB S916B (Kuntoluokka: Grade B)

Tämä tyylikäs sininen Samsung Galaxy A55 5G 256GB tarjoaa erinomaista suorituskykyä ja luotettavuutta. Laite on kuntoluokitukseltaan Grade B, mikä tarkoittaa, että siinä on käytön jälkiä, mutta se on täysin toimintakuntoinen. Puhelin on…",0,Search: Samsung Galaxy S23,
bafyreid7zveqlrif7kzopzqhix4sjv56pqy2uawa25nlkasrzlhr7feewe,bluesky,post,2026-07-15 23:19:37,"Samsung Galaxy S23 FE 5G 256GB S711B (Kuntoluokka: Grade B)

Tämä tyylikäs sininen Samsung Galaxy A55 5G 256GB tarjoaa erinomaista suorituskykyä ja luotettavuutta. Laite on kuntoluokitukseltaan Grade B, mikä tarkoittaa, että siinä on käytön jälkiä, mutta se on täysin toimintakuntoinen. Puhelin on…",0,Search: Samsung Galaxy S23,
bafyreichphbsx5ngyb3znudgdp2zw6visazfmbxivd5z2h7f4iqsmqwfvm,bluesky,post,2026-07-15 23:19:15,"Samsung Galaxy S23 FE 5G 128GB S711B (Kuntoluokka: Grade B)

Tämä tyylikäs sininen Samsung Galaxy A55 5G 256GB tarjoaa erinomaista suorituskykyä ja luotettavuutta. Laite on kuntoluokitukseltaan Grade B, mikä tarkoittaa, että siinä on käytön jälkiä, mutta se on täysin toimintakuntoinen. Puhelin on…",0,Search: Samsung Galaxy S23,
bafyreiewrlixgkjzqarmhbs7nnxg3z3ungxibuf5eamehrmhpcrh4msicm,bluesky,post,2026-07-15 23:19:00,"Samsung Galaxy S23 FE 5G 128GB S711B (Kuntoluokka: Grade B)

Tämä tyylikäs sininen Samsung Galaxy A55 5G 256GB tarjoaa erinomaista suorituskykyä ja luotettavuutta. Laite on kuntoluokitukseltaan Grade B, mikä tarkoittaa, että siinä on käytön jälkiä, mutta se on täysin toimintakuntoinen. Puhelin on…",0,Search: Samsung Galaxy S23,
bafyreihvsf7qqjfwczdq7mnwtnmlea62b26xxfzs2avtarqn77rh3nu5fi,bluesky,post,2026-07-15 23:18:42,"Samsung Galaxy S23 FE 5G 128GB S711B (Kuntoluokka: Grade B)

Tämä tyylikäs sininen Samsung Galaxy A55 5G 256GB tarjoaa erinomaista suorituskykyä ja luotettavuutta. Laite on kuntoluokitukseltaan Grade B, mikä tarkoittaa, että siinä on käytön jälkiä, mutta se on täysin toimintakuntoinen. Puhelin on…",0,Search: Samsung Galaxy S23,
bafyreihft7v3g74cxxq7xcqqjeo4mj5n2p7pxvas7m42b547idsalbr6mm,bluesky,post,2026-07-15 23:18:25,"Samsung Galaxy S23 FE 5G 128GB S711B (Kuntoluokka: Grade A)

Tämä tyylikäs sininen Samsung Galaxy A55 5G 256GB tarjoaa erinomaista suorituskykyä ja luotettavuutta. Laite on kuntoluokitukseltaan Grade B, mikä tarkoittaa, että siinä on käytön jälkiä, mutta se on täysin toimintakuntoinen. Puhelin on…",0,Search: Samsung Galaxy S23,
bafyreiarc764ahe2ldarhrzsdsrftf3ogcc6gb53jgszy7bmiqmioemiyq,bluesky,post,2026-07-15 23:18:11,"Samsung Galaxy S23 FE 5G 128GB S711B (Kuntoluokka: Grade C)

Tämä tyylikäs sininen Samsung Galaxy A55 5G 256GB tarjoaa erinomaista suorituskykyä ja luotettavuutta. Laite on kuntoluokitukseltaan Grade B, mikä tarkoittaa, että siinä on käytön jälkiä, mutta se on täysin toimintakuntoinen. Puhelin on…",0,Search: Samsung Galaxy S23,
bafyreib3e5tusej5632b4iynp6dzzxio5t6iy753hz7wn5fiocjjblz46m,bluesky,post,2026-07-15 23:17:53,"Samsung Galaxy S23 FE 5G 128GB S711B (Kuntoluokka: Grade C+)

Tämä tyylikäs sininen Samsung Galaxy A55 5G 256GB tarjoaa erinomaista suorituskykyä ja luotettavuutta. Laite on kuntoluokitukseltaan Grade B, mikä tarkoittaa, että siinä on käytön jälkiä, mutta se on täysin toimintakuntoinen. Puhelin on…",0,Search: Samsung Galaxy S23,
bafyreiewyo73e33rtd6tundiltqdvajv72pt3i45ik2b4fmsz7autrq5ry,bluesky,post,2026-07-15 23:17:31,"Samsung Galaxy S23 5G 256GB S911B (Kuntoluokka: Grade A)

Tämä tyylikäs sininen Samsung Galaxy A55 5G 256GB tarjoaa erinomaista suorituskykyä ja luotettavuutta. Laite on kuntoluokitukseltaan Grade B, mikä tarkoittaa, että siinä on käytön jälkiä, mutta se on täysin toimintakuntoinen. Puhelin on…",0,Search: Samsung Galaxy S23,
bafyreihb3scamfbwqxshunj7faaiywsymss4brv6lni2jnwokt4pillzaq,bluesky,post,2026-07-15 23:17:14,"Samsung Galaxy S23 5G 256GB S911B (Kuntoluokka: Grade C)

Tämä tyylikäs sininen Samsung Galaxy A55 5G 256GB tarjoaa erinomaista suorituskykyä ja luotettavuutta. Laite on kuntoluokitukseltaan Grade B, mikä tarkoittaa, että siinä on käytön jälkiä, mutta se on täysin toimintakuntoinen. Puhelin on…",0,Search: Samsung Galaxy S23,
bafyreihnsucfu3hcftorxoxmhbymnzrxvbydjevzalfmkvm3oaustbexze,bluesky,post,2026-07-15 23:16:59,"Samsung Galaxy S23 5G 256GB S911B (Kuntoluokka: Grade A)

Tämä tyylikäs sininen Samsung Galaxy A55 5G 256GB tarjoaa erinomaista suorituskykyä ja luotettavuutta. Laite on kuntoluokitukseltaan Grade B, mikä tarkoittaa, että siinä on käytön jälkiä, mutta se on täysin toimintakuntoinen. Puhelin on…",0,Search: Samsung Galaxy S23,
bafyreigiq7ruvekjy534uniopmpr4bshqazuk5gel4xpte34fnxav3tkn4,bluesky,post,2026-07-15 23:16:40,"Samsung Galaxy S23 5G 128GB S911B (Kuntoluokka: Grade C+)

Tämä tyylikäs sininen Samsung Galaxy A55 5G 256GB tarjoaa erinomaista suorituskykyä ja luotettavuutta. Laite on kuntoluokitukseltaan Grade B, mikä tarkoittaa, että siinä on käytön jälkiä, mutta se on täysin toimintakuntoinen. Puhelin on…",0,Search: Samsung Galaxy S23,
bafyreibcc7zet2dyblqmldcmdg7yzfpp35kpvukpagqnq4sio7hllxtlza,bluesky,post,2026-07-15 23:16:26,"Samsung Galaxy S23 5G 128GB S911B (Kuntoluokka: Grade B)

Tämä tyylikäs sininen Samsung Galaxy A55 5G 256GB tarjoaa erinomaista suorituskykyä ja luotettavuutta. Laite on kuntoluokitukseltaan Grade B, mikä tarkoittaa, että siinä on käytön jälkiä, mutta se on täysin toimintakuntoinen. Puhelin on…",0,Search: Samsung Galaxy S23,
bafyreievqgcjiescfy2hrlsu5oqacztbw3uv2mdb7nhrzeba6lbzoo5yaq,bluesky,post,2026-07-15 21:32:13,"🔥 Samsung Galaxy S23 Plus 256 Go Violet - Excellent état - Garantie 1 an
eBay · 429.00 €
#BonPlan #HighTech #Promo",0,Search: Samsung Galaxy S23,
bafyreig5h2pimm755fka2ebym3xvakln5kdnb6kanyxlhbawmhq3pthtiu,bluesky,post,2026-07-15 21:26:52,"🔥 Samsung Galaxy S23 Ultra 256 Go Violet - Excellent état - Garantie 1 an
eBay · 509.00 €
#BonPlan #HighTech #Promo",0,Search: Samsung Galaxy S23,
bafyreifxpoxn66ejcru5qjqzujtbxkpou5pdw26s7yfaijdk35zgyuat5e,bluesky,post,2026-07-15 21:21:36,"🔥 Samsung Galaxy S23 Plus 256 Go Violet - Excellent état - Garantie 1 an
eBay · 429.00 €
#BonPlan #HighTech #Promo",0,Search: Samsung Galaxy S23,
bafyreicd27kptqsmzqpi2ad2rb7h3ghlmr3lbmpkpd5onp6ede3hnbfa4u,bluesky,post,2026-07-15 21:21:34,"🔥 Samsung Galaxy S23 Ultra 256 Go Violet - Excellent état - Garantie 1 an
eBay · 509.00 €
#BonPlan #HighTech #Promo",0,Search: Samsung Galaxy S23,
bafyreic3acc7i5bpekoj4lusdb7kxvnkovxnku4zg7lfgqibrxghikvs5e,bluesky,post,2026-07-15 21:16:16,"🔥 Samsung Galaxy S23 Ultra 256 Go Beige - Excellent état - Garantie 1 an
eBay · 509.00 €
#BonPlan #HighTech #Promo",0,Search: Samsung Galaxy S23,
bafyreigast2j47cjombo7evj4hlu6icmdcs33k2cegv4itgjznsg5myioe,bluesky,post,2026-07-15 20:47:50,"🔥 Samsung Galaxy S23 256 Go Beige - Acceptable - Garantie 1 an
eBay · 349.00 €
#BonPlan #HighTech #Promo",0,Search: Samsung Galaxy S23,
bafyreib5wrnlgslhuswktex5pop57lvhlyetb45xnl3ilx3s2ipcuhg4we,bluesky,post,2026-07-15 20:44:23,"🔥 Samsung Galaxy S23 Ultra 512 Go Vert - Excellent état - Garantie 1 an
eBay · 549.00 €
#BonPlan #HighTech #Promo",0,Search: Samsung Galaxy S23,
bafyreifg44szwovcxvlwelrvcb4rrmtr6jjqn4obfelkstwtn2nosb7yte,bluesky,post,2026-07-15 20:41:08,"🔥 Samsung Galaxy S23 256 Go Beige - Acceptable - Garantie 1 an
eBay · 349.00 €
#BonPlan #HighTech #Promo",0,Search: Samsung Galaxy S23,
bafyreidbfiz2j2yvaibnd6yjwzodqjsfocs64ruof6o24ccheo7rb65im4,bluesky,post,2026-07-15 20:37:28,"🔥 Samsung Galaxy S23 Ultra 512 Go Vert - Excellent état - Garantie 1 an
eBay · 549.00 €
#BonPlan #HighTech #Promo",0,Search: Samsung Galaxy S23,
bafyreibi6oygbwilx7silqfjsndo5ump45sg7b6cty353wju6wbq2ynzee,bluesky,post,2026-07-15 15:01:35,"🔥 Samsung Galaxy S23 Plus 256 Go Noir - Très bon état - Garantie 1 an
eBay · 389.00 €
#BonPlan #HighTech #Promo",0,Search: Samsung Galaxy S23,
bafyreia7p32ynrrzyw3w36ktudzjzyggxcsqhx6iwtiuk7r65qf57gqtiu,bluesky,post,2026-07-15 14:34:32,"🔥 Samsung Galaxy S23 128 Go Noir - Excellent état - Garantie 1 an
eBay · 339.00 €
#BonPlan #HighTech #Promo",0,Search: Samsung Galaxy S23,
bafyreicf73l5binziquhrfwlv5igtj56z4yzr4tcf64mfhrt4eyobvkcce,bluesky,post,2026-07-15 13:56:02,"🔥 Samsung Galaxy S23 Plus 256 Go Noir - Excellent état - Garantie 1 an
eBay · 429.00 €
#BonPlan #HighTech #Promo",0,Search: Samsung Galaxy S23,
bafyreicieenl53bthjadvpmn5fe6ct32ju4ungl3odsrxgua7727nftqja,bluesky,post,2026-07-15 13:42:35,"🔥 Samsung Galaxy S23 Ultra 256 Go Noir - Excellent état - Garantie 1 an
eBay · 509.00 €
#BonPlan #HighTech #Promo",1,Search: Samsung Galaxy S23,
bafyreieqrdreu3uzom5i4ytobaoxhggwm5bxmhivnzgoxusyi5ubfd3e7m,bluesky,post,2026-07-15 13:07:05,"🔥 Samsung Galaxy S23 Plus 256 Go Noir - Excellent - Garantie 1 an
eBay · 469.00 €
#BonPlan #HighTech #Promo",0,Search: Samsung Galaxy S23,
bafyreigmnbs2dl4qifbjxyntb7rchian7d3troxymssouzlxpmejfbz5ia,bluesky,post,2026-07-15 11:19:51,"🔥 Samsung Galaxy S23 Plus 256 Go Vert - Très bon état - Garantie 1 an
eBay · 369.00 €
#BonPlan #HighTech #Promo",0,Search: Samsung Galaxy S23,
bafyreibsybqknjmz6ejbs4jenkrumwemqrvezc5i6urgju7qkaaik24aii,bluesky,post,2026-07-15 11:17:01,"Feed: ""Tech-ish""
By: Hillary Keverenge on Tuesday, July 14, 2026",0,Search: Samsung Galaxy S23,
bafyreibzcfds76dtzv73fame3fz7ekkkgwyrstmwgfupgrsgtmhsztdh6q,bluesky,post,2026-07-15 09:11:45,"🔥 Samsung Galaxy S23 Ultra 256 Go Noir - Très bon état - Garantie 1 an
eBay · 469.00 €
#BonPlan #HighTech #Promo",0,Search: Samsung Galaxy S23,
bafyreiea6zw35vca2aiia5dii2di5tpauhk3m4dsmnrgdindfbvpdj23xe,bluesky,post,2026-07-15 08:33:20,"🔥 Samsung Galaxy S23 Ultra 512 Go Noir - Très bon état - Garantie 1 an
eBay · 509.00 €
#BonPlan #HighTech #Promo",0,Search: Samsung Galaxy S23,
bafyreiftkvh5mqmqd5b3u3n2u7rjydsysfrmf3la2xn7slgb3bu5blu7lq,bluesky,post,2026-07-15 08:30:14,"🔥 Samsung Galaxy S23 Ultra 256 Go Noir - Très bon état - Garantie 1 an
eBay · 469.00 €
#BonPlan #HighTech #Promo",0,Search: Samsung Galaxy S23,
bafyreiawr2riva37gtqi5qmeacay5qvv5kmd257jeovj2errgj2ossy26m,bluesky,post,2026-07-15 08:30:12,"🔥 Samsung Galaxy S23 Ultra 256 Go Vert - Excellent état - Garantie 1 an
eBay · 509.00 €
#BonPlan #HighTech #Promo",0,Search: Samsung Galaxy S23,
bafyreidgleioaxwidwyius5j34ta5gkj3bbsceesgyntr7xhcdi2rcotri,bluesky,post,2026-07-15 07:22:25,"🔥 Samsung Galaxy S23 128 Go Noir - Très bon état - Garantie 1 an
eBay · 329.00 €
#BonPlan #HighTech #Promo",1,Search: Samsung Galaxy S23,
bafyreifehwtnur5giuwkipwki23w3k5zlhcl7iq25lfw3cjwk4cbuxegha,bluesky,post,2026-07-15 06:44:30,"🔥 Samsung Galaxy S23 128 Go Noir - Très bon état - Garantie 1 an
eBay · 329.00 €
#BonPlan #HighTech #Promo",0,Search: Samsung Galaxy S23,
bafyreiac5uah4555w75dhtt3mch7ad4llez6zxpu3xtatuma6urpa32yoy,bluesky,post,2026-07-15 00:30:57,"The best astrophotography camera under $1,300 is a phone. Galaxy S25 Ultra proves it every single night 🌕

SAMSUNG Galaxy S23 Ultra Series AI Phone
💲$590 → https://www.amazon.com/dp/B0BLP2Y34S?tag=choosetoshop-20&linkCode=osi&th=1&psc=1

#AmazonAffiliate #Astrophotography",0,Search: Samsung Galaxy S23,
bafyreieippelse5vsew5l7p7m6ixlok5wm7tjdmlkrukb45ylthuueevvq,bluesky,post,2026-07-14 20:44:09,Samsung Galaxy S23 Ultra 5G 512GB S918B (Kuntoluokka: Grade C),0,Search: Samsung Galaxy S23,
bafyreie7jfrahzul7fpk2eldxrtrwecg4qslqybslvfvd5b62bu6yf64j4,bluesky,post,2026-07-14 20:43:56,Samsung Galaxy S23 Ultra 5G 512GB S918B (Kuntoluokka: Grade C+),0,Search: Samsung Galaxy S23,
bafyreid6vvumc7wxhogwsf3c4d6n276ojq6o67rnk2ecc5hptqrpdwg7yq,bluesky,post,2026-07-14 20:43:39,Samsung Galaxy S23 Ultra 5G 256GB S918U (Kuntoluokka: Grade A),0,Search: Samsung Galaxy S23,
bafyreidpstbvex7ltjaljohfi6kvjxc2ozlriqhptgrzrls3lfch3dyo3i,bluesky,post,2026-07-14 20:43:21,Samsung Galaxy S23 Ultra 5G 256GB S918B (Kuntoluokka: Grade B),0,Search: Samsung Galaxy S23,
bafyreih4uzdp6oeess554llkwycuunmpv5f5gxd5mzbgszwua7a673xtg4,bluesky,post,2026-07-14 20:43:06,Samsung Galaxy S23 Ultra 5G 256GB S918B (Kuntoluokka: Grade B),0,Search: Samsung Galaxy S23,
bafyreicdzuwkfj6eevvkjbwhg2u3ofzkkuzia7ykiewurq43x4mnchqa4y,bluesky,post,2026-07-14 20:42:53,Samsung Galaxy S23 Ultra 5G 256GB S918B (Kuntoluokka: Grade C+),0,Search: Samsung Galaxy S23,
bafyreifwzeclxiobutvmhtq2uytc5tu4nq5uix4kbrm4iqrrcdmynuwlge,bluesky,post,2026-07-14 20:42:38,Samsung Galaxy S23 Ultra 5G 256GB S918B (Kuntoluokka: Grade B),0,Search: Samsung Galaxy S23,
bafyreiaz2rww2chdstl2pjnxbef5otdmd5srxujgnl4y5yvz72f5igx43y,bluesky,post,2026-07-14 20:42:24,Samsung Galaxy S23 Ultra 5G 256GB S918B (Kuntoluokka: Grade C+),0,Search: Samsung Galaxy S23,
bafyreieurgix7zg66ubkhtteyraafgg6keftkvw7e5uiq4jhhi46ojn4bq,bluesky,post,2026-07-14 20:42:11,Samsung Galaxy S23 Plus 5G 512GB S916B (Kuntoluokka: Grade C),0,Search: Samsung Galaxy S23,
bafyreieczxqixlry43po4yi6v7f2qgndilk7q23psrrr4rzoa6mgrahkwi,bluesky,post,2026-07-14 20:41:56,Samsung Galaxy S23 Plus 5G 256GB S916B (Kuntoluokka: Grade C),0,Search: Samsung Galaxy S23,
bafyreieubus2wzvoxsjrhpzmoek7jvq3ih4seftn73s744bbmo4bveeala,bluesky,post,2026-07-14 20:41:38,Samsung Galaxy S23 Plus 5G 256GB S916B (Kuntoluokka: Grade C),0,Search: Samsung Galaxy S23,
bafyreiacucxoxhd36fng2kriiscmdv5iylq2hdzy2m3pfqxgjoparucczu,bluesky,post,2026-07-14 20:41:27,Samsung Galaxy S23 Plus 5G 256GB S916B (Kuntoluokka: Grade C),0,Search: Samsung Galaxy S23,
bafyreialponj6jgr3jwscgpyro23vinj2lobc4w2mmpqcnaupt44ajelny,bluesky,post,2026-07-14 20:41:09,Samsung Galaxy S23 Plus 5G 256GB S916B (Kuntoluokka: Grade B),0,Search: Samsung Galaxy S23,
bafyreicsfdnfq2dsm4td57wtkbth4yibybwezd36fpn7gf6vifpi6igvtu,bluesky,post,2026-07-14 20:40:54,Samsung Galaxy S23 Plus 5G 256GB S916B (Kuntoluokka: Grade C),0,Search: Samsung Galaxy S23,
bafyreidq3aeinkl7caidqaxid6cnh5wxhytgxuoppmwplgmqg3my3qxlde,bluesky,post,2026-07-14 20:40:41,Samsung Galaxy S23 Plus 5G 256GB S916B (Kuntoluokka: Grade C),0,Search: Samsung Galaxy S23,
bafyreihhwltupz2juvwrxeylkfgwign6ec2cru2fdzmstjyxin6rt2l7ge,bluesky,post,2026-07-14 20:40:24,Samsung Galaxy S23 Plus 5G 256GB S916B (Kuntoluokka: Grade A),0,Search: Samsung Galaxy S23,
bafyreiboxpgpbskjvqpna2osgs366ns7uybyf52mgsxg6sqf6j7psb7v4m,bluesky,post,2026-07-14 20:40:09,Samsung Galaxy S23 Plus 5G 256GB S916B (Kuntoluokka: Grade C),0,Search: Samsung Galaxy S23,
bafyreie6y5wryinjift4hscnd7ld7epkgghlayw4r25iqqt5rgxcf5uvja,bluesky,post,2026-07-14 20:39:55,Samsung Galaxy S23 Plus 5G 256GB S916B (Kuntoluokka: Grade C),0,Search: Samsung Galaxy S23,
bafyreigsbqibczkye44fba5vho6wrwcsrym2wl6us5pikopb6nyhsoxxdq,bluesky,post,2026-07-14 20:39:41,Samsung Galaxy S23 Plus 5G 256GB S916B (Kuntoluokka: Grade C+),0,Search: Samsung Galaxy S23,
bafyreifcccfurh7gkn6eunbto7irsbpf33z3lns5hnygp4uhvpnlekpz5q,bluesky,post,2026-07-14 20:39:27,Samsung Galaxy S23 Plus 5G 256GB S916B (Kuntoluokka: Grade C+),0,Search: Samsung Galaxy S23,
bafyreiatqutt2um2qrqec7cj3d7kzbjzfqeryotwgrnd6dwwknw22h4kvu,bluesky,post,2026-07-14 20:39:14,Samsung Galaxy S23 Plus 5G 256GB S916B (Kuntoluokka: Grade C+),0,Search: Samsung Galaxy S23,
bafyreiaqxm6w5e3gwkzaxop3kpk5cc3s6hoffve3ctza5thzabccvp23dm,bluesky,post,2026-07-14 20:38:58,Samsung Galaxy S23 FE 5G 256GB S711B (Kuntoluokka: Grade C+),0,Search: Samsung Galaxy S23,
bafyreia6dqrb3yzmszv56dfpokxuhnahiqt7ae2jisxlbbeqyt2bav2lpe,bluesky,post,2026-07-14 20:38:43,Samsung Galaxy S23 FE 5G 256GB S711B (Kuntoluokka: Grade A+),0,Search: Samsung Galaxy S23,
bafyreieovlnfnieos7jxmpzkg453vwnn4wnlibyu2dzmanxkowehh44lba,bluesky,post,2026-07-14 20:38:26,Samsung Galaxy S23 FE 5G 128GB S711B (Kuntoluokka: Grade C),0,Search: Samsung Galaxy S23,
bafyreic4jd3onyw3dzdps6bidzw233h5etr6barxxerjz625uhfb2guttm,bluesky,post,2026-07-14 20:38:13,Samsung Galaxy S23 FE 5G 128GB S711B (Kuntoluokka: Grade C),0,Search: Samsung Galaxy S23,
bafyreieae4ubaks4jyvq2b5anqoyyv3shhdtwcu3hw5pnqwsivol74tsjm,bluesky,post,2026-07-14 20:38:05,"I need a new case for my phone due to the power button somehow breaking off the old one.

Now, I'll normally go for one of those cheap ones around £5-£6 because they do the job, but I really splurged this time for a 'quality' case.

At least I hope it is.",0,Search: Samsung Galaxy S23,
bafyreiayo225uo2txogjpzjansfvlumy6s7mgsklkadfiumaygacho2cbe,bluesky,post,2026-07-14 20:37:59,Samsung Galaxy S23 FE 5G 128GB S711B (Kuntoluokka: Grade C),0,Search: Samsung Galaxy S23,
bafyreihl573u7v27wkwjo4x4n6ekd4dc5sazbxxm3uml3qhyukkbgzzu2u,bluesky,post,2026-07-14 20:37:45,Samsung Galaxy S23 5G 256GB S911B (Kuntoluokka: Grade C),0,Search: Samsung Galaxy S23,
bafyreiaqvmj4dtflqjrwym7obr6ekbq67sul334feilqu5lqaicwwgac64,bluesky,post,2026-07-14 20:37:31,Samsung Galaxy S23 5G 256GB S911B (Kuntoluokka: Grade C),0,Search: Samsung Galaxy S23,
bafyreiczumasr4x37q76gz76w23d3laof57wpfsxbxvhporjvb7tzt3kcm,bluesky,post,2026-07-14 20:37:17,Samsung Galaxy S23 5G 256GB S911B (Kuntoluokka: Grade C+),0,Search: Samsung Galaxy S23,
bafyreifj4xxhhuoqywbmxmsqi72q7qywtudtd564mjpjh6asl5at27vu2m,bluesky,post,2026-07-14 20:37:00,Samsung Galaxy S23 5G 256GB S911B (Kuntoluokka: Grade C),0,Search: Samsung Galaxy S23,
bafyreiaf6ccyx6yq4g6qmm7hqda4fnfpolvdok5melxxmbm2sooe6ceaoa,bluesky,post,2026-07-14 20:36:48,Samsung Galaxy S23 5G 256GB S911B (Kuntoluokka: Grade C),0,Search: Samsung Galaxy S23,
bafyreiajf2am7yjaape2bpmbi72f7rusn2atccekv3pwancs7ptvdbxxja,bluesky,post,2026-07-14 20:36:36,Samsung Galaxy S23 5G 256GB S911B (Kuntoluokka: Grade A),0,Search: Samsung Galaxy S23,
bafyreid5pkvsodpkghqlkmsxvn564szzqcbt2dkhyxylabwoguvcfi47r4,bluesky,post,2026-07-14 20:36:19,Samsung Galaxy S23 5G 256GB S911B (Kuntoluokka: Grade B),0,Search: Samsung Galaxy S23,
bafyreibddrs47dvyg4mqjgnopogigplt2ydvle3ax3uwidhgwhtd2cv5lq,bluesky,post,2026-07-14 20:36:04,Samsung Galaxy S23 5G 256GB S911B (Kuntoluokka: Grade B),0,Search: Samsung Galaxy S23,
bafyreiaekfivudqzu7xrrxbwr6f3ykpde6pdp3qoq2tpzlzb4iqgricnty,bluesky,post,2026-07-14 20:35:47,Samsung Galaxy S23 5G 128GB S911B (Kuntoluokka: Grade B),0,Search: Samsung Galaxy S23,
bafyreihh75r3cphwrolo3ky4fkcd5syt55jj4tgoqmbmkd3pxwvvq5h3fq,bluesky,post,2026-07-14 20:35:32,Samsung Galaxy S23 5G 128GB S911B (Kuntoluokka: Grade C+),0,Search: Samsung Galaxy S23,
bafyreiemczu45efrybqi4pk6akbi4kg2p5n75mori7ed426jejxf2wudte,bluesky,post,2026-07-14 20:35:15,Samsung Galaxy S23 5G 128GB S911B (Kuntoluokka: Grade C),0,Search: Samsung Galaxy S23,
bafyreih63ulyypdrqyh4jx7tw6viowk43hzdkfkeuvjeu2ipjvwo7bdtry,bluesky,post,2026-07-14 20:34:56,Samsung Galaxy S23 5G 128GB S911B (Kuntoluokka: Grade A),0,Search: Samsung Galaxy S23,
bafyreiegdsc7wxeggzvilehm47mkvlr66hy5gksnmqcf63mazu4kucpoie,bluesky,post,2026-07-14 20:34:39,Samsung Galaxy S23 5G 128GB S911B (Kuntoluokka: Grade C+),0,Search: Samsung Galaxy S23,
bafyreihfyad43rlglkc523fqladcr6jyicwjxnq7oxhhv3ssxf5fgbryoy,bluesky,post,2026-07-14 20:34:23,Samsung Galaxy S23 5G 128GB S911B (Kuntoluokka: Grade B),0,Search: Samsung Galaxy S23,
bafyreibu6obepld7g7bacfsgnpgvda5fsdiqvq3q4xyr434i5vpjbou7me,bluesky,post,2026-07-14 20:34:08,Samsung Galaxy S23 5G 128GB S911B (Kuntoluokka: Grade B),0,Search: Samsung Galaxy S23,
bafyreic4zlqotitgavzgsgjh7eb2bpgahln64qm6xturlmayfmxe6phyie,bluesky,post,2026-07-14 20:33:51,Samsung Galaxy S23 5G 128GB S911B (Kuntoluokka: Grade C),0,Search: Samsung Galaxy S23,
bafyreihqzdj5oaqsb3aizjupdmadoomjk5keooiwosyxpacweh5wg2r34u,bluesky,post,2026-07-14 16:00:00,"🔥 Samsung Galaxy S23 Ultra 256 Go Vert - Excellent état - Garantie 1 an
eBay · 509.00 €
#BonPlan #HighTech #Promo",0,Search: Samsung Galaxy S23,
bafyreiakrfaaiscsufmt4ii5inwz5gb54jfj2aqwlumlaoaetlzdbbmtoy,bluesky,post,2026-07-14 15:54:53,"🔥 Samsung Galaxy S23 Ultra 256 Go Noir - Excellent état - Garantie 1 an
eBay · 509.00 €
#BonPlan #HighTech #Promo",0,Search: Samsung Galaxy S23,
bafyreifl3twhijc3dxn6k5ymjw67jqf7nnkunxfbfl7ggaasvhurjmehnq,bluesky,post,2026-07-14 15:11:53,"🔥 Samsung Galaxy S23 256 Go Violet - Excellent état - Garantie 1 an
eBay · 389.00 €
#BonPlan #HighTech #Promo",0,Search: Samsung Galaxy S23,
bafyreihcjbnykczrc7m7zjdd6mohotub4linfznodxgpu3fly6fwnaowba,bluesky,post,2026-07-14 11:57:00,"Wondering when the Samsung Galaxy S23, S23+ and S23 Ultra will get stable One UI 9 based on Android 17? Here's our prediction based on Samsung's previous rollout schedule and what it means for S23 users.",1,Search: Samsung Galaxy S23,
bafyreihmvqxic43wj2x4n2bncpf7rli3njmw22ah5wrc5p63xnfqj56iiy,bluesky,post,2026-07-14 10:02:13,"Best Buy [$456, $543/54.35% off]: Samsung — Refurbished Excellent — Galaxy S23 Ultra 512GB (Unlocked) — Phantom Black

🛍 bestbuycreators.7tiv.net/c/6226482/21...

BB deals of the day: bestbuycreators.7tiv.net/gOj0AB

⏰ 05:01:42 #BestBuyAffiliate",0,Search: Samsung Galaxy S23,
bafyreihovpmcg7ujant5rakfbkfd4qaleaakxc6cb4aem5b4v6p57r2l6m,bluesky,post,2026-07-13 21:43:34,"🔥 Samsung Galaxy S23 Ultra 512 Go Noir - Excellent état - Garantie 1 an
eBay · 529.00 €
#BonPlan #HighTech #Promo",1,Search: Samsung Galaxy S23,
bafyreiewpd3lj3k67cxbfqm66i7ntondttl4j3uodcpn26ro7awswpx2ze,bluesky,post,2026-07-13 21:38:19,"🔥 Samsung Galaxy S23 Ultra 512 Go Noir - Excellent état - Garantie 1 an
eBay · 529.00 €
#BonPlan #HighTech #Promo",0,Search: Samsung Galaxy S23,
bafyreig5qox4wgchlje5xtcslfz7vygiu26dulhryjzgnftouqulxsxeum,bluesky,post,2026-07-13 21:33:13,"🔥 Samsung Galaxy S23 128 Go Noir - Très bon état - Garantie 1 an
eBay · 309.00 €
#BonPlan #HighTech #Promo",0,Search: Samsung Galaxy S23,
bafyreidaiqb3k7zxd2fbnwso6l26chm2o44vlgfegjrtgtjmsat5paqhju,bluesky,post,2026-07-13 21:22:29,"🔥 Samsung Galaxy S23 128 Go Noir - Très bon état - Garantie 1 an
eBay · 309.00 €
#BonPlan #HighTech #Promo",1,Search: Samsung Galaxy S23,
bafyreiehpx2xchncywdasn5fvivncz3rg4knefllmlgq2pwbhqcfgmojua,bluesky,post,2026-07-13 20:54:56,"🔥 Samsung Galaxy S23 FE 5G violet 256 go 8 go ram double sim excellent état
eBay · 493.38 €
#BonPlan #HighTech #Promo",0,Search: Samsung Galaxy S23,
bafyreiga7ceykm4mtc7474txygfll4japepz4hzifdtz2jl3pvvrntd5s4,bluesky,post,2026-07-13 16:46:48,"🔥 Samsung Galaxy S23 256 Go Noir - Très bon état - Garantie 1 an
eBay · 349.00 €
#BonPlan #HighTech #Promo",0,Search: Samsung Galaxy S23,
bafyreifxoiptwwnxhrw4tzps7ovqzqqljygnu4bxhcku7kv2fv5la3r6hm,bluesky,post,2026-07-13 12:55:59,"🔥 Samsung Galaxy S23 256 Go Noir - Très bon état - Garantie 1 an
eBay · 349.00 €
#BonPlan #HighTech #Promo",0,Search: Samsung Galaxy S23,
bafyreifdoiyszh2z3r7btsgueswf33t6uixx7cx6xzig7i52kj75fg5rv4,bluesky,post,2026-07-13 12:52:49,"🔥 Samsung Galaxy S23 256 Go Noir - Très bon état - Garantie 1 an
eBay · 349.00 €
#BonPlan #HighTech #Promo",0,Search: Samsung Galaxy S23,
bafyreieid4mqladhawergnmjnmy6bgfhdridvs67a2fwcdqrrltzyt6k2q,bluesky,post,2026-07-13 12:26:46,"🔥 Samsung Galaxy S23 Ultra 256 Go Vert - Excellent état - Garantie 1 an
eBay · 509.00 €
#BonPlan #HighTech #Promo",0,Search: Samsung Galaxy S23,
bafyreictg4x4ntruxmpaxhfjuj2onra5amdqii5gmao7ll2fgrwvzfr3o4,bluesky,post,2026-07-13 12:23:25,"🔥 Samsung Galaxy S23 Plus 256 Go Noir - Excellent état - Garantie 1 an
eBay · 409.00 €
#BonPlan #HighTech #Promo",0,Search: Samsung Galaxy S23,
bafyreiey3xttr5d7ax3ifq3swnftdld2mxcmewzojdlmvdbisyag4jcr7m,bluesky,post,2026-07-13 12:20:04,"🔥 Samsung Galaxy S23 Plus 256 Go Noir - Excellent état - Garantie 1 an
eBay · 409.00 €
#BonPlan #HighTech #Promo",0,Search: Samsung Galaxy S23,
bafyreia4bso3zm5vtllbdr36mul6u7eusjfqsh6e62dums6esdp5pptfga,bluesky,post,2026-07-13 12:13:13,"🔥 Samsung Galaxy S23 256 Go Vert - Très bon état - Garantie 1 an
eBay · 349.00 €
#BonPlan #HighTech #Promo",0,Search: Samsung Galaxy S23,
bafyreiegpt4xowsu6pontbx7qwcuvdshfh3mcudf6rl25dxhbuhnrhwgqm,bluesky,post,2026-07-13 12:13:10,"🔥 Samsung Galaxy S23 128 Go Violet - Très bon état - Garantie 1 an
eBay · 329.00 €
#BonPlan #HighTech #Promo",1,Search: Samsung Galaxy S23,
bafyreiegu3vqe5b7u7sbwobyu5umwc3lmnsas44zsqvobnyatjrb7mfjia,bluesky,post,2026-07-13 12:06:41,"🔥 Samsung Galaxy S23 128 Go Violet - Très bon état - Garantie 1 an
eBay · 329.00 €
#BonPlan #HighTech #Promo",0,Search: Samsung Galaxy S23,
bafyreihwrnwtoq7qzmv2s3jvdqnreytrbmvgyxbnkrx57nrz3cmfkniida,bluesky,post,2026-07-13 10:44:47,"🔥 Samsung Galaxy S23 Ultra 8/256 GB – Vert SM-S918B/DS  No Network Panne Reseau
eBay · 200.00 €
#BonPlan #HighTech #Promo",0,Search: Samsung Galaxy S23,
bafyreiebzoue3ebrp343djsjb35uknewgewecuds4mppnxeoidlezqqc2q,bluesky,post,2026-07-13 07:14:35,"🔥 Samsung Galaxy S23 Ultra 512 Go Noir - Très bon état - Garantie 1 an
eBay · 499.00 €
#BonPlan #HighTech #Promo",0,Search: Samsung Galaxy S23,
bafyreiflbrsdkwcdidsuzp3kwm6jluza5urp57ycyrctmuse6vnntfajvu,bluesky,post,2026-07-13 07:14:31,"🔥 Samsung Galaxy S23 Plus 512 Go Noir - Excellent état - Garantie 1 an
eBay · 439.00 €
#BonPlan #HighTech #Promo",0,Search: Samsung Galaxy S23,
bafyreibw5kw3otnnkpp6moytdnlfl66mq2v5p63rptcucwcdozn7ijt6na,bluesky,post,2026-07-13 07:10:55,"🔥 Samsung Galaxy S23 Plus 512 Go Noir - Excellent état - Garantie 1 an
eBay · 439.00 €
#BonPlan #HighTech #Promo",0,Search: Samsung Galaxy S23,
bafyreibwyqbgld2kovzpiznuwqrhqmzkey7auvouabkebuxmhabcxekrd4,bluesky,post,2026-07-12 23:25:15,"🔥 Samsung Galaxy S23 Ultra 256 Go Noir - Très bon état - Garantie 1 an
eBay · 469.00 €
#BonPlan #HighTech #Promo",0,Search: Samsung Galaxy S23,
bafyreihd6kmssc57262v75cp7sx2gpvwkisc4csdqk2suqyqst73grbym4,bluesky,post,2026-07-12 23:14:53,"🔥 Samsung Galaxy S23 Ultra 512 Go Noir - Très bon état - Garantie 1 an
eBay · 509.00 €
#BonPlan #HighTech #Promo",1,Search: Samsung Galaxy S23,
bafyreifmgwq2ldljkigiakbdht27othsbnnzf2oqbj3b5jiwwycxzr42gq,bluesky,post,2026-07-12 22:44:07,"🔥 Samsung Galaxy S23 256 Go Violet - Excellent état - Garantie 1 an
eBay · 389.00 €
#BonPlan #HighTech #Promo",1,Search: Samsung Galaxy S23,
bafyreieipupwpb6kbyezbr63nthbbejxeikniedmjb46mfuurh3uvw7noe,bluesky,post,2026-07-11 21:38:38,"Belkin BoostCharge Cargador de Pared con Dos Puertos de 42 W, USB-C y USB-A, Carga rápida, para la Serie iPhone 16, 15, Samsung Galaxy S24, S23, Note, Google Pixel, iPad, MacBook y AirPods, Blanco

📉 Baja de 29,99 a 18,00€

💶 Ahorro: 11,99€ (40%)

🔗 https://amzlink.to/az0KaH5cTBq3D",1,Search: Samsung Galaxy S23,
bafyreiepvy3w3xvg3iji2ea4adpl3pov7rc6relkv2qpiwlhjzx3cn3y3a,bluesky,post,2026-07-11 19:45:07,"YouTube used to have a clip feature but they removed it this year (help article on it support.google.com/youtube/thre...)

I usually just use screen record. If you're not sure how to do that, I'd just Google ""how to screen record on [your phone name (i.e., samsung galaxy s23)]""",1,Search: Samsung Galaxy S23,
bafyreiguqccm63jmyfs3zqzcbe2a3fq2rjw7t5qtewebdtuggq4hv5mzqi,bluesky,post,2026-07-11 14:24:09,"🔥 SMARTPHONE SAMSUNG GALAXY S23 ULTRA 5G SM S918B 1 To DOUBLE SIM VERT NO S24
eBay · 579.27 €
#BonPlan #HighTech #Promo",0,Search: Samsung Galaxy S23,
bafyreiazu2kwacsr57rfezovizd435ngpjaz4fewrlqoaa5v4dtqidm5ci,bluesky,post,2026-07-11 00:23:02,"Samsung Galaxy S23 Ultra 5G 512GB S918B (Kuntoluokka: Grade C+)

Samsung Galaxy S10 Lite 128GB on tehokas ja luotettava älypuhelin, joka tarjoaa erinomaisen suorituskyvyn arjen haasteisiin. Tämä musta malli on teknisesti täysin toimiva ja valmis käyttöön. Tuote on kuntoluokitukseltaan C+, mikä…",0,Search: Samsung Galaxy S23,
bafyreigyvy24yairokgoqgfcgcqy4fv5jhc76zwp56wh7rkgw56j7y6z2i,bluesky,post,2026-07-11 00:22:36,"Samsung Galaxy S23 Ultra 5G 512GB S918B (Kuntoluokka: Grade C+)

Samsung Galaxy S10 Lite 128GB on tehokas ja luotettava älypuhelin, joka tarjoaa erinomaisen suorituskyvyn arjen haasteisiin. Tämä musta malli on teknisesti täysin toimiva ja valmis käyttöön. Tuote on kuntoluokitukseltaan C+, mikä…",0,Search: Samsung Galaxy S23,
bafyreibkb5mhqtrkinvbyjxvles7w6qpi7ewnqlc34p6w3dvwpscdirpc4,bluesky,post,2026-07-11 00:22:26,"Samsung Galaxy S23 Ultra 5G 512GB S918B (Kuntoluokka: Grade A+)

Samsung Galaxy S10 Lite 128GB on tehokas ja luotettava älypuhelin, joka tarjoaa erinomaisen suorituskyvyn arjen haasteisiin. Tämä musta malli on teknisesti täysin toimiva ja valmis käyttöön. Tuote on kuntoluokitukseltaan C+, mikä…",0,Search: Samsung Galaxy S23,
bafyreibumloxtawxbj62mhz2tm5fd2kcgde6nx4d6cc7g5upjkz3ogsory,bluesky,post,2026-07-11 00:21:56,"Samsung Galaxy S23 Ultra 5G 512GB S918B (Kuntoluokka: Grade A+)

Samsung Galaxy S10 Lite 128GB on tehokas ja luotettava älypuhelin, joka tarjoaa erinomaisen suorituskyvyn arjen haasteisiin. Tämä musta malli on teknisesti täysin toimiva ja valmis käyttöön. Tuote on kuntoluokitukseltaan C+, mikä…",0,Search: Samsung Galaxy S23,
bafyreifvermlw64jup5zdfessnycyn7vjvb2ox3nb2xmdps75u3zoavj4i,bluesky,post,2026-07-11 00:21:38,"Samsung Galaxy S23 Ultra 5G 512GB S918B (Kuntoluokka: Grade A)

Samsung Galaxy S10 Lite 128GB on tehokas ja luotettava älypuhelin, joka tarjoaa erinomaisen suorituskyvyn arjen haasteisiin. Tämä musta malli on teknisesti täysin toimiva ja valmis käyttöön. Tuote on kuntoluokitukseltaan C+, mikä…",0,Search: Samsung Galaxy S23,
bafyreianyeljz6ruqsga3ax6p5bosmbxal6fku6iduvxrf5dwh6viayy6m,bluesky,post,2026-07-11 00:21:19,"Samsung Galaxy S23 Ultra 5G 256GB S918U (Kuntoluokka: Grade A)

Samsung Galaxy S10 Lite 128GB on tehokas ja luotettava älypuhelin, joka tarjoaa erinomaisen suorituskyvyn arjen haasteisiin. Tämä musta malli on teknisesti täysin toimiva ja valmis käyttöön. Tuote on kuntoluokitukseltaan C+, mikä…",0,Search: Samsung Galaxy S23,
bafyreid5styp7cjz46hvdzske7je4qde24irf52h2xqate345w4u7uqvji,bluesky,post,2026-07-11 00:21:04,"Samsung Galaxy S23 Ultra 5G 256GB S918B (Kuntoluokka: Grade C)

Samsung Galaxy S10 Lite 128GB on tehokas ja luotettava älypuhelin, joka tarjoaa erinomaisen suorituskyvyn arjen haasteisiin. Tämä musta malli on teknisesti täysin toimiva ja valmis käyttöön. Tuote on kuntoluokitukseltaan C+, mikä…",0,Search: Samsung Galaxy S23,
bafyreie5quco3ae25j7473fqrkma7vebj65gjo76ha43xqthzctqbmr4mi,bluesky,post,2026-07-11 00:20:27,"Samsung Galaxy S23 Ultra 5G 256GB S918B (Kuntoluokka: Grade C+)

Samsung Galaxy S10 Lite 128GB on tehokas ja luotettava älypuhelin, joka tarjoaa erinomaisen suorituskyvyn arjen haasteisiin. Tämä musta malli on teknisesti täysin toimiva ja valmis käyttöön. Tuote on kuntoluokitukseltaan C+, mikä…",0,Search: Samsung Galaxy S23,
bafyreidtks4cbaji562uijf2dm2agopfzim6kvjnuqiu4g5sqivp3cu6um,bluesky,post,2026-07-11 00:19:42,"Samsung Galaxy S23 Ultra 5G 256GB S918B (Kuntoluokka: Grade C)

Samsung Galaxy S10 Lite 128GB on tehokas ja luotettava älypuhelin, joka tarjoaa erinomaisen suorituskyvyn arjen haasteisiin. Tämä musta malli on teknisesti täysin toimiva ja valmis käyttöön. Tuote on kuntoluokitukseltaan C+, mikä…",0,Search: Samsung Galaxy S23,
bafyreictnoqxvceqooitdbhc5qvmdanwu5goigbgqdagarlhiqqefe6r3y,bluesky,post,2026-07-11 00:19:22,"Samsung Galaxy S23 Ultra 5G 256GB S918B (Kuntoluokka: Grade C+)

Samsung Galaxy S10 Lite 128GB on tehokas ja luotettava älypuhelin, joka tarjoaa erinomaisen suorituskyvyn arjen haasteisiin. Tämä musta malli on teknisesti täysin toimiva ja valmis käyttöön. Tuote on kuntoluokitukseltaan C+, mikä…",0,Search: Samsung Galaxy S23,
bafyreies4duj4hab74gmmhvh3xnawi25clle5i7l26xgwdmu6vhetgoky4,bluesky,post,2026-07-11 00:19:07,"Samsung Galaxy S23 Ultra 5G 256GB S918B (Kuntoluokka: Grade C+)

Samsung Galaxy S10 Lite 128GB on tehokas ja luotettava älypuhelin, joka tarjoaa erinomaisen suorituskyvyn arjen haasteisiin. Tämä musta malli on teknisesti täysin toimiva ja valmis käyttöön. Tuote on kuntoluokitukseltaan C+, mikä…",0,Search: Samsung Galaxy S23,
bafyreiex7oncnd3vgdbmdwbgvbs4lopjxuow7js55i6c4k7lwxlox7ziae,bluesky,post,2026-07-11 00:18:39,"Samsung Galaxy S23 Ultra 5G 256GB S918B (Kuntoluokka: Grade B)

Samsung Galaxy S10 Lite 128GB on tehokas ja luotettava älypuhelin, joka tarjoaa erinomaisen suorituskyvyn arjen haasteisiin. Tämä musta malli on teknisesti täysin toimiva ja valmis käyttöön. Tuote on kuntoluokitukseltaan C+, mikä…",0,Search: Samsung Galaxy S23,
bafyreiaioziyykt6msnhwzr2nqxfdbauwk3tpiwqfsx25oixzca6xox36y,bluesky,post,2026-07-11 00:18:21,"Samsung Galaxy S23 Ultra 5G 256GB S918B (Kuntoluokka: Grade C+)

Samsung Galaxy S10 Lite 128GB on tehokas ja luotettava älypuhelin, joka tarjoaa erinomaisen suorituskyvyn arjen haasteisiin. Tämä musta malli on teknisesti täysin toimiva ja valmis käyttöön. Tuote on kuntoluokitukseltaan C+, mikä…",0,Search: Samsung Galaxy S23,
bafyreih5omjk33ofqm3vy3gjvwzklbh7ik4xews4feiysr6l4uc2twqb6q,bluesky,post,2026-07-11 00:18:05,"Samsung Galaxy S23 Ultra 5G 256GB S918B (Kuntoluokka: Grade A+)

Samsung Galaxy S10 Lite 128GB on tehokas ja luotettava älypuhelin, joka tarjoaa erinomaisen suorituskyvyn arjen haasteisiin. Tämä musta malli on teknisesti täysin toimiva ja valmis käyttöön. Tuote on kuntoluokitukseltaan C+, mikä…",0,Search: Samsung Galaxy S23,
bafyreidjtgzauj25ap4gx5hhy5bdawdbiks5brgnp6ja3eiprpx5kco2nq,bluesky,post,2026-07-11 00:17:45,"Samsung Galaxy S23 Ultra 5G 256GB S918B (Kuntoluokka: Grade B)

Samsung Galaxy S10 Lite 128GB on tehokas ja luotettava älypuhelin, joka tarjoaa erinomaisen suorituskyvyn arjen haasteisiin. Tämä musta malli on teknisesti täysin toimiva ja valmis käyttöön. Tuote on kuntoluokitukseltaan C+, mikä…",0,Search: Samsung Galaxy S23,
bafyreigxyyqthk2wsikyg7wtg5hwh5aax67irlhinzw2pwq7q75zeojewm,bluesky,post,2026-07-11 00:17:35,"Samsung Galaxy S23 Ultra 5G 256GB S918B (Kuntoluokka: Grade C+)

Samsung Galaxy S10 Lite 128GB on tehokas ja luotettava älypuhelin, joka tarjoaa erinomaisen suorituskyvyn arjen haasteisiin. Tämä musta malli on teknisesti täysin toimiva ja valmis käyttöön. Tuote on kuntoluokitukseltaan C+, mikä…",0,Search: Samsung Galaxy S23,
bafyreic6a6dvvebvnx3cysx2khws4tvqqsdvpmlvno57e3a6l5bk52ymte,bluesky,post,2026-07-11 00:16:19,"Samsung Galaxy S23 Ultra 5G 256GB S918B (Kuntoluokka: Grade B)

Samsung Galaxy S10 Lite 128GB on tehokas ja luotettava älypuhelin, joka tarjoaa erinomaisen suorituskyvyn arjen haasteisiin. Tämä musta malli on teknisesti täysin toimiva ja valmis käyttöön. Tuote on kuntoluokitukseltaan C+, mikä…",0,Search: Samsung Galaxy S23,
bafyreidiwbwhrlwyrkzenejwlo776wcfw2z4dsaak3xaaskfgj6gwy4mwa,bluesky,post,2026-07-11 00:15:25,"Samsung Galaxy S23 Ultra 5G 1TB S918B (Kuntoluokka: Grade B)

Samsung Galaxy S10 Lite 128GB on tehokas ja luotettava älypuhelin, joka tarjoaa erinomaisen suorituskyvyn arjen haasteisiin. Tämä musta malli on teknisesti täysin toimiva ja valmis käyttöön. Tuote on kuntoluokitukseltaan C+, mikä…",0,Search: Samsung Galaxy S23,
bafyreifh7zwijhty3tge52d5i5vqr7ehiz2l4gred7qcvqfq2ubs233ioe,bluesky,post,2026-07-11 00:14:55,"Samsung Galaxy S23 Plus 5G 512GB S916B (Kuntoluokka: Grade B)

Samsung Galaxy S10 Lite 128GB on tehokas ja luotettava älypuhelin, joka tarjoaa erinomaisen suorituskyvyn arjen haasteisiin. Tämä musta malli on teknisesti täysin toimiva ja valmis käyttöön. Tuote on kuntoluokitukseltaan C+, mikä…",0,Search: Samsung Galaxy S23,
bafyreiaphyjwqakvicwek3nffecbrwqqgklvhrylh3vxgvzsbgsepqudsu,bluesky,post,2026-07-11 00:14:39,"Samsung Galaxy S23 Plus 5G 256GB S916B (Kuntoluokka: Grade C)

Samsung Galaxy S10 Lite 128GB on tehokas ja luotettava älypuhelin, joka tarjoaa erinomaisen suorituskyvyn arjen haasteisiin. Tämä musta malli on teknisesti täysin toimiva ja valmis käyttöön. Tuote on kuntoluokitukseltaan C+, mikä…",0,Search: Samsung Galaxy S23,
bafyreihnnrx5s7y6z3s7bdqcgahjosinxclwydedhdxoiw4sl4rruzcf5i,bluesky,post,2026-07-11 00:14:20,"Samsung Galaxy S23 Plus 5G 256GB S916B (Kuntoluokka: Grade B)

Samsung Galaxy S10 Lite 128GB on tehokas ja luotettava älypuhelin, joka tarjoaa erinomaisen suorituskyvyn arjen haasteisiin. Tämä musta malli on teknisesti täysin toimiva ja valmis käyttöön. Tuote on kuntoluokitukseltaan C+, mikä…",0,Search: Samsung Galaxy S23,
bafyreibknl4ejserg3kkb42vfm3hxvejvlqlci4uuw3oyk2rnzd5ao4ltm,bluesky,post,2026-07-11 00:14:04,"Samsung Galaxy S23 FE 5G 256GB S711B (Kuntoluokka: Grade A)

Samsung Galaxy S10 Lite 128GB on tehokas ja luotettava älypuhelin, joka tarjoaa erinomaisen suorituskyvyn arjen haasteisiin. Tämä musta malli on teknisesti täysin toimiva ja valmis käyttöön. Tuote on kuntoluokitukseltaan C+, mikä…",0,Search: Samsung Galaxy S23,
bafyreihk6rd6u5udktxstf225chouzs67gui3d2jjlzeeq7uvy4r72gaia,bluesky,post,2026-07-11 00:13:55,"Samsung Galaxy S23 FE 5G 256GB S711B (Kuntoluokka: Grade A)

Samsung Galaxy S10 Lite 128GB on tehokas ja luotettava älypuhelin, joka tarjoaa erinomaisen suorituskyvyn arjen haasteisiin. Tämä musta malli on teknisesti täysin toimiva ja valmis käyttöön. Tuote on kuntoluokitukseltaan C+, mikä…",0,Search: Samsung Galaxy S23,
bafyreiffnud7ebku2f6own25tsp557poaofa6bv67ht3e5hrridldiozfi,bluesky,post,2026-07-11 00:12:16,"Samsung Galaxy S23 FE 5G 128GB S711B (Kuntoluokka: Grade B)

Samsung Galaxy S10 Lite 128GB on tehokas ja luotettava älypuhelin, joka tarjoaa erinomaisen suorituskyvyn arjen haasteisiin. Tämä musta malli on teknisesti täysin toimiva ja valmis käyttöön. Tuote on kuntoluokitukseltaan C+, mikä…",0,Search: Samsung Galaxy S23,
bafyreicibwnvwr47yfdoykqhdc2utdbi42thhzpxgdyq4x4rmwc4c2634e,bluesky,post,2026-07-11 00:12:04,"Samsung Galaxy S23 FE 5G 128GB S711B (Kuntoluokka: Grade A)

Samsung Galaxy S10 Lite 128GB on tehokas ja luotettava älypuhelin, joka tarjoaa erinomaisen suorituskyvyn arjen haasteisiin. Tämä musta malli on teknisesti täysin toimiva ja valmis käyttöön. Tuote on kuntoluokitukseltaan C+, mikä…",0,Search: Samsung Galaxy S23,
bafyreifgl2q47nwb5gwmjknzklkd5jwdtcpnlq5beiqhh3vaoc3vrp7pdu,bluesky,post,2026-07-11 00:11:53,"Samsung Galaxy S23 FE 5G 128GB S711B (Kuntoluokka: Grade A)

Samsung Galaxy S10 Lite 128GB on tehokas ja luotettava älypuhelin, joka tarjoaa erinomaisen suorituskyvyn arjen haasteisiin. Tämä musta malli on teknisesti täysin toimiva ja valmis käyttöön. Tuote on kuntoluokitukseltaan C+, mikä…",0,Search: Samsung Galaxy S23,
bafyreibisosjbcn5fmxrztdewxrrgwumxirldj6w4mjya5zazd4mhawhpi,bluesky,post,2026-07-11 00:11:35,"Samsung Galaxy S23 FE 5G 128GB S711B (Kuntoluokka: Grade C+)

Samsung Galaxy S10 Lite 128GB on tehokas ja luotettava älypuhelin, joka tarjoaa erinomaisen suorituskyvyn arjen haasteisiin. Tämä musta malli on teknisesti täysin toimiva ja valmis käyttöön. Tuote on kuntoluokitukseltaan C+, mikä…",0,Search: Samsung Galaxy S23,
bafyreih3hotluipfz2xwjhuhzox6fjxxeoercehsglgygxnwxixfnphmu4,bluesky,post,2026-07-11 00:11:19,"Samsung Galaxy S23 5G 512GB S911B (Kuntoluokka: Grade A)

Samsung Galaxy S10 Lite 128GB on tehokas ja luotettava älypuhelin, joka tarjoaa erinomaisen suorituskyvyn arjen haasteisiin. Tämä musta malli on teknisesti täysin toimiva ja valmis käyttöön. Tuote on kuntoluokitukseltaan C+, mikä tarkoittaa,…",0,Search: Samsung Galaxy S23,
bafyreidwjrrvpiyzss46mnykxhv3eaokmd4opkr22lmahbvyt2bpokqph4,bluesky,post,2026-07-11 00:10:08,"Samsung Galaxy S23 5G 512GB S911B (Kuntoluokka: Grade A+)

Samsung Galaxy S10 Lite 128GB on tehokas ja luotettava älypuhelin, joka tarjoaa erinomaisen suorituskyvyn arjen haasteisiin. Tämä musta malli on teknisesti täysin toimiva ja valmis käyttöön. Tuote on kuntoluokitukseltaan C+, mikä…",0,Search: Samsung Galaxy S23,
bafyreif6drm44mhowcex4qqnpwi7mav7ojedwcnk3drqxyky4fjq3rl2ku,bluesky,post,2026-07-11 00:09:36,"Samsung Galaxy S23 5G 256GB S911B (Kuntoluokka: Grade C)

Samsung Galaxy S10 Lite 128GB on tehokas ja luotettava älypuhelin, joka tarjoaa erinomaisen suorituskyvyn arjen haasteisiin. Tämä musta malli on teknisesti täysin toimiva ja valmis käyttöön. Tuote on kuntoluokitukseltaan C+, mikä tarkoittaa,…",0,Search: Samsung Galaxy S23,
bafyreics62dd56dofegoac6s762g4cqiujntlbcr2bwfzr3uitxg7qslgi,bluesky,post,2026-07-11 00:09:16,"Samsung Galaxy S23 5G 256GB S911B (Kuntoluokka: Grade C)

Samsung Galaxy S10 Lite 128GB on tehokas ja luotettava älypuhelin, joka tarjoaa erinomaisen suorituskyvyn arjen haasteisiin. Tämä musta malli on teknisesti täysin toimiva ja valmis käyttöön. Tuote on kuntoluokitukseltaan C+, mikä tarkoittaa,…",0,Search: Samsung Galaxy S23,
bafyreigmgicirv7saiatqox76q2xw3txnu7miaibhkgl4xqtvwco2x3omi,bluesky,post,2026-07-11 00:09:01,"Samsung Galaxy S23 5G 256GB S911B (Kuntoluokka: Grade C)

Samsung Galaxy S10 Lite 128GB on tehokas ja luotettava älypuhelin, joka tarjoaa erinomaisen suorituskyvyn arjen haasteisiin. Tämä musta malli on teknisesti täysin toimiva ja valmis käyttöön. Tuote on kuntoluokitukseltaan C+, mikä tarkoittaa,…",0,Search: Samsung Galaxy S23,
bafyreidj4vqu5wtnhynbkqfs6pc64wm75mxiqhuyjuovnkijg5ggbamgwu,bluesky,post,2026-07-11 00:08:45,"Samsung Galaxy S23 5G 256GB S911B (Kuntoluokka: Grade A)

Samsung Galaxy S10 Lite 128GB on tehokas ja luotettava älypuhelin, joka tarjoaa erinomaisen suorituskyvyn arjen haasteisiin. Tämä musta malli on teknisesti täysin toimiva ja valmis käyttöön. Tuote on kuntoluokitukseltaan C+, mikä tarkoittaa,…",0,Search: Samsung Galaxy S23,
bafyreig2vfbcv2onsvzik4j7iv5txe3bnwrsz3xvl64pglwyhpo2otrlwm,bluesky,post,2026-07-11 00:08:32,"Samsung Galaxy S23 5G 256GB S911B (Kuntoluokka: Grade A)

Samsung Galaxy S10 Lite 128GB on tehokas ja luotettava älypuhelin, joka tarjoaa erinomaisen suorituskyvyn arjen haasteisiin. Tämä musta malli on teknisesti täysin toimiva ja valmis käyttöön. Tuote on kuntoluokitukseltaan C+, mikä tarkoittaa,…",0,Search: Samsung Galaxy S23,
bafyreic72yghmsi5vvjg4ngm6p2qordqtzzn4v3rdwbfpmesc2elxmzjly,bluesky,post,2026-07-11 00:07:21,"Samsung Galaxy S23 5G 256GB S911B (Kuntoluokka: Grade A)

Samsung Galaxy S10 Lite 128GB on tehokas ja luotettava älypuhelin, joka tarjoaa erinomaisen suorituskyvyn arjen haasteisiin. Tämä musta malli on teknisesti täysin toimiva ja valmis käyttöön. Tuote on kuntoluokitukseltaan C+, mikä tarkoittaa,…",0,Search: Samsung Galaxy S23,
bafyreift7vm4hfr6mezvdqlvu5t54auuyr56mrka7ahjqiuktbk2puziqa,bluesky,post,2026-07-11 00:06:30,"Samsung Galaxy S23 5G 256GB S911B (Kuntoluokka: Grade A+)

Samsung Galaxy S10 Lite 128GB on tehokas ja luotettava älypuhelin, joka tarjoaa erinomaisen suorituskyvyn arjen haasteisiin. Tämä musta malli on teknisesti täysin toimiva ja valmis käyttöön. Tuote on kuntoluokitukseltaan C+, mikä…",0,Search: Samsung Galaxy S23,
bafyreifw2cy53lvfuil3ghouolycfhoaejfna3b2kagf2aafpj2w6teora,bluesky,post,2026-07-11 00:06:11,"Samsung Galaxy S23 5G 256GB S911B (Kuntoluokka: Grade C+)

Samsung Galaxy S10 Lite 128GB on tehokas ja luotettava älypuhelin, joka tarjoaa erinomaisen suorituskyvyn arjen haasteisiin. Tämä musta malli on teknisesti täysin toimiva ja valmis käyttöön. Tuote on kuntoluokitukseltaan C+, mikä…",0,Search: Samsung Galaxy S23,
bafyreih2k6xv475vsux3apaj4h36h5ajseed5eh6bfurnkolzujujirdge,bluesky,post,2026-07-11 00:05:49,"Samsung Galaxy S23 5G 128GB S911B Single Sim (Kuntoluokka: Grade B)

Samsung Galaxy S10 Lite 128GB on tehokas ja luotettava älypuhelin, joka tarjoaa erinomaisen suorituskyvyn arjen haasteisiin. Tämä musta malli on teknisesti täysin toimiva ja valmis käyttöön. Tuote on kuntoluokitukseltaan C+, mikä…",0,Search: Samsung Galaxy S23,
bafyreiblgivlkdrjqjaacbyxahfgffzrjm4hzx6jphzck22gbayppdvex4,bluesky,post,2026-07-11 00:05:31,"Samsung Galaxy S23 5G 128GB S911B (Kuntoluokka: Grade A)

Samsung Galaxy S10 Lite 128GB on tehokas ja luotettava älypuhelin, joka tarjoaa erinomaisen suorituskyvyn arjen haasteisiin. Tämä musta malli on teknisesti täysin toimiva ja valmis käyttöön. Tuote on kuntoluokitukseltaan C+, mikä tarkoittaa,…",0,Search: Samsung Galaxy S23,
bafyreidjxld5igkqogul4gtn3xorf6napcp52j6emp5ltvgx5vetgsbwja,bluesky,post,2026-07-11 00:05:11,"Samsung Galaxy S23 5G 128GB S911B (Kuntoluokka: Grade C)

Samsung Galaxy S10 Lite 128GB on tehokas ja luotettava älypuhelin, joka tarjoaa erinomaisen suorituskyvyn arjen haasteisiin. Tämä musta malli on teknisesti täysin toimiva ja valmis käyttöön. Tuote on kuntoluokitukseltaan C+, mikä tarkoittaa,…",0,Search: Samsung Galaxy S23,
bafyreickoffoy3llsvesgeo6c7xy5bvsruc42ss7nacy2fomnomr2el7na,bluesky,post,2026-07-11 00:04:54,"Samsung Galaxy S23 5G 128GB S911B (Kuntoluokka: Grade C)

Samsung Galaxy S10 Lite 128GB on tehokas ja luotettava älypuhelin, joka tarjoaa erinomaisen suorituskyvyn arjen haasteisiin. Tämä musta malli on teknisesti täysin toimiva ja valmis käyttöön. Tuote on kuntoluokitukseltaan C+, mikä tarkoittaa,…",0,Search: Samsung Galaxy S23,
bafyreibxs4bblsn76456njiw5g3e6mlxyatfn3z6v42r72werilsppnwki,bluesky,post,2026-07-11 00:04:40,"Samsung Galaxy S23 5G 128GB S911B (Kuntoluokka: Grade A)

Samsung Galaxy S10 Lite 128GB on tehokas ja luotettava älypuhelin, joka tarjoaa erinomaisen suorituskyvyn arjen haasteisiin. Tämä musta malli on teknisesti täysin toimiva ja valmis käyttöön. Tuote on kuntoluokitukseltaan C+, mikä tarkoittaa,…",0,Search: Samsung Galaxy S23,
bafyreibrsdc7wehlsn52brztkzljbk3darlyixtqcnf5gvaf7osv4xxhs4,bluesky,post,2026-07-11 00:02:55,"Samsung Galaxy S23 5G 128GB S911B (Kuntoluokka: Grade C)

Samsung Galaxy S10 Lite 128GB on tehokas ja luotettava älypuhelin, joka tarjoaa erinomaisen suorituskyvyn arjen haasteisiin. Tämä musta malli on teknisesti täysin toimiva ja valmis käyttöön. Tuote on kuntoluokitukseltaan C+, mikä tarkoittaa,…",0,Search: Samsung Galaxy S23,
bafyreib36kus7pcutfop7fi755gl5lezp37jjqxp3mrrevd33iwro7il5a,bluesky,post,2026-07-11 00:02:19,"Samsung Galaxy S23 5G 128GB S911B (Kuntoluokka: Grade A)

Samsung Galaxy S10 Lite 128GB on tehokas ja luotettava älypuhelin, joka tarjoaa erinomaisen suorituskyvyn arjen haasteisiin. Tämä musta malli on teknisesti täysin toimiva ja valmis käyttöön. Tuote on kuntoluokitukseltaan C+, mikä tarkoittaa,…",0,Search: Samsung Galaxy S23,
bafyreia66g44wadonzgiw2pvturdbh3o2hzzjvaob73ttho4yftpykhmii,bluesky,post,2026-07-11 00:02:05,"Samsung Galaxy S23 5G 128GB S911B (Kuntoluokka: Grade A)

Samsung Galaxy S10 Lite 128GB on tehokas ja luotettava älypuhelin, joka tarjoaa erinomaisen suorituskyvyn arjen haasteisiin. Tämä musta malli on teknisesti täysin toimiva ja valmis käyttöön. Tuote on kuntoluokitukseltaan C+, mikä tarkoittaa,…",0,Search: Samsung Galaxy S23,
bafyreie6aiwqs326xemmqnegvaq46pa2dgtf7ow5o2azju5fj5kfq52jxq,bluesky,post,2026-07-11 00:01:27,"Samsung Galaxy S23 5G 128GB S911B (Kuntoluokka: Grade A)

Samsung Galaxy S10 Lite 128GB on tehokas ja luotettava älypuhelin, joka tarjoaa erinomaisen suorituskyvyn arjen haasteisiin. Tämä musta malli on teknisesti täysin toimiva ja valmis käyttöön. Tuote on kuntoluokitukseltaan C+, mikä tarkoittaa,…",0,Search: Samsung Galaxy S23,
bafyreihahck55plm2gwcwcnzvpsh54egctrrkegyke3jl3ogheuc4hq6k4,bluesky,post,2026-07-11 00:01:03,"Samsung Galaxy S23 5G 128GB S911B (Kuntoluokka: Grade B)

Samsung Galaxy S10 Lite 128GB on tehokas ja luotettava älypuhelin, joka tarjoaa erinomaisen suorituskyvyn arjen haasteisiin. Tämä musta malli on teknisesti täysin toimiva ja valmis käyttöön. Tuote on kuntoluokitukseltaan C+, mikä tarkoittaa,…",0,Search: Samsung Galaxy S23,
bafyreifyncsr4v7bh4nfrbrjq36jr2g4oei4kwwkovmhwisdniajbcmnme,bluesky,post,2026-07-10 14:07:18,"📱 Experience the Power of the Samsung Galaxy S23 Ultra – Brand New!✨

Whether you're capturing professional-quality photos, multitasking with ease, or enjoying immersive entertainment, the Samsung Galaxy S23 Ultra delivers it all.

📍 Visit Cell Geeks today!
cellgeeks.net

#CellGeeks #SamsungS23Ultra",0,Search: Samsung Galaxy S23,
bafyreidbj4du646hj7sbvcbpvzoheyj4okrgpveqeao7lpyxatbodnrkq4,bluesky,post,2026-07-10 00:00:04,"📝 Review: Samsung Galaxy S23 128GB S911U Unlocked - Good


Best for: This device is ideal for professionals who demand high performance from their smartphones and prioritize…

#ProductReview #MichiFinds

📖 Full review → https://michifinds.com/reviews/samsung-galaxy-s23-128gb-s911u-unlocked-good",0,Search: Samsung Galaxy S23,
bafyreibrbfp43u3ov5pshbynulczxjobhlryamg3gsw7len5vjfawdpmhe,bluesky,post,2026-07-09 16:44:05,"🔥 SMARTPHONE SAMSUNG GALAXY S23 ULTRA 5G SM S918B 512 Go DUAL SIM 6,8"" LAVANDE
eBay · 536.63 €",0,Search: Samsung Galaxy S23,
bafyreigtqlr4ieulanhlgnjxhf6zhrjpdzhpvx2fbv32gnyqjqwpzz7lga,bluesky,post,2026-07-09 01:25:33,"🔥 NEW'C 3 Pack Designed for Samsung Galaxy S23 Screen Protector Tempered Glass, Sc…

✅ 40% OFF — Now $5.98 (was $9.99)
💰 You save $4.01!


👉 https://frugaltree.net/deal/newc-3-pack-designed-for-samsung-galaxy-s23-screen-prot-5catvc

#FrugalTree #Deals #Sale #Amazon #Savings #DealAlert #AmazonDeals",0,Search: Samsung Galaxy S23,
bafyreicddato4kajlbu7qfahn5yb73vjeanfvnruxdyxqrxzmheuhfqmtm,bluesky,post,2026-07-08 21:48:44,"Feed: ""• 𝐭𝐞𝐜𝐡-𝑖𝑠ℎ""
By: Hillary Keverenge on Wednesday, July 8, 2026",0,Search: Samsung Galaxy S23,
bafyreigtqnqgo2ym57i62ekxkweikraivt564tfkfedmrmadhrhyv4gxme,bluesky,post,2026-07-08 10:05:43,"Here's why Samsung's One UI 9 update will likely be the final Android OS upgrade for the Galaxy S23, Z Fold 5, Z Flip 5, Galaxy Tab S9, Galaxy A54, Galaxy A34 and several other 2023 Galaxy devices.",0,Search: Samsung Galaxy S23,
bafyreiaemc37gldooj6rw2hhcv2oxbmfxtwnzb6uu6tzc2wicidez2hytq,bluesky,post,2026-07-08 08:45:29,How To Take a ScreenShot on Samsung Galaxy S23!,0,Search: Samsung Galaxy S23,
bafyreidpzztsu7epatj6tnwha3iqdqplkep37rx3g7ecqk4zyeufuboobq,bluesky,post,2026-07-08 06:32:45,"One UI 9.0 will be the last update for the Galaxy S23, Z5, Tab S9, and other 2023 Galaxy devices!

#Samsung #Galaxy #OneUI9 #TeamGalaxy #GalaxyAI #TeamSamsung #TechNews #TechUpdates #GalaxyS23",0,Search: Samsung Galaxy S23,
bafyreickgly4b3caoqwnli2rpmxmr7fau4rrupx3mueb23hxvcqmfvzgba,bluesky,post,2026-07-08 05:40:29,"🔥 NEW'C 3 Pack Designed for Samsung Galaxy S23 Scree
✅ 40% OFF — $5.98 (was $9.99)
🛒 https://frugaltree.net/go?s=amazon&u=https%3A%2F%2Fwww.amazon.com%2Fdp%2FB0BMQPWBK6%3Ftag%3Dedwannynivar-20
#AmazonDeals #ad #Deals #Sale #Amazon #Savings #DealAlert",0,Search: Samsung Galaxy S23,
bafyreiddxhhoglpjrfnhw3bmj52rdej7ltgrddnip6wtavzf4zl2lix6im,bluesky,post,2026-07-07 15:09:49,Samsung Galaxy S23 camera lolol,1,Search: Samsung Galaxy S23,
bafyreieehnosj7heyxdjtui4uw6nlbnd5qqlg7jihmm3xdsxql5xcmmmdu,bluesky,post,2026-07-07 02:05:27,How To Get The Best Out Of Samsung Galaxy S23 Ultra!,0,Search: Samsung Galaxy S23,
bafyreicx4bokfvqqcuwdetfoypw5lshifgcremtask7hdyzxtd3ukp6otu,bluesky,post,2026-07-07 00:13:32,"S25 ULTRA NO PREÇO DO S23

Celular Samsung Galaxy S25 Ultra 5G, 256GB, 12GB RAM, Câmera Quádrupla de 200+50+10+50, Tela Grande de 6.9"", Titânio Preto
💰 R$ 4.248,00
🎟 Cupom Amazon: Resgate na página
🔗 Ver Oferta
🅰️ Loja: Amazon",0,Search: Samsung Galaxy S23,
bafyreigfawgc3zqfxrcrbfi6gg57bod2ocuyuaer4otrupvuatblmutf54,bluesky,post,2026-07-06 06:35:19,"📱 Багато популярних смартфонів цьогоріч втрачають оновлення безпеки. Galaxy S22/S23, Xiaomi 12, Redmi Note 12, Pixel 6/7, iPhone 11 — у зоні ризику. Перевірте свій телефон і дізнайтеся, що робити 👇

cybercalm.org/smartfony-os...",0,Search: Samsung Galaxy S23,
bafyreihx5jmsvcjau2ls4tknu4tkvzmascrqsexerd5irqbn3yyilzrzdi,bluesky,post,2026-07-06 05:11:56,"Type-C Wired Headphones For Samsung Galaxy S24 S23 S22 3.5MM in-Ear Headphone A53 A52 Note 20 USB-C Earphone HiFi Bass Stereo
Price Now: USD 1.24 (Original price: USD 1.45,  14% off)
🔗Click & Buy: s.click.aliexpress.com/e/_c3OMpXtb",0,Search: Samsung Galaxy S23,
bafyreiaahcmecui2aab4zgida34eyiee7gyqg57viqij7qz7b75lgmmxqe,bluesky,post,2026-07-06 02:55:29,How To ScreenShot on Samsung Galaxy S23 Ultra (+ take full page SS),0,Search: Samsung Galaxy S23,
bafyreialnaqzcmewqz4czz42gxtnkoafrcaqjstlvtnftveo5dy5qxr3ey,bluesky,post,2026-07-05 11:15:26,How To Save Battery on Samsung Galaxy S23 Ultra,0,Search: Samsung Galaxy S23,
bafyreibnntfh5mb4v4sgzaocdpcondutctecb6wuibmo3dl7fdq4vxkqra,bluesky,post,2026-07-04 21:45:40,"Samsung has expanded its One UI 9 update list to include millions more Galaxy devices, adding models like the Galaxy S23 FE, Galaxy A57, and Galaxy Z Fold6.",0,Search: Samsung Galaxy S23,
bafyreicsgupot5wk6cvqjmtebwz5vayi2b4h2ineur4jvyp3zn7uqc4nou,bluesky,post,2026-07-04 21:45:06,"Samsung has expanded its One UI 9 update list to include millions more Galaxy devices, adding models like the Galaxy S23 FE, Galaxy A57, and Galaxy Z Fold6.",0,Search: Samsung Galaxy S23,
bafyreidzumw3dhfgf6ozphiecf4h3uvjytbaunszuunavcszazsvq2ovp4,bluesky,post,2026-07-04 19:17:54,"El Samsung Galaxy S23 FE recibe una importante actualización de seguridad

www.larazon.es/tecnologia-c...",0,Search: Samsung Galaxy S23,
bafyreiarjcj4r4ppcrlwldaqgkjsv7ia2defqjbvs5rkyktcx7f4ohlbfm,bluesky,post,2026-07-04 11:00:47,🔥Tech Deal Alert! 🚀 Used Samsung Galaxy S23 drops $150 to just $349.99 - Get yours now! SavvyTechBuy 🛍️🔥,0,Search: Samsung Galaxy S23,
bafyreibt644y2oayg2yn5ka7fbdnuepby45exs4t7pe53aa3vu2mayztuq,bluesky,post,2026-07-04 11:00:39,🔥USED Samsung Galaxy S23 - $349.99! 🌟 Save big on tech deals! TechHype DealTimeCTA,0,Search: Samsung Galaxy S23,
bafyreid6ztesgetugjvsur5ofcysl2tnwdftk3a3wsmienvzpzmm52ylfy,bluesky,post,2026-07-04 05:42:41,"The port on my phone has been busted for a long time, but this thing worked wonders for me and has extended by about a year now how long Ive gone without a new phone

a.co/d/0fuhAkvq",0,Search: Samsung Galaxy S23,
bafyreidmor47kmqfjlroe6zcqnedhjv33la6yxolrwe4cbfs4n74szkfci,bluesky,post,2026-07-04 01:15:32,Samsung Galaxy S23 Ultra Green Colour Showcase!,0,Search: Samsung Galaxy S23,
bafyreig7cr6e5qehwg3ipma6k5zlpbikspympncnkplsmrc64zlwzrrjxe,bluesky,post,2026-07-04 00:25:26,How To Reverse Wireless Charge on Samsung Galaxy S23 Ultra (Wireless Power Sharing),0,Search: Samsung Galaxy S23,
bafyreihupsvsx7iy43v7sdfsoowl6xgwrlogedkzu5tzk32kaqw7fri5n4,bluesky,post,2026-07-03 11:15:27,How To Connect PlayStation Controller to Samsung Galaxy S23 Ultra (ANY Model),0,Search: Samsung Galaxy S23,
bafyreihwixci4y2uz2efhgcbklbst6mzpaawjt4no5h2zylgvgk5ss6l74,bluesky,post,2026-07-03 03:57:31,"Samsung Galaxy S27 Pro and S27 Ultra said to receive camera upgrade that’s 4 years overdue

The Samsung Galaxy S23 Ultra has suffered a significant downgrade in its selfie camera. For four generations now, Samsung has been using nearly the same disappointing 12-megapixel front-facing camera with a…",0,Search: Samsung Galaxy S23,
bafyreibb3wpp4zowml3zkpuegrkavghxemnmdmmgszudwqgrxf6bhui5om,bluesky,post,2026-07-03 00:00:57,"Samsung Android 17 için Geri Sayıma Geçti: Tam Beş Modelde One UI 9 Testleri Başladı!

Samsung yakında One UI 9 güncellemesini kullanıma sunacak. Güney Koreli marka bu kapsamda yeni sürümü uyumlu modellerle test etmeye devam ediyor. Bu kapsamda testler genel beta ve dahili olarak…",0,Search: Samsung Galaxy S23,
bafyreiccgkbbl7r47hgaovcsydasjhe5esgwpxr2grlyrtcbxhl4kjnynq,bluesky,post,2026-07-02 19:35:09,"📱 Samsung Galaxy Ultra Collection ✨

Experience flagship performance with the Samsung Galaxy S26 Ultra and the Galaxy S23 Ultra 5G. 

✨ Pro-grade cameras
⚡ Fast performance
🔋 Long-lasting battery

🛒 View Details & Reviews ⬇️
amzn.to/4y2GbfK  

#GalaxyS26Ultra #GalaxyS23Ultra #Android #AmazonFinds #Ad",0,Search: Samsung Galaxy S23,
bafyreies4kb6yzvvur55ppwdmos6ncu7xn4rokkg2mp4z47zwqrdzaharu,bluesky,post,2026-07-02 12:35:05,"Galaxy S23 FE’s One UI 9.0 update is now in development Samsung launched the Galaxy S23 FE with One UI 5.1 (Android 13) and promised to offer it four major OS upgrades. The brand has already rele...

#Phone #Android #17 #Galaxy #S23 #FE #One #UI #9.0

Origin | Interest | Match",0,Search: Samsung Galaxy S23,
bafyreiar3ftqcu4giuk2z3tpwbwnu77ww3o5rru2j42276tnsyv5nakhti,bluesky,post,2026-07-02 07:55:23,How To Erase Samsung Galaxy S23 Ultra (2 methods),0,Search: Samsung Galaxy S23,
bafyreigwotog5zko76pcxmrrbtwnxzkwiv3v7vljniskef24oy47knjxvu,bluesky,post,2026-07-01 18:01:38,"📱✨ Samsung Galaxy S23 Ultra – Power, Performance & Premium Style! ✨

Looking to upgrade? Visit Cell Geeks for the best deals on the Samsung Galaxy S23 Ultra and expert customer service you can trust!

📍 Visit us today

cellgeeks.net

 #SamsungS23Ultra #SamsungGalaxy #AndroidPhone #SmartphoneDeals",0,Search: Samsung Galaxy S23,
bafyreib5yzdrknv6ixoxc5rfrwr25nzvsxp2nfhndofelx2djmrmr3e5fe,bluesky,post,2026-07-01 17:00:06,"Samsung Galaxy S23 FE wreszcie dostał czerwcową łatkę bezpieczeństwa. Aktualizacja waży 282,4 MB i wnosi 45 poprawek dla Androida oraz One UI, a przy okazji ma poprawić wydajność i stabilność.",1,Search: Samsung Galaxy S23,
bafyreihr33kfiwwwlxiw3yio6egcof4keouuxrpebvjih2l5icfz5zcisu,bluesky,post,2026-07-01 13:52:23,"Cool Offer !

Samsung Galaxy S23+ Plus 5G, US Version, 256GB, Phantom Black - Unlocked (Renewed)

Price: $329.0 (MSRP: $449.88 | You Save 26.87%)

Rating: 4.3 (1954 reviews)

Get it here: https://budgetbuzz.deals/?l=https://www.amazon.com/dp/B0C4Q796XC?tag=buzzdeals0b-20
#ad",0,Search: Samsung Galaxy S23,
bafyreidlzgukvkcr4wm42cfsa3trkkxdld76ua6rc6wwnkezqvke3puuxa,bluesky,post,2026-07-01 13:02:11,"https://mojaoprema.si/izdelek/premium-zascitno-kaljeno-steklo-9h-za-samsung-galaxy-s23-plus/ 5,99 € PREMIUM zaščitno kaljeno steklo 9H za Samsung Galaxy S23 PLUS
Ponosno predstavljamo naše",0,Search: Samsung Galaxy S23,
bafyreiahslemvhtra64ru3w72y2wafqqa2gmiquoqkb5n4fimgkao47zwy,bluesky,post,2026-07-01 12:00:29,"Galaxy S23 FE için Yeni Güncelleme Çıktı

Samsung, Galaxy S23 FE için Haziran 2026 güvenlik güncellemesini yayınladı. 45 açığı kapatan güncelleme hakkında detaylar ve One UI 9.0 beklentileri haberimizde.",0,Search: Samsung Galaxy S23,
bafyreihvsnvxkbehqxdi7enq546sys2rvqo5noznpuw72rh4aymr7m2bzy,bluesky,post,2026-07-01 11:53:02,"Samsung Galaxy S23 FE Haziran 2026 Güvenlik Güncellemesi Yayınlandı

Samsung Galaxy S23 FE Haziran 2026 güvenlik güncellemesi, Fan Edition modelini kullanan kullanıcılar için resmen dağıtıma çıktı. S711BXXSGGZF2 yapı numarasıyla yayınlanan yeni yazılım paketi, ilk etapta Hindistan başta olmak üzere…",0,Search: Samsung Galaxy S23,
bafyreiekahbw2iuqidmra6ifyh7io3zjlkc4lh6fzgou7lari3zbadjffu,bluesky,post,2026-07-01 11:25:24,"Samsung's June 2026 Security Update Just Reached More Galaxy Devices
www.androidheadlines.com/2026/07/sams... #Samsung #Android",2,Search: Samsung Galaxy S23,
bafyreih7xp64c7thlbsksjn37t3gynetx4ojrtugfm77ei2yvg2e6fzkga,bluesky,post,2026-07-01 10:46:07,"#publicidad

🔥 ¡OFERTA AMZ! 🔥

Belkin BoostCharge cargador doble para coche de 42 W con puerto USB-C PPS de carga rápida a 30 W y USB-A de 12 W para modelos de iPhone de las series 16, 15, 14 y 13, ...

💰 Precio: 11,99€ (Antes: 29,99€)

🔗 https://www.amazon.es/dp/B0CS4RTC64/?tag=infocompras08-21",0,Search: Samsung Galaxy S23,
bafyreibpyocpqiivh6pi7kjtdr5sqy3uc7pg2lsi55jpqt4ozxvs5vi52u,bluesky,post,2026-07-01 08:57:41,"Belkin BoostCharge cargador doble para coche de 42 W con puerto USB-C PPS de carga rápida a 30 W y USB-A de 12 W para modelos de iPhone de las series 16, 15, 14 y 13, Samsung Galaxy S23 y otros, negro

📉 Baja de 29,99 a 23,90€

💶 Ahorro: 6,09€ (20%)

🔗 https://amzlink.to/az0jjYUgEPoIO",0,Search: Samsung Galaxy S23,
bafyreihqcgdxj3x2mxfx3e4igohkklu4j7vcustbfdvj566om7uckmyuta,bluesky,post,2026-07-01 08:29:10,"Lab Test #5524: The JDM ""Drift"" case is so low-friction it glided off the workbench and is now wedged behind the main server rack. We aren’t getting it back. 4.83★ for commitment to the bit. Only €10.22 (50% OFF). #TheFindLab #JDM #Samsung #Tech

#samsunggalaxys24case #TheFindLab #tested",1,Search: Samsung Galaxy S23,
bafyreicqwvxpx4hp64rlck5cq5bbqtjk2xaczyu26pvbiatwybinof4e7q,bluesky,post,2026-07-01 08:13:55,"Samsung Galaxy S23 FE Receives Long-Awaited June 2026 Security Update, Strengthening Protection for Millions of Users + Video

Introduction: A Quiet Update With Major Security Importance Samsung continues to extend support for its popular Fan Edition smartphone lineup with a new software release…",0,Search: Samsung Galaxy S23,
bafyreiekhp5knd3d3jloamalytlj5dlihfgwlmgddayl6hbigtvxtxd23i,bluesky,post,2026-07-01 07:42:30,The Samsung Galaxy S23 FE finally gets the June 2026 security update. Read more about it in our article linked below. ⏬,0,Search: Samsung Galaxy S23,
bafyreid5cpm6eiwmdvbz3xtu4dx4umupdehcogypa6kea43zj6rvervghm,bluesky,post,2026-07-01 02:05:33,"GREEN Samsung Galaxy S23 Ultra Unboxing, Setup & Impressions as iPHONE user!",0,Search: Samsung Galaxy S23,
bafyreihl3kaj3spot2bhj75vxz6qi5ln7j7gr5gg44n74xiraqxjxbc24q,bluesky,post,2026-06-30 10:15:06,"Smartphone Samsung Galaxy S23 Plus 256GB 5G Câmera Tripla 50MP + Selfie Ram 8GB Tela 6.6 Verde - Sou como novo

💸 Por R$ 3.019,00

🛍 Trocafy BR
🔗 https://www.awin1.com/pclick.php?p=38641518998&a=2831258&m=51277

- Anúncio",0,Search: Samsung Galaxy S23,
bafyreifnm2b3xexepbj7whaiymbsyk4e4w3sv3lzepna5wksmaygtrh254,bluesky,post,2026-06-30 08:45:41,How To Delete Apps on Samsung Galaxy S23 Ultra!,0,Search: Samsung Galaxy S23,
bafyreia43ntwvpsia53wlhaz2q2crdg3yue5qzrz7oqqwc6y74sllxtjza,bluesky,post,2026-06-30 07:55:28,How To Hide Photos in Samsung Galaxy S23 Ultra (& lock),0,Search: Samsung Galaxy S23,
bafyreicyvymheetu6jx6y44aikzdk62ykfrtx4fzygmp5nvcb5qkji323e,bluesky,post,2026-06-29 17:26:11,"Samsung is rolling out the June security update to various devices. This update was already available for a number of devices; now it is the turn of the Samsung Galaxy S23 series, amongst others, to receive the update.",0,Search: Samsung Galaxy S23,
bafyreia27f4pdefaoxldtdrbb7ptlyocy23talnsfpxl3ghucd77ktxzre,bluesky,post,2026-06-29 16:17:54,"📱 Pra fechar, mais uma que vale o clique:

Samsung Galaxy S23 5G 256GB Tela 6.1'' 8GB RAM IP68 Processador Qualcomm Snapdragon 8 Gen 2 Câmera Tripla de até 50MP + Selfie 12MP - P...

💰 R$ 2.226,17  (58% OFF)
❌ De R$ 5.299,00

🔗 Canal: https://t.me/radardeofertabrb
#mercadolivre #ofertas #economize",0,Search: Samsung Galaxy S23,
bafyreicmjyzqxifupts6tegrq6pe34a2lk3sgtswet6wkobfhxzzklb7za,bluesky,post,2026-06-29 10:25:21,Samsung Screen Protector for Galaxy S23 Ultra Review (AVOID),0,Search: Samsung Galaxy S23,
bafyreibycnehv2qnl6a4zfwx4hpl2zf3mpxinxzocwv2p6ffa5coctrnxe,bluesky,post,2026-06-29 10:07:16,"June 2026 security update expands globally for the Galaxy S23!

#Samsung #Galaxy #OneUI8_5 #TeamGalaxy #GalaxyAI #TeamSamsung #TechNews #TechUpdates #GalaxyS23",0,Search: Samsung Galaxy S23,
bafyreihflcyxjm7elt2q3rcrpyet3y72bqzgxlstsz36r7gvarzdr7glue,bluesky,post,2026-06-29 05:25:29,How To Delete Apps on Samsung Galaxy S23 Ultra!,0,Search: Samsung Galaxy S23,
bafyreiccamuvewm2gn5h24u63rnmxp6xewu2bbf7w3fchii7jtzk5fdq5a,bluesky,post,2026-06-29 03:48:07,"Samsung Galaxy S23, kommer inte längre än till startsidan.",1,Search: Samsung Galaxy S23,
bafyreibvacstr2mjvt5juc7nfej2di3pe2cepllu7ticpro3ypq26qljju,bluesky,post,2026-06-29 01:15:37,How To Remove Fingerprint Animation on Samsung Galaxy S23 Ultra!,0,Search: Samsung Galaxy S23,
bafyreibrz76tksil3vubtvuqjy45gukyy7j323bgl7hpgkdi6q2bec6due,bluesky,post,2026-06-28 16:19:55,First full moon this Kenya trip! Taken at 6:50 PM (just after sunset) with my Samsung Galaxy S23 Ultra. The camera continues to blow me away after using my iPhone 13 Pro Max for the last 4 years! 💫,20,Search: Samsung Galaxy S23,
bafyreihszqpin3mtpr5yaia776pxwhsai4cky3mmmwwhno3fxzyuwj3jku,bluesky,post,2026-06-28 09:35:35,How To Connect ANY Controller to Samsung Galaxy S23 Ultra!,0,Search: Samsung Galaxy S23,
bafyreif4lqkev7m3oby6jz6wlo2vmuo6g5ezjgbkrdvgei5bwnvcyrzlvm,bluesky,post,2026-06-27 11:15:34,How To Reset Samsung Galaxy S23 Ultra to Factory Settings!,0,Search: Samsung Galaxy S23,
bafyreigzunbnoaubrcesu674mxlps5epfpljos5ywu64a3k673a7zgqadu,bluesky,post,2026-06-27 09:35:27,Samsung Galaxy S23 Ultra How To Change Ringtone!,0,Search: Samsung Galaxy S23,
bafyreidibv67tdlqbvrgqavwhkgwhp4rcv3z4xtt4oawghgtjlll4w27my,bluesky,post,2026-06-27 07:05:31,How To Connect PS5 Controller to Samsung Galaxy S23 Ultra,0,Search: Samsung Galaxy S23,
bafyreiehsi4wtnht4euxtba567avqdavpfywt2u5rsfn6pcsiat6rwsfnq,bluesky,post,2026-06-27 03:45:30,How To Put Screen Protector On Samsung Galaxy S23 Ultra!,0,Search: Samsung Galaxy S23,
bafyreih5rvx6lbciv3gnhwfwrijjeoe6apelc3dvvfbf4xdmy5aumffefe,bluesky,post,2026-08-31 15:20:17,"Galaxy Z Fold 8 is selling so well, Samsung is borrowing parts from the future",1,Search: Samsung Z Fold,
bafyreibd6vb2l5iwsun4ss3cbfjg7aggzf7ghdxlrmo24i4l357rmbw3am,bluesky,post,2026-08-31 12:00:12,"Samsung Galaxy Z Fold 8 Laris Manis, Bikin Pasokan Chip Layar Menipis - https://kumparan.com/kumparantech/samsung-galaxy-z-fold-8-laris-manis-bikin-pasokan-chip-layar-menipis-285jhgvzXbN",0,Search: Samsung Z Fold,
bafyreibq6byesdm42mipum3finteq2jokzoqjshneczpwuebzkwa34xawm,bluesky,post,2026-08-31 11:05:04,"Samsung Galaxy Z Fold 8 Laris Manis, Bikin Pasokan Chip Layar Menipis - https://kumparan.com/kumparantech/samsung-galaxy-z-fold-8-laris-manis-bikin-pasokan-chip-layar-menipis-285jhgvzXbN",0,Search: Samsung Z Fold,
bafyreifjio666ny4fhyicoee4p3tovf3wknyceok6z4a3qyilju3ergqgi,bluesky,post,2026-08-31 10:16:49,"Android Central より

5 phones to buy instead of the Samsung Galaxy Z Fold 8
Samsung Galaxy Z Fold 8の代わりに購入する5つの携帯電話",0,Search: Samsung Z Fold,
bafyreigqtft4r734jektqhgitj5ingb75ljr2fuqupjg7clfj3535wd4y4,bluesky,post,2026-08-31 08:52:23,"記事の要約: iPhone Ultraがついにお目見えする日が近づいてきましたね！ その魅力的なデザインには、ちょっと気になるお値段が隠れています。なんと、内側ディスプレイの交換費用が約18万円に達する可能性があるとのこと。Galaxy Z Fold 8の約1.4倍という予測には、驚きを隠せません。

AppleはSamsung Displayからパネルを調達するため、部品のコストが高くなるようです。これまでの修理費を考えると、AppleCare+の加入がますます重要になりそうですね。日常使いのスマホが高額な修理費を抱えるなんて、なんだか複雑な気持ちになります。

新しい技術に触れられる楽し…",0,Search: Samsung Z Fold,
bafyreiat65dw7r6itqjkpjqdynhkd4xo3gwl547qyt3v4qwp4cjcx5sa6y,bluesky,post,2026-08-31 07:23:51,"If you'd love to own the Galaxy Z Fold 8 or Galaxy Z Fold 8 Ultra, you can win one... for free! Join our latest giveaway 👇
www.androidheadlines.com/samsung-gala... #GalaxyZFold8 #GalaxyZFold8Ultra #Samsung",1,Search: Samsung Z Fold,
bafyreidyyl7ow2ma26o3livrudqck4toghg42qsgayazbw4cqvluyc7xz4,bluesky,post,2026-08-30 23:57:15,"Samsung formte die Fold-8-Vermarktung mit Teasern, Leaks und Promi-Unterstützung; FCC-Daten lieferte",2,Search: Samsung Z Fold,
bafyreibyni3w6r7qub36kttsdl7ljl33qwxnv5es6ul7ux4cyxb5ns67ya,bluesky,post,2026-08-30 23:54:22,Ends 10-19-2026 Enter to Win a Samsung Galaxy Z Fold 8 & Galaxy Z Fold 8 Ultra swee.ps/fHctWH_eanBjKx,1,Search: Samsung Z Fold,
bafyreiak2vgtawlegzume5ezxyvdploqdxjgbyoqzvg42p7ye3nb2dqc3u,bluesky,post,2026-08-30 22:14:02,"11 publications reviewed both foldables. Samsung won or tied all 11.

Galaxy Z Fold8: 86. Pixel 11 Pro Fold: 77. Same $1,899.99 starting price.

soundsnerdy.com/compare/goog...

#samsung #google #pixell11profold #googlepixel #googlepixel11profold #tech #review #zfold8",0,Search: Samsung Z Fold,
bafyreigl7nwizdxfslf5xeauidezy7gguesrtzk6jrm3iilejxp3bjhury,bluesky,post,2026-08-30 18:04:10,"🔥 Samsung Galaxy Z Fold pliable bleu 256 Go smartphone avec câble (voir photos)
eBay · 690.00 €
#BonPlan #HighTech #Promo",0,Search: Samsung Z Fold,
bafyreicwvv6ms4tlatvpxejyrn5e3vysxpwtc55c5nsr7ozq6aulmqnv24,bluesky,post,2026-08-30 17:53:43,"🔥 [Macif] Smartphone 8"" Samsung Galaxy Z Fold 8 Ultra - RAM 12 Go, 256 Go, avec Ecouteurs sans fil Samsung Buds 4 Pro via paypal
1272.34 €
#BonPlan #HighTech #Promo",0,Search: Samsung Z Fold,
bafyreibzpwzqkis2n6ng5l4ioiaverbv24f4hs6kuulqhlm4jaikhshrvy,bluesky,post,2026-08-30 17:22:42,"🔥 [The Corner] Smartphone Samsung Galaxy Z Fold 8 256 Go + Galaxy Buds 4 Pro + ODR 150€
1084.29 €
#BonPlan #HighTech #Promo",0,Search: Samsung Z Fold,
bafyreif4nsuvtvw5a2bdvpn5vhkshjwbhtyq4gg5dbnqfubc4ycrqidha4,bluesky,post,2026-08-30 08:10:49,"Vouwbare smartphones van Samsung zijn doorgaans erg stevig, maar toch overleeft de Galaxy Z Fold 8 Ultra een beruchte marteltest niet. Het scherm valt uit als er flinke druk op…",0,Search: Samsung Z Fold,
bafyreiddpvkau7qc5rftuuevr7i5ecpbz3f573x6pfyzdokcg4m4czb7du,bluesky,post,2026-08-30 10:01:35,[PGX] Appleの折りたたみiPhone参入が予想される中、Google Pixel 11 Pro FoldとSamsung Galaxy Z Fold8シリーズを比較。薄さ、軽さ、ヒンジの滑らかさといったハードウェア設計ではGalaxyがリードしており、特に新構造による折り目の軽減が顕著である。一方、AI機能やマルチタスク性能は両社とも発展途上であり、今後の次世代フォルダブルスマホの進化が注目される。 https://forbesjapan.com/articles/detail/103748,0,Search: Samsung Z Fold,
bafyreic5p6gnya63tiqral2difxjjylpemclbqh3svs56cjkwcs77rliy4,bluesky,post,2026-08-29 16:38:49,Will the rumored iPhone Ultra end Samsung's foldable phone reign? The ultimate tech battle is coming. 📱 #tech #Apple https://jatimaktual.id/artikel/mampukah-iphone-ultra-menggoyang-dominasi-samsung-galaxy-z-fold-8-di-pasar-ponsel-lipat,0,Search: Samsung Z Fold,
bafyreiddz7b3amxdc7mc2c6wlgs3uoioz747yx3ioeeppyp3eftxsapu5i,bluesky,post,2026-08-29 15:45:30,"🔥 SMARTPHONE SAMSUNG GALAXY Z FOLD 8 512GO SM-F971B NOIR GRAPHITE NEUF SCELLE
eBay · 1650.00 €
#BonPlan #HighTech #Promo",0,Search: Samsung Z Fold,
bafyreidqe4n5rule7pljponhncdckdufz2qvsu2nkwagsy3m65tjml6zu4,bluesky,post,2026-08-29 14:56:14,Samsung has released a new One UI Beta update for the Galaxy S26 series that brings several Galaxy Z Fold 8 features to the flagship phones.,0,Search: Samsung Z Fold,
bafyreibpiqtqzkrss2sz5pivugq3bhcbr2hnnonmhifkdtnjhfoll7qmnu,bluesky,post,2026-08-29 10:54:00,"Ja zvažujem dlhšie kúpu founu.

Ceny sú enormné. 
Napríklad Google pixel 11 pro 256GB stojí cca 1200€.

A dve generácie starší, pixel 9 pro 256GB je stále za 600€. A to je z roku 2024. 🤦‍♂️

Alebo taký Samsung Z fold 8. 2000+€ 🤦‍♂️🤦‍♂️",3,Search: Samsung Z Fold,
bafyreidinf52sqpamigbrcilqn3wamrwa7ufjzmfchvz3kj5nwhdh3ghui,bluesky,post,2026-08-29 09:37:57,"Huawei has again changed their foldable form factor to match Samsung 

The new Huawei Mate XT2 adapts the same inward folding design as the Galaxy Z TriFold 

A similar change happened when Samsung announced the Galaxy Fold, with the Mate X2 switching to inward folding",1,Search: Samsung Z Fold,
bafyreie3urwnw34septaql67mqewgaropl24imvorcjy55bqx3sevynumu,bluesky,post,2026-08-29 11:15:42,"🚨 NEWS: L'iPhone Ultra di Apple arriva il 9 settembre, ma può davvero superare il Galaxy Z Fold 8 di Samsung

Leggi L'articolo completo e seguici per rimanere sempre aggiornato! 🧡

🚀 LINK: https://meteoraweb.com/news/liphone-ultra-di-apple-arriva-il-9-settembre-ma-puo-davvero-superare-il-g",0,Search: Samsung Z Fold,
bafyreid2zodl352uew4ekk2b5trjeifgtmldejbpzduwjghbuqqso4xanq,bluesky,post,2026-08-29 04:27:34,"This is Huawei’s next-generation tri-fold flagship, the Mate XT 2, which has also adopted an inward-folding design similar to the Samsung Galaxy Z TriFold. https://twitter.com/UniverseIce/status/2093556137308410203",0,Search: Samsung Z Fold,
bafyreifcvcvjqsyjsk4gw6fexnr3xg4lnzhwiwfzbmnvgyiy2ysuzyl6qu,bluesky,post,2026-08-28 21:28:58,"Samsung brings three AI features from Galaxy Z Fold 8 to the S26 Ultra

Samsung introduced several new Galaxy AI features with One UI 9.0 on the Galaxy Z Fold 8 and Galaxy Z Fold 8 Ultra. While these capabilities were initially missing from the One UI 9.0 beta software on the Galaxy S26 series,…",0,Search: Samsung Z Fold,
bafyreifywylrh4y6swyexzesay2qwhinxzsajvtxzhthbhhbylfz2vknoy,bluesky,post,2026-08-28 20:42:04,"Is the foldable phone era finally here to stay? The Galaxy Z Fold 8 hands-on review suggests the major screen fix we've all been

#Galaxy #Hands #Screen #Waiting #AINews",0,Search: Samsung Z Fold,
bafyreifsxsxmfp3v47ijzj3mweqww5355qcchjwrgkpxvvhridmc7bbuhm,bluesky,post,2026-08-28 19:11:25,"Review do Samsung Galaxy Z Fold 8: compacto, versátil e empolgante
https://olhardigital.com.br/2026/08/28/reviews/review-do-samsung-galaxy-z-fold-8-compacto-versatil-e-empolgante/?utm_source=flipboard&utm_medium=activitypub 

Posted into Tecnologia @tecnologia-FlipboardBR",0,Search: Samsung Z Fold,
bafyreiaepra52euicnpx23cqnj247hdkrsm7uet3wemroyme2i5shwtioi,bluesky,post,2026-08-28 15:40:09,"Review do Samsung Galaxy Z Fold 8: compacto, versátil e empolgante",0,Search: Samsung Z Fold,
bafyreifqhzomjs7isr4ycnqb6mxc6vg63pecajc6geqr4t54cmmvbszgpa,bluesky,post,2026-08-28 17:04:11,"🔥 Coque Samsung z fold 8 magnétique via ODR Samsung
11.55 €
#BonPlan #Promo",0,Search: Samsung Z Fold,
bafyreifp2hgjmjn3uhictflkrropqsppfy6z4tx3h6leyz57y7pfc37zc4,bluesky,post,2026-08-28 16:08:43,Galaxy S26 gets Fold 8 features in latest Android 17 beta,4,Search: Samsung Z Fold,
bafyreigibgerov7pzqtbo7ofh3tm7q4yq2q4sgq52wg7rd3tgay6ee56za,bluesky,post,2026-08-28 15:41:37,"Samsung leva recursos de IA do Galaxy Z Fold 8 Ultra para o S26

A Samsung levou recursos de IA do Galaxy Z Fold 8 Ultra para o Galaxy S26 com a One UI 9 beta 7, que adiciona My FanCam e Call Brief à linha. O ritmo acelerado das betas indica que a versão estável está próxima.",0,Search: Samsung Z Fold,
bafyreieb5co54pwkg3ek7reh3otxbn5diyyliusz5tsgf67yurjdynxmc4,bluesky,post,2026-08-28 14:50:27,"Galaxy S26 Ultra’ya Z Fold 8’den 3 Yeni Yapay Zeka Özelliği Geliyor

Samsung, One UI 9.0 ile Galaxy cihazlarına yeni yapay zeka özellikleri eklemeye devam ediyor. Şimdi sıra Galaxy S26 serisinde. Galaxy Z Fold 8 ailesiyle öne çıkan üç yeni özellik, One UI 9.0'ın yedinci beta güncellemesiyle Galaxy…",0,Search: Samsung Z Fold,
bafyreignyuxf3oensp5g25hplopsubmfnxyqhpobk3sgepizuigszexjfu,bluesky,post,2026-08-28 13:51:53,"Samsung claims the Galaxy Z Fold 8's wider shape is ‘the new standard for viewing content’ — but is it really better than the Z Fold 8 Ultra? I tested Netflix, YouTube, and Instagram on both phones to find out  qc.twp.ai/ImPFFN",0,Search: Samsung Z Fold,
bafyreihysuhlsigflohtgyd7dejdqj3rln6mkubdbl7dvdssqgedmxgttm,bluesky,post,2026-08-28 12:32:13,"📰 The Pixel 11 Pro Fold offers a unique feature that sets it apart from the Galaxy Z Fold 8, making it an attractive choice for those seeking a versatile device with exceptional pe...

🔗 https://www.zdnet.com/article/pixel-11-pro-fold-durability-vs-samsung-galaxy-z-fold-8/

#Tech #Innovation",0,Search: Samsung Z Fold,
bafyreierx76o2h2aam6zqchecplhhnkf4zwqwliqx7smuzwjdhkhn4cj44,bluesky,post,2026-08-28 10:22:45,My FanCam is now available on the Galaxy S26 series with One UI 9 www.sammobile.com/news/my-fanc...,1,Search: Samsung Z Fold,
bafyreiblnsq3wtzw446nv5vmnqt5mrmh35auwlsik6fe2q3rgbzdmtwmny,bluesky,post,2026-08-28 10:08:07,"Google Pixel 11 Pro Fold brak op pijnlijke wijze in de test van JerryRigEverything, maar nu blijkt dat niet alleen Google een wat fragiele Fold heeft gemaakt. Ook Samsung, de…",0,Search: Samsung Z Fold,
bafyreieyvm4zw3u7twdtsfc7xeonrc6hlgelt3qhpjzhp265q652n6nnki,bluesky,post,2026-08-28 09:29:15,Samsung brings three AI features from Galaxy Z Fold 8 to Galaxy S26 Ultra www.sammobile.com/news/samsung...,0,Search: Samsung Z Fold,
bafyreihnttzlr5of7w6n6gc7bx2n4wwk653xv32lmgbkhgwll2vcl3t7bu,bluesky,post,2026-08-28 09:00:28,Update! Galaxy Z Fold8 https://kimagurenote.net/kn/Galaxy_Z_Fold8 - /* 対応バンド構成 */ povo 2.0 の 5G SA SIM を入れるとモバイルネットワークがダウンする不具合が生じていたが、KDDIネットワークの設定修正により、8月28日より本機SIMフリー版でもau系 5G SA が使えるようになった,0,Search: Samsung Z Fold,
bafyreid4jb6gccde6gjy5krc7m3ty2nfqvkmayaoyj3osqsojeqkpjgbhi,bluesky,post,2026-08-28 08:17:49,"What? Samsung actually gave the exclusive features of the Galaxy Z Fold 8 to the S26 Ultra? Oh my God, I absolutely love the My Fan Cam feature",0,Search: Samsung Z Fold,
bafyreifjayhbgwamx4jg5njvevq2q6w5c6smj4447vcnf3ps5hzw2g2oxq,bluesky,post,2026-08-28 08:08:07,"Google Pixel 11 Pro Fold brak op pijnlijke wijze in de test van JerryRigEverything, maar nu blijkt dat niet alleen Google een wat fragiele Fold heeft gemaakt. Ook Samsung, de…",0,Search: Samsung Z Fold,
bafyreifll357zv62dunlwo7iae6tzjpiv22bl6ufjrj2mlird3cmpwjpsy,bluesky,post,2026-08-28 07:55:21,Breaking: Galaxy S26 series gets seventh One UI 9 beta release with new AI features,1,Search: Samsung Z Fold,
bafyreihoai3zrrjnpkajy7enram7keqpzfp6a5krqnihv2rucgnenf3f34,bluesky,post,2026-08-28 00:23:43,"#AliExpress:  

Capa para celular
Dura e transparente 
De fita k7
Para Samsung Galaxy Z Fold 8

R$19,69

 s.click.aliexpress.com/e/_mMLq2Un",0,Search: Samsung Z Fold,
bafyreidsq4ploqnz5s2kxkacttvhncn4377e4qdjomv6hajlfavs7e6kpu,bluesky,post,2026-08-27 18:00:45,Le Xiaomi 18 Ultra aura peut-être ce qui manque au Samsung Galaxy Z Fold 8,0,Search: Samsung Z Fold,
bafyreibd67ohcql6im76dwy6r3w7asaojrxs4zz4zymace6dyr3ouagvim,bluesky,post,2026-08-27 17:23:39,"Galaxy Z Fold 8 Ultra finally dies in bend test, unlike past models [Video]",4,Search: Samsung Z Fold,
bafyreidrq5udktd4fii62l63cureazos7ks6rg26cbcehw62ja5uqis3q4,bluesky,post,2026-08-27 17:18:32,Z Fold 8 Ultra’s inner display dies in bend test—sleek design meets its breaking point. #Samsung #GalaxyZFold8Ultra #FoldablePhones #Durability #BendTest #TechNews thedailytechfeed.com/galaxy-z-fol...,0,Search: Samsung Z Fold,
bafyreig6t2eg5lvmm4adfdijdo4jcc3vcgusclfvstiihzo6zzjxyovi4q,bluesky,post,2026-08-27 16:44:03,"Samsung predbehol Apple s novými skladacími telefónmi Z Fold 8 Ultra, smart okuliarmi s AI a „passport“ variantom. Čína tlačí v AI, Francúzsko obmedzuje sociálne siete pre deti a CD zažívajú comeback!",0,Search: Samsung Z Fold,
bafyreifd6cco33b4tq7b3loiczqx4ajh5jiqsbotyut4pabxvvmr5rn434,bluesky,post,2026-08-27 16:43:14,"Samsung predbehol Apple s novými skladacími telefónmi Z Fold 8 Ultra, smart okuliarmi s AI a „passport“ variantom. Čína tlačí v AI, Francúzsko obmedzuje sociálne siete pre deti a CD zažívajú comeback!",0,Search: Samsung Z Fold,
bafyreigxd4f6frefopov6ywgvsevh4nz7n7hnejrwgy7uoidrjwkvvslwq,bluesky,post,2026-08-27 16:30:04,"Motorola's first book-style foldable brings flagship specs, faster charging, and a fresh challenge to Samsung's long-running Galaxy Z Fold lineup.",0,Search: Samsung Z Fold,
bafyreifjszn5n5r6qua4krk66x6owubtu2ir6byulg5de2hsykkvgkqikq,bluesky,post,2026-08-27 16:15:07,The LG phone nobody wanted is making a comeback as the Samsung Galaxy Z Fold 8,0,Search: Samsung Z Fold,
bafyreigbdyh3dfhvellbqgso2xswwkpdefo63x6mf6tet3podgglk2l56m,bluesky,post,2026-08-27 15:19:19,"The Galaxy S26 FE is costlier than ever for a midrange phone, but Samsung is making up for it by packing it with top-tier AI features from the Galaxy S26 and Z Fold 8.",0,Search: Samsung Z Fold,
bafyreif5uhkeri4tzwb4o4nkxym2evecbswwhergq3u4rbg2kvnuikazyi,bluesky,post,2026-08-27 15:03:12,"Samsung's August Update Wave Continues — Galaxy Z Fold 6 and Z TriFold Are Next
www.androidheadlines.com/2026/08/sams... #GalaxyZFold6 #GalaxyZTriFold #Samsung",1,Search: Samsung Z Fold,
bafyreigplchwd6n6fb5yhk5feojko3i7pewxurqibxs6v5lhnfblnyw3la,bluesky,post,2026-08-27 12:29:38,"Galaxy Z Fold 8 Ultra Goes Through Scratch, Burn, and Bend Tests + a Teardown
www.androidheadlines.com/2026/08/gala... #GalaxyZFold8Ultra #Samsung #Android",2,Search: Samsung Z Fold,
bafyreihfhb5jao2mpg7sfunbravlmj5lpjsawyflhxhrurchqlbxjyx56y,bluesky,post,2026-08-27 10:58:46,"56 Security Fixes Are Now Rolling Out to Galaxy Z Fold 7, Z Flip 7, and Z Flip 6
www.androidheadlines.com/2026/08/56-s... #GalaxyZFold7 #Samsung #GalaxyZFlip7",0,Search: Samsung Z Fold,
bafyreihu33pnejdx3i5vtyxex2bgtnyu3fuabd2od5mg7nheeyv7b5hev4,bluesky,post,2026-08-27 10:51:45,Samsung releases August 2026 security update for Galaxy Z Fold 6 www.sammobile.com/news/samsung...,0,Search: Samsung Z Fold,
bafyreihbmynt34ga547kius2vyisbb6q7d2sqjjizvyztisovdoryywrha,bluesky,post,2026-08-27 10:19:39,"Rumor: Samsung já trabalha no Galaxy Z Fold 9 para sair em 2027
https://canaltech.com.br/smartphone/rumor-samsung-ja-trabalha-no-galaxy-z-fold-9-para-sair-em-2027/?utm_source=flipboard&utm_medium=activitypub 

Posted into Tecnologia @tecnologia-FlipboardBR",0,Search: Samsung Z Fold,
bafyreia5wjuasmunobumqydzaidtkjl2iiyxfcocowgpjo2csfv4aedqpm,bluesky,post,2026-08-27 09:26:05,"O Samsung Galaxy Z Fold 8 Ultra é submetido a testes de curvatura extremos, revelando resultados mistos na sua durabilidade e construção. O telemóvel suporta riscos e pressão, mas não consegue resistir ao fogo. 📱

#galaxy #samsung #sem #teste",0,Search: Samsung Z Fold,
bafyreigph2blrk3ju5kplyb2il5wrrlcb3byasl6v2oemwm675qmqvln4e,bluesky,post,2026-08-27 17:02:54,"[PGX RECOMMEND] Recommended Keywords
[Foldable Smartphone Case]

https://www.amazon.com/dp/B0H8TJV4LF/ref=nosim?tag=hanaguro00-20

https://www.amazon.com/dp/B0H2LS9P6T/ref=nosim?tag=hanaguro00-20",0,Search: Samsung Z Fold,
bafyreialw4y6puqbl3yokzn6cu7n36mw43d5xeecpahazbcotoheetyzlq,bluesky,post,2026-08-27 06:07:55,"🔥 [Clients Red by SFR] Smartphone 7,6"" Samsung Galaxy Z Fold 8 - RAM 12 Go, 256 Go (Via 100€ d'ODR sur Facture & 200€ de Bonus Reprise)
1099 €
#BonPlan #HighTech #Promo",0,Search: Samsung Z Fold,
bafyreiawevtjasvuxg44bt2xkvy2gvgewe5mciq3jfhtifi56lro4vbw6y,bluesky,post,2026-08-27 03:36:24,"Samsung Electronics' first tri-fold handset of 2025, the Galaxy Z TriFold, has repeatedly sold out. Global shipments were about 30,000 units.

Source: DigiTimes Asia",0,Search: Samsung Z Fold,
bafyreidl7ese4befmgrpv3msti7rxziieuijqqthhwd63v6cqe2jmpcebm,bluesky,post,2026-08-26 19:33:53,"🔥 (The Corner) Samsung Galaxy Z Fold 8
1499.25 €
#BonPlan #HighTech #Promo",0,Search: Samsung Z Fold,
bafyreid3tmiflvi6im2iiq42miopyx6tqtkuxflb6ueymf72egtipv7tim,bluesky,post,2026-08-26 18:54:32,"Is the Galaxy Z Fold 8 still as charming as month later? 🤔
youtube.com/watch?v=Q_rt...",0,Search: Samsung Z Fold,
bafyreiajxh24bteyqjhmf3x36ldf774benm42gv3rmagawsp24qcnqvaru,bluesky,post,2026-08-26 18:42:50,"We benchmarked the Samsung Galaxy Z Fold 8 (Snapdragon 8 Elite Gen 5 for Galaxy)! 📱⚡

Our lab tests evaluate PCMark, UFS 4.1 storage speeds, 3DMark ray tracing, and thermal throttling against the Exynos 2600 and S26 Ultra.

My full technical review:
www.techarp.com/reviews/sams...",0,Search: Samsung Z Fold,
bafyreiardgf2tfoles6kcqfstx5d7726hgkepwcrvvsfdlwyqmlfhb5en4,bluesky,post,2026-08-26 18:42:40,"We benchmarked the Samsung Galaxy Z Fold 8 (Snapdragon 8 Elite Gen 5 for Galaxy)! 📱⚡

Our lab tests evaluate PCMark, UFS 4.1 storage speeds, 3DMark ray tracing, and thermal throttling against the Exynos 2600 and S26 Ultra.

Full technical review by Dr Adrian Wong:
www.techarp.com/reviews/sams...",0,Search: Samsung Z Fold,
bafyreibuqasqodxrfmvaklefznmmndxnyzgui3fiv6if76yeeawqsusuge,bluesky,post,2026-08-26 16:37:02,"Le format passeport s’impose : Xiaomi s’y met après Huawei, Samsung et Apple",0,Search: Samsung Z Fold,
bafyreicjkpkwhbw6ndb34tfwqtqzkooqjb7wxlt7rlnupz4srczir4vmle,bluesky,post,2026-08-26 15:42:24,"📰 We tested the latest Android phones on the market, from the Samsung Galaxy Z Fold 8 to the Google Pixel 11 series, and here's how they stack up.

🔗 https://www.zdnet.com/article/best-android-phone/

#Tech #Innovation",0,Search: Samsung Z Fold,
bafyreihm4qncusehhboulbjkkkmrqqciagpssbg6bjikz6yhttoq22chmq,bluesky,post,2026-08-26 15:36:52,"Xiaomi 18 Fold Kanlı Canlı Görüntülendi! İşte Tasarımı

En çok satan telefon üreticilerinden biri olan Xiaomi de katlanabilir modeller konusunda iddialı bir firmaydı. Bu yüzden de şirketin Xiaomi 18 Fold isimli yeni modeli büyük heyecanla bekleniyordu. Telefonun, tıpkı geçen ay tanıtılan Samsung…",0,Search: Samsung Z Fold,
bafyreigfcyogfto57l2uryn65koavjrb5ykbxktisbblkqp7c6uasnnf6y,bluesky,post,2026-08-26 15:29:19,"Motorola's first book-style foldable brings flagship specs, faster charging, and a fresh challenge to Samsung's long-running Galaxy Z Fold lineup.",0,Search: Samsung Z Fold,
bafyreidanr2i3c6lagivaehwkrvrnvp4qxtxrhvj24bf2ctdds6ml42riy,bluesky,post,2026-08-26 15:27:49,"Celular da Xiaomi feito para desafiar Samsung vaza em imagens reais
https://canaltech.com.br/smartphone/celular-da-xiaomi-feito-para-desafiar-samsung-vaza-em-imagens-reais/?utm_source=flipboard&utm_medium=activitypub 

Posted into Tecnologia @tecnologia-FlipboardBR",0,Search: Samsung Z Fold,
bafyreieodz3tkcrze342n7oe42567yup4ihigi44nyr7zpdukl7covq7nu,bluesky,post,2026-08-26 15:03:25,Ich habe fette BlackBerry Bold Vibes gerade. Das neue Z Fold8 ist eingetrudelt und ich habe mich direkt in den Formfaktor verknallt.,23,Search: Samsung Z Fold,
bafyreie3sbrx322p6snp6ifrvttjbupgzmbn7cdjm5v2ang57jxyd63xki,bluesky,post,2026-08-26 14:47:30,"New Galaxy Z Fold 7, Z Flip 7 updates make the phones more secure www.sammobile.com/news/new-gal...",1,Search: Samsung Z Fold,
bafyreih5p6p6x4ezihz5thbfcoqfeehbivml77vtrahwheizx7cpw5nmwm,bluesky,post,2026-08-26 14:20:45,Update! Galaxy Z Fold8 https://kimagurenote.net/kn/Galaxy_Z_Fold8 - 本機SIMフリー版にpovo2.0の5G SA対応eSIMを入れたところ、モバイルネットワークが機能不全に陥った（povoだけでなく他のキャリアもダウンした）。本機はau版が5G SAに対応しているのにSIMフリー版でこの体たらくは残念,0,Search: Samsung Z Fold,
bafyreigxn2xt7633iqyc47a5sjb5uquqbmidrmfgtcjxhugwzu4clh7t4y,bluesky,post,2026-08-26 12:50:08,"A Special Luxury Edition of the Galaxy Z Fold 8 Is Coming — Here's What We Know
www.androidheadlines.com/2026/08/a-sp... #GalaxyZFold8 #Samsung #Android",1,Search: Samsung Z Fold,
bafyreierwwred2oocaoee6x2ix2f6czapyoa6kft6ydeivxqzwuqpgifka,bluesky,post,2026-08-26 11:24:27,"We hebben weer een super aanbieding voor je gevonden. Schaf je nu de nieuwe Samsung Galaxy Z Flip 8, Z Fold 8 of  Z Fold 8 Ultra aan bij KPN,…",0,Search: Samsung Z Fold,
bafyreieb5xvfiao6zz6vb2ff7jg4wyev2lkcekt53jx7gn5ourkzfxdida,bluesky,post,2026-08-26 07:57:31,Xiaomi desafía a Samsung con su nuevo móvil: primer vistazo al Xiaomi 18 Fold 👇,0,Search: Samsung Z Fold,
bafyreidkrpiji3hcvaabycxn3wfnuppkixeyyhvtfiu5ibfpsxti4jch4i,bluesky,post,2026-08-26 03:25:01,"Got a new phone and maaaaaaan the app/data transfer process has gotten so much better on Samsung phones.

Z Fold 8 Ultra btw. Best Buy gave $950 for my S24 Ultra which was basically what I paid for it two years ago 🤔🤔🤔",18,Search: Samsung Z Fold,
bafyreihdtpqlmay6tzdohaycy2ovwdqunac4vggl45trj4wq4dec5kak5q,bluesky,post,2026-08-26 01:46:20,"I’m getting obsessed with the Samsung Galaxy Z Fold 8...
the aspect ratio and the compact form factor are just peak
I’m just waiting to see the iPhone ultra price",1,Search: Samsung Z Fold,
bafyreibudnfwveilpf6flaxrwbb5fjfegu6nuzz7s3oa72ntxzcb7qdhoy,bluesky,post,2026-08-26 01:29:26,www.businessinsider.com/guides/tech/...,0,Search: Samsung Z Fold,
bafyreidzixrn4cncqaql2x42prvahsegnhg6bb7eybugtfu4sjrry2rvye,bluesky,post,2026-08-25 14:35:39,Samsung Clones Apple?,0,Search: Samsung Z Fold,
bafyreido7tnx32v6nzh6bnteuppmfkqr6vfbt6m3pzpl2euga2gpw42vpi,bluesky,post,2026-08-25 13:54:06,Samsung Galaxy Z Fold 8 Review - Widebody! youtu.be/ENx0UAzPL2k?...,0,Search: Samsung Z Fold,
bafyreiexfmyif3xjo27oc3iltcuvh7wodff26uknycrcfetwspinq3tddm,bluesky,post,2026-08-25 13:43:52,"• 25% OFF acima de R$ 29 (limite de R$ 500)
🎟️ Cupom: MAISCUPONS
🛒 Válidos: meli.la/1zmNUhB

• 25% OFF acima de R$ 29 (limite de R$ 500)
🎟️ Cupom: MELHORNOML
🛒 Válidos: meli.la/2f9rx1m

• 18% OFF acima de R$ 29 (limite de R$ 500)
🎟️ Cupom: MAISOFERTAS
🛒 Válidos: meli.la/2b1qiWL",0,Search: Samsung Z Fold,
bafyreiaqwyecrx5q3uhb6rk4x7vnppatob7a6he6rbip2apofvxmtulskq,bluesky,post,2026-08-25 12:13:45,Samsung might offer a luxury branded Galaxy Z Fold 8 edition soon www.sammobile.com/news/samsung...,0,Search: Samsung Z Fold,
bafyreiakebbrrgbug3pdrjh5jpjhiirc77ib2ujgpishq42pclfp5rthc4,bluesky,post,2026-08-25 11:06:58,"🔥 SMARTPHONE SAMSUNG GALAXY Z FOLD 8 ULTRA F976B 1 To VIOLET 16 Go EU NEUF
eBay · 1799.99 €
#BonPlan #HighTech #Promo",0,Search: Samsung Z Fold,
bafyreidtmmt5pgov2pvggjdyi6nrn5ghoioafyjpkyey5bsxee62xkrv64,bluesky,post,2026-08-25 11:01:37,"🔥 SMARTPHONE SAMSUNG GALAXY Z FOLD 8 ULTRA F976B 1TOB 16 Go RAM GRAPHITE NEUF
eBay · 1799.99 €
#BonPlan #HighTech #Promo",0,Search: Samsung Z Fold,
bafyreifervi5s4dzbywifw3y4tien6zug6eq2iyep6b2crdxqizsp53d6a,bluesky,post,2026-08-25 10:39:49,"🔥 SMARTPHONE SAMSUNG GALAXY Z FOLD 8 ULTRA F976B 1TOB 16 Go RAM GRAPHITE NEUF
eBay · 1799.99 €
#BonPlan #HighTech #Promo",0,Search: Samsung Z Fold,
bafyreiacgn2q4e2bgsqiaovax74swoxgirfweq5pj5y2ygcyv4x2n3boj4,bluesky,post,2026-08-25 10:18:09,"🔥 SMARTPHONE SAMSUNG GALAXY Z FOLD 8 ULTRA F976B 1TOB 16 Go CRÈME EU NEUF
eBay · 1799.99 €
#BonPlan #HighTech #Promo",0,Search: Samsung Z Fold,
bafyreid7ju5cmzlzz7kbuqdes5whdmg55inc6hhvrjshyu5x6mrohygesq,bluesky,post,2026-08-25 09:36:36,"The Galaxy Z Fold 8 has a camera problem, and it has nothing to do with photo quality",1,Search: Samsung Z Fold,
bafyreig4ktthytqzo3snxaygtnit4lkh63rxwwwxh3ms6xgezdi3ay3bie,bluesky,post,2026-08-25 05:11:31,"🔥 Spigen Air Skin Aramid MagFit Coque pour Samsung Galaxy Z Fold 8 - Noir
50.99 €
#BonPlan #HighTech #Promo",0,Search: Samsung Z Fold,
bafyreig2czyleki72daukrqqdxqvsqbe3apvegnv4g66bxazylmrtyyipq,bluesky,post,2026-08-24 23:28:27,"Galaxy S27: vazamento revela as 5 cores da nova linha da Samsung

Vazamento revela as cinco cores da linha Galaxy S27: preto, branco, azul, roxo e rosa. Azul será mais claro, roxo similar ao Z Fold 8 Ultra e rosa inspirado no Pixel.",0,Search: Samsung Z Fold,
bafyreiax6cflc7gnard566cw2pnuvdzal5l7estp6ilsmlrul6pix4vsqa,bluesky,post,2026-08-24 22:18:01,"Commentary: The Galaxy Z Fold 8 series and Pixel 11 Pro Fold take different approaches to shape-shifting, both of which Apple can learn from.",1,Search: Samsung Z Fold,
bafyreic3ephsoscwqbedmxrlpmydr76657dq7mjmfqb2myf4k3chzdls44,bluesky,post,2026-08-24 16:04:37,electro-pedia.blogspot.com/2026/08/sams...,0,Search: Samsung Z Fold,
bafyreida4ltxgipopsrun2z5en6i3zrx4j5rlabahpzd7lhxypqmkyquyu,bluesky,post,2026-08-24 15:35:47,feeling like the coolest person in the room using my samsung galaxy z fold 8 in lavender,12,Search: Samsung Z Fold,
bafyreif7mbecuo4ieoi4njxa24vxmijnew4rbcwfp2lam7gtr7pzujimfq,bluesky,post,2026-08-24 17:34:25,"Galaxy Z Fold 8 Special Edition could be in the works with iconic fashion brand returning https://www.notebookcheck.net/1377248.html #galaxyzfold8specialedition, #galaxyzfold8thombrowne, #samsungcollab",1,Search: Samsung Z Fold,
bafyreiciya3taz2bar3flebucxmv4vlywmxvawyetwp3ucq3fzfwgx2cea,bluesky,post,2026-08-24 13:29:22,"🔥 Samsung Galaxy Z Fold 8 Ultra - 512 Go - Graphite - Neuf sous scellé
eBay · 1850.00 €
#BonPlan #HighTech #Promo",0,Search: Samsung Z Fold,
bafyreibhyusuzvnszbrrp6qsey2evbdms72kczi47qt64rzeeoga7izkra,bluesky,post,2026-08-24 10:30:02,Ends 10-19-2026 Enter to Win a Samsung Galaxy Z Fold 8 & Galaxy Z Fold 8 Ultra swee.ps/fHctWH_eanBjKx,0,Search: Samsung Z Fold,
bafyreifqg6vlmgwtlzyrzowh3lttrsrqcbrpkrnbme2e5detc65tqucc7i,bluesky,post,2026-08-24 09:32:30,Galaxy Z Fold 8 rival with a wide design to debut in China next month www.sammobile.com/news/galaxy-...,0,Search: Samsung Z Fold,
bafyreicl4m3iudm2offozgjgg5sedg3rdvqngi3r3av2qyqu6ixcy5side,bluesky,post,2026-08-24 09:03:18,"On a utilisé le Samsung Galaxy Z Fold 8 Ultra pendant un mois : pourquoi on vous recommande d’acheter le Z Fold 7
👉 https://l.frandroid.com/evR",0,Search: Samsung Z Fold,
bafyreicnhee4qe6mhfwa4ujdtmyl44i7aqeroizp6pg3etxoqs5jjwhyqm,bluesky,post,2026-08-24 08:25:30,"Novos Galaxy Z têm pré-venda no Brasil 21% maior que em 2025
https://www.tecmundo.com.br/produto/415476-pre-venda-dos-novos-galaxy-z-no-brasil-foi-21-maior-que-a-geracao-anterior.htm?utm_source=flipboard&utm_medium=activitypub 

Posted into Tecnologia @tecnologia-FlipboardBR",0,Search: Samsung Z Fold,
bafyreidhdpbbloyqxgitgo6asg4auegrkbrxaxe6jhrw5neotmcxnttliy,bluesky,post,2026-08-24 05:00:11,415476 Pre Venda Dos Novos Galaxy Z No Brasil Foi 21 Maior Que A Geracao Anterior,0,Search: Samsung Z Fold,
bafyreigdwioqqbxnttfkyqgqs25hjroa67dko7io6vnsgwqhum2v6fexuq,bluesky,post,2026-08-24 03:13:25,"Pixel 11 Pro Fold vs Samsung Galaxy Z Fold 8 camera comparisons are coming this week.
Is your money on Google or Samsung?",0,Search: Samsung Z Fold,
bafyreiavzzgudhy63qfpcqkdmcbs7vhefejt6f67675akbw7n7jsbmbhdi,bluesky,post,2026-08-24 00:41:47,"Protect your Samsung Galaxy Z Fold 8 with these top cases, featuring slim designs, hinge protection, strong magnets, rugged builds, and more.",0,Search: Samsung Z Fold,
bafyreigk7opnaw2ajqgk33cr5uqk6azz5gv6i44lexmvef65n4czqpgdam,bluesky,post,2026-08-23 21:17:16,"🔥 Samsung Galaxy Z Fold 8 256GB Lila [Schwarz +60€]
Samsung · 1 400.95 €
#BonPlan #HighTech #Promo",0,Search: Samsung Z Fold,
bafyreiakc5k6blocfkz7l5a5gxgkzgkqshamxx6u6ddb4e7h3bg5fudtme,bluesky,post,2026-08-23 18:11:00,Every way the Galaxy Z Fold 8 feels first-gen www.sammobile.com/opinion/ever...,0,Search: Samsung Z Fold,
bafyreih3m76egsravo2bsn6q2y6sesysaebtqjxndtwbd5uon2gtujp55i,bluesky,post,2026-08-23 14:40:34,"Tout fraîchement sorti des usines de Samsung, le Z Fold 8 de Samsung est déjà passé sur les paillasses de chez iFixit pour évaluer sa réparabilité.
➡️ https://l.lesnumeriques.com/zPR",0,Search: Samsung Z Fold,
bafyreibcd7gpetituqxlnteemffq5ulynwwtmvwyh6vgjekfaycj5dedvm,bluesky,post,2026-08-23 12:38:00,Samsung usa Homem-Aranha para acelerar avanço de Fold e Flip 8,0,Search: Samsung Z Fold,
bafyreiad5balozlkgvke655fvtzm5p6yd4et64n24tfg72uedzbebsguwy,bluesky,post,2026-08-23 10:30:10,"Samsung Galaxy Z Fold 8 or Galaxy Z Fold 7—which one should you buy?

We compare both phones to help you decide whether the newer model is worth the extra money.

itmatterss.in/latest-post/...

#Samsung #GalaxyZFold8 #GalaxyZFold7 #FoldablePhones #TechNews",0,Search: Samsung Z Fold,
bafyreif4hjk4e4ortirsiz4lc5bfv7dohmfdvduwhtdanyvfax66vkva5e,bluesky,post,2026-08-23 07:09:03,"Huawei heeft een nieuwe smartphone onthuld die breder én korter is dan de meeste smartphones. De telefoon doet denken aan bijvoorbeeld de Samsung Galaxy Z Fold 8, maar dan zonder vouwbaar scherm.",0,Search: Samsung Z Fold,
bafyreibidsot7qog7z56xkl6k5sc6ik37r5ihcbp7kmpiutztiggenxqfm,bluesky,post,2026-08-22 23:34:43,"Samsung reinvented the Fold just in time to cast a shadow on the imminent iPhone Ultra release, but its Flip counterpart got an upgrade too - even if it...",1,Search: Samsung Z Fold,
bafyreidi6mgu4zbsybam6mboqlpvhs2pt5pnihshpfhhrr2evv5xefvklu,bluesky,post,2026-08-22 22:20:35,"Protect your Samsung Galaxy Z Fold 8 with these top cases, featuring slim designs, hinge protection, strong magnets, rugged builds, and more.",0,Search: Samsung Z Fold,
bafyreievkf7p43dw2mj6bha77fyislb4jcsci4our47irsfen5pscpuhjy,bluesky,post,2026-08-22 20:39:33,"SlashGear より

5 Of The Best Samsung Galaxy Z Fold 8 Cases You Can Buy
ベストサムスンギャラクシーZフォード8ケースの5 あなたが購入することができます",0,Search: Samsung Z Fold,
bafyreica35nyhc3ocbvz3y5sfb6c5sh6lmqlgsu3e2rxnkchlomlm2cv5q,bluesky,post,2026-08-22 16:15:11,"Pixel 11 Pro Fold's durability test shows Google made the same mistake four times in a row
Article",0,Search: Samsung Z Fold,
bafyreid2bkay5bny6tgw5qun5a6hy644t2kadojova7j56sirpdrhc3ylu,bluesky,post,2026-08-22 10:54:08,"Huawei tente d’imposer un nouveau standard avec un smartphone extra-large, dont le format rappelle celui du Samsung Galaxy Z Fold 8. Il est facile d’imaginer que la concurrence ne tardera pas à suivre avec des modèles similaires.",0,Search: Samsung Z Fold,
bafyreiau3lwejxypxfcbn4o5fnyuu25mw3434kcsho6dibgzu7ekh4taa4,bluesky,post,2026-08-22 05:35:38,"Android Central より

I used the Samsung Galaxy Z Fold 8 Ultra, and it does just enough to be called an upgrade
私はSamsung Galaxy Z Fold 8 Ultraを使用し、アップグレードと呼ばれるだけで十分です",0,Search: Samsung Z Fold,
bafyreicdu4i7yrxg45aw6df6skgysds7vb4g7fwp6s5hu4omju7y5vcpvq,bluesky,post,2026-08-22 05:24:49,Update! Galaxy Z Fold8 https://kimagurenote.net/kn/Galaxy_Z_Fold8 - SIMフリー版が au Starlink Direct IOT（接続性試験）を通過した。ただしSIMフリー版が対応しているのはauのみで、ドコモやソフトバンクの「Starlink Direct」は使えない(;_;),0,Search: Samsung Z Fold,
bafyreibxy7yf4uqdogzox5bdsnnm5btxknz4a5txswkdlvejb6fixbjlqa,bluesky,post,2026-08-21 23:27:18,"I've never owned a Samsung Android phone before and just got a Z fold 8 (coming from an iPhone)

How do I de-Samsungify this?",3,Search: Samsung Z Fold,
bafyreiftkie32rxaa7z6ccwg6aw4nazspv4wrqkhegvm67fqwptvbtahqe,bluesky,post,2026-08-21 21:35:21,"9to5Google より

Samsung is reportedly building an even wider Galaxy Z Fold 9 for video viewing
サムスンは、ビデオ視聴のためのさらに広いギャラクシーZフォールド9を構築していると報告されています",0,Search: Samsung Z Fold,
bafyreicl5uaffvh44hnwdqxjwozynfqmaqmzghz3rgvpow32reqdhs7vzm,bluesky,post,2026-08-21 20:47:57,Samsung Galaxy Z Flip8 review - https://www.gsmarena.com/samsung_galaxy_z_flip8-review-2989.php,0,Search: Samsung Z Fold,
bafyreib7oajt3kqmu22ctjmkahm3ymxfls27vjzzxf647nw5akrbuvyjzu,bluesky,post,2026-08-21 17:34:15,I bought the Galaxy Z Fold 8 Ultra because Samsung fixed the one thing I needed it to www.sammobile.com/news/i-bough...,0,Search: Samsung Z Fold,
bafyreic63z7jj3rcyjpdjtczhgwo7sdmxhjmmz46xlgqlnzja7of4oi7ty,bluesky,post,2026-08-21 13:37:51,"🔥 Samsung Galaxy Z Fold 8 Ultra - Noir - 512Go/12Go RAM - Neuf et Scellé
eBay · 2199.00 €
#BonPlan #HighTech #Promo",0,Search: Samsung Z Fold,
bafyreifhrowrmukkaqsyr5ocjnk4h44smzrivfva6ceqpf3hfkcackgv6m,bluesky,post,2026-08-21 13:18:09,"L’excellente alternative au Galaxy Z Fold perd 600 € : le Honor Magic V6 brade son prix avec un tas de cadeaux

📡 Frandroid - Global

#rss-optimus #actualite #technologie #frandroid",0,Search: Samsung Z Fold,
bafyreibrym4naononmhbn6q5birnzvyszgzno3t2rijnrs63qavjws5dae,bluesky,post,2026-08-21 11:52:27,"Vivo X Fold 6 vs Samsung Galaxy Z Fold 8 Ultra — which foldable wins?  

Which one gets your vote?

#vivoXFold6 #samsungfold8ultra #foldablebattle #vivovssamsung #FoldablePhones #SmartphoneComparison",0,Search: Samsung Z Fold,
bafyreihkezrglvpqihv7ilhxw66aiehx5rxbbqh6vfddoomyzyxlnfmeum,bluesky,post,2026-08-21 06:51:59,"Neben dem breiten Galaxy Z Fold 9 soll Samsung 2027 ein zweites, noch breiteres Foldable planen, das stärker auf 16:9-Videos ausgelegt ist.",2,Search: Samsung Z Fold,
bafyreics2oq7gss5zy4rmurltrems55vqhbrs76c753ai2ecntqq2t7zbu,bluesky,post,2026-08-21 06:17:36,"Retail stores in HK already have many new phones on display. Some standouts:

Samsung Galaxy Z Fold 8 does feel like a very practical form factor. It looks strange at first but it feels really natural in the hand

Oppo Find N6's crease really looks completely invisible. My finger tip barely feels it",2,Search: Samsung Z Fold,
bafyreifktx6o4wzxn4pkhoxj3mof4vz3nzozvrexmcif6yc6t7c4pkxaoq,bluesky,post,2026-08-21 05:20:09,Die neuen Foldables sind erst seit wenigen Wochen auf dem Markt – trotzdem ist der Preis teilweise um mehrere hundert Euro gefallen.,1,Search: Samsung Z Fold,
bafyreigupaztfmegkibnrtdrd2zfatcnfuxke6xb6lrqqwjysmo3mdlu2y,bluesky,post,2026-08-21 03:08:33,"9to5Google より

Samsung is reportedly building an even wider Galaxy Z Fold 9 for video viewing
サムスンは、ビデオ視聴のためのさらに広いギャラクシーZフォールド9を構築していると報告されています",0,Search: Samsung Z Fold,
bafyreidext7ighmhqnvlfw7bku4pjirkxtqmjfth4som652xo5tp4zotli,bluesky,post,2026-08-21 01:11:19,That galaxy fold z 8 phone looks really good. That’s one of the best looking Samsung devices I’ve ever seen. I think that’s more telling that whatever Apple is introducing this year is probably going to be good,3,Search: Samsung Z Fold,
bafyreifutqyj2esryayear5mvnrl6cdq6ftf3xo73u43e2neopg5cvwj34,bluesky,post,2026-08-21 00:59:50,Samsung can lmc but the passport form factor for the regular Z fold... I want it 😭😭,1,Search: Samsung Z Fold,
bafyreibplo5elsitqqkgepyc3xoepvlz2c42pfpxdhgcu3ei672mrzaxei,bluesky,post,2026-08-20 22:50:08,"🔥 Coque Spigen Air Skin Aramid MagFit compatible Samsung Galaxy Z Fold 8 - Noir (vendeur tiers)
50.99 €
#BonPlan #HighTech #Promo",0,Search: Samsung Z Fold,
bafyreidvieo2dne4jccxdsffnxswa3z7wwesdf2yaqtaucwkye6htkaxwy,bluesky,post,2026-08-20 21:51:09,The K-pop band is coming to Toronto on Aug. 22 and 23.,0,Search: Samsung Z Fold,
bafyreifpxngz5fg4zjbfnz42ehnneddzpxgs5fuwgoz3wwtu5biotgdkpi,bluesky,post,2026-08-20 21:25:50,"[Clube Samsung] Pré-venda do Smartphone Galaxy Z Fold 8 5G (512GB)

👉 jogobara.to/bsfUo
🎟 Cupom: LIVESHOP
• R$ 9.647,28 à vista
• R$ 10.719,20 em até 18x
• Frete Grátis",0,Search: Samsung Z Fold,
bafyreihsmd4juwgxvyvjq74hjd2c6dijfu2oiy2swkqe5px34cq5pdiiv4,bluesky,post,2026-08-20 19:41:17,"Huawei Pura X View: novo celular tem tela larga e compacta ao mesmo tempo
https://www.tecmundo.com.br/produto/415442-huawei-pura-x-view-e-lancado-com-tela-larga-e-pequena-para-celulares.htm?utm_source=flipboard&utm_medium=activitypub 

Posted into Tecnologia @tecnologia-FlipboardBR",0,Search: Samsung Z Fold,
bafyreigem6lz27nbgt7xhw7hfhob4blnp7vcks7zndvxj3gplnroqiihqu,bluesky,post,2026-08-20 19:20:10,Just got my Samsung Z Fold 8!! It is so cute!!!,1,Search: Samsung Z Fold,
bafyreigbwafwwqoivdvuaq2evat5wrs43pkct7azhfumz5ttq2ovnbc3lq,bluesky,post,2026-08-20 18:41:45,"Your Galaxy Z Fold 8 may have a little hinge play, and that can be normal www.sammobile.com/news/samsung...",0,Search: Samsung Z Fold,
bafyreigfdwff52i5ftfmgvjtuiyj23izbrgbzilv4oo3doh56m45krym6y,bluesky,post,2026-08-20 17:01:38,The Google Pixel 11 Pro Fold is the best folding Pixel yet — but it doesn't beat Samsung's best www.techradar.com/phones/googl...,0,Search: Samsung Z Fold,
bafyreifzbgryfvf4jw3kkaenjnlp5vzyp7tvxzditwem5r46pg5t7avu5y,bluesky,post,2026-08-20 16:24:52,"📽️ Nouvelle Vidéo Tech 📽️

📱 « Samsung Galaxy Z Fold 8 : mon avis sur le nouveau pliable 📱🔥 »
▶️ youtu.be/mzhaa0H8Lnc",1,Search: Samsung Z Fold,
bafyreid2pr4ougpoycnw22jtqo3z2erg5swf5tgqstfowtt553gtj46uli,bluesky,post,2026-08-20 14:12:23,"🔥 [Membres club/club+/infinity] Smartphone 7,6"" Samsung Galaxy Z Fold 8 5G 256 Go Graphite
1 399 €
#BonPlan #HighTech #Promo",0,Search: Samsung Z Fold,
bafyreihbtiplryv6ct3opju2latomsbst3sgbz6btludrk37l3lk3hbisy,bluesky,post,2026-08-20 14:09:20,"My Two Biggest Galaxy Z Fold 8 Annoyances After Weeks of Daily Use
www.androidheadlines.com/2026/08/my-t... #GalaxyZFold8 #Samsung #Android",2,Search: Samsung Z Fold,
bafyreieocmorl324es6tcpwkosvrz4br4trg6f7u6yl7z2m77ltx3oat7m,bluesky,post,2026-08-20 13:55:27,"⚔️ iPhone 18 Ultra vs. Samsung Galaxy Z Fold 6: A Batalha dos Dobráveis Premium

Análise comparativa entre o recém-anunciado iPhone 18 Ultra (com problemas de supply chain) e o Samsung Galaxy Z Fold 6. Veremos se a exclusividade da Apple compensa o preço absurdo ou se...

#smartphone #tecnologia",0,Search: Samsung Z Fold,
bafyreieyr4vptkjnbcappodwlk5vpqay4um3udxbymmw7mv2jhqkp2phyu,bluesky,post,2026-08-20 13:37:08,These Samsung devices are still to come in 2026,0,Search: Samsung Z Fold,
bafyreieu6fqazwahvmmdp2okrbr7bc34kxfezczdxf5khl2k65nkqdaj4y,bluesky,post,2026-08-20 11:00:05,Samsung Galaxy Z Fold 8 Review: Nailing the foldable form factor—then pricing it out of reach,0,Search: Samsung Z Fold,
bafyreibxmc4tu22j35qqzj62sr2rpss2rq7lpk6ckrdbxuh5wiehqpedje,bluesky,post,2026-08-20 10:21:07,"9to5Google より

Samsung is reportedly building an even wider Galaxy Z Fold 9 for video viewing
サムスンは、ビデオ視聴のためのさらに広いギャラクシーZフォールド9を構築していると報告されています",0,Search: Samsung Z Fold,
bafyreidhkylhakrwgqmpokaxr753i3xo4qqoikazm6sjjrbs4vhfhtasu4,bluesky,post,2026-08-20 09:38:46,"Samsung Galaxy Z Fold 8 vs Samsung Galaxy Z Fold 8 Ultra: Which one should you buy?
Here’s our comparison to help you decide.

itmatterss.in/latest-post/...

#Samsung #GalaxyZFold8 #GalaxyZFold8Ultra #Foldables",0,Search: Samsung Z Fold,
bafyreiaopqkxdr4jevk2ex3tgrtlfascgedxobs4gqklts6o2cbusmhcie,bluesky,post,2026-08-20 06:28:36,"If you'd like to upgrade to a foldable (or your existing foldable)... we're giving away a Samsung Galaxy Z Fold 8 / Fold 8 Ultra!  Entering is completely free 👇
androidheadlines.com/samsung-gala... #GalaxyZFold8",1,Search: Samsung Z Fold,
bafyreifsfexvgedaje4gggg3bgjy3ncffr7ygvq2yr4skduz2pzwwst2im,bluesky,post,2026-08-20 03:49:37,"Pixel 11 Pro Fold feels like the end of an era
->The Verge | More on ""Google's foldable phone design stagnation"" at BigEarthData.ai",0,Search: Samsung Z Fold,
bafyreififd6ajr3fofbdsuso7u5p5uv3pz6z754yaeb3wjxoqznvuyki3e,bluesky,post,2026-08-20 03:03:41,"Gen Z Korsel Lirik Galaxy Z Fold 8, Banyak User iPhone Pindah Haluan - https://kumparan.com/kumparantech/gen-z-korsel-lirik-galaxy-z-fold-8-banyak-user-iphone-pindah-haluan-280ed7gE6s7",0,Search: Samsung Z Fold,
bafyreigdgpd5pkogpn4aavwgmx5x2dhvqxbqv4iajfp4qidu75ibhbjds4,bluesky,post,2026-08-20 02:43:37,"Gen Z Korsel Lirik Galaxy Z Fold 8, Banyak User iPhone Pindah Haluan - https://kumparan.com/kumparantech/gen-z-korsel-lirik-galaxy-z-fold-8-banyak-user-iphone-pindah-haluan-280ed7gE6s7",0,Search: Samsung Z Fold,
bafyreic4q7jdwo4ebz6xlhp6lpocvkcnwqsgezlmb24ij3ic37wh3h45u4,bluesky,post,2026-08-20 02:38:42,"Gen Z Korsel Lirik Galaxy Z Fold 8, Banyak User iPhone Pindah Haluan - https://kumparan.com/kumparantech/gen-z-korsel-lirik-galaxy-z-fold-8-banyak-user-iphone-pindah-haluan-280ed7gE6s7",0,Search: Samsung Z Fold,
bafyreiav53e5fpn3yzrgqioavb2vbjzfyyloa7djx2jwimt3427ujtzzde,bluesky,post,2026-08-20 01:23:32,"Gen Z Korsel Lirik Galaxy Z Fold 8, Banyak User iPhone Pindah Haluan - https://kumparan.com/kumparantech/gen-z-korsel-lirik-galaxy-z-fold-8-banyak-user-iphone-pindah-haluan-280ed7gE6s7",0,Search: Samsung Z Fold,
bafyreiasg5uytqlef6tkru7membvoc2zd24frshvkl3rr5f4ckxvr3fxjq,bluesky,post,2026-08-19 23:38:02,"Samsung was right about tall foldables and Apple is joining

For the 20th anniversary of iPhone, Apple will apparently adopt a similar dual fold strategy to Samsung's Galaxy Z Fold8 series 

A Wide foldable and a Tall foldable

From: @ MajinBuofficia on X",1,Search: Samsung Z Fold,
bafyreibcixwiosn7lditymrgbxvrrrlabm5dbem76yx2h2n4nxxpq326si,bluesky,post,2026-08-19 21:02:09,"The Galaxy Z Fold7 was a new beginning for Samsung foldables, with upgrades across the board. But is it still worth buying in 2026, or should you pick up its successor, the Galaxy Z Fold8 Ultra?

Check out my review to see if it's still worth buying in 2026!📱

youtu.be/abnjLjBqQsA?...",0,Search: Samsung Z Fold,
bafyreielar6urtzzod5ifkuk6cuanbsxhgxireogwx27cgdphfl4tnop5u,bluesky,post,2026-08-19 20:10:06,"Going from the Z Fold 7 to the Pixel.   The Samsung HW is so good but the software is a yikes from me. 

The software experience 10% ""wow, why doesn't Pixel do this,"" 80% Android business as usual, and 10% ""oh god I want the Pixel back.""",2,Search: Samsung Z Fold,
bafyreigevpgidh27pj3n2ykveh3jgfbal5hhjqrqalji3jrxbhcgpqc22q,bluesky,post,2026-08-19 19:16:08,"Decisions, decisions
www.theverge.com/tech/981537/...",14,Search: Samsung Z Fold,
bafyreih4ti3a7v72zno3oczbzjoa4d7buxsj7egi5pin3zsyrbbadzavt4,bluesky,post,2026-08-19 19:01:49,"Samsung is reportedly building a second wide format Galaxy Z Fold 9 for 2027, which would bring its foldable lineup to five devices. After TSMC, Samsung is also hiking foundry prices up to 15 percent on the AI chip demand spike. #Samsung #GalaxyZFold #Foldables",0,Search: Samsung Z Fold,
bafyreigyg7hmthjmzqgv2enkeuzj6ceweir53c6uv4ttulmuqgjahxiyou,bluesky,post,2026-08-19 18:47:16,"Samsung is reportedly developing a second wide format Galaxy Z Fold 9 for 2027 with a 10.9 inch inner screen, potentially expanding its foldable lineup to five devices. The Fold 8 was such a hit that the company cannot stop iterating. Foldables are becoming the next phone category.",0,Search: Samsung Z Fold,
bafyreie6daw5ef7kpol7j36mwphs7xd2crhiogwvpgcd2oyd2dvllxppdu,bluesky,post,2026-08-19 18:21:22,"Putting the dbrand Grip case on the Pistachio Galaxy Z Fold 8.
Real-world first impressions from an everyday buyer's POV—covering in-hand feel, texture, and everyday pocketability.
Watch the full first look: youtu.be/l3eFT-_dtZM?...

#Tech #Samsung #GalaxyZFold8 #dbrand #Android",0,Search: Samsung Z Fold,
bafyreidbkc5fkcgktnuxclhttr3ni335jwbzsbd32pyn5w3afqg6fgwq6y,bluesky,post,2026-08-19 18:03:45,"Samsung Galaxy Z Fold 8 review: Big phone, small phone — why not both?: Samsung's Galaxy Z Fold 8 marks a significant design shift for the company's foldable lineup, featuring a shorter and wider form factor than previous models. The device measures 4.8 x 3.2 x 0.38 … https://ranked.news/1265719?u=b",2,Search: Samsung Z Fold,
bafyreihhgox33wqc3mg24t5nfvox7lnkhu7i5iuuntzt3f5stzzaahrsx4,bluesky,post,2026-08-19 17:19:19,"🔥 [via Floa] Smartphone Samsung Galaxy Z Fold 8 - 256 Go + Coque
1399 €
#BonPlan #HighTech #Promo",0,Search: Samsung Z Fold,
bafyreiaiofboerj3ghsdh5wwsk6wkrbuyxlcdlzrdis4vcnz2axmvh4gem,bluesky,post,2026-08-19 17:17:46,Apple iPhone Ultra vs Samsung Galaxy Z Fold 8: 5 Anticipated Distinctions #gadget,0,Search: Samsung Z Fold,
bafyreiasfto7zlkmhtcfy3p64i23j3636w2wsuyfr73qxwcpcxe5hwrx24,bluesky,post,2026-08-19 17:13:27,"9to5Google より

Samsung is reportedly building an even wider Galaxy Z Fold 9 for video viewing
サムスンは、ビデオ視聴のためのさらに広いギャラクシーZフォールド9を構築していると報告されています",0,Search: Samsung Z Fold,
bafyreihvcy5tmf6kdsiyvhxqrb7uralznf7v5sojyr3olyrbbymfbsziga,bluesky,post,2026-08-19 16:44:58,google thinks it can just phone in another foldable design but its Galaxy Z Fold 7 rival is blowing it out of the water {kcurry.bsky.social/post/12456789} https://www.theverge.com/tech/981956/google-pixel-11-pro-fold-review,0,Search: Samsung Z Fold,
bafyreiak2keesuhhyxjyw5attjqsmwajckrdpnmmsbu3bh44dsddwgsppi,bluesky,post,2026-08-19 16:19:30,"With an eye-catching design and the same performance as its more expensive sibling, the Galaxy Z Fold 8 might be the foldable phone to beat in 2026.",0,Search: Samsung Z Fold,
bafyreif3atiwnvqws7cx27yyuecxwthk7k32yotxh336ovatsbs72ydgri,bluesky,post,2026-08-19 16:19:04,"Google is finally catching up to Samsung's foldables. The Pixel 11 Pro Fold even surpasses the Samsung Galaxy Z Fold 8 Ultra in one key area.

Read our full review to find out if the new Google foldable is worth it or not.",0,Search: Samsung Z Fold,
bafyreiegj6xvkclqjg5fnng74pdsctphfwwp3lnkoma2rd7bjkwkz7x2ii,bluesky,post,2026-08-19 16:10:15,"The Galaxy Z Fold 8 was such a hit that Samsung is reportedly developing two wide format foldables for 2027, expanding the lineup to five devices. Foldables went from niche experiment to Samsung's growth engine in just a few generations.",0,Search: Samsung Z Fold,
bafyreiho2lndikemfzd5xzodqca5zvodvtgirbw2g5nwbc7mj4vlg6vknu,bluesky,post,2026-08-19 16:02:13,"📰 **Google’s Pixel 11 Pro Fold feels like the end of an era**

The foldable phone market is in the middle of a huge transformation, but no one told Google. Last year, Samsung transformed its Galaxy Z Fold 7 with a dramatically thinner design. This year, it mad...

📰 Source: The Verge
🔗 Link […]",0,Search: Samsung Z Fold,
bafyreiaxp5lxuirtresjxp3brkqkeeko264qllsu2ekqccwym3ndmkqpvq,bluesky,post,2026-08-19 15:12:36,"• 25% OFF acima de R$29 (limite de R$500)
🎟️ Cupom: MAISCUPONS
🛒 Válidos: meli.la/1zmNUhB

• 20% OFF acima de R$39 (limite de R$30)
🎟️ Cupom: MAKE20
🛒 Válidos: meli.la/2tbaA7C

• R$50 OFF acima de R$299
🎟️ Cupom: PET50WEEK
🛒 Válidos: meli.la/26bNx6v",0,Search: Samsung Z Fold,
bafyreigcxdee3ctxqntmukid3x7reldto5jpgxylxawnb6xuw33fvusqzu,bluesky,post,2026-08-19 14:07:38,"Galaxy Z Fold 8: 5 Things I Love, 5 Things Samsung Should Improve
www.androidheadlines.com/2026/08/gala... #GalaxyZFold8 #Samsung #Android",0,Search: Samsung Z Fold,
bafyreigjz7qq27i6zaq26hhhj2hnlxjtmamqt5yhrlowj5l66s52iys42q,bluesky,post,2026-08-19 12:57:52,"Samsung has redesigned the Z Fold with a more movie-friendly design, but has it succeeded?",1,Search: Samsung Z Fold,
bafyreidbicdohnrqqaysiupzycd2zrzixo57jiper2guoieg4dsrcynkuq,bluesky,post,2026-08-19 12:43:55,"🔥 Samsung Galaxy Z Fold 7 256GB Jetblack
Samsung · 076 €
#BonPlan #HighTech #Promo",0,Search: Samsung Z Fold,
bafyreiadmnpzphs4envzgze7nmn33mnczq6hozoonbf2525b5a73oxlbli,bluesky,post,2026-08-19 12:04:50,"Samsung launches Galaxy Forever for Galaxy Z Fold 8 series: EMI, Care+ and buyback: Samsung India has introduced a new purchasing scheme called Galaxy Forever, tailored specifically for its premium Galaxy Z Fold 8 series smartphones. The program is designed to make t… https://ranked.news/1264293?u=b",0,Search: Samsung Z Fold,
bafyreiarypmjiq7udwv37mn4w3gxb6ku3qm2robhkwqgf5nrvm4pkkobum,bluesky,post,2026-08-19 12:01:00,"Galaxy Z Fold 8’s Competitor From HONOR to Include a More Powerful Chip
www.androidheadlines.com/2026/08/gala... #GalaxyZFold8 #Samsung #Android",0,Search: Samsung Z Fold,
bafyreifa3gk3yk76t52qp23vyvwgyvdwcl3izve25jgtch3ijn2atomf3m,bluesky,post,2026-08-19 11:27:11,"Which One Would You Choose?

Apple iPhone Ultra, Galaxy Z Fold 8 or Pixel 11 Pro Fold?

Which foldable phone looks the best to you?

www.techspecs.info/compare-phon...

#iPhoneUltra #GalaxyZFold8 #Pixel11ProFold #FoldablePhones #Samsung #Apple #GooglePixel #SmartphoneComparison",0,Search: Samsung Z Fold,
bafyreidju2yxcrf6r5f6xyoo5rb2wkq33gbxtimc2q3nsv23qwmp4xowti,bluesky,post,2026-08-19 10:40:13,The device is one of the most expensive mainstream smartphones consumers can buy in the U.S.,0,Search: Samsung Z Fold,
bafyreiegwqnvashu3aq3chytxvycs2ux7yx56j4jiqmic7mgnb36rb6qrm,bluesky,post,2026-08-19 08:14:20,"Samsung is doubling down on foldables. Reports say the Galaxy Z Fold 9 lineup could grow to five models in 2027, including a second ultra-wide device built for video viewing. Foldables are no longer a niche.",0,Search: Samsung Z Fold,
bafyreihcalqbdyppfgru6x6ffxnypaf7rb36wlo6kin2vrdmvynbgcx5ky,bluesky,post,2026-08-19 06:18:20,"Boy band Riize’s Wonbin has been selected by fan-voting platform Picnic as the K-pop artist best suited to serve as an ambassador for Samsung’s new Galaxy Z Fold 8 smartphone. 

shorturl.at/hWN0K",0,Search: Samsung Z Fold,
bafyreia46q5x2xa5ey7evysmpomgidecyibuz3m3u2yoov2ayart2cqnfy,bluesky,post,2026-08-19 04:54:45,"Samsung Australia has reported ""double-digit growth"" in sales of its new foldable phones, with the Galaxy Z Fold 8 proving popular.
www.gadgetguy.com.au...",0,Search: Samsung Z Fold,
bafyreieuyjqfxu7p4urzsdyha56d6vcuu3n2lmnmrpssuw3g3lcoy3bd6e,bluesky,post,2026-08-19 04:31:07,"Samsung put London on the map at Unpacked. The Galaxy Z Fold 8 Ultra, Z Fold 8, Flip 8, Watch Ultra 2 and Watch 9 all dropped on August 6, with The Guardian calling the Ultra the top dog of folding Androids. The Flex Hybrid screen prototype, folding and extending, is the one stealing the show.",0,Search: Samsung Z Fold,
bafyreidql2vbyflh7xj3wxxruu2yhgg223timsczhuiikxz7fr6zhyphtu,bluesky,post,2026-08-19 04:21:27,"Samsung's wide Galaxy Z Fold 8 was such a hit that a second wide model is reportedly in development for 2027, one tuned for movies and YouTube with a film style aspect ratio. Five foldables a year could soon be the normal Samsung lineup.",0,Search: Samsung Z Fold,
bafyreigj2zclv2uvzyr4j5uzslwwrzdm67jteapp4ksjrih6qx22oye6pm,bluesky,post,2026-08-19 04:03:28,"Samsung could nearly double its foldable lineup next year. Leaks point to five devices for 2027, including a second wide format Fold 9 building on the success of the Z Fold 8. A standard wide Fold, an Ultra, a Flip and a TriFold round out the slate. Foldable competition just got a lot busier.",0,Search: Samsung Z Fold,
bafyreibvs6yfjx7vddp7eagp6oylfb55xtaxw2csbxliqu4mpno7sgmety,bluesky,post,2026-08-19 01:24:44,"📱[RUMOR] In 2027 Samsung may unveil a foldable that’s wider than the Galaxy Z Fold 8 

Sponsored by @powerondeals.bsky.social  
#samsung #foldable #galaxyzfold8 #news",1,Search: Samsung Z Fold,
bafyreiguk3jymcmsomklyjcetyqnltddramp5bkqqiliy5rt4d7cknetv4,bluesky,post,2026-08-19 00:32:33,"The Guardian's review is in and it calls the Galaxy Z Fold 8 Ultra the top dog of folding Androids. Weighs 239g, runs a two-day battery, and the Flex Hinge feels sturdier than any generation before. Samsung keeps polishing the ultra price to match.",0,Search: Samsung Z Fold,
bafyreihajykhgzvlmjlg7xn75isyohglx7lzyykuvy33gohypwuk36vfyq,bluesky,post,2026-08-18 23:02:02,Samsung’s powerful Finder tool has changed in One UI 9 www.sammobile.com/news/samsung...,0,Search: Samsung Z Fold,
bafyreihfj5zpogqnkjyawa6eo44qmsi4rqzzyc2f7w6mel5p25s7vdbn2a,bluesky,post,2026-08-18 21:52:52,"My FanCam: Galaxy S26 FE pode ganhar recurso dos dobráveis
https://www.tecmundo.com.br/produto/415381-galaxy-s26-fe-pode-receber-recurso-de-camera-dos-galaxy-z-fold-8.htm?utm_source=flipboard&utm_medium=activitypub 

Posted into Tecnologia @tecnologia-FlipboardBR",0,Search: Samsung Z Fold,
bafyreiaxkaiaexf3jbow3us7mkqdcumwllf4tdvxfoobnmmlu4vpadn56y,bluesky,post,2026-08-18 21:13:03,"Samsung plans five foldable phones for 2027, including a wide-screen Galaxy Z Fold optimized for video and a second-generation Galaxy Z TriFold.

#SamsungGalaxy #GalaxyZFold #FoldablePhones #GalaxyZTriFold #Samsung2027",0,Search: Samsung Z Fold,
bafyreih6hqdka5qkoyc5ys4xfj2a3py3hzpkwwbwcmpblril5c5esae6yq,bluesky,post,2026-08-18 20:45:03,"Samsung confirmed repair prices for the Galaxy Z Fold 8 series and the inner screen: $639 for the Ultra, $579 for the standard Fold, and $359 for the Flip. Outer screens start around $129. Both categories crept up from last year; Samsung Care+ is worth a look.",0,Search: Samsung Z Fold,
bafyreibyyfkged4bj3qsaoksrszop6sy47igkcwwanxsbfdnoe7mvd7usa,bluesky,post,2026-08-18 19:52:52,"Samsung makes warranty repairs easier with Android 17, advertises it with AI guinea pigs [Gallery]",3,Search: Samsung Z Fold,
bafyreibdohawpwnlbyb2jenjciiqkfjdnthynaweclomlgfgfup4s3zerq,bluesky,post,2026-08-18 19:23:15,"Signal or noise? > Samsung makes warranty repairs easier with Android 17,
advertises it with AI guinea pigs [Gallery] >> Comment below! #IoT #mhealth #AI #healthtech #industry40",0,Search: Samsung Z Fold,
bafyreiaddxmchb7cioyo25rpuo5wftpfjmm5iwa6xmrnbmcmvvhnmvpxae,bluesky,post,2026-08-18 18:49:14,Samsung lijkt de smaak van brede vouwtelefoons te pakken te hebben. Het bedrijf zou alweer aan een bredere Galaxy Z Fold 9 werken. Het gaat mogelijk om een tweede brede…,0,Search: Samsung Z Fold,
bafyreiga2jpddsvhezy2okinipcwpgn4pay4rkydgbmonhhkzsruoc5qhi,bluesky,post,2026-08-18 18:27:04,quite funny that the huawei tri-fold phone folds into a Z shape when the samsung fold is called the Z fold :3,7,Search: Samsung Z Fold,
bafyreibqaaoa22s6l6bsnfgelkk5d4i6k3eznckziy6wspee322p7z344y,bluesky,post,2026-08-18 16:59:39,"📰 Samsung's Galaxy Z Fold 8 and Fold 8 Ultra phones are available, and we recommend Spigen, Dbrand, and other brands for protecting your new device.

🔗 https://www.zdnet.com/article/best-samsung-galaxy-z-fold-8-cases/

#Tech #Innovation",0,Search: Samsung Z Fold,
bafyreigk7pdvma2okzq4ih25fqtjedhkgcfll4lrgqzuqgxgts4pavrqji,bluesky,post,2026-08-18 16:49:14,Samsung lijkt de smaak van brede vouwtelefoons te pakken te hebben. Het bedrijf zou alweer aan een bredere Galaxy Z Fold 9 werken. Het gaat mogelijk om een tweede brede…,0,Search: Samsung Z Fold,
bafyreias3uzqfemvumrerywfsnvn6vkwybfrmp7nw2rudx4zy64l7kuqmi,bluesky,post,2026-08-18 16:04:38,A second wide foldable in 2027 may do Samsung more harm than good www.sammobile.com/opinion/seco...,1,Search: Samsung Z Fold,
bafyreie4tr7omouoxlq6a6wqrdihukfffadomcqp5vfsqy5trndk2gxhke,bluesky,post,2026-08-18 16:00:36,"Samsung szykuje szerszego Folda do wideo. Sukces ósemki otwiera drogę do rozbudowy portfolio | @imagazinepl.bsky.social 

https://imagazine.pl/2026/08/18/samsung-galaxy-z-fold-9-wariant-wideo-plany-2027/",1,Search: Samsung Z Fold,
bafyreifnufluoj7w3z7yz4jzgdwtkaq6m5mfd67axywi4qno2luztddq7a,bluesky,post,2026-08-18 15:24:48,"📰 Samsung has released its new foldable devices Galaxy Z Flip 8, Galaxy Z Fold 8, and Galaxy Z Fold 8 Ultra, available for pre-order starting at $1,199.99, ...

🔗 https://www.theverge.com/gadgets/968716/samsung-galaxy-z-flip-fold-8-ultra-how-to-buy-preorder-price-release-date

#Tech #Gadgets",1,Search: Samsung Z Fold,
bafyreibuunmlzvkjkvsfgmslwmiccmqmrdefltjstkspj7szavf7uubgwe,bluesky,post,2026-08-18 15:24:28,"📰 Samsung unveiled its latest Galaxy Z fold and flip phones at Unpacked, featuring design updates and AI capabilities, set to launch on August 7th.

🔗 https://www.theverge.com/gadgets/968682/samsung-galaxy-z-fold-flip-8-specs-features-hardware-comparison

#Tech #Gadgets",0,Search: Samsung Z Fold,
bafyreiflhavlvndp6odeojigrrsb2xqpycs777is5ek6h525264fgl2wry,bluesky,post,2026-08-18 15:00:05,Samsung planea hasta cinco plegables para 2027 - https://pisapapeles.net/samsung-planea-hasta-cinco-plegables-para-2027/,0,Search: Samsung Z Fold,
bafyreietsfxhta6sxizstbu2hht3xhbq2ntru2ain27kuqpunh7aawdyuu,bluesky,post,2026-08-18 14:51:30,"I made the switch from apple to samsung a couple years ago, and I don't regret it! I currently have a Z flip 7 and i love it. had it since december of last year, before it I had a regular non flip/fold samsung",1,Search: Samsung Z Fold,
bafyreidqjbdquiycug2uz7hcn4fse6qe7glabk6hw22logmpkj22l7ecn4,bluesky,post,2026-08-18 14:00:22,"Samsung prepararía un plegable todavía más ancho que el Galaxy Z Fold 8

Un reporte surcoreano indica que la compañía buscaría una relación de aspecto optimizada para ver video, y que trabajaría en hasta cinco dispositivos plegables para 2027. (Fuente: Engadget) Los plegables dejaron de ser una…",0,Search: Samsung Z Fold,
bafyreiaq4lokmzoaspgcown33z7t5bn6emeyxtmkp4wk7dffpwqanvtyoe,bluesky,post,2026-08-18 13:21:50,"9to5Google より

Samsung is reportedly building an even wider Galaxy Z Fold 9 for video viewing
サムスンは、ビデオ視聴のためのさらに広いギャラクシーZフォールド9を構築していると報告されています",0,Search: Samsung Z Fold,
bafyreih4wls4vcn3ofpm6f3mqiilxqutrirrq3vxjwaei3sncbbugm7pmq,bluesky,post,2026-08-18 13:23:57,"Samsung encarece a reparação de ecrãs nos dobráveis Galaxy Z Fold 8. A Samsung atualizou a tabela de preços oficiais para a manutenção e substituição dos ecrãs da sua mais recente geração de smartphones dobráveis. 📱

#galaxy #nos #samsung",0,Search: Samsung Z Fold,
bafyreidv5iw5mcoecsaf6tz7rhoeckd6jdzhhpan3qzc55773la6n2l46u,bluesky,post,2026-08-18 12:18:00,"Er is tijdelijk een leuke actie bij KPN en Odido. Bestel je de nieuwe Samsung Galaxy Z Flip 8, Z Fold 8 of Z Fold 8 Ultra, dan krijg je…",0,Search: Samsung Z Fold,
bafyreidsre3fek7kvedu2osw762igjxfjetahpzqyazkm2vk7ib42zy6cu,bluesky,post,2026-08-18 12:00:54,"Recensione di Samsung Galaxy Z Fold Ultra nell'uso quotidiano Prova su strada del nuovo pieghevole Samsung Z Fold Ultra tra ergonomia, display e autonomia. . www.microsmeta.com/DBLOG/artico...",0,Search: Samsung Z Fold,
bafyreidk6rr64dit4xktdk2qekxfn5xwxn3rv4yrghymqmp6jfuh6e47zu,bluesky,post,2026-08-18 11:11:41,"📰 Samsung has released its latest foldable phones, Samsung Galaxy Z Fold 8 and Z Flip 8, at Verizon with no activation or upgrade fees for preorders.

🔗 https://www.zdnet.com/article/verizon-samsung-galaxy-z-fold-deal-2026/

#Tech #Innovation",0,Search: Samsung Z Fold,
bafyreifws2j3hzdo4dput6glwnzxi6b5krcbqozmgl5miqmfxwdetpdbf4,bluesky,post,2026-08-18 11:01:40,"Samsung Just Released a Galaxy Z Fold 8 Ad That Will Pull at Your Heartstrings
www.androidheadlines.com/2026/08/sams... #GalaxyZFold8 #Samsung #Android",0,Search: Samsung Z Fold,
bafyreic5mjnyuzkf5v4cf2l5hjzgaxadx2yzy7xjqvwd7t5me5nxpmj4om,bluesky,post,2026-08-18 10:40:45,Samsung makes it easier to own and maintain a Galaxy Z Fold 8 or Fold 8 Ultra in India www.sammobile.com/news/easier-...,0,Search: Samsung Z Fold,
bafyreih3ozkel3w24xizx4xkyy7scs2ps6r4uyqlc2b4g23q45ueeglq7u,bluesky,post,2026-08-18 10:39:58,"📰 Samsung Unpacked: Preorder now for Galaxy Z Flip 8, Z Fold 8, Galaxy Watch Ultra 2, and Galaxy Watch 9.

🔗 https://www.zdnet.com/article/how-to-preorder-everything-announced-at-samsung-unpacked-july-2026/

#Tech #Innovation",0,Search: Samsung Z Fold,
bafyreidugiicsgeqlt63apvr2bf6epmp5sdltrbc7t47w5znhojpqnyanu,bluesky,post,2026-08-18 09:37:00,"📰 Samsung unveiled its Galaxy Z Fold 8, Ultra Fold, and updated Flip models at its annual summer event, marking significant advancements in foldable technology.

🔗 https://www.theverge.com/tech/969208/samsung-galaxy-unpacked-2026-everything-announced

#Tech #Gadgets",0,Search: Samsung Z Fold,
bafyreifausvmwbv6w7wdy67bfkyjmg235k57b65i65eqrq662fdihfduam,bluesky,post,2026-08-18 09:05:22,"📰 Samsung has released its new Z Fold 8, which features a wider and shorter design compared to previous models, offering a size and shape somewhere between Samsung's traditional Flip and Fold models.

🔗 https://www.theverge.com/tech/968663/samsung-galaxy-z-fold-8-wide-hands-on

#Tech #Gadgets",0,Search: Samsung Z Fold,
bafyreif5i6nesmcgmkyaxvwmqxvw3iipwhnelrizbnp72rk52liigbem4u,bluesky,post,2026-08-18 09:05:05,"📰 Samsung's latest foldable phone, the Z Fold 8 Ultra, has achieved an invisible crease, thanks to a new design technique that Samsung claims improves durability and user experience.

🔗 https://www.theverge.com/gadgets/968200/samsung-galaxy-z-fold-8-ultra-announced-hands-on-photos

#Tech #Gadgets",0,Search: Samsung Z Fold,
bafyreielqktz33mkohe2hehgfpyfvymgsgcbvr6nhikxpdfuwui6w4gnne,bluesky,post,2026-08-18 09:02:44,Comparison of Specifications and Prices: Samsung Galaxy Z Fold 8 vs. Google Pixel 11 Pro Fold #technology,0,Search: Samsung Z Fold,
bafyreidwvfq7oc7urybsdt3gsvay7ait2lmqan2kwytaqerp3dwm4bqxu4,bluesky,post,2026-08-18 08:04:07,"スマホの話では無いが

最近、看板サイズの大型デジタルサイネージって増えたが、視認性が悪くて広告としての役割が成り立ってない物が増えたよな

以前のLED製だかの看板は太陽光下の逆光とかでも見やすいが発色数やメンテナンスに問題が有ったんだろうな

でも、今の有機ELだか液晶に近いパネルは太陽光下では全くと言って良いほど見えないよな

そこで思うのが「電子ペーパー」だよな

動きが少ないモノなら使えるだろうし、後は見やすさがどうなのかだよな

僕たちが本当に欲しかった2画面かも。電子ペーパー＋ハイスペなスマホが人気
www.gizmodo.jp/article/hibr...",0,Search: Samsung Z Fold,
bafyreiaow34l3aahdny3elcerkbwjzz2wrdhrpgv5ifld5dj4w34snacxu,bluesky,post,2026-08-18 08:02:30,"📰 Samsung Galaxy Z Fold 8 Ultra offers design and software improvements that make it more suitable for users who have been using last year's Z Fold model.

🔗 https://www.zdnet.com/article/samsung-galaxy-z-fold-8-ultra-vs-z-fold-7/

#Tech #Innovation",0,Search: Samsung Z Fold,
bafyreifzdu2rppq3a2noewlug5x2ydlwjgvpq24awygzw5qcmrmmsgpyhm,bluesky,post,2026-08-18 08:02:10,"📰 Samsung's Galaxy Z Fold 8 Ultra is impressive but falls short of being the flagship I'm drawn to due to its lackluster features compared to the Galaxy Z Fold 8.

🔗 https://www.zdnet.com/article/samsung-galaxy-z-fold-8-ultra-hands-on/

#Tech #Innovation",0,Search: Samsung Z Fold,
bafyreidqxo5pv46xrfamemhjbyw32t77z7drm22tbahdmfw5ofite56o74,bluesky,post,2026-08-18 07:30:47,"📰 Samsung Galaxy Z Fold 8 Ultra outperforms Samsung Galaxy Z Fold 6 in every conceivable way, making it a superior choice for users of the latter model.

🔗 https://www.zdnet.com/article/samsung-galaxy-z-fold-8-ultra-vs-samsung-galaxy-z-fold-6/

#Tech #Innovation",0,Search: Samsung Z Fold,
bafyreidsgn7tkyu63dzri6ee5etqlrjnp4plqpfumfcrqnbu7xocuvu4iu,bluesky,post,2026-08-18 07:30:28,"📰 Samsung Galaxy Z Fold 8 Ultra vs. Google Pixel Fold 10 Pro: The Samsung device has all the raw power you'd need, but the price and accessories for the Google Pixel 10 Pro Fold ...

🔗 https://www.zdnet.com/article/samsung-galaxy-z-fold-8-ultra-vs-google-pixel-fold-10-pro/

#Tech #Innovation",0,Search: Samsung Z Fold,
bafyreibysk4ufv2h2cu277bzrkdhipzmo7ynuwn6smm5phs54crgytxll4,bluesky,post,2026-08-18 07:30:07,"📰 Samsung Galaxy Z Fold 8 Ultra vs. Motorola Razr Ultra: The Galaxy Z Fold 8 Ultra offers superior value with its larger display and improved battery life compared to the Razr Ultr...

🔗 https://www.zdnet.com/article/galaxy-z-fold-8-ultra-vs-motorola-razr-ultra-comparison/

#Tech #Innovation",0,Search: Samsung Z Fold,
bafyreiciygc5qxgug7ujjpvfraeafcrurihk64fz6qzatj574hu4soatje,bluesky,post,2026-08-18 08:15:53,"Samsung retoma fábrica de ecrãs OLED para aumentar a produção de painéis flexíveis e apoiar o sucesso do Galaxy Z Fold 8. Investimento visa responder ao crescimento do mercado dos dobráveis.

#mercado #oled #samsung",0,Search: Samsung Z Fold,
bafyreiewbwhxb5cjgfedelqp2nfynyq7fct5kq43g2poc5i3urerabkyni,bluesky,post,2026-08-18 07:14:00,"The result? Galaxy S sales have been steadily increasing for a few years now and the new Galaxy Z series is selling as well as the S series.

The introduction of new flagships in popular segments, S27 Pro and a second Z Fold Wide model, will further solidify Samsung as a flagship-first...",1,Search: Samsung Z Fold,
bafyreia5c5yupmf4k25isod3sbk6x4z7qouhviyk7cro2ixdn5avr64564,bluesky,post,2026-08-18 07:05:04,"The Galaxy Z Fold8 unfolds into a mini tablet and folds back down to pocket size, and it's the most usable Fold Samsung's made, if you can stretch to the price.",0,Search: Samsung Z Fold,
bafyreibuztmsphrfgizo6txbk42sdukek7yyt4wqkbxlgw7evcztym4r3a,bluesky,post,2026-08-18 06:58:44,"📰 Samsung's Galaxy Z Fold 8 and Z Flip 8 are both affordable foldable smartphones, but the Z Fold 8 offers a larger display and more advanced features compared to the Z Flip 8.

🔗 https://www.zdnet.com/article/samsung-galaxy-z-fold-8-vs-z-flip-8/

#Tech #Innovation",0,Search: Samsung Z Fold,
bafyreieuzwrcjimnvnhn3csqceg7kt3ez4ib6f65q6rhdhxmbw3op4icmm,bluesky,post,2026-08-18 06:58:25,"📰 Samsung's Z Fold 8 Ultra offers a wider form factor but fails to address the user's primary concern of phone longevity.

🔗 https://www.zdnet.com/article/ive-used-samsung-foldable-phones-for-7-years-and-the-z-fold-8-ultra-finally-gets-it-right/

#Tech #Innovation",0,Search: Samsung Z Fold,
bafyreihztkrkmkkpd3yanihxf7etaminpfvujmwmkh3egb6w4ctbzczwam,bluesky,post,2026-08-18 06:27:06,"📰 Samsung will unveil new foldable devices at Galaxy Unpacked 2026, including a wider Galaxy Z Fold 8 and an upgraded Z Fold 8 Ultra with a larger battery.

🔗 https://www.theverge.com/tech/967942/samsung-galaxy-unpacked-july-2026-news

#Tech #Gadgets",0,Search: Samsung Z Fold,
bafyreiahmsmv2o45krfoiwxgtjcvm3qdemiabu67mnzn2qmenljqrqksfq,bluesky,post,2026-08-18 04:26:15,"Engadget Summer Review Recap: Google’s Latest Devices | August 18, 2026

WHY ENGADGET’S REVIEW RECAP MATTERS NOW

Engadget has long been a bellwether for...

Full breakdown:
https://ltdeveloperblogs.github.io/posts/engadget-review-recap-samsung-galaxy-z-fold-8-ultra-dell-xps-13-and-more/",0,Search: Samsung Z Fold,
bafyreid5pslwdaf2dkqt2i3hzchhqnb6czwst2bunmn7joccskcveczbgu,bluesky,post,2026-08-18 04:15:57,Samsung erweitert seine Fold-Reihe um das Ultra-Modell mit 200-Megapixel-Kamera und 3000 Nits Displayhelligkeit. Die neuen Geräte starten mit One UI 9 und sieben Jahren Update-Garantie.,1,Search: Samsung Z Fold,
bafyreifsemjsqhy3nnvsgqgpmtdvll7bns72gnxuo3iejlh4lqg6jtj7tu,bluesky,post,2026-08-18 02:56:37,youtube.com/shorts/rocSH...,0,Search: Samsung Z Fold,
bafyreiebflcum3oqe3e6dvac2rs725zah3s2gvbalmb4eekgzalfrw6ata,bluesky,post,2026-08-18 11:51:21,"Samsung Galaxy Z Fold Ultra8向け新ケースが登場！arareeが誇る最新の保護性能とデザイン性 #東京都 #新宿区 #Samsung #araree #Galaxy_Z_Fold

arareeがSamsung公式認証を取得した新しいGalaxy Z Fold Ultra8用のケースを発売。保護性能とデザイン性を両立し、快適な使用感を提供します。",1,Search: Samsung Z Fold,
bafyreihfvah44kv6dkfmi7b2rokk3mnpyowbr6ln2vudzzkxulyi4cqd6a,bluesky,post,2026-08-18 02:21:11,"Foldable expansion: Samsung reportedly plans up to 5 foldable phones in 2027 — including the Z Fold 9, a Z Fold 8 Ultra follow-up, a refreshed Z TriFold, plus two wide-format foldables. The foldable wars are accelerating. #Samsung #Foldable #Smartphone",0,Search: Samsung Z Fold,
bafyreicr7r7iwfiu2jhj3gatdqgmt7mlvpeuz7llzblirjzdwclkiaezp4,bluesky,post,2026-08-18 00:43:53,"Samsung estaría preparando otro plegable más ancho que el nuevo Galaxy Z Fold 8, pero pensado para ver video.",0,Search: Samsung Z Fold,
bafyreieuqrb3ktklkbxrxze76rt6mrmblyy5dx3yjqu3m7xrcu65jv7lka,bluesky,post,2026-08-18 00:33:39,"Samsung Eyes Wider Aspect Ratio Foldable for 2027 After Galaxy Z Fold 8 Success
#4:3AspectRatio #etnews #galaxyZFold8 #galaxyZTrifold #samsungElectronics #samsungUnpacked
#nile1",0,Search: Samsung Z Fold,
bafyreieahr74xt4cjszwb5fycpdxxwlyeu7ujd2w5cuoo4iuo7h5u4welu,bluesky,post,2026-08-18 00:24:31,"Use discount code SXFLIP807211 @ fntcase.com/products/pre... 15% off FNTCASE Samsung Galaxy Z Fold 8 Ultra/Z Fold 7 Case
#zfold #zfold8ultra #samsung #cellphonecase #phonecases #cellphonecases #FNTCASE #SamsungGalaxy #GalaxyZFold #GalaxyZFold7 #GalaxyZFold8 #ZFold7 #ZFold8 #SamsungZFold #SamsungCase",0,Search: Samsung Z Fold,
bafyreifqhdwjwymxqntrjpsdkckstssqxvgscu6iuwf4bjkxlp4ghiljzy,bluesky,post,2026-08-17 23:21:14,"Samsung pode lançar dobrável ainda mais largo após sucesso do Z Fold 8
https://tecnoblog.net/noticias/samsung-pode-lancar-dobravel-ainda-mais-largo-apos-sucesso-do-z-fold-8/?utm_source=flipboard&utm_medium=activitypub 

Posted into Tecnologia @tecnologia-FlipboardBR",0,Search: Samsung Z Fold,
bafyreibjux2z6fdktylgavyi6lpsbcc6bgfly3k6ezur5i22ciheots4oa,bluesky,post,2026-08-17 22:57:00,Samsung pode lançar dobrável ainda mais largo após sucesso do Z Fold 8 tecnoblog.net/noticias/sam...,0,Search: Samsung Z Fold,
bafyreifxj4pabe5ei4yhjf573cn5aamhwri4rifzhy4gmwds3qj7yfcope,bluesky,post,2026-08-17 22:29:44,"Following the massive success of the Galaxy Z Fold 8, Samsung is reportedly planning to launch a second wide-format foldable phone for video lovers in 2027.",1,Search: Samsung Z Fold,
bafyreieicuhcuxx3qzbnsvt2kt6q23iioyeoicyyj5smcq5yylc6pomviq,bluesky,post,2026-08-17 21:28:43,"📱 Samsung готує два широкоформатні Fold на 2027 рік

Успіх Galaxy Z Fold8 підштовхнув Samsung до розширення лінійки. За даними Etnews, компанія розробляє другу широкоформатну модель для серії Galaxy Z9. 
#Samsung #GalaxyZFold9 #TriFold #гаджети2027 

👉 t.me/dplse/922",1,Search: Samsung Z Fold,
bafyreid6cygzicup5pobk5sdzemh4f63kpxci5xhjjybz4pq5z25pl26yq,bluesky,post,2026-08-17 20:47:30,"What electronic dance track plays in the background of the new Samsung Galaxy Z Fold TV ad?
#SamsungGalaxyZFold #abancommercials  Discover the electronic dance track featured in the latest Samsung 
 Galaxy Z Fold TV ad. Uncover the beats that elevate this 

abancommercials.com/art-ad/en/17...",0,Search: Samsung Z Fold,
bafyreifuomtdsgbledvxhil6ij2umtu2qm6qebbosdi4dyjhfl2ebzijmu,bluesky,post,2026-08-17 18:41:31,"Samsung a tutto Galaxy Fold: nel 2027 cinque nuovi modelli, due con schermo “wide” come lo Z Fold8
https://www.dday.it/redazione/58396/samsung-a-tutto-galaxy-fold-nel-2027-cinque-nuovi-modelli-due-con-schermo-wide-come-lo-z-fold8",0,Search: Samsung Z Fold,
bafyreidkwvzmss53a4qiauhhmzqfxoinxwnppb4j67ezcl25ygadb47hbe,bluesky,post,2026-08-17 18:19:30,"Samsung might be making a new foldable that’s even wider than the Galaxy Z Fold 8

Samsung may have as many as five different foldable phones next year. Read&#160;More

🔗 https://www.madshrimps.be/news/samsung-might-be-making-a-new-foldable-thats-even-wider-than-the-galaxy-z-fold-8/",0,Search: Samsung Z Fold,
bafyreidt4ztiqaqfost56m7zz6hcafn46l2pmfai3oiyyruu43wqug4yle,bluesky,post,2026-08-17 20:19:14,"Samsung envisage un Galaxy Z Fold 9 avec un écran plus large après le succès du Z Fold 8. 
Lire l'article complet sur : artia13.city 
#artia13 #Technologie",0,Search: Samsung Z Fold,
bafyreifqxgbfjpkqe6625m7honvhycizawgr7rcblt2sacww2mzfiheony,bluesky,post,2026-08-17 20:18:06,"Samsung to double down on wide foldable in 2027, release five Galaxy Z Fold/Flip models https://www.notebookcheck.net/1370451.html",1,Search: Samsung Z Fold,
bafyreihbmyiocvmcd4ztawmpmwdeeaijn4nr6utp6bgxze3a3cepxmxtje,bluesky,post,2026-08-17 17:15:09,"Samsung might be making a new foldable that's even wider than the Galaxy Z Fold 8
Article",0,Search: Samsung Z Fold,
bafyreigro3lovz6khgxkwnnaes4unbze7zo7b4j5sy7fzlegu6u6foisfm,bluesky,post,2026-08-17 17:00:15,"Samsung might be making a new foldable that's even wider than the Galaxy Z Fold 8

#Tech #Gadgets",0,Search: Samsung Z Fold,
bafyreigvq33nibna67gvjbcnu5cupu72bjqjiyl7dwhjvpe6qxhladh2ci,bluesky,post,2026-08-17 16:59:56,"📰 **Samsung might be making a new foldable that's even wider than the Galaxy Z Fold 8**

Samsung may have as many as five different foldable phones next year.

📰 Source: Engadget - Technology News & Expert Reviews
🔗 Link […] 

[Original post on igeek.gamer-geek-news.com]",0,Search: Samsung Z Fold,
bafyreidixnxxwxkdg5glv65q75a4ccevl52isaufy2ay4dlmdwvokk2dy4,bluesky,post,2026-08-17 16:58:26,Samsung may have as many as five different foldable phones next year.,1,Search: Samsung Z Fold,
bafyreif2kc3gayqwuved4byqvmw2ypijrik5ysfnmpu23bkwwyizpvofem,bluesky,post,2026-08-17 16:25:55,Combien coûte la réparation d'un écran de Galaxy Z Fold 8 ? — Frandroid www.frandroid.com/marques/sams...,0,Search: Samsung Z Fold,
bafyreie3rxod3z7zk6bg3rjce4qb2l34duzpgns3jd3xfcikmz3miarazy,bluesky,post,2026-08-17 16:17:40,"Samsung Galaxy Z Fold 8, Z Fold 8 Ultra et Flip 8 : combien coûte la réparation d’un écran brisé ?
👉 https://l.frandroid.com/4Vo",0,Search: Samsung Z Fold,
bafyreic2ekog45cfcdd74zq2wizdwk7ryqqxt3s34usxnpi2vrlffqlm4e,bluesky,post,2026-08-17 16:05:29,"Samsung, 2027 yılında 5 yeni katlanabilir ekranlı telefonu piyasaya sürmeyi planlıyor. Bu koleksiyonda Galaxy Fold 9, daha yüksek özellikli Galaxy Z Fold 9 Ultra, klasik katlanabilir tasarım olan Galaxy Z Flip 9, üç yönlü katlanabilir özelliği bulunan Galaxy Z TriFold'un yeni sürümü ve",0,Search: Samsung Z Fold,
bafyreigoxos7sdvwdetwulogx4u7kl5bjw6p7vlznqep5ct2my75b7xhmu,bluesky,post,2026-08-17 16:00:54,"Chiến Dịch Quảng Cáo Mới Của Samsung: Galaxy Z Fold 8 Trở Thành Người Bạn Đồng Hành Lý T ưởng Cho Các Bậc Phụ Huynh

Chiến Dịch Quảng Cáo Mới Của Samsung: Galaxy Z Fold 8 Trở Thành Người Bạn Đồng Hành Lý Tưởng Cho Các Bậc Phụ Huynh Trong một động thái đầy tinh tế và giàu cảm xúc, Samsung vừa chính…",0,Search: Samsung Z Fold,
bafyreict4mguvha2qvvh66gt5kreqlexlwnkij2qid6gd736wsj3bnbkz4,bluesky,post,2026-08-17 16:00:47,"Chiến Dịch Quảng Cáo Mới Của Samsung: Galaxy Z Fold 8 Trở Thành Người Bạn Đồng Hành Lý T ưởng Cho Các Bậc Phụ Huynh

Chiến Dịch Quảng Cáo Mới Của Samsung: Galaxy Z Fold 8 Trở Thành Người Bạn Đồng Hành Lý Tưởng Cho Các Bậc Phụ Huynh Trong một động thái đầy tinh tế và giàu cảm xúc, Samsung vừa chính…",0,Search: Samsung Z Fold,
bafyreictrnu4csrlnyok7na5hckgsavaw5cytnhxwdewsijbylo6ltje4i,bluesky,post,2026-08-17 15:35:27,Samsung maakt al jaren smartphones maar met de Galaxy Fold 8 komt het met een nieuw formaat. Kan dit meer gebruikers over de streep trekken?,0,Search: Samsung Z Fold,
bafyreigic425iht4avjsfujau47lm35t7ahdzayvhohegz3vaz3575lkxe,bluesky,post,2026-08-17 15:30:56,"Samsung is reportedly building an even wider Galaxy Z Fold 9 for video viewing - 9to5Google

#USNews #Politics #NationalNews",0,Search: Samsung Z Fold,
bafyreib7lialra2xeamhq26jiewxjaxg6fwdxs2qhyrk2flw33huhjpye4,bluesky,post,2026-08-17 15:22:52,"The Galaxy Z Fold 8 is an absolute smash hit and, with that in mind, Samsung is reportedly doubling down...",1,Search: Samsung Z Fold,
bafyreifjtmflqckisfduwxem6dgtjzgvxqf6pyltxhgzq5ejzhlkn6hw3a,bluesky,post,2026-08-17 15:16:18,Samsungs breiteres Galaxy Z Fold 8 bricht Rekorde. Wegen des großen Erfolgs plant der Hersteller für 2027 offenbar ein zusätzliches #Foldable-Smartphone mit breiterem Display. #Samsung #GalaxyZFold8 #GalaxyZ9,0,Search: Samsung Z Fold,
bafyreigxhnvhktgeosqsutyk5lqawwyzgym7qnrko6w2cy6z2obi335yvq,bluesky,post,2026-08-17 15:14:30,New Galaxy Z Fold 8 campaign positions it as a companion for fatherhood www.sammobile.com/news/new-gal...,1,Search: Samsung Z Fold,
bafyreiauueizom7fhwdgaivvfdsnxv66wzlnbiru2qqplfs7sal745udta,bluesky,post,2026-08-17 14:57:15,"Galaxy Z Fold 8 gets a $200 no trade-in credit, here’s what you can use it for www.sammobile.com/news/galaxy-...",0,Search: Samsung Z Fold,
bafyreifv7m42amk4gu5d5dos47xtcfu4sh2jiighdo7lpokjrd7rtumc3a,bluesky,post,2026-08-17 14:55:19,"Samsung is reportedly working on a wider Galaxy Z Fold 9 model, expanding its 2027 foldable lineup to five devices.

https://hmjournal.com/en/s/n6csrHtB",0,Search: Samsung Z Fold,
bafyreiaqd3hhoe5ts37o4aufjibzwd3wksyjwb2bnyj7cpx5x77yemn3ae,bluesky,post,2026-08-17 14:30:30,Samsung is reportedly building an even wider Galaxy Z Fold 9 for video viewing,4,Search: Samsung Z Fold,
bafyreigtyare7xqerko3u3uke24y7mwoy4btfm3vajuvo6ixynowvx6fzm,bluesky,post,2026-08-17 14:21:15,Set up your Galaxy Z Fold 8 with Smart Switch? Your zoom level may be wrong www.sammobile.com/news/set-up-...,0,Search: Samsung Z Fold,
bafyreic4y4h5nr326kiybjpq35xkrkibfgkqylsgxe22ysnaohnhmzt7u4,bluesky,post,2026-08-17 14:03:32,"Samsung plans a wider Galaxy Z Fold 9 optimized for video viewing, expanding its foldable lineup in 2027. #Samsung #GalaxyZFold9 #FoldablePhones #TechNews #VideoViewing #Smartphones thedailytechfeed.com/samsung-plan...",0,Search: Samsung Z Fold,
bafyreias2fej672vp3awtuwjclo7hsi5woo6wbbnhmw46s22anzgpfzxta,bluesky,post,2026-08-17 13:43:16,"9to5Google より

Samsung is reportedly building an even wider Galaxy Z Fold 9 for video viewing
サムスンは、ビデオ視聴のためのさらに広いギャラクシーZフォールド9を構築していると報告されています",0,Search: Samsung Z Fold,
bafyreic5ptpfvqtkjfzu5yjr3pzodf4d5cvdg5kwmgdfx72uklugkd47bm,bluesky,post,2026-08-17 13:11:04,"The crease is still one of the biggest complaints about foldable phones. But which 2026 models actually hide it best? We compared six foldables for visual and tactile crease, durability, software, and value.

Read the comparison: www.izoate.com/blog/best-fo...",0,Search: Samsung Z Fold,
bafyreidftpsjfi62obye4wgimn35qikgf73n2iz2pgs6d3ix2eirw2ce3i,bluesky,post,2026-08-17 13:04:51,"Samsung, 2027 yılında beş yeni katlanabilir telefon modeli sunmaya hazırlanıyor. Bu yıl Galaxy Z Fold 8, Galaxy Z Fold 8 Ultra ve Galaxy Z Flip 8'i tanıtan şirket, önümüzdeki yıl Galaxy Z Fold 9, Galaxy Z Fold 9 Ultra ve Galaxy Z Flip 9'u piyasaya çıkaracak.",0,Search: Samsung Z Fold,
bafyreig37fv4xdz75f6i6gvyjni3istokjqsnjuurlborp3ngomrzxur3a,bluesky,post,2026-08-17 12:30:20,"Samsung Is Planning Five Foldable Phones for 2027 — and Galaxy Z Fold 8's Success Is the Reason
www.androidheadlines.com/2026/08/sams... #GalaxyZFold8 #Samsung #Android",1,Search: Samsung Z Fold,
bafyreigk4hnkesg725bgsns2eoq7zthsbf5k46a2exyn3itoplg6ruhzni,bluesky,post,2026-08-17 11:45:29,"Samsung's plans for five foldable launches next year, including new Galaxy Z Fold, Z Flip, and TriFold models.

#Samsung #GalaxyZFold #TriFold",0,Search: Samsung Z Fold,
bafyreihrnyxgweiibvgabw4qsvtizyjxhriht4ekr5xg7yrxh5awnmusii,bluesky,post,2026-08-17 11:07:17,"There's a Good Reason Your Galaxy Z Fold 8 Switches to 12MP on Its Own — Here's the Explanation
www.androidheadlines.com/2026/08/ther... #GalaxyZFold8 #Samsung #Android",1,Search: Samsung Z Fold,
bafyreicwkv4x6gqfbgvpe63atwititjwl3xdg43yrsubijiyiwc2vdfizu,bluesky,post,2026-08-17 10:52:15,Samsung could launch a second wide-format foldable alongside Galaxy Z Fold 9 www.sammobile.com/news/samsung...,0,Search: Samsung Z Fold,
bafyreibt5qkt6drz3yx2stc2smew76fzc26nxmaqkzjolliu5irwhojtkm,bluesky,post,2026-08-17 10:43:45,Galaxy Z Fold 8 is so popular that Samsung is making an additional wide model www.sammobile.com/news/galaxy-...,2,Search: Samsung Z Fold,
bafyreicrfjujqxd4t5bdhtdmh22b3btp3wos57jtscrfr4ki4q3k2yz67m,bluesky,post,2026-08-17 10:17:31,Samsung Galaxy Z Fold 8 Excels in Video Quality—But There’s One Issue You Can’t Ignore #technology #video #motiondesign,0,Search: Samsung Z Fold,
bafyreiavj3kldi6tgjj53yjj64qbo5ahx4vfupt3wqj7e5wje67oq5tbv4,bluesky,post,2026-08-17 09:28:57,"Samsung Galaxy Z Fold 8 dayanıklılık testinden kötü haber

Katlanabilir akıllı telefon pazarı büyümesini sürdürürken, donanım bazlı temel mühendislik sorunları henüz çözülebilmiş değil. Son parçalarına ayırma testlerinde iç bileşenler korunsa da mekanik menteşe yapısının toz geçirgenliğine karşı…",0,Search: Samsung Z Fold,
bafyreia352mlceubdehnusvk3nsyt3dvcc5zk2vlrya2tnl5g7dlcb7doe,bluesky,post,2026-08-17 09:08:45,Why the iPhone Ultra might not drastically affect Galaxy Z Fold 8 sales at launch www.sammobile.com/news/iphone-...,0,Search: Samsung Z Fold,
bafyreihdkkprdlgjdmbchnsl7f5k26nvwx6dn4gcmgl7issqdi2qwtgudu,bluesky,post,2026-08-17 06:34:07,"The walls are coming down, but which side of the fence is better? We pit Apple and Google against each other across 14 essential categories to see who truly rules the smartphone space.",0,Search: Samsung Z Fold,
bafyreie7otkaqqpcbybbqwx7wxpvy3bnz4hgzp3birzfacryxvirqsc6wq,bluesky,post,2026-08-17 02:18:49,The Samsung Galaxy Z Fold 8 Is The Perfect Smartphone Form Factor press-start.com.au/r...,5,Search: Samsung Z Fold,
bafyreihsdvdfn5brdycsqh3hoszuyaziafram2vysxjwnzyhfyvvrf35eu,bluesky,post,2026-08-16 23:49:18,Engadget review recap: Samsung Galaxy Z Fold 8 Ultra,0,Search: Samsung Z Fold,
bafyreib6b43s374xqyhhwd3z3r24tukceb7e2e64hnfsjcr2l34gsjexp4,bluesky,post,2026-08-16 21:52:44,"9to5Google より

Samsung will reportedly make an extra one million Galaxy Z Fold 8 units
サムスンは、さらに1百万ギャラクシーZフォード8ユニットを作ることが報告されています",0,Search: Samsung Z Fold,
bafyreighrypk2s6xqtuodjprra3ogiwebnfs6jtadhvtgy7l3kvgofdbbm,bluesky,post,2026-08-16 20:26:03,A Samsung acertou finalmente nas proporções do Fold. Mas em Portugal estes dobráveis continuam a ser brinquedos caríssimos para um nicho muito específico.,0,Search: Samsung Z Fold,
bafyreihq25b6blievu3zpwnojwlti3cp2mtdlbiyvrixkechksxwhclyx4,bluesky,post,2026-08-16 21:33:50,"Google Pixel 11 Pro Fold et Samsung Galaxy Z Fold 8 Ultra : comparaison des smartphones pliables. 
Lire l'article complet sur : artia13.city 
#artia13 #Technologie",0,Search: Samsung Z Fold,
bafyreib6fwex4xzhkyv4r4i63ql6d33i6x4geekomql7ngb2mtwug73w4u,bluesky,post,2026-08-16 17:25:08,Samsung et Honor poussent le smartphone pliant à un niveau presque déraisonnable.,0,Search: Samsung Z Fold,
bafyreiftt6lqyrrs4ogo2ozytcdk4fcvkjue5z3p4jqdcn6t23q2lrqugm,bluesky,post,2026-08-16 12:04:12,"At nearly $2,000, choosing between Google's specs-first powerhouse and Samsung's refined, crease-free design isn't as simple as it looks.",0,Search: Samsung Z Fold,
bafyreignpjg6hykpgejg5o3b4ak6ylnayr2uc57tqfof675x5zngaoioqu,bluesky,post,2026-08-16 11:55:57,Engadget review recap: Samsung Galaxy Z Fold 8 Ultra,0,Search: Samsung Z Fold,
bafyreigu2i7sxovkaaiwzggghdf5umjgcut6eqtquaz3lnujpgn6r6s3ei,bluesky,post,2026-08-16 11:30:28,"Samsung Galaxy Z Fold8 and Galaxy Z Fold8 Ultra Review: The Right Shape
Nearly a decade after its debut, Samsung’s Galaxy Fold finally comes into its own.

🔗 https://hnow.live/a/8883b9af",0,Search: Samsung Z Fold,
bafyreifgo6slfqkne7ntfmdecggdhk3m3jpi2serlnmuga3hq4j3vpluiu,bluesky,post,2026-08-16 11:06:43,"📰 **Samsung Galaxy Z Fold8 and Galaxy Z Fold8 Ultra Review: The Right Shape**

Nearly a decade after its debut, Samsung’s Galaxy Fold finally comes into its own.

📰 Source: Feed: All Latest
🔗 Archive: https://web.archive.org/web/https://www.wired.com/review/samsung-galaxy-z-fold8-and-z-fold8-ultra/",0,Search: Samsung Z Fold,
bafyreidsmhsxejee53phiivptchcl45rxu7nohnk5tusqbrvk3zj4eft6i,bluesky,post,2026-08-16 09:29:55,"Samsung Galaxy Z Fold 8 Ultra Review: Not to be overlooked

You wouldn’t know it from the headlines, but Samsung launched two (2) new Galaxy Z Fold phones last month. The wide Fold 8 stole the show,...

🔗 https://www.madshrimps.be/news/samsung-galaxy-z-fold-8-ultra-review-not-to-be-overlooked/",0,Search: Samsung Z Fold,
bafyreidypqrul7yotihuinhfectxjrv62vuasccvm6mqkubhq74eyhyele,bluesky,post,2026-08-16 08:49:56,"I traded in my iPhone for the Samsung Z Fold 8, so I'm finally iOS-free.",0,Search: Samsung Z Fold,
bafyreidzzumofx65dzgan27biie563ys6l6bxfjkngbqwqzhpzuybcens4,bluesky,post,2026-08-16 07:56:35,"Samsung has released two new foldables this year, the Galaxy Z Fold 8 and the larger Galaxy Z Fold 8 Ultra.",0,Search: Samsung Z Fold,
bafyreicexketbrwjl27ssv4opotoutjvow5qn2z4tfdbh2i37ddgso3kpm,bluesky,post,2026-08-16 05:09:12,"The Samsung Galaxy Z Fold 8 features a new, shorter and wider design compared to previous models. It boasts an Advanced Armor aluminum frame, Gorilla Glass Victus 2, and a subtle crease. The device has an IP48 rating for water resistance. #GalaxyZFold8 #News",0,Search: Samsung Z Fold,
bafyreigysrkao7pkpzehkoo3jekiqrcqnqnuaelgxeffbp6t3czy56ulky,bluesky,post,2026-08-16 04:10:42,"It's an excellent phone, but there's more fun elsewhere",1,Search: Samsung Z Fold,
bafyreigpntytshoz3mjskdfhymfawanzw2fw5vhrskiewb5sgzmrhhvip4,bluesky,post,2026-08-16 05:44:42,"Test du Samsung Galaxy Z Flip 8 : des améliorations limitées par rapport au modèle précédent. 
Lire l'article complet sur : artia13.city 
#artia13 #Technologie",0,Search: Samsung Z Fold,
bafyreic73thw55m3w2zkixrkjlq332uokbf4laqke3qaeqbetgssi7ss7y,bluesky,post,2026-08-16 00:08:47,"Engadget review recap: Samsung Galaxy Z Fold 8 Ultra, Dell XPS 13 and more

A gadget story about usefulness, not just novelty.",0,Search: Samsung Z Fold,
bafyreieiduzlv35iimdchjohjhnhbqoyiifuhux4xu3zrzc4nrwqu6ay7i,bluesky,post,2026-08-16 00:07:53,"4 reasons why you should buy a Galaxy Z Fold 8, and 4 reasons why you should skip it

Samsung did a thing this year, making its foldables exciting again with the launch of the smaller, wider…...",0,Search: Samsung Z Fold,
bafyreidhuge7evfuvfv52tcai4scl6ga3izkwb4c7guz2kwsayazdfvsjq,bluesky,post,2026-08-15 20:13:54,I got a samsung galaxy fold recently and the gamesir controller. I'm finally getting around to installing rams like s and snes and then I found that there's all these english fan translations for games like the super nintendo dragon ball z Games. So now I can finally play those,1,Search: Samsung Z Fold,
bafyreih3ndw5pidm2uu3fxxwya2qxhozlqxjpg4stevopyo725zkxla324,bluesky,post,2026-08-15 20:03:04,https://hwcompass.cc/article/samsung-galaxy-z-fold-8-teardown-reveals-risks-7251310e?utm_source=bluesky&utm_medium=social,1,Search: Samsung Z Fold,
bafyreia6nw2ibonjst5bnacdsiba4khcwo4572eq2qcwqvu6i3jxdflv7i,bluesky,post,2026-08-15 17:46:14,"18 tech pubs reviewed the Samsung Galaxy Z Fold 8. 7 scored it an 80. 11 scored it 90+. One gave it a perfect 100.

All 18 still said buy it.

No argument about quality. The argument is about what kind of phone this is.
youtube.com/watch?v=lwoc...

#samsung #galaxyzfold8 #zfold8 #tech #review",0,Search: Samsung Z Fold,
bafyreiaqgcw4efieqq4jjsm2tvdrrm3patjvwtmhg6jb3ijfwtksfpyhfe,bluesky,post,2026-08-15 17:21:07,Ends 10-19-2026 Enter to Win a Samsung Galaxy Z Fold 8 & Galaxy Z Fold 8 Ultra swee.ps/fHctWH_eanBjKx,0,Search: Samsung Z Fold,
bafyreife3qmkz33ovgzeu75hhgls5c7t73gwhfai3qazpgix3wvl7pgd6m,bluesky,post,2026-08-15 17:12:51,"Galaxy Z Fold 8 Owners Can Get Two Years of Samsung Care+ for Just 9, But the Deadline Is Coming + Video

A Costly Foldable Screen Just Became Easier to Protect Buying a premium foldable smartphone is exciting, but there is one concern that can quickly take the shine off that experience: repair…",0,Search: Samsung Z Fold,
bafyreieulfdicdbaquuqrbsmqustusmm55x4x3olzvadmyiixsjgqvqcvi,bluesky,post,2026-08-15 16:41:30,Samsung saves you from costly Galaxy Z Fold 8 repairs with $200 off Samsung Care+ www.sammobile.com/news/samsung...,0,Search: Samsung Z Fold,
bafyreiba2domr7zei4ytrqpnhegh56uocbyobhws3dbo7bw7wwsa4nuyh4,bluesky,post,2026-08-15 15:49:15,Galaxy S26 FE to support Galaxy AI My FanCam feature www.sammobile.com/news/samsung...,0,Search: Samsung Z Fold,
bafyreiga5533ybajq23fuumxwkcjo4yswkigdh7yj66q54qyr7jv6pqvge,bluesky,post,2026-08-15 15:29:49,"With an eye-catching design and the same performance as its more expensive sibling, the Galaxy Z Fold 8 might be the foldable phone to beat in 2026.",0,Search: Samsung Z Fold,
bafyreicv4kjgndl3zrc5323p2ew5qoj47pb2lqq5waaphhur37nbddsrqq,bluesky,post,2026-08-15 15:29:20,"Galaxy Z Fold 8, Apple'ın en güçlü olduğu ülkede yok satıyor
Samsung, Galaxy Z Fold 8'in uzun süredir Apple'ın hakimiyetinde olan Japonya'da büyük ilgi gördüğünü söylüyor. Telefon, Samsung'un online mağazasında hızla tükendi.

haber.com",0,Search: Samsung Z Fold,
bafyreiadsflh2kyxw3c54ifooxe2vattmmjtll4lqu46jac7tssxyxv7w4,bluesky,post,2026-08-15 14:54:02,"I use the iPhone 16 Pro Max, and increasingly think my next smartphone will be a foldable. It looks like the form factor that will finally let me code on the go.

The Samsung Z Fold 8 and Oppo Find N6 are both pulling me in that direction. Let’s see what Apple offers next month.",0,Search: Samsung Z Fold,
bafyreibpvnbpah2r3yd6ihppbjr7dlslvjn7tf2w7fbfmouahq4hsnzjza,bluesky,post,2026-08-15 13:46:27,"Galaxy Z Fold 8 vende bem no Japão e desafia domínio da Apple

O Galaxy Z Fold 8 está vendendo bem no Japão, um dos mercados mais dominados pela Apple. O novo dobrável da Samsung esgotou rapidamente na loja online oficial do país, sinal de que a empresa pode estar finalmente furando o bloqueio da…",0,Search: Samsung Z Fold,
bafyreicdrdj2kz3czhmlu2upykieu3wlyjdz7wawacdosjal3bdxxztafy,bluesky,post,2026-08-15 12:15:07,"Engadget review recap: Samsung Galaxy Z Fold 8 Ultra, Dell XPS 13 and more

#Tech #Gadgets",0,Search: Samsung Z Fold,
bafyreiaaxiz4nxsiwxp6a4gio2i77flu3i3czxjl3jvgvyif243qblfnq4,bluesky,post,2026-08-15 12:12:21,"Samsung Galaxy Z Fold 8 Ultra and Dell XPS 13 (2026) fall short of expectations, while Samsung QS90H delivers strong bass without a separate subwoofer.",0,Search: Samsung Z Fold,
bafyreibpyurb6iibunfnj6jdm4si2wz6cysodyem4dbneb6u3zyye7r3uu,bluesky,post,2026-08-15 12:03:55,A roundup of recent reviews from Engadget.,3,Search: Samsung Z Fold,
bafyreiekr6y6bi5s6ytuvix2uifmjfy4xllwnj4to6frgerivw7uemvoeq,bluesky,post,2026-08-15 12:02:52,"📰 **Engadget review recap: Samsung Galaxy Z Fold 8 Ultra, Dell XPS 13 and more**

A roundup of recent reviews from Engadget.

📰 Source: Engadget - Technology News & Expert Reviews
🔗 Link: https://www.engadget.com/2237224/engadget-review-recap-samsung-galaxy-z-fold-8-ultra-dell-xps-13-and-more/",0,Search: Samsung Z Fold,
bafyreicrbef6ualxy4m6ymfghqonaxdbrwk7e7lt3dgcaesw4f3jglxsby,bluesky,post,2026-08-15 11:00:04,Samsung Galaxy Z Fold 8 Ultra Review: Not to be overlooked,0,Search: Samsung Z Fold,
bafyreid3o23tntw4qa5bbyy2qjc3l2qd54tocijc7364empukt3kakncxy,bluesky,post,2026-08-15 10:43:55,"Galaxy Z Fold 8 démonté : le meilleur pliant de Samsung cache encore un vrai problème

#rss-optimus #actualite #technologie #clubic

📰 Clubic - Mobilité et Téléphonie",0,Search: Samsung Z Fold,
bafyreih7duk6uj3a7cuwhd5y47drkrhyjb2nv27uytds5yhosdegeu4kvm,bluesky,post,2026-08-15 07:15:42,"At first glance, the Samsung Galaxy Watch 9 is primarily a refinement of the Galaxy Watch 8. The design is largely the same, but under the bonnet we find a new processor, a larger battery and several new health features. Is that enough to make the Watc...",0,Search: Samsung Z Fold,
bafyreifuk3enysneue2uwwqqp3zk5az5x54czu4khgjaip6em7swrzkale,bluesky,post,2026-08-15 05:48:11,"Even fold It up This is sinner then the Galaxy Z fold five 🤯

And unfolded?... 3.9 mm 🤯🥳

Damn Samsung your engineers got some mad skillz😂",0,Search: Samsung Z Fold,
bafyreibkiowzbalnjpn2vlr2c7pa4bdd4zurgx3kmya65lx3p66qiiqihy,bluesky,post,2026-08-15 05:42:59,"youtu.be/trsHTKqmZOk?...

This has been sold out for months but next year is supposed to be coming in the second generation wide release. 

Trifold phones!",0,Search: Samsung Z Fold,
bafyreiaw4wq6gzhyapkmhk4ayou3x22zg6uyz5q245qybe2waadjl3vwbi,bluesky,post,2026-08-15 05:38:30,"youtu.be/8Hx2yvWSgs0?...

MBKH is not only the tech guru he's also the electric car guru! 

He's also a friend of Cleo Abrams 

Nothing is quite so fun as watching a review of your folding phone by MBKH... On a folding phone... Unfolded of course 😂",0,Search: Samsung Z Fold,
bafyreieytjwvzripguhjfoh33evgo3aqzo7ucfw2cszwsjsa27tbeu2cgy,bluesky,post,2026-08-15 03:11:46,"9to5Google より

Samsung will reportedly make an extra one million Galaxy Z Fold 8 units
サムスンは、さらに1百万ギャラクシーZフォード8ユニットを作ることが報告されています",0,Search: Samsung Z Fold,
bafyreic7b4urkmafco6b4bbf4khnwaeybkgwjogrbvl3pn6lagsiwnh6va,bluesky,post,2026-08-15 01:37:04,Blickt ihr noch durch?,0,Search: Samsung Z Fold,
bafyreidinvg44pt2m3vauu6mqmaw5klq5f6qtkwk66vursxcm3yeuqdmxy,bluesky,post,2026-08-15 00:53:39,"Das Samsung Galaxy Z Fold 8 wird als Foldable-Smartphone aufgeklappt zum waschechten Mini-Tablet. Wir zeigen, warum der neue Formfaktor so genial ist. | heise online bestenlisten",1,Search: Samsung Z Fold,
bafyreicf3faaffiha5jbue4vsgqj3d5qrcmmsi2gng6w3khfgz3jg5sdua,bluesky,post,2026-08-14 23:51:37,"Review: Galaxy Z Fold 8 é uma agradável nova experiência

Confira o que achamos do novo dobrável da Samsung em todos os detalhes!...",0,Search: Samsung Z Fold,
bafyreifdbp2dqaw4m3676ahimqu6vvz7jlnqlmgln4ewproh3yw7zgryba,bluesky,post,2026-08-14 23:51:13,"Review: Galaxy Z Fold 8 é uma agradável nova experiência

Confira o que achamos do novo dobrável da Samsung em todos os detalhes!...

https://www.showmetech.com.br/review-galaxy-z-fold-8-e-uma-agradavel-nova-experiencia/",0,Search: Samsung Z Fold,
bafyreidfp3hcsaq6gfssq5vd2w7x7ddndkvw4wswzmudf2z6lgg5rtng44,bluesky,post,2026-08-14 18:04:45,"Samsung Galaxy Z Fold 8 Ultra review: The ultra foldable with an ultra price: The Samsung Galaxy Z Fold 8 Ultra represents another step in the company's evolution of foldable phones, though it's more of a refinement than a revolution. At $2,100, it's priced as an ult… https://ranked.news/1247693?u=b",0,Search: Samsung Z Fold,
bafyreigkstnvcojlnxcuyo3lwpyztylpkxedwilhntkxtksp4dsqjhk524,bluesky,post,2026-08-14 17:03:13,Galaxy Z Fold 8 storage upgrades are a bit cheaper in the UK for a limited time www.sammobile.com/news/galaxy-...,0,Search: Samsung Z Fold,
bafyreiet5kz6q2z2lkdtpf7c2adxuvyjws2eindihq3v4hkhbhbm3eijmy,bluesky,post,2026-08-14 16:58:41,Ends 10-19-2026 Enter to Win a Samsung Galaxy Z Fold 8 & Galaxy Z Fold 8 Ultra swee.ps/fHctWH_eanBjKx,1,Search: Samsung Z Fold,
bafyreigvrxok77nr2wukvkslq56wc7ya7vp2mcthbn4xterdmo6k2x7xtu,bluesky,post,2026-08-14 16:52:15,"Samsung Galaxy Z Fold 8 Is Turning Heads in Japan — And Apple’s Stronghold May Finally Be Facing a Serious Challenge + Video

A Surprising Shift in Japan’s Smartphone Battlefield Japan has long been one of Apple’s most loyal smartphone markets, a place where the iPhone has built an unusually strong…",0,Search: Samsung Z Fold,
bafyreidh4xnlwlb3ogrq6aoshbbxx2rgr3x6enev6uqew45tzlv6ubp7ea,bluesky,post,2026-08-14 16:18:15,Galaxy Z Fold 8 is crushing it in one of Apple’s top markets www.sammobile.com/news/galaxy-...,1,Search: Samsung Z Fold,
bafyreieqqxwstduxuoibx6ub5qrc642uiuzvhb2vnwl4hohkpdbhhms7z4,bluesky,post,2026-08-14 16:03:34,Samsung Galaxy Z Fold8 vs Galaxy Z Fold8 Ultra: qual o dobrável certo para ti? www.otakupt.com/review/samsu...,0,Search: Samsung Z Fold,
bafyreigabxgjkoboh2keeitbrtbvuehcu6kv34pjkdcff3dflhk6lcr774,bluesky,post,2026-08-14 16:00:06,arstechnica.com/gadgets/2026...,0,Search: Samsung Z Fold,
bafyreieesdlqipx774bbyejnir6oqj4uxeetpyr7v53qd3s7sdb7zyjple,bluesky,post,2026-08-14 16:00:00,"De Samsung Galaxy Z Fold 8, Z Fold 8 Ultra en Z Flip 8 zijn nu een paar weken te koop. Vanwege de lancering kun je bij veel aanbieders profiteren…",0,Search: Samsung Z Fold,
bafyreiecwvhbshgq43kyg54jya4ow7z47xm3usg73qit7g6r5wombgfzju,bluesky,post,2026-08-14 15:48:00,"Samsung Galaxy Z Fold 8's hinge suffers significant damage from dust, as demonstrated by iFixit's teardown. #GalaxyZFold8DustIssues https://fefd.link/jDFZq",0,Search: Samsung Z Fold,
bafyreidsh43fr3m5faflycqfeyup3ebms7e7yphcnthmtp5mdiag4d2hqm,bluesky,post,2026-08-14 14:55:45,The Samsung Galaxy Z Fold 8 is the tablet I’ve always wanted www.sammobile.com/opinion/sams...,0,Search: Samsung Z Fold,
bafyreihkm4ctefdggcfh6xqhasiouj5poewgcikp4uyiv4hbjftv55ghde,bluesky,post,2026-08-14 14:53:07,www.techradar.com/phones/ifixi...,0,Search: Samsung Z Fold,
bafyreibinw3hjo5kalgskwkmtyjxqzx2ng2gdtpp7bvx5npa64qkvyxjve,bluesky,post,2026-08-14 14:19:14,"Das Samsung Galaxy Z Fold 8 wird als Foldable-Smartphone aufgeklappt zum waschechten Mini-Tablet. Wir zeigen, warum der neue Formfaktor so genial ist. | heise online bestenlisten",1,Search: Samsung Z Fold,
bafyreifyfqz3hkyknuns4oxgsoy6jnt5ychafd7z4uktjrww3qebyfbeuy,bluesky,post,2026-08-14 14:10:34,Samsung Galaxy Z Fold 8 im Test: Ein echtes Tablet für die Hosentasche,0,Search: Samsung Z Fold,
bafyreieuh746w4mefndzvnu7aakoz36om2pkkdces25k3wx5pym5y7f63u,bluesky,post,2026-08-14 14:00:40,"9to5Google より

Samsung cuts Galaxy Z Fold 8 trade-ins & deals on release day – here’s where to get the best price now
Samsung Cuts Galaxy Z Fold 8 trade-ins & deals on release day – here’s where to get the best price now",0,Search: Samsung Z Fold,
bafyreia52avmo5zbhuo6tzvv4d26d7i5sr5esjxjnbnmqfenhxdorvh4gu,bluesky,post,2026-08-14 13:14:53,"The Galaxy Z Fold 8 Ultra is here with a hefty price tag, but does it deliver on the ""Ultra"" promise? We break down its impressive hinge, powerful performance, and surprising camera limitations. Find out if it's worth the hype.

https://www.tpp.blog/ge8l457

#technology #galaxyzfold8ultra #samsung",0,Search: Samsung Z Fold,
bafyreih6jes4xvo4d65frgryjtrmwxate246s63q33ruytoci7dtvewyna,bluesky,post,2026-08-14 13:00:15,#ArsTechnica #Tech Samsung Galaxy Z Fold 8 Ultra review: The ultra foldable with an ultra price https://arstechni.ca...,0,Search: Samsung Z Fold,
bafyreifwholajga2out6uxbvcb5vjmzxretyae3qydli2j6aascina4fjq,bluesky,post,2026-08-14 12:35:31,Samsung didn't have to change much this year because its hardware is just that good.,1,Search: Samsung Z Fold,
bafyreicpks636j3qgfcppqnie4ztd6nrx5rmbix2uyddwl4gbyboydnmma,bluesky,post,2026-08-14 12:31:48,"📰 iFixit revela fragilidade da dobrável Samsung Galaxy Z Fold 8: poeira destrói a dobradiça

Um desmontagem feita pelo iFixit mostrou que partículas de areia podem danificar irreversivelmente a dobradiça do Galaxy Z Fold 8, levantando preocupações sobre durabilidade e...

#smartphone #tecnologia",0,Search: Samsung Z Fold,
bafyreiajvptdtnspvvn4pd3hfwgvd74l7t4ipyv3znpa4lr2drz3iwllsm,bluesky,post,2026-08-14 12:31:01,"Samsung Galaxy Z Fold 8 Ultra review: The ultra foldable with an ultra price - Ars Technica

#USNews #Politics #NationalNews",0,Search: Samsung Z Fold,
bafyreicx6vmlwgfm5gkdu6v32dbk5hxlnzdvn52qoww5etxcohwc2wt42m,bluesky,post,2026-08-14 12:04:32,"De Samsung Galaxy Z Fold 8 is pas een paar weken uit, maar nu al honderden euro’s goedkoper op te pikken. Hiernaast krijg je bij Odido zelfs een gratis Samsung…",0,Search: Samsung Z Fold,
bafyreialgfuewnx5fzak4ndplv4soila44iiiyoxpwykfydpuowv4y4l54,bluesky,post,2026-08-14 12:01:23,iFixit showed the shocking damage dust can do to the Samsung Galaxy Z Fold 8 — and the iPhone Ultra needs to solve this https://cstu.io/9c3074 #love #marketing #future,1,Search: Samsung Z Fold,
bafyreieqsm2bolvn5a6vcj5enrikpdzvjtapxqxtyv2kecbodr6b35qwfm,bluesky,post,2026-08-14 11:50:17,"Samsung Galaxy Z Fold 8 Ultra review: The ultra foldable with an ultra price
->Ars Technica | More on ""Samsung Galaxy Z Fold 8 Ultra"" at BigEarthData.ai",0,Search: Samsung Z Fold,
bafyreicmr2fhd5nvmvwg4pjswluk3i234iewe5na5wqcbze3s4rt22l53e,bluesky,post,2026-08-14 11:41:28,"Galaxy Z Fold 8 Repairability Score Is Far From Great — Here Are the Details
www.androidheadlines.com/2026/08/gala... #GalaxyZFold8 #Samsung #Android",1,Search: Samsung Z Fold,
bafyreiaavakkhmx5j3sg5zzy3i3jwsm6ze6tvjymgzqjsajjtb6lbetpfu,bluesky,post,2026-08-14 11:08:48,"📰 **Samsung Galaxy Z Fold 8 Ultra review: The ultra foldable with an ultra price**

Samsung didn't have to change much this year because its hardware is just that good.

📰 Source: Ars Technica
🔗 Link […] 

[Original post on igeek.gamer-geek-news.com]",0,Search: Samsung Z Fold,
bafyreifh3ga6salz3vpihj26g4uwjpnvfsqa5hd7ol6zfyj3ioegzgnggq,bluesky,post,2026-08-14 11:04:21,Samsung Galaxy Z Fold 8 Ultra review: The ultra foldable with an ultra price Samsung didn't have to change much this year because its hardware is just that good. https://arstechnica.com/gadgets/2026/08/samsung-galaxy-z-fold-8-ultra-review-the-ultra-foldable-with-an-ultra-price/,0,Search: Samsung Z Fold,
bafyreihanhgakjuuah7bjwp7xzqp5thcyp5dmilraydrq6szb6c7yqui2i,bluesky,post,2026-08-14 10:52:59,"Samsung Galaxy Z Fold 8 and Z Fold 8 Ultra Are Getting Their First Security Update
www.androidheadlines.com/2026/08/sams... #GalaxyZFold8 #GalaxyZFold8Ultra #Samsung",0,Search: Samsung Z Fold,
bafyreielsnv4p3tx3lhb52vzyokt2vol2za4o7nbe2xxlm7dsql4dycqzy,bluesky,post,2026-08-14 10:50:03,"I’ve spent a lot of time using the Samsung Galaxy Z Fold 8, and many of the so-called cons pale in comparison to how good this foldable phone actually feels and and works in everyday life.

Here’s my updated pros and cons 👉 tom-s-guide.visitlink.me/LHl5FM",0,Search: Samsung Z Fold,
bafyreig4urfbhpm3spvcrdrlmtzwkrnjspaq6zitsv7abt7tcb7q7xzmbu,bluesky,post,2026-08-14 10:25:37,Amazon brade déjà le nouveau Samsung Galaxy Z Fold 8 avec son format passeport si séduisant : plus de 400 € de remise,1,Search: Samsung Z Fold,
bafyreicvq7yxeqrmuun7eezefypvfoxtxqpdvgedbhzlfptdllzfztxkmy,bluesky,post,2026-08-14 08:55:48,"記事の要約: 折りたたみスマホのバトルがさらに激化しています！Googleが新たに発表した「Pixel 11 Pro Fold」は、Samsungの「Galaxy Z Fold8」に真っ向勝負を挑みました。価格はほぼ同じですが、Pixel 11 Pro Foldは大きなディスプレイと高性能カメラを備え、特に「画面の活用性」に重きを置いています。

最近、折りたたみスマホが急増しているのは、私たちのライフスタイルにぴったりフィットするからかもしれませんね。特に、外出先でのマルチタスクがしやすくなる点は、日常をより便利にしてくれそうです。

さらに、Appleの折りたたみiPhoneの噂もあり、…",0,Search: Samsung Z Fold,
bafyreickrzi35n3wc6w6z2fvpzn7rtsih4mbjarnjaxvup2dmwwgx2vqwe,bluesky,post,2026-08-14 08:55:48,「11 pixel pixel 11」に関する記事です: https://finance.biggo.jp/news/d9455f3a-b2cd-4168-ad14-82c8d59d721b,0,Search: Samsung Z Fold,
bafyreihldv65u6a6zabjqpjr5c5obqbj7u5vqgkejwozrlt7gvjqndb6qu,bluesky,post,2026-08-14 06:49:43,"Samsung erlebt einen Ansturm auf das Galaxy Z Fold 8. Die Nachfrage ist so hoch, dass der Hersteller eine Million zusätzliche Geräte produziert.",1,Search: Samsung Z Fold,
bafyreihevcgofdlwnxvcmngv6ah5ch4flmph6tsoutsvzb54odyolnzvyi,bluesky,post,2026-08-14 05:36:22,"Should Samsung bring back the Spen for the Galaxy Z Fold lineup?

Personally I'd like to see it return",1,Search: Samsung Z Fold,
bafyreibwtmhsqlxcfglqzsu5fljagaq3v57tl4ckmesc43u36q6ceg6qmy,bluesky,post,2026-08-14 04:31:35,"Das Samsung Galaxy Z Fold8 ist mit über fünf Millionen Vorbestellungen ein voller Erfolg, trotz hohem Preis. Wie die Reparatur-Experten von iFixit zeigen, hat das Scharnier des Smartphones aber ein gravierendes Problem, während sich Reparaturen ausgesprochen schwierig gestalten.",1,Search: Samsung Z Fold,
bafyreidwxq756ys3kfgc3ccthewo5lhhdhiyaqx4rgkcnbripd6salme7q,bluesky,post,2026-08-13 22:17:12,"Über fünf Millionen Vorbestellungen – doch der iFixit-Teardown trübt den Erfolg: Das Scharnier bereitet Sorgen, Reparaturen sind zudem ausgesprochen schwierig. https://www.notebookcheck.com/1368038.html #Samsung #GalaxyZFold8 #iFixit",1,Search: Samsung Z Fold,
bafyreidz5v42p655zv7iuatzgqgxpxlvlchyby5ogkprzvw7z6clin5qdm,bluesky,post,2026-08-13 19:52:11,"9to5Google より

Samsung will reportedly make an extra one million Galaxy Z Fold 8 units
サムスンは、さらに1百万ギャラクシーZフォード8ユニットを作ることが報告されています",0,Search: Samsung Z Fold,
bafyreie7fnmkere3rkse5mpcu5ady5pij27ucy3rzc7qox26aoyq2g7uum,bluesky,post,2026-08-13 17:43:07,"Samsung Galaxy Z Fold 8 Ultra: Best Folding Phone with Enhanced Battery and Software

🤖 IA: It's not clickbait ✅
👥 Users: It's not clickbait ✅

#folding_phones #samsung_galaxy #android_devices 

View full AI summary:",1,Search: Samsung Z Fold,
bafyreih4sbfefbfe3royfgrz74sf636ymtpeiqrkgb2cxuhxshkqx5itlm,bluesky,post,2026-08-13 18:58:49,Trotz aktivierter 24 MP fotografiert das Galaxy Z Fold8 (Ultra) oft nur mit 12 MP. Samsung nennt hohe Temperaturen als Grund für die automatische Drosselung. https://www.notebookcheck.com/1368040.html #Samsung #GalaxyZFold8 #Smartphone,1,Search: Samsung Z Fold,
bafyreibv4imszzwj364eebe5tgeg2jksmpeng46cqqwxrkgniwdcivdev4,bluesky,post,2026-08-13 18:58:46,"Seeing 12 MP photos despite choosing 24 MP? Samsung says the Fold8 may lower resolution as temperatures rise, prioritizing thermal control over maximum detail. https://www.notebookcheck.net/1368044.html #Samsung #GalaxyZFold8 #MobilePhotography",2,Search: Samsung Z Fold,
bafyreieliyn2brnigcdrn5drh6bxxbbwsiq5r3m3zckqitpioktnwtuu6u,bluesky,post,2026-08-13 16:56:37,"9to5Google より

Galaxy Z Fold 8 is convincing Z Flip owners to switch, Samsung says
Galaxy Z Fold 8はZフリップの所有者を切り替えるよう説得しています, サムスンは言う",0,Search: Samsung Z Fold,
bafyreicqr3pmkwnupujkpjuefakojymp5hxrewasr75uhmi7pera7ksnju,bluesky,post,2026-08-13 15:44:37,"With its wide 4:3 inner screen, the passport-shaped Samsung Galaxy Z Fold 8 makes it easier than ever to read, write, game, and even work on mobile.",0,Search: Samsung Z Fold,
bafyreihoy5ehkvggzzb76qa3okppbvgq2c2sxpq5ioxsye2mykc3tspgtq,bluesky,post,2026-08-13 14:55:29,"samsung's fancy $1,900 fold phone still has a major design flaw: it can't handle dust and sand https://www.theverge.com/tech/979421/ifixit-samsung-galaxy-z-fold-8-hinge",0,Search: Samsung Z Fold,
bafyreihbq6l4qy3burzl4bo2w25cmbfemd7dbbdah4qjpsplf5ohyroqqm,bluesky,post,2026-08-13 14:42:48,"Galaxy Z Fold 8 em mãos: o que realmente mudou no novo Samsung?
https://video.canaltech.com.br/video/galaxy-z-fold-8-em-maos-o-que-realmente-mudou-no-novo-samsung/?utm_source=flipboard&utm_medium=activitypub 

Posted into Tecnologia @tecnologia-FlipboardBR",0,Search: Samsung Z Fold,
bafyreihpxzf4qyimdvkdatwlnpxgqj3opmxaok67nslcwhh5w43ko4awze,bluesky,post,2026-08-13 14:35:34,"9to5Google より

Samsung cuts Galaxy Z Fold 8 trade-ins & deals on release day – here’s where to get the best price now
Samsung Cuts Galaxy Z Fold 8 trade-ins & deals on release day – here’s where to get the best price now",0,Search: Samsung Z Fold,
bafyreihm7glo4crs35dajtb32oncjq6zbbkqtke63q3cqpv2ikvzakbqcy,bluesky,post,2026-08-13 14:13:53,Ends 10-19-2026 Enter to Win a Samsung Galaxy Z Fold 8 & Galaxy Z Fold 8 Ultra swee.ps/fHctWH_eanBjKx,0,Search: Samsung Z Fold,
bafyreigkjbz7t5e5rqqwf4u74xick3uqu2j6333rsu4tdskbt32iwrq7ua,bluesky,post,2026-08-13 14:12:56,"Prise en main du Google Pixel 11 Pro Fold : une déception après la sortie du Galaxy Z Fold 8 de Samsung, avec peu de changements de design, donnant l’impression que Google se repose sur ses acquis cette fois-ci",0,Search: Samsung Z Fold,
bafyreieeah63edwzviba47rcoh3q37lamd65fjgmygmdp7rgjofic4m6ly,bluesky,post,2026-08-13 14:11:20,"📰 **Samsung ’s $1,900 Z Fold 8 is still vulnerable to pocket lint**

iFixit has provisionally given Samsung's Galaxy Z Fold 8 a repairability score of 4 out of 10, which largely hinged on… well, the hinge. In its teardown of the device, iFixit found that because it ...

📰 Source: The Verge
🔗 […]",0,Search: Samsung Z Fold,
bafyreialwsbkeo5cpeke7pcjmudnj64c6i3p2eexrvhgpddeyfsihwi3wa,bluesky,post,2026-08-13 14:03:47,Samsung Galaxy Z Fold 8’s iFixit teardown highlights serious repair flaws,4,Search: Samsung Z Fold,
bafyreidxjhad7bt4ryo3gtg3p75rzj57kc2ybfv3babutlgl6fmbp4re4m,bluesky,post,2026-08-13 13:57:56,"9to5Google より

Samsung insists the Galaxy Z Fold 8 is ‘perfect’ for ‘full-screen’ video – it’s not
サムスンは、ギャラクシーZフォールド8が「フルスクリーン」ビデオのための「完璧」であることを主張 - それはではありません",0,Search: Samsung Z Fold,
bafyreigjzghsrkest2olcw6ili3kgi33z3deeqqmhp5cbjvwqj6d6vp7jq,bluesky,post,2026-08-13 13:56:00,"Cihaz, yakın zamanda tanıtılan Samsung Galaxy Z Fold 8'e benzer bir tasarım benimsemekte, ancak ekrandaki kat izini daha iyi gizleyerek büyük beklenti yaratmakta.

#ABD #Samsun #Apple #iPhoneUltra #Ekonomi #Logcomtr

Daha fazlası: https://t.me/ensonhbr",0,Search: Samsung Z Fold,
bafyreiaoicd4ukd5h4winwbusdwbdqkkiuul2zc5cngsraqolrysinsi7m,bluesky,post,2026-08-13 13:20:18,"Samsung розкрила деталі One UI 9.0 на Android 17.

Стабільна версія восени для S23–S26, Z Fold/Flip, A, M, F, Tab S, XCover. Нові Now Nudge, Voice Photo Assist, My FanCam, Ask AI в браузері, підтримка 3 застосунків одночасно, посилений захист даних.
#Samsung #OneUI9 #Android17 

👉 t.me/dplse/886",1,Search: Samsung Z Fold,
bafyreiccvotz2ris6dpilzbyqcw3a6gj7qhchugliok6veywzzeevfcvma,bluesky,post,2026-08-13 13:02:12,"Google Pixel 11 vs Samsung Galaxy Z Fold 8: I compared the latest flagships - here's my take

The Pixel 11 and the Galaxy Z Fold 8 offer very different user experiences. Which is for you? Here's how they compare.
#hackernews #news #samsung",0,Search: Samsung Z Fold,
bafyreic4y542u4b5fil43odegqkax56foppn5hqsxrgg6sw3qa2t6end6m,bluesky,post,2026-08-13 12:21:20,Another top Android brand is joining the wide-screen foldable bandwagon,3,Search: Samsung Z Fold,
bafyreig2ja42bds5wwpr6y5aund2wfsov3h73b24aw77qrsg7phuxjxsom,bluesky,post,2026-08-13 12:21:19,"Pixel 11 Pro Fold vs Samsung Galaxy Z Fold 8: I'm a fan of both foldables, but this one wins

Samsung's Galaxy Z Fold 8 is one of my favorite phones of the year. Here's how it compares to Google's new book-style foldable.
#hackernews #news #samsung",0,Search: Samsung Z Fold,
bafyreih6o4kuzfjaxuvq5diqordjyhlqiflvm22eatz3qzgi6sm3irvw4m,bluesky,post,2026-08-13 11:40:20,"Pixel 11 Pro Fold vs Samsung Galaxy Z Fold 8 Ultra: How the big Android foldables compare

Google's new Pixel 11 Pro Fold comes hot on the heels of Samsung's successful Ultra foldable. Here's how the two stack up.
#hackernews #news #samsung",0,Search: Samsung Z Fold,
bafyreiany3fc6xg6ql5itabxvzjukctsuwu25woaqaitlavkvviplnoysy,bluesky,post,2026-08-13 10:26:45,"Vorig jaar stelde Samsung met zijn TriFold nog dat die wel 200.000 keer vouwt, maar dit jaar doet het geen uitspraken over hoe vaak je zijn vouwbare toestellen kunt vouwen.…",0,Search: Samsung Z Fold,
bafyreibjz6vklygiseupz3igg23b2dc5et7ofxqnw2diymld3gru5ogahm,bluesky,post,2026-08-13 09:16:56,"I saw the Google Pixel 11 Pro Fold - and found 3 key reasons to buy it over Samsung

It's not as cutesy and charming as the Galaxy Z Fold 8, but the latest Pixel foldable is still the top choice for key aspects.
#hackernews #news #samsung",1,Search: Samsung Z Fold,
bafyreifzpeqqkq2vlpbqpja7q5rnj4gc4p22mbj2bhh3fw4bxaekljfcda,bluesky,post,2026-08-13 09:11:26,"Samsung Galaxy Z Fold 8 and Z Fold 8 Ultra Get a Major August Security Boost as Thermal Fix Looms + Video

A Quiet Update With a Serious Security Mission Samsung's newest foldable flagships are already receiving an important software update, and while the download may not bring a flashy new feature…",0,Search: Samsung Z Fold,
bafyreibkg4nvi7objhqqsok2hsfx72owr7y46p7j6qepbgdnnj3ppj4tfu,bluesky,post,2026-08-13 08:39:15,Samsung updates Galaxy Z Fold 8 series with August 2026 security patch www.sammobile.com/news/samsung...,1,Search: Samsung Z Fold,
bafyreidkswipowgk65wpnjg3dyymrnc5rz4w7gw2g3yriomo3fcezm4dcy,bluesky,post,2026-08-13 08:36:55,"9to5Google より

Samsung will reportedly make an extra one million Galaxy Z Fold 8 units
サムスンは、さらに1百万ギャラクシーZフォード8ユニットを作ることが報告されています",0,Search: Samsung Z Fold,
bafyreieemd6uinqjcjxmzdmxwdyrewvarcw67lcjgp2ypb4g6vrrdvaely,bluesky,post,2026-08-13 08:26:45,"Vorig jaar stelde Samsung met zijn TriFold nog dat die wel 200.000 keer vouwt, maar dit jaar doet het geen uitspraken over hoe vaak je zijn vouwbare toestellen kunt vouwen.…",0,Search: Samsung Z Fold,
bafyreiea6kqaycldrvdxzhd522feg3sn6fxxz4hgy5daeezqf6kesasjz4,bluesky,post,2026-08-13 07:44:24,"With its wide 4:3 inner screen, the passport-shaped Samsung Galaxy Z Fold 8 makes it easier than ever to read, write, game, and even work on mobile.",1,Search: Samsung Z Fold,
bafyreibdalnm4adujhtcsfwny5f7f4mbrvyd3elqhe5ycpasb4xk3lgoxi,bluesky,post,2026-08-13 07:34:54,Update! Galaxy Z Fold8 https://kimagurenote.net/kn/Galaxy_Z_Fold8 - /* 文字入力（スクリーンキーボード） */ 標準の Samsung Keyboard が非常に使いにくかったので試行錯誤し、「Gboard」と「AquaMozc 外部キーボード用」の使用例を追加。,0,Search: Samsung Z Fold,
bafyreigue7z24b5wh3omrktcnbb64d7cv5ljgxiztsuqp47ore45etogji,bluesky,post,2026-08-13 07:25:41,"9to5Google より

Samsung confirms Galaxy Z Fold 8’s record-breaking sales numbers as pre-order deals are ending
サムスンは、プリオーダーの契約が終了しているとしてギャラクシーZフォード8の記録的な販売番号を確認",0,Search: Samsung Z Fold,
bafyreievd73m3tx23imgj35qw3ge2j4izyal4mc7jsqra547hs4tub5zme,bluesky,post,2026-08-13 07:11:25,Samsung Galaxy Z Fold 8 Ultra review: the top dog of folding Androids,10,Search: Samsung Z Fold,
bafyreifqcgqemp74oieuxjk7u6dulb7jj3onanzvawsf6h5p7v45boghj4,bluesky,post,2026-08-13 07:10:50,The Guardian rewards irreparable e-waste with five star review www.theguardian.com/technology/2...,0,Search: Samsung Z Fold,
bafyreihs4p3x2s7hjmrj4da7xr3gr2tcainq6sqmkmnum6tpkezkhw74o4,bluesky,post,2026-08-13 06:22:51,Samsung Galaxy Z Fold 8 Ultra review: the top dog of folding Androids,0,Search: Samsung Z Fold,
bafyreid27k2x3gljr4psqddt2tud7kqyhvmbyiep7qbqarxixiqd5tbnhe,bluesky,post,2026-08-13 06:00:50,"Samsung Galaxy Z Fold 8 Ultra review: the top dog of folding Androids

With great software and battery for two days, the pricey svelte folder strikes best balance between phone and tabletSamsung’s top folding phone for 2026 is its first to carry the “Ultra” moniker in its name, packing a much...",0,Search: Samsung Z Fold,
bafyreiczbzwfehoqqcpa6mqbqnwmpae6suoytbhz5httlfuthffyc4dd3m,bluesky,post,2026-08-13 03:40:20,"Pixel 11 Pro Fold vs Galaxy Z Fold 8: How Google and Samsung’s foldables stack up

Samsung and Google have increasingly different approaches to folding phones. Read&#160;More

🔗 https://www.madshrimps.be/news/pixel-11-pro-fold-vs-galaxy-z-fold-8-how-google-and-samsungs-foldables-stack-up/",0,Search: Samsung Z Fold,
bafyreidntzfcvuntbi7fms7zxwn47a42rlzeepaek2c4st3ogiazats4bi,bluesky,post,2026-08-13 00:46:25,"9to5Google より

Galaxy Z Fold 8 is convincing Z Flip owners to switch, Samsung says
Galaxy Z Fold 8はZフリップの所有者を切り替えるよう説得しています, サムスンは言う",0,Search: Samsung Z Fold,
bafyreihsqelbd6kv3pdr4vxd3lnkwkhr5j65yg4mccbou3iwfoqulztt6q,bluesky,post,2026-08-12 23:00:23,"With the Galaxy Z Fold 8, Samsung has introduced a new form factor that is not only incredibly sleek but also a lot of fun to use.",0,Search: Samsung Z Fold,
bafyreidfr7j7c4r27le3pvcqktgbzbk4abrffqpllmo3zsr2dro73a6lxi,bluesky,post,2026-08-12 22:49:51,"Foldable phones are definitely improving
flip.it/tMr90h",0,Search: Samsung Z Fold,
bafyreiagifk2utvymrcsszpucjs4x64k6rezkikgnbzbhmsouewen5fa7y,bluesky,post,2026-08-12 22:21:23,"9to5Google より

Samsung cuts Galaxy Z Fold 8 trade-ins & deals on release day – here’s where to get the best price now
Samsung Cuts Galaxy Z Fold 8 trade-ins & deals on release day – here’s where to get the best price now",0,Search: Samsung Z Fold,
bafyreicwi7oi2ep2hhkfp4xrr6wh2mggbt3fx3sm6q3dby2we2azhq7iee,bluesky,post,2026-08-12 22:07:46,"9to5Google より

Samsung insists the Galaxy Z Fold 8 is ‘perfect’ for ‘full-screen’ video – it’s not
サムスンは、ギャラクシーZフォールド8が「フルスクリーン」ビデオのための「完璧」であることを主張 - それはではありません",0,Search: Samsung Z Fold,
bafyreif6wog74p7r6w7r2e2u7yf6yhruhiafsooxkkfhwbkxxvdu6grkxu,bluesky,post,2026-08-12 21:47:41,"""Meet Galaxy Z Fold8! Samsung's new foldable phone is a game changer with its unique screen ratio! #JapanTech #Gadgets #FoldableF...
📖 https://www.gizmodo.jp/article/samsung-galaxy-z-fold-8-review-the-most-fun-phone-in-ages/
🛒 https://www.amazon.com/s?k=Galaxy+Z+Fold8&tag=japantrend-20 #ad",1,Search: Samsung Z Fold,
bafyreibcvevfkkjyqfe7yxfs25z3ropq7eeblfirwfcjdktdvhmofdruia,bluesky,post,2026-08-12 21:22:45,"Durability is perhaps the single-biggest hesitation about folding phones, but Samsung has proven time and time again that its foldables...",1,Search: Samsung Z Fold,
bafyreighygnr65mt3xycmfm5sunebfrzqnjren3rky5ymlwfst34jerpye,bluesky,post,2026-08-12 20:54:13,"If you've got a Samsung Galaxy S26 and are considering an upgrade, there are a number of good reasons to upgrade to Samsung's Galaxy Z Fold.",0,Search: Samsung Z Fold,
bafyreidcliqroroj5xbn2biumykdbfe3vvtwklp7lg7lewenggfj7dz7e4,bluesky,post,2026-08-12 19:30:28,"9to5Google より

Samsung will reportedly make an extra one million Galaxy Z Fold 8 units
サムスンは、さらに1百万ギャラクシーZフォード8ユニットを作ることが報告されています",0,Search: Samsung Z Fold,
bafyreif7netljjf6y6hmlwjyvvczy4xft27omwkgk3556v2pncqibikcum,bluesky,post,2026-08-12 19:12:45,"9to5Google より

Samsung confirms Galaxy Z Fold 8’s record-breaking sales numbers as pre-order deals are ending
サムスンは、プリオーダーの契約が終了しているとしてギャラクシーZフォード8の記録的な販売番号を確認",0,Search: Samsung Z Fold,
bafyreiaafuv6vpdloih3xtifeqf7k5mooxiffqbg7krju4nxvgxax5uyau,bluesky,post,2026-08-12 19:10:14,Samsung Galaxy Z Fold 8 on it's way. No Ultra.,0,Search: Samsung Z Fold,
bafyreichp4eldwd5kqoq2mmvtgcqh5wjzkoerctovps5apwyazjaqstkw4,bluesky,post,2026-08-12 17:55:02,"Samsung Galaxy Z Fold 8 вече е по-тънък, по-лек и по-удобен за работа със затворен екран. Подробният триседмичен тест показва как се представят двата дисплея, Snapdragon 8 Elite Gen 5, камерите, батерията и One UI 9, както и какви компромиси... #смартфони #Samsung digitalera.bg/samsung-gala...",0,Search: Samsung Z Fold,
bafyreicl37hy4qhrqmudp2vqwibnlrj4eksqns2dp2uetsjffymoamwoiq,bluesky,post,2026-08-12 17:28:49,"google's pixel 11 pro fold is getting some attention for its unique design, which looks more like a passport than the usual tall-fold style popularized by samsung recently. curious to see ... https://www.theverge.com/tech/972498/google-pixel-11-pro-fold-samsung-galaxy-z-fold-8-ultra-specs-comparison",0,Search: Samsung Z Fold,
bafyreiaq4hezqjmjplg3uoruvjuknnxkulcsf2uxym5rpsjf2aro2ibeum,bluesky,post,2026-08-12 17:18:46,"Pixel 11 Pro Fold vs Galaxy Z Fold 8: $1 apart in price, and stranger than that in design

#Pixel11ProFold #GalaxyZFold8 #GooglePixel #Samsung #FoldablePhones #Smartphones #TechNews #MobileTechnology 

www.easterneye.biz/pixel-11-pro...",0,Search: Samsung Z Fold,
bafyreibawvvsmblzxvo3cqi2bake4gwkw2vqibtit6gawfleydnus2xave,bluesky,post,2026-08-12 16:49:34,Ready to fold? The new Samsung Galaxy Z Fold8 blends ultimate productivity and entertainment in one sleek device. 📱 #GalaxyZFold8 #TechNews https://jatimaktual.id/artikel/mengintip-keunggulan-samsung-galaxy-z-fold8-ponsel-lipat-yang-maksimalkan-produktivitas-dan-hiburan-pengguna,0,Search: Samsung Z Fold,
bafyreigy6xogji3o7bl6uuhtaj5ez3kmivk76dl6ylvcdemfuwnb7joble,bluesky,post,2026-08-12 16:47:36,Ends 10-19-2026 Enter to Win a Samsung Galaxy Z Fold 8 & Galaxy Z Fold 8 Ultra swee.ps/fHctWH_eanBjKx,1,Search: Samsung Z Fold,
bafyreib4y3arhes3lw6t3mhopmsqqqp5ogahsngi65y5ogurjsaawtx6oi,bluesky,post,2026-08-12 16:13:39,"Samsung Galaxy Z Fold 8 Unboxing 😮‍💨 
@samsungmobileus.bsky.social",0,Search: Samsung Z Fold,
bafyreict2wr72nh6rdiycwm3vpvzcuqyh3bcifgags6wt2l6yaintswyim,bluesky,post,2026-08-12 16:01:12,"How the Pixel 11 Pro Fold compares to the Galaxy Z Fold 8
Google wasn't first to make a foldable Android phone, but the company's Pixel Fold series is now an established player with unique traits compared to its competitors. For one, it…

🔗 https://hnow.live/a/7617731b",0,Search: Samsung Z Fold,
bafyreifhgz4wtouycw3djdywkbdbcqeghh5wri5sz5b54qrfthiwysyv5e,bluesky,post,2026-08-12 15:55:18,"9to5Google より

Galaxy Z Fold 8 is convincing Z Flip owners to switch, Samsung says
Galaxy Z Fold 8はZフリップの所有者を切り替えるよう説得しています, サムスンは言う",0,Search: Samsung Z Fold,
bafyreihvbxhuslpynvdhg4or5dda6hlg736cvfobtyztkssfvofkig45xa,bluesky,post,2026-08-12 15:48:49,"I ended up getting a Samsung Z Fold 8 Ultra!

Initial impressions:
- Perfect width for gripping in one hand
- Well balanced and light, easy to adjust grip to reach top of screen without feeling like it could fall
- Doesn't feel that narrow a screen when folded, and no thicker than a standard phone",3,Search: Samsung Z Fold,
bafyreietdvpohxsiskdyircshi6o7s3tklcrrbbj6ryfgvqawcxsdnskpq,bluesky,post,2026-08-12 15:21:04,"Android Central より

Is the Samsung Galaxy Z Fold 8 waterproof?
Samsung Galaxy Z Fold 8は防水ですか?",0,Search: Samsung Z Fold,
bafyreicuefvs3rhe3kdigh5rptwzaapec7zngbh5dx2imljcqjf5omzmwa,bluesky,post,2026-08-12 15:12:51,"Android Central より

Google Pixel 11 Pro Fold vs. Samsung Galaxy Z Fold 8 Ultra: Not as straightforward as you think
Google Pixel 11 Pro Fold vs. Samsung Galaxy Z Fold 8 Ultra: あなたが考えるほど簡単ではありません",0,Search: Samsung Z Fold,
bafyreif55dafmkg46hgfsz6fibij6ldpq43oir5anjq6wtozpngcwqntue,bluesky,post,2026-08-12 14:45:20,"Google Pixel 11 Pro Fold ilk inceleme.

Samsung Galaxy Z Fold 8'in ardından, minimal tasarım değişiklikleriyle bir hayal kırıklığı ve Google sanki kazandığı başarılarla yetiniyor gibi görünüyor.",2,Search: Samsung Z Fold,
bafyreifbygk6akd676moy7b734ekupcen2lhyknkap4f5pzu4adof4wbj4,bluesky,post,2026-08-12 14:44:38,Google Pixel 11 Pro Fold vs. Samsung Galaxy Z Fold 8 Ultra: Not as straightforward as you think www.androidcentral.com/phones/googl...,0,Search: Samsung Z Fold,
bafyreiccmsrcqckgj55szqx2ut2wmwqfevnwy3c32o323yfeeli4ove2za,bluesky,post,2026-08-12 14:37:30,Is your Galaxy Z Fold 8 taking 12MP photos in 24MP mode? Samsung explains why www.sammobile.com/news/is-your...,2,Search: Samsung Z Fold,
bafyreie7itwuylq6oqydiq4fu4irnbqfiusv4rdwgvmjxnsiw5r2q4rf4q,bluesky,post,2026-08-12 14:31:35,"With its wide 4:3 inner screen, the passport-shaped Samsung Galaxy Z Fold 8 makes it easier than ever to read, write, game, and even work on mobile.",0,Search: Samsung Z Fold,
bafyreig5uiaulkbgipaqjq3si4whx6hrzyb4xr7thwk6y5p4ue77y3ngl4,bluesky,post,2026-08-12 14:30:45,"Pixel 11 Pro Fold vs Galaxy Z Fold 8: How Google and Samsung's foldables stack up

#Tech #Gadgets",1,Search: Samsung Z Fold,
bafyreidmv5e33weui4gdvjnxoofjg4ctv6c24o5udp65f3y4ksmgudnmxe,bluesky,post,2026-08-12 14:25:38,"Face à Samsung et sans doute au futur iPhone, Google ne lâche pas son modèle pliant avec un Pixel 11 Pro Fold repensé

Face aux Galaxy Z Flip/Z Fold de Samsung, à ceux très performants chez Motorola, Huawei et Honor, et en attendant surtout celui murmuré chez Apple, Google poursuit sur le...",0,Search: Samsung Z Fold,
bafyreifjnrq2uaggi3vyomv4uqlskmodlikokecbh4ging5fab4ctpg64a,bluesky,post,2026-08-12 14:19:28,android finally gets an air-drop-like feature for sharing files & contact info with other android devices just tap them together https://www.theverge.com/tech/978613/android-quick-share-tap-update-pixels-samsung,0,Search: Samsung Z Fold,
bafyreifzwabzv3o2d6n47cpg6uyyfocyg7kaxc5uydltj2vpexuh4pm4ie,bluesky,post,2026-08-12 14:19:09,"Google Pixel 11 Pro Fold hands-on: a letdown after Samsung released the Galaxy Z Fold 8, with minimal design changes, and it feels like Google is coasting (Sam Rutherford/Engadget)

Main Link | Techmeme Permalink",0,Search: Samsung Z Fold,
bafyreic55tgkflwhhjraftps75vysmefav6euk4uwvgvjczjhd5nvfk3pu,bluesky,post,2026-08-12 14:04:49,"📰 **Pixel 11 Pro Fold vs Galaxy Z Fold 8: How Google and Samsung's foldables stack up**

Samsung and Google have increasingly different approaches to folding phones.

📰 Source: Engadget - Technology News & Expert Reviews
🔗 Link: https://www.engadget.com/2235108/pixel-11-pro-fold-vs-galaxy-z-fold-8/",0,Search: Samsung Z Fold,
bafyreidh7wvjvr6c6iom2qvqzestye7xmpsjxo5t5ya7rwddegewwttq5a,bluesky,post,2026-08-12 14:04:15,Samsung and Google have increasingly different approaches to folding phones.,1,Search: Samsung Z Fold,
bafyreih2nojfh4pnpfewrzdqvhgjnsfqbg6ainkzoly7n2mkapiznfieni,bluesky,post,2026-08-12 13:21:51,"Is the Galaxy Z Fold 8 Ultra worth $200 more than the Z Fold 8? Heres my expert advice - description

Last years Samsung Galaxy Z Fold 7 was a remarkably well-built phone, with the lack of S Pen support perhaps being the only blemish on a notably upgraded hardware package. Still, spec enthusiasts w",0,Search: Samsung Z Fold,
bafyreicd7kaypc5q5l34t76tfa773ljmkmzpxgx4inuiunni76inhzv3re,bluesky,post,2026-08-12 13:03:59,"Phone update: Still no Z Fold 8, but I have a case and a portable keyboard with stand for it.

Just no phone yet. Samsung says I'll have it next week. Sigh.",2,Search: Samsung Z Fold,
bafyreibve3xys4e72soow5opgn7il7t275icq7bqiibranrvgr5thkbhs4,bluesky,post,2026-08-12 13:00:07,"Checked out the Samsung z fold 8. Not impressed I will keep my iPhone 17 pro max.
#samsungzfold8 #appleiphone17promax #apple #samsung",0,Search: Samsung Z Fold,
bafyreic7idywhil7kjcrxrfk4nkr6vxjk63avcecaomn6qt3k5srftd6sy,bluesky,post,2026-08-12 12:54:24,"The Galaxy Z Fold 8's New Ringtone Is a Chopin-Inspired Piano Piece
www.androidheadlines.com/2026/08/the-... #GalaxyZFold8 #Samsung #Android",1,Search: Samsung Z Fold,
bafyreihw3nua4v2vbxhufbht332te5uklt245nuhebr7a4udprellgtk2a,bluesky,post,2026-08-12 12:24:53,"9to5Google より

Samsung says Galaxy Z Fold 8’s new shape exists because ‘one size does not fit all’
サムスンは、ギャラクシーZフォールド8の新しい形状が存在する、なぜなら「1つのサイズはすべてに合うわけではない」と言います",0,Search: Samsung Z Fold,
bafyreib4wdhezgq3uibwlrpwtiwbqfkiqhahmm7n7xlcrywbkoqi7k3e2q,bluesky,post,2026-08-12 09:04:52,"I found the Galaxy Z Fold 8’s biggest weakness, and it’s not the new design",1,Search: Samsung Z Fold,
bafyreicpsm4gf25hs7jlxjfx3ngob6cukbmb27ywmk5lvbw5ivkn4op63i,bluesky,post,2026-08-12 08:29:09,"Samsung Pushes a Critical Stability Update to Galaxy Z Fold 8 and Fold 8 Ultra as Early Owners Await Thermal Improvements + Video

A Quiet Update With a Bigger Purpose Samsung's newest foldable phones have barely reached customers, yet the company is already moving quickly to refine the experience.…",0,Search: Samsung Z Fold,
bafyreia75phyctznx2w3eqq4fqd53fga6xua3c43vjbcdwupmlrjdhgsri,bluesky,post,2026-08-12 08:03:28,"Thinner design, bigger battery. Samsung's Galaxy Z Fold 8 Ultra is just 4.1mm thin with a 5,000 mAh capacity thanks to new Si-C tech. 📱 #Samsun... https://jatimaktual.id/artikel/tembus-batas-desain-ponsel-lipat-samsung-hadirkan-teknologi-baterai-silicon-carbon-di-galaxy-z-fold-8-series",0,Search: Samsung Z Fold,
bafyreibnkucq7px3ifrdvnes6frntnpmoarhsd2auovfgptl42pmtpy5gy,bluesky,post,2026-08-12 08:00:49,"Nous avons testé le Samsung Galaxy Z Fold 8 Ultra.

Plus fin, plus puissant et toujours excellent en multitâche, mais les nouveautés restent modestes face au Fold 7.

#Samsung #GalaxyZFold #SmartphonePliant",0,Search: Samsung Z Fold,
bafyreib6c56i6vy6vhr2z3s5hpubvug5kzwbbpbevs4uovbyplhfuwepku,bluesky,post,2026-08-12 07:56:30,Samsung adds a new ringtone to its collection with Galaxy Z Flip 8 and Z Fold 8 www.sammobile.com/news/samsung...,1,Search: Samsung Z Fold,
bafyreicey3jk6j4oy25gag7757ovxhsynjwwg7qzrjjn6p6gxemh4shahe,bluesky,post,2026-08-12 07:39:15,"First Galaxy Z Fold 8 Ultra, Fold 8 update now available to more users www.sammobile.com/news/first-g...",0,Search: Samsung Z Fold,
bafyreicg2pbff7grqe3crv3op5vo4snxsenka2bnueen3yeribwrvmtatq,bluesky,post,2026-08-12 07:38:19,"500 dolar arasında bir fiyatla piyasaya çıkması beklenen cihaz, yakın zamanda tanıtılan Samsung Galaxy Z Fold 8'e benzer bir gövde yapısına sahip olduğu sızdırmalar aracılığıyla öğrenildi.",0,Search: Samsung Z Fold,
bafyreicup5qggx4d2kp4tna3225l2v6kxb6b44a6vu35wy2zudtkqkh4ii,bluesky,post,2026-08-12 04:21:24,"9to5Google より

Samsung cuts Galaxy Z Fold 8 trade-ins & deals on release day – here’s where to get the best price now
Samsung Cuts Galaxy Z Fold 8 trade-ins & deals on release day – here’s where to get the best price now",0,Search: Samsung Z Fold,
bafyreihz553jg42d3hhv3ncd2bsahprrohyvupjwszhyzpu6jypehi4d4q,bluesky,post,2026-08-12 03:43:57,"9to5Google より

Samsung insists the Galaxy Z Fold 8 is ‘perfect’ for ‘full-screen’ video – it’s not
サムスンは、ギャラクシーZフォールド8が「フルスクリーン」ビデオのための「完璧」であることを主張 - それはではありません",0,Search: Samsung Z Fold,
bafyreic7ymh6ybjzpgqc5z33bgzgp7n75nzkxftro6fbbsn3llxrvqeyyy,bluesky,post,2026-08-12 03:12:28,"iPhone 17 Pro vs Samsung Galaxy Z Fold 8 camera shoot out coming soon 👀
How do you these two will stack up?",0,Search: Samsung Z Fold,
bafyreieb6qsi7gxz6glr5djmzlpk3p6jwu2kz4alllx7mocmp4czkqt2tq,bluesky,post,2026-08-12 00:57:33,"Searching for Flex Titanium: The ultimate Samsung Galaxy Z Fold 8 teardown

Teardown expert Zack Nelson takes a very close look inside Samsung’s latest foldable after durability-testing it a few days earlier. The Galaxy Z Fold8 is not only more compact and wider, it is also supposed to be way more…",0,Search: Samsung Z Fold,
bafyreie3pgenzd76jv3p5kgsvu6l2yoh6abji7mn64c2klyets3jasaikq,bluesky,post,2026-08-12 00:40:01,"Samsung Z Fold 8 Size Reduction: Why Thinner Beats Specs

https://newzlet.com/gadgets/samsung-z-fold-8-size-reduction-foldable-mainstream/
#Gadgets #TechNews",0,Search: Samsung Z Fold,
bafyreiamnhsyfvyp53yyowcol2q3dhddjekvnrym5x62nr3eewwskjjkle,bluesky,post,2026-08-12 00:30:20,"Samsung Z Fold 8 Size Reduction: Why Thinner Beats Specs

Read the full story here: https://newzlet.com/gadgets/samsung-z-fold-8-size-reduction-foldable-mainstream/

#samsunggalaxyzfold8 #foldablephones #samsungfoldable",0,Search: Samsung Z Fold,
bafyreihd6iu3syydek4f4n7wmyjme6dphimfebqdmvrnfzkbhrtobpckiu,bluesky,post,2026-08-12 00:16:17,"Samsung Rushes More Galaxy Z Fold 8s Before iPhone Fold Release – Forbes: Online Listing News: * Samsung Rushes More Galaxy Z Fold 8s Before iPhone Fold Release Forbes * Samsung Officially Launches Galaxy Z Fold8 Ultra, Z Fold8, Z Flip8, Watch Ultra2,… #blacknewsupdates #blackpower #blackbusinesses",0,Search: Samsung Z Fold,
bafyreigaobzg7ixruoque57asmxbi5k56syxrkwi7zidjkk3q5bseos2ce,bluesky,post,2026-08-12 00:13:16,Samsung Rushes More Galaxy Z Fold 8s Before iPhone Fold Release – Forbes #blacknews #blackstories #blackandproud,0,Search: Samsung Z Fold,
bafyreihcoyct65a54o3mwr6w3axy37avv4cohn44rxoxcaxcwjmdkpexnu,bluesky,post,2026-08-11 23:35:52,The camera rings on my Green Shadow Samsung Galaxy Z Fold 8 Ultra are the Purple Shadow color. They should have just used black if they didnt wanna make Green Shadow camera rings...?,0,Search: Samsung Z Fold,
bafyreieduh3n45wyv62fkcuf52w52f7cd4tmob56a4bnsit5zi5etilggq,bluesky,post,2026-08-11 22:00:00,"Samsung má prodejní trhák, v mnoha zemích je vyprodaný. Takový úspěch se nečekal

V rámci předprodejů je nový Samsung Z Fold 8 třikrát úspěšnější než loňský model Z Fold 7. Nutno dodat, že je to poněkud jiný přístroj, ale i tak Samsung zjevně trefil jackpot. Nám se telefon velmi líbí, máme k...",0,Search: Samsung Z Fold,
bafyreifp6rrcr4cccuse6jnhpkob4encgo4xneqkzvm3d33w6km4eviba4,bluesky,post,2026-08-11 20:15:33,"Το νέο Galaxy Z Fold 8 συγκέντρωσε το 70% των προπαραγγελιών της σειράς στη Νότια Κορέα, έσπασε ρεκόρ επτά ετών και ανάγκασε τη Samsung να φτιάξει ένα εκατομμύριο μονάδες παραπάνω.",0,Search: Samsung Z Fold,
bafyreia5qmurgeez6pn5w7lalowjv6sv5lpdjywcqvadl276sen2zi7tcq,bluesky,post,2026-08-11 19:38:26,"If you've got a Samsung Galaxy S26 and are considering an upgrade, there are a number of good reasons to upgrade to Samsung's Galaxy Z Fold.",0,Search: Samsung Z Fold,
bafyreigappn2dzcjcj3cp45hjomau4ybdxcp2hz4z4afqaygd3zorj2vxa,bluesky,post,2026-08-11 19:14:53,"Galaxy Z Fold 8 ressuscitou uma coisa que os celulares mataram: telas pequenas

https://news.essentiabusiness.com/noticia/galaxy-z-fold-8-ressuscitou-uma-coisa-que-os-celulares-mataram-telas-pequenas",0,Search: Samsung Z Fold,
bafyreicec3zisry7m6jv4bf43fkxnrg4d3zedcpxkbwu2rh5ltojxtwos4,bluesky,post,2026-08-11 19:11:25,"This. I don't like the color, but design wise it was quite good and sturdy for its time. The Samsung Z Fold by comparison feeks flimsy frankly! And I love the Galaxy line. That said, the black  Surface Phone looks a hell lot better.",0,Search: Samsung Z Fold,
bafyreih7cbyphxyjixei7erjpzsjuzgcgzmsy7v3mjzakxjwue45sa3nsu,bluesky,post,2026-08-11 18:48:09,"Samsung Ramps Galaxy Z Fold8 Production to 3.8M Units

Samsung has ordered a million extra Galaxy Z Fold 8 units after pre-orders ran ahead of forecasts. The wide-screen foldable is on sale in the UAE from AED 7,199....",0,Search: Samsung Z Fold,
bafyreigs57rhsp2ykvy2sld6e4kifezls4bjr6zbnfi5ahq4pj5a2qxxy4,bluesky,post,2026-08-11 18:15:08,"This clever app lets you use Samsung DeX locally on your Galaxy Z Fold
Article",0,Search: Samsung Z Fold,
bafyreifeei4ufxyspxars65moq46ytylw54zi2qcusqovexfqixqpmq5da,bluesky,post,2026-08-11 18:02:04,This clever app lets you use Samsung DeX locally on your Galaxy Z Fold,1,Search: Samsung Z Fold,
bafyreibl2spng5u7jrizeic65za3u2bx4oymavedkvk5iltrxtgkeftuwe,bluesky,post,2026-08-11 17:53:26,New phone acquired! Obviously the first thing I had to try out is the Gen1 Pokémon recomp with all the bells and whistles that make it feel like a HD-2D game 🥰,42,Search: Samsung Z Fold,
bafyreib6lrodhjzcp2gpqs3cl55letqiblytqitnver7tw55ry4iwglk34,bluesky,post,2026-08-11 17:50:08,"Samsung orders a million more Galaxy Z Fold 8s as demand outstrips supply

Samsung has lifted Galaxy Z Fold 8 production to 3.8 million units after record pre-orders. Here is what the extra run means....",0,Search: Samsung Z Fold,
bafyreif5546dj4npbzfcyh67vizcac7hvb25rlrhffvb63rpqkyc5bgpuu,bluesky,post,2026-08-11 17:21:00,"De Samsung Galaxy Z Fold 8 Ultra is een uitstekende vouwtelefoon, maar toch minder interessant dan zijn goedkopere broertje. Hoe dat zit? Je leest het in deze review. Samsung Galaxy…",0,Search: Samsung Z Fold,
bafyreicmkdv5bsvhptpaq2l2bx32nvxl2q52xavvrmawcpyjsbrjwilehe,bluesky,post,2026-08-11 16:21:00,"Nach dem Durability-Test wirft der Teardown-Experte vom JerryRigEverything Youtube-Channel einen sehr genauen Blick ins Innere des neuesten Samsung-Foldables, das in diesem Jahr deutlich kompakter und breiter sowie dank Titanschutz angeblich auch robuster geworden ist. Falls wirklich Titan..",1,Search: Samsung Z Fold,
bafyreibf6fmf4oxrd37kfpuj4z7ahi52ey52xoeboq37gwifbujdqvl3yy,bluesky,post,2026-08-11 15:27:22,"Samsung explica por que câmera do Galaxy volta de 24MP para 12MP

Samsung explica por que a câmera do Galaxy S26 Ultra e Z Fold 8 volta de 24MP para 12MP sem aviso. Não é bug, é mecanismo de proteção ativado por zoom, calor e fotos em sequência.",0,Search: Samsung Z Fold,
bafyreic2ifqqrhk3esqfbr464yixwdntwkiwrdsjq56fyanzohdkf5skti,bluesky,post,2026-08-11 15:17:30,"HP Paspor Galaxy Z Fold 8 Laris di RI, Warna Lavender Terfavorit - https://kumparan.com/kumparantech/hp-paspor-galaxy-z-fold-8-laris-di-ri-warna-lavender-terfavorit-27xxAxsOX7H",0,Search: Samsung Z Fold,
bafyreiedo5ihenvxcj2rjak4krs7x6xwqyyunhpfbcy3bzh3g4dkotifgq,bluesky,post,2026-08-11 15:09:47,"In a new video from JerryRigEverything, the Galaxy Z Fold 8’s durability is put to the test. And that’s interesting, because Samsung is promising various improvements, including to the screen’s construction.",0,Search: Samsung Z Fold,
bafyreifxp5nfkacvwippwxvofrwff6hkvtoz3k3zkvkoi2xbfxuvtz46se,bluesky,post,2026-08-11 15:08:28,Ends 10-19-2026 Enter to Win a Samsung Galaxy Z Fold 8 & Galaxy Z Fold 8 Ultra swee.ps/fHctWH_eanBjKx,0,Search: Samsung Z Fold,
bafyreih43aj6yyhipnqrjqtujgaty4xlbxuhwf52ouckabcypf2tloqgia,bluesky,post,2026-08-11 14:47:38,"HP Paspor Galaxy Z Fold 8 Laris di RI, Warna Lavender Terfavorit - https://kumparan.com/kumparantech/hp-paspor-galaxy-z-fold-8-laris-di-ri-warna-lavender-terfavorit-27xxAxsOX7H",0,Search: Samsung Z Fold,
bafyreifef4bukrg4ntnt6kt3vsvkzaux6a4j5prhggzto5ehynhczu5cya,bluesky,post,2026-08-11 14:42:44,"HP Paspor Galaxy Z Fold 8 Laris di RI, Warna Lavender Terfavorit - https://kumparan.com/kumparantech/hp-paspor-galaxy-z-fold-8-laris-di-ri-warna-lavender-terfavorit-27xxAxsOX7H",0,Search: Samsung Z Fold,
bafyreih5ondgua7f4i2bw4xjk7ep7mbx26fq2hfovk5p3qoz7hupadysyq,bluesky,post,2026-08-11 14:36:56,"I’ve Been Waiting for the Galaxy Z Fold 8 for Almost 5 Years
www.androidheadlines.com/2026/08/ive-... #GalaxyZFold8 #Samsung #Android",2,Search: Samsung Z Fold,
bafyreifl2qb5e3cc7t23l4avp5kqghezklwlzy4a7g2izumhkhcwv5zv74,bluesky,post,2026-08-11 14:27:50,"Galaxy Z Fold 8’s wider shape still survives bend test, teardown shows off titanium and poor Qi placement [Video]",5,Search: Samsung Z Fold,
bafyreicpuuyhwo754m43r7jvj272luhqfsmjkkndu3w262hwrdlrrndl6i,bluesky,post,2026-08-11 14:25:19,"Galaxy Z Fold 8's durability shines, but Qi coil placement and lack of Qi2 support may impact accessory use. #GalaxyZFold8 #TechNews #FoldablePhones #Samsung #Durability #WirelessCharging thedailytechfeed.com/galaxy-z-fol...",0,Search: Samsung Z Fold,
bafyreicuo2jee7qrf5q3bdpfmq7oc3goucioxlr3zoc3y6xjy6pmxxfc6a,bluesky,post,2026-08-11 14:17:29,"HP Paspor Galaxy Z Fold 8 Laris di RI, Warna Lavender Terfavorit - https://kumparan.com/kumparantech/hp-paspor-galaxy-z-fold-8-laris-di-ri-warna-lavender-terfavorit-27xxAxsOX7H",0,Search: Samsung Z Fold,
bafyreiajhov36sognogovyne3ayfirrb7tr54dl4g7yra6nncwduiocmnu,bluesky,post,2026-08-11 13:59:47,Galaxy Z Fold 8 resiste ao teste de dobragem,0,Search: Samsung Z Fold,
bafyreig5k7mojyctrcukudgaoikj5cpysq2koun5pcq27jtjxmxawdmjpe,bluesky,post,2026-08-11 13:26:43,"Apple's foldable iPhone is expected to arrive in September against a rival already outrunning its own forecasts. ETNews reports Samsung is building an extra one million Galaxy Z Fold 8 units, after the 4:3 device took 70 percent of a record 1.44 million Galaxy Z8 series pre-orders. ETNews ..",1,Search: Samsung Z Fold,
bafyreicvsa5r2ggf2tv4sbvzuj3row2fyws6pwiohknuyltnfrlw53355i,bluesky,post,2026-08-11 13:10:29,"Samsung Galaxy Z Fold 8, JerryRigEverything'in zorlu sağlamlık testine ve parçalama işlemine tabi tutuldu. Test, telefonun genel olarak sağlam olduğunu gösterdi, ancak ekranın tırnakla kolayca hasar verilebilen bir katman içerdiğini ortaya çıkardı.",0,Search: Samsung Z Fold,
bafyreifum7gxhqgtvsffyzjp2tdgn6rwnemwcypvrun4rlqbcclgw3owbe,bluesky,post,2026-08-11 13:07:21,"Samsung Galaxy Z Fold 8 review: your passport to a folding phone future
Novel squat Android opens to an iPad-like screen for video or multitasking, with plenty of power and battery life
Samuel Gibbs Consumer technology editor
www.theguardian.com/technology/2...",2,Search: Samsung Z Fold,
bafyreibag2m257jwkbymz443odchpwsa5m32u3zyjkbnmkhc3lpkgzwkpm,bluesky,post,2026-08-11 12:52:25,"HP Paspor Galaxy Z Fold 8 Laris di RI, Warna Lavender Terfavorit - https://kumparan.com/kumparantech/hp-paspor-galaxy-z-fold-8-laris-di-ri-warna-lavender-terfavorit-27xxAxsOX7H",0,Search: Samsung Z Fold,
bafyreic2pq7zbwql246vgxzhjyspugny7lnt3gnyylvlefbzxqbko7wfhy,bluesky,post,2026-08-11 12:36:28,"Galaxy Z Fold 8 Teardown Is Here and the Internals Are Fascinating
www.androidheadlines.com/2026/08/gala... #GalaxyZFold8 #Samsung #Android",4,Search: Samsung Z Fold,
bafyreie4esolh2mt5hkgqdkvs5ig36ornqcklosojvae5xjck2xry7ehjy,bluesky,post,2026-08-11 12:05:13,How To Optimise Battery Life on Samsung Galaxy Z Fold 3 5G!,0,Search: Samsung Z Fold,
bafyreid4s4mir7k64rinmp6pfmpit5pvkbwkdnmkczhqvuf2bpem7hhhii,bluesky,post,2026-08-11 11:28:35,"Samsung Galaxy Z Fold 8 Is Changing the Flagship Game as Foldables Finally Begin to Outshine the Galaxy S Series + Video

The Tide Is Turning For years, That balance may now be changing. New internal readership data from SamMobile suggests that interest in Samsung's Galaxy Z foldables is holding up…",0,Search: Samsung Z Fold,
bafyreih5gw7muhya7v6zcpakh7luoajuu6mss3fong2qseivarhykbegtq,bluesky,post,2026-08-11 11:00:19,"Galaxy Z Fold 8 Is Breaking Samsung's Typical Foldable Buyer Demographic in a Big Way
www.androidheadlines.com/2026/08/gala... #GalaxyZFold8 #Samsung #Android",1,Search: Samsung Z Fold,
bafyreiaqafphjur3k4ndf6a3ztpv7wrywbsaygpakgudhh3r2xexaa4wwq,bluesky,post,2026-08-11 11:52:03,"O Samsung Galaxy Z Fold 8 resiste a teste extremo de curvatura, mas ecrã interno mantém fragilidade. O novo telemóvel da marca sul-coreana demonstrou integridade estrutural em um exame de resistência.

#extremo #galaxy #samsung #teste",0,Search: Samsung Z Fold,
bafyreiaqyr3ux6e47pfb5ac4kcrmlwfnhvkzu5dzkgxyod6ecgwexkfoye,bluesky,post,2026-08-11 10:36:00,"Samsung staat erom bekend dat zijn vouwbare telefoons toch wel vrij stevig zijn, maar hoe zit dat met de volledig nieuwe vormfactor van de Galaxy Z Fold 8? JerryRigEverything haalt…",0,Search: Samsung Z Fold,
bafyreibp43mjmqgovmpdmz32r47ikr2ybtuvcsv4mktqfvbzqnni6jsu5e,bluesky,post,2026-08-11 12:03:28,"Samsung explique la réduction des détails des photos sur les Galaxy en raison de l'optimisation. 
Lire l'article complet sur : artia13.city 
#artia13 #Technologie",0,Search: Samsung Z Fold,
bafyreic4vhuamxahcmyesxpu6mvqpesk2jjypxw4d3w6u6ejdj4nnwpbju,bluesky,post,2026-08-11 09:56:47,"Samsung Galaxy Cameras May Automatically Switch to 12MP Under Certain Conditions

🤖 IA: It's not clickbait ✅
👥 Users: It's not clickbait ✅

#samsung #galaxy_camera #camera_resolution 

View full AI summary:",0,Search: Samsung Z Fold,
bafyreidpwkesss7lg6qtdd3zr7tuc55u35mo5vfpdwostxn2tgwuey255u,bluesky,post,2026-08-11 09:50:49,"Samsung Galaxy Z Fold 8 Breaks Its “Old-Man Phone” Image as Younger Women Drive Explosive Demand

A Foldable Phone Finds a New Generation Samsung’s Galaxy Z Fold series has spent years fighting an image problem that had little to do with technology. The phones were powerful, expensive, and…",0,Search: Samsung Z Fold,
bafyreiaecf37t6u6iwfwucow4tb23mujy2iokso65w5gpxuskikpubme7m,bluesky,post,2026-08-11 09:50:00,"SIM Unlocker Pro V9.6.1

Download Link: go.cyberslinks.com/r.php?id=cHj...

Samsung Galaxy Z Fold 8 (SM-F971U) World First

Samsung Galaxy Z Fold 8 Ultra (SM-F976U) World First

#SIMUnlocker #UnlockTool #samsung #android #mediatek",0,Search: Samsung Z Fold,
bafyreie7blxwgzmpummkchugasflfbbkyh77mfd2dry7cbtjhtwwy4agzi,bluesky,post,2026-08-11 09:32:34,"SIM Unlocker Pro Tool V9.6.1

Tool Link: go.cyberslinks.com/r.php?id=1hW...

Samsung Galaxy Z Fold 8 (SM-F971U) World First

Samsung Galaxy Z Fold 8 Ultra (SM-F976U) World First

#SIMUnlocker #UnlockTool #samsung #android #mediatek",1,Search: Samsung Z Fold,
bafyreif3wkliqb36mhqavt7vzaxmh3yaty4jsjmablch7pitk3avbcfmj4,bluesky,post,2026-08-11 09:04:29,The Galaxy Z Fold 8 doesn’t need a Samsung charger — here’s what to buy instead,2,Search: Samsung Z Fold,
bafyreigwi5p6dm5lod32s4viwoh6lg3457imzmloy2eadczik5i42ejxxu,bluesky,post,2026-08-11 08:53:53,"記事の要約: Appleがついに折りたたみiPhoneを発表するかもしれません。その名も「iPhone Ultra」。気になるのは、Samsungの「Galaxy Z Fold 8」と似たような画面比率になる可能性が高いという点です。

両機種の違いは、画面そのものよりも、折り目の処理や本体の厚みにシフトしていくのかもしれません。例えば、折りたたみ時の厚さや握りやすさが、実際の使い勝手に大きな影響を与えることになりそうです。確かに、デザインだけでなく、操作性も重要ですからね。

iPhone Ultraのメイン画面は7.7〜7.8インチと予想され、Galaxy Z Fold 8をほんの少し上…",0,Search: Samsung Z Fold,
bafyreifbdxapoizgv6yca2gum22qt5iqtosxabcqddynzfz2y4y3vgtg6y,bluesky,post,2026-08-11 08:36:00,"Samsung staat erom bekend dat zijn vouwbare telefoons toch wel vrij stevig zijn, maar hoe zit dat met de volledig nieuwe vormfactor van de Galaxy Z Fold 8? JerryRigEverything haalt…",0,Search: Samsung Z Fold,
bafyreihufxfy6rrsz4q4hghhyurhblsa7pm24unjnftc72yr3baswjxwjm,bluesky,post,2026-08-11 08:31:13,Samsung is reportedly increasing production of the Galaxy Z Fold 8 by an additional one million units due to higher-than-expected demand following its launch. #GalaxyZFold8 #News,0,Search: Samsung Z Fold,
bafyreihbd4g6s34op3gem43ny3xj5h4vlcbroj5k4b6emrj4nkyfjsrcgm,bluesky,post,2026-08-11 08:00:14,"Nowe proporcje to strzał w dziesiątkę. Samsung musi doprodukować milion sztuk Galaxy Z Fold 8 | @imagazinepl.bsky.social 

https://imagazine.pl/2026/08/11/samsung-galaxy-z-fold-8-rekordowa-sprzedaz-zwiekszenie-produkcji/",1,Search: Samsung Z Fold,
bafyreiaspaolhzpqeavoe3qihrriu6lbs232sjes7ccuuej5ejuabwuy5i,bluesky,post,2026-08-11 07:43:34,"9to5Google より

Samsung confirms Galaxy Z Fold 8’s record-breaking sales numbers as pre-order deals are ending
サムスンは、プリオーダーの契約が終了しているとしてギャラクシーZフォード8の記録的な販売番号を確認",0,Search: Samsung Z Fold,
bafyreigokgjpkijkbl4fpmqoz7sy6w66ahw4vv5k3zo4bf4nhogkbhhgmy,bluesky,post,2026-08-11 07:27:00,"Young customers, particularly women, have fallen in love with the Galaxy Z Fold 8 www.sammobile.com/news/young-c...",0,Search: Samsung Z Fold,
bafyreic4tzdv4j4mwrthprv5phbpf62pwjd25kawnn6dnpllgbahflzvse,bluesky,post,2026-08-11 07:12:30,YouTuber JerryRigEverything heeft de Samsung Galaxy Z Fold 8 onderworpen aan zijn beruchte marteltest. Daarbij kijkt hij hoe goed telefoons bestand zijn tegen een beetje misbruik. Check snel de resultaten.…,0,Search: Samsung Z Fold,
bafyreigf5zy4jvl7n6ewohuhqnucfok2vmxdzj24zuabap7auqixi35gve,bluesky,post,2026-08-11 07:00:56,"Apple llega tarde al mercado de los plegables… y Samsung no piensa esperarla. 👀

El Galaxy Z Fold 8 está arrasando en reservas y Samsung incluso prepara 1 millón de unidades extra. ¿Podrá el iPhone plegable darle la vuelta a la situación?

#Apple #iPhone #Samsung",0,Search: Samsung Z Fold,
bafyreienxzzznsma265vydoyzvpabbbhv2tnk4j4k425sly2dddzqvhtky,bluesky,post,2026-08-11 06:39:32,"9to5Google より

Samsung will reportedly make an extra one million Galaxy Z Fold 8 units
サムスンは、さらに1百万ギャラクシーZフォード8ユニットを作ることが報告されています",0,Search: Samsung Z Fold,
bafyreic5pvalfqkbxdxsae6kbw44a6h3rj2b5r7me3uammmwn5xfwggppu,bluesky,post,2026-08-11 06:01:17,Galaxy Z Fold 8 : même Samsung ne s’attendait pas au succès monstrueux de ce modèle www.01net.com/actualites/g...,1,Search: Samsung Z Fold,
bafyreieam3hcvu4z2o7haznmgdriqsembrewfo5fxkrkvwmkjteoe2be2m,bluesky,post,2026-08-11 04:12:58,"Novel squat Android opens to an iPad-like screen for video or multitasking, with plenty of power and battery life",1,Search: Samsung Z Fold,
bafyreigb5r5xtvylr4gvdj6eghluyusrzbiuh4bj3iagqus7kxdnghtsea,bluesky,post,2026-08-11 04:10:32,"9to5Google より

Galaxy Z Fold 8 is convincing Z Flip owners to switch, Samsung says
Galaxy Z Fold 8はZフリップの所有者を切り替えるよう説得しています, サムスンは言う",0,Search: Samsung Z Fold,
bafyreicc6rmv4mlqtlxx4n7g4dvje2cevklfu4grtqmtysukzabpwaerhq,bluesky,post,2026-08-11 03:35:35,"9to5Google より

Samsung says Galaxy Z Fold 8’s new shape exists because ‘one size does not fit all’
サムスンは、ギャラクシーZフォールド8の新しい形状が存在する、なぜなら「1つのサイズはすべてに合うわけではない」と言います",0,Search: Samsung Z Fold,
bafyreib2o3jzxes6jnbbqaisxe6yzvdjellouc4cljoqpwnhbymuilluua,bluesky,post,2026-08-11 02:49:51,"9to5Google より

Samsung cuts Galaxy Z Fold 8 trade-ins & deals on release day – here’s where to get the best price now
Samsung Cuts Galaxy Z Fold 8 trade-ins & deals on release day – here’s where to get the best price now",0,Search: Samsung Z Fold,
bafyreig4nytezdrj2cc4u3khvsajau6gj3jxrcktzfg2alxljanl5lioha,bluesky,post,2026-08-11 02:42:57,"9to5Google より

Samsung insists the Galaxy Z Fold 8 is ‘perfect’ for ‘full-screen’ video – it’s not
サムスンは、ギャラクシーZフォールド8が「フルスクリーン」ビデオのための「完璧」であることを主張 - それはではありません",0,Search: Samsung Z Fold,
bafyreiak2nistxl3lwnwhq5mwoqat72h3pn4h7hof64h5hccfszasacokm,bluesky,post,2026-08-11 01:46:39,Samsung Boosts Galaxy Z Fold 8 Production After Record Preorders,1,Search: Samsung Z Fold,
bafyreicfagqzjpmwonx6lt47lssjqa7eb7jrvuzbvwlvrhes4yb4obi32u,bluesky,post,2026-08-11 03:44:12,Galaxy Z Fold 8: Elevated demand pushes Samsung to produce 1 million more units https://www.notebookcheck.net/1364966.html,1,Search: Samsung Z Fold,
bafyreia75ctemjcmxb4wtrvxehab4243r3mhgc7as5tl4fmi63b4jrpo34,bluesky,post,2026-08-11 00:48:56,"hey amazon, if your rufus ai service is so smart and all, why does it show me various models of the samsung z-fold smartphones when i search for folding bicycles?!",0,Search: Samsung Z Fold,
bafyreicq2yjnst4w6bcyoketxi3uybflv5zmuz3uk4zscvyuwlw3pb454m,bluesky,post,2026-08-11 00:00:17,"[Clube Samsung] Pré-venda do Smartphone Galaxy Z Fold 8 5G (512GB)

👉 jogobara.to/bsfUo
🎟 Cupom: LIVESHOP
• R$ 9.647,28 no pix
• R$ 10.719,20 em até 18x
• Frete Grátis

🚛 Data de Envio: 17/08/2026",0,Search: Samsung Z Fold,
bafyreih5zacuop6vqohip2gp777bzc7tsxfsaw6ujn5eu3s2hxdnqszapq,bluesky,post,2026-08-10 23:37:27,"Samsung stockt die Fertigung des Galaxy Z Fold 8 um eine Million Geräte auf, nachdem die Vorbestellungen die Erwartungen übertroffen haben. Das neue Design und das größere Display treiben die Nachfrage.",1,Search: Samsung Z Fold,
bafyreicwjzmcm3y4nhglmftsytb4gqozpqwzzq2yfc6klgnhzrnxvceeni,bluesky,post,2026-08-10 23:07:59,"Galaxy Z Fold 8 passa por teste de tortura; veja se ele sobrevive
https://canaltech.com.br/smartphone/galaxy-z-fold-8-passa-por-teste-de-tortura-veja-se-ele-sobrevive/?utm_source=flipboard&utm_medium=activitypub 

Posted into Tecnologia @tecnologia-FlipboardBR",0,Search: Samsung Z Fold,
bafyreiekzqvak5vqlgiiyytict2eyto6iakfs6cqzk74jpmo5qv77meyca,bluesky,post,2026-08-10 20:11:50,"Primeiras impressões com o Galaxy Z Fold 8, o celular mais largo e mais baixo da Samsung que vira um mini tablet!",2,Search: Samsung Z Fold,
bafyreia73tidylgwikcrywya33mt2kdrgsda6qlsaos4agdwddhfqazaqu,bluesky,post,2026-08-10 19:46:11,"The Galaxy Z Fold 8 is an absolute smash hit, it seems, as Samsung will reportedly make an extra one...",1,Search: Samsung Z Fold,
bafyreif2t5wvb2kqrak7zffie6pdd4jy4lxbm75yrnzxcynhbeqzwvf2by,bluesky,post,2026-08-10 19:35:58,The smartphone giant has already ordered a million more.,0,Search: Samsung Z Fold,
bafyreicbcaerpda5zsdtle2vhriohw5n5ruex23qokluttb2knwnklk7we,bluesky,post,2026-08-10 19:08:07,"9to5Google より

Samsung confirms Galaxy Z Fold 8’s record-breaking sales numbers as pre-order deals are ending
サムスンは、プリオーダーの契約が終了しているとしてギャラクシーZフォード8の記録的な販売番号を確認",0,Search: Samsung Z Fold,
bafyreiget653l7sikes4ybg5uh32luazdqduflprcla5jn7kyhcov5f4uu,bluesky,post,2026-08-10 18:59:41,Samsung has increased Galaxy Z Fold 8 production by 1 million units as global pre-orders for its newest foldable lineup near 5 million.,1,Search: Samsung Z Fold,
bafyreieqz2bauczlqozulhigyxyzm2f4qvn5sb4gt3ccbzmn2tigfyg5zm,bluesky,post,2026-08-10 18:45:42,"Samsung byl nucen vyrobit o 1 milion více jednotek Galaxy Z Fold 8 kvůli vysoké poptávce.  www.sammobile.com/ne...

___________________
📩 Přihlas se rychlofky.substack.com/",0,Search: Samsung Z Fold,
bafyreic37ot5rt2m3vopbfun7uwydivyzr4h2wbsrldvyydc7jp3muueb4,bluesky,post,2026-08-10 18:12:12,The smartphone giant has already ordered a million more.,0,Search: Samsung Z Fold,
bafyreidesq7vr3z24dvw7qabesidi4wwl6rzmum6carjoe6qbycfhbky7q,bluesky,post,2026-08-10 16:31:32,My cell phone is my lifeline that I use like a laptop...I just transitioned from the Z Fold 4 to the Z Fold 8...with the screen open BOTH are about the same size...but CLOSED?  For the 1st time in YEARS I can type & view on my wide cover screen while closed & closed it fits in my hand PERFECTLY ❣️,1,Search: Samsung Z Fold,
bafyreihu4spdcwq7td3gtht352ydpfpyqozlblbnzwp4rxkigjzvs5xi34,bluesky,post,2026-08-10 16:21:33,"samsung fold 8: भारत में Galaxy Z Fold8 और Fold8 Ultra की ताज़ा खबर
quasa.io/hi/media/sam...
स्रोत: Quasa Media, Samsung India की आधिकारिक घोषणा, Samsung के वैश्विक Galaxy Unpacked विवरण, TechRadar की विस्तृत तुलना, Samsung Experience Store की शर्तों, T-Mobile की आधिकारिक पेशकश  / लेखक: Slava Vasipenok",0,Search: Samsung Z Fold,
bafyreihzp2jckb3dkelpclsc5bxgcurzkgptpsoly4jynbidnjc3syo3q4,bluesky,post,2026-08-10 16:01:39,Ends 10-19-2026 Enter to Win a Samsung Galaxy Z Fold 8 & Galaxy Z Fold 8 Ultra swee.ps/fHctWH_eanBjKx,0,Search: Samsung Z Fold,
bafyreig6jzqweyyhjjlclghlgk7wkzwknt647y5sf5yu5lxptgsyquyb44,bluesky,post,2026-08-10 15:49:39,Apple — Samsung Launches Foldable Phone Ahead of Apple's First Foldable iPhone #China #Apple #Samsung #News,0,Search: Samsung Z Fold,
bafyreihjkniqwuficx3vycu2ttv2remvfy3e4jtjnpw3pjbaib7m37bprq,bluesky,post,2026-08-10 15:36:18,"Pre-orders for Samsung's newest foldables are poised to reach nearly 5 million units globally.

www.sammobile.com/news/galaxy-...",0,Search: Samsung Z Fold,
bafyreiam2g7yowrwg6akdber5c3mpmcmbl3c57jaxntay5oyngc6d7htby,bluesky,post,2026-08-10 15:15:24,"Apple's Foldable iPhone Ultra Faces a Surging Samsung Galaxy Z Fold 8
Article",0,Search: Samsung Z Fold,
bafyreiejhzxdxdmlmnyf6kuqrunbfgie2iiemtlccthxxdb7ijr34gvxf4,bluesky,post,2026-08-10 15:13:23,"📰 🔴 SON DAKİKA: Samsung Galaxy Z Fold 8 Dayanıklılık Testine Girdi (Sonuca Şaşıracaksınız)

Kaynak: Webtekno

#haber #sondakika #gündem #türkiye #dünya",0,Search: Samsung Z Fold,
bafyreiemnsjgnpelrjr2nzo6gorypo4fmomdvu7r3vjyo6jdewmqu33lqe,bluesky,post,2026-08-10 15:09:18,Samsung's Galaxy Z Fold 8's soaring pre-orders challenge Apple's upcoming iPhone Fold in the foldable smartphone market. #FoldablePhones #Samsung #GalaxyZFold8 #Apple #iPhoneFold thedailytechfeed.com/apples-folda...,0,Search: Samsung Z Fold,
bafyreicxrcnsw7fngk7qauko3s6mwkiwpwpouuhll6c4kikao2ucq3siwa,bluesky,post,2026-08-10 15:00:58,"MacRumors より

Apple's Foldable iPhone Ultra Faces a Surging Samsung Galaxy Z Fold 8
Appleの折り畳み可能なiPhoneUltra FacesのサムスンギャラクシーZ折り畳み8",0,Search: Samsung Z Fold,
bafyreici537kzzejuhcast6stdunwpieaoxdfe4o5xnssfs66v3fmsmpii,bluesky,post,2026-08-10 15:00:38,Apple's Foldable iPhone Ultra Faces a Surging Samsung Galaxy Z Fold 8,7,Search: Samsung Z Fold,
bafyreicc2ph4qct7xcyeso64b6cvycus6ne7uv3vvjddbnammrc3uxrwv4,bluesky,post,2026-08-10 14:48:29,"Samsung, Galaxy Z Fold 8'in şimdiye kadar katlanabilir telefonlara ilgi duymayan kişiler dahil herkesin dikkatini çektiğini belirtiyor.

#Samsun #Samsung #GalaxyZFold8 #GalaxyZFold8Ultra #SamsungÜretim #Logcomtr

Daha fazlası: https://t.me/ensonhbr",0,Search: Samsung Z Fold,
bafyreifbivyg2uyzo4e3vmctva6pfe2hycruu563ympxfdasfuwqxfupfi,bluesky,post,2026-08-10 14:48:28,"Samsung, 22 Temmuz'da tanıtılan Galaxy Z Fold 8 için ekstra üretim kararı aldı. Cihaz, satışa sunulduğu tüm pazarlarda Galaxy Z Fold 8 Ultra'dan daha yüksek talep görüyor.",0,Search: Samsung Z Fold,
bafyreidfuk4ovi3sv7ibvlyyjd6dbqxqyktldc5w6qvszrj3bemmb7vxcy,bluesky,post,2026-08-10 14:47:31,"Samsung Galaxy Z Fold 8 Dayanıklılık Testine Girdi (Sonuca Şaşıracaksınız)

JerryRigEverything kanalından Zack Nelson, 7 Ağustos’ta satışa sunulan Samsung Galaxy Z Fold 8’i klasikleşen ağır dayanıklılık testinden geçirdi. Cihazın dış kapak ekranı Mohs sertlik ölçeğinde Seviye 5’e kadar çizilmeden…",0,Search: Samsung Z Fold,
bafyreiczkf2bncahbzsavhpgskwagyjptnivr24ia324lollymiorfus34,bluesky,post,2026-08-10 14:13:57,"9to5Google より

Samsung will reportedly make an extra one million Galaxy Z Fold 8 units
サムスンは、さらに1百万ギャラクシーZフォード8ユニットを作ることが報告されています",0,Search: Samsung Z Fold,
bafyreid6xkx5blmbvucr5f7nbcfafqezpqsjfvbac2lvkg5dgmclq2lude,bluesky,post,2026-08-10 14:09:47,Samsung increases Galaxy Z Fold 8 production by 1 million units due to unprecedented demand. #Samsung #GalaxyZFold8 #FoldablePhones #TechNews #Smartphones #MobileTech thedailytechfeed.com/samsung-boos...,0,Search: Samsung Z Fold,
bafyreicxhdnu65hzjszhqht2nulpm2tgltvt5coi4dyg5gkpixpnghro5y,bluesky,post,2026-08-10 13:53:16,Samsung aumenta produção do Galaxy Z Fold 8 em 1 milhão de unidades  #VanityNews,0,Search: Samsung Z Fold,
bafyreih33ivyp7zyefltk5eyrktxkayxedvq5ub7kdpwd26t7tgrz3neuy,bluesky,post,2026-08-10 13:49:14,Samsung will reportedly make an extra one million Galaxy Z Fold 8 units,4,Search: Samsung Z Fold,
bafyreiebefcadouvfwm4cyqlaodxidrmtkdpbcke45reshnfz3e2ergwgm,bluesky,post,2026-08-10 13:44:15,"Samsung Galaxy Z Fold 8 review: compact design meets premium performance

🤖 IA: It's not clickbait ✅
👥 Users: It's not clickbait ✅

#samsung #foldable_phone 

View full AI summary:",0,Search: Samsung Z Fold,
bafyreielshojb7vhs4jm743myvxmqfuimjrqcdigris7ycoibqznyivjdi,bluesky,post,2026-08-10 13:17:26,Even Samsung didn’t anticipate how much people would love the Galaxy Z Fold 8,0,Search: Samsung Z Fold,
bafyreiehpuwvf5bkv5drmyx35ifl647dostekfytj2c2w5mqdrbt65zxla,bluesky,post,2026-08-10 12:15:12,Galaxy Z Fold 8 : voici comment Samsung a (quasiment) fait disparaître la pliure www.01net.com/actualites/g...,2,Search: Samsung Z Fold,
bafyreicz4kehwuvcfhhcrgq2fmbp7ozzi3miohz75uey3op2ub5ahu7rh4,bluesky,post,2026-08-10 12:07:57,"Galaxy Z Fold 8 Just Got Tortured and the Results Are Interesting
www.androidheadlines.com/2026/08/gala... #GalaxyZFold8 #Samsung #Android",1,Search: Samsung Z Fold,
bafyreic2uonp3uyxinksfvolirezhrya577dbkdchfqzfmqgson2crosk4,bluesky,post,2026-08-10 11:30:31,"【深度解析】Samsung Z Fold 8：Flex Titanium 如何終結摺疊螢幕之痛？

Samsung Z Fold 8 帶來嘅唔單止係規格升級，而係一次材料革命。透過引入 Flex Titanium 雙層鈦金屬結構，硬度比以往塑膠薄膜提升 20 倍，從根本上解決摺痕可見度問題。同時，內螢幕解析度提升至 422 ppi 並優化電源效率，令視覺流暢度與續航力達到新平衡。對於追求極致生產力嘅高端用家嚟講，呢次由底層物料入手嘅革新，標誌著摺疊手機正式進入成熟期。

#SamsungZFold8 #TechInnovation #HighEnd...",0,Search: Samsung Z Fold,
bafyreifj5qe6oik54huqsrasc257bfwtbediiex5wznuvo23fk2hcuxarm,bluesky,post,2026-08-10 11:28:18,Samsung Galaxy Z Fold 8 引入全新「Flex Titanium」雙層鈦金屬結構，取代傳統塑膠薄膜，令螢幕硬度提升大約20倍，厚度亦減少12%。透過優化摺疊區域結構同高密度黏合技術，成功將螢幕摺痕大幅降低。本文將為大家詳細拆解呢項技術嘅運作原理、畫質與效能數據，同時提供實用嘅摺疊螢幕日常保養教學，幫助各地用家全面了解新一代摺疊手機嘅設計特點。,0,Search: Samsung Z Fold,
bafyreid5gmdtcf473kno4qppi4j7zsvxoamwifl4c2jn5wrztmicpdvv2q,bluesky,post,2026-08-10 10:56:47,"Galaxy Z Fold 8 Demand Is So High Samsung Is Making 1 Million Extra Units
www.androidheadlines.com/2026/08/gala... #GalaxyZFold8 #Samsung #Android",0,Search: Samsung Z Fold,
bafyreidjhbdyamtasinrqygphlgqkpvu5ajobozk7t2umd7lgpfhybjyhi,bluesky,post,2026-08-10 10:54:54,I rather like this form factor but also I really do not like a) Samsung prices and b) the fussy Samsung UI www.theguardian.com/technology/2...,11,Search: Samsung Z Fold,
bafyreidsiwaryvgfhtxe2vfexqwuw3y5le4hhosd7lsd74swo4c3yoz6fm,bluesky,post,2026-08-10 10:47:35,"In de wereld van vouwbare telefoons zie je dat de één zweert bij boek-achtige vouwtelefoons, terwijl de ander juist team Flip is. Waar eerder werd gedacht dat de mensen dan…",0,Search: Samsung Z Fold,
bafyreift3xsu2fz5zikhskzx2arz3iwwxy6jnhbluqw2jn3lkp3ryibq5e,bluesky,post,2026-08-10 09:45:48,"Samsung wagt beim neuen Galaxy Z Fold 8 etwas gänzlich Neues: Ein spürbar kürzeres, breiteres und vor allem handliches Format! Mehr im Test ✅",1,Search: Samsung Z Fold,
bafyreieffmkx3ongwkq3ghopo3ayl4yjngmuwedeuxc543ghwdeyfz2j34,bluesky,post,2026-08-10 09:34:44,"The Galazy Z Fold8

Samsung just released their Galaxy Z Fold8, which goes back to the password-style layout so I decided to give it a shot. So far, so good!

www.mickmel.com/the-galazy-z...",0,Search: Samsung Z Fold,
bafyreibvsinqen5wqi24toqzqxh32sf4ggso6wfyxinsj4xjkiydnb4ns4,bluesky,post,2026-08-10 08:47:35,"In de wereld van vouwbare telefoons zie je dat de één zweert bij boek-achtige vouwtelefoons, terwijl de ander juist team Flip is. Waar eerder werd gedacht dat de mensen dan…",0,Search: Samsung Z Fold,
bafyreienooqhgrkri6wdhwdxotavwvcyerlrjkxfbjh7ukvzmmdqq74yti,bluesky,post,2026-08-10 08:20:51,"📰 **Samsung Galaxy Z Fold 8 review: your passport to a folding phone future**

Novel squat Android opens to an iPad-like screen for video or multitasking, with plenty of power and battery lifeSamsung’s latest folding phone breaks the mould with a […] 

[Original post on igeek.gamer-geek-news.com]",0,Search: Samsung Z Fold,
bafyreiayo525yv5rrxxh7qepd6l6mhhddgmmpraferi62a5z62ar5stkum,bluesky,post,2026-08-10 08:11:19,Samsung explains how its Z Fold 8 displays achieved a barely visible crease,1,Search: Samsung Z Fold,
bafyreic7wsyvnlfln3gxajxrkhtk4e2bqbmvqo5px7zqjbzad3qgwa65zm,bluesky,post,2026-08-10 07:22:15,Samsung forced to make 1 million more Galaxy Z Fold 8 units due to high demand www.sammobile.com/news/galaxy-...,2,Search: Samsung Z Fold,
bafyreihsgsk63y2f7zqfldxxzbb7aszjyvwsoe44x5orhycu563qdere2u,bluesky,post,2026-08-10 07:20:52,"ETNews reported that Samsung Electronics has decided to produce an additional 1 million units of the Galaxy Z Fold 8, following its continued strong market popularity.",0,Search: Samsung Z Fold,
bafyreiconflipc5jql3pxvfybbugi6e3ey5u3r3hhof7bcviz2p7s6gk3q,bluesky,post,2026-08-10 07:19:44,Samsung Galaxy Z Fold 8 review: your passport to a folding phone future,13,Search: Samsung Z Fold,
bafyreigubmyf7fk5xfm3us7tychdj6lojcaj5rkbxamquh3m2ei7fslh54,bluesky,post,2026-08-31 09:40:21,Tehnologijom do boljeg zdravlja novimilenij.eu/index.php/vi... #Samsung #Galaxy_Unpacked #Samsung_Galaxy_Watch_Ultra2 #Galaxy_Z_Fold8_Ultra #smartphone #mobitel #smartwatch #pametni_sat,0,Search: Samsung Unpacked,
bafyreifivubndsjhqryl7kq7wa6mz5tomugqozyjzitbi4ju6rl6wqdk6a,bluesky,post,2026-08-30 20:30:36,Najbolji za najbolje novimilenij.eu/index.php/vi... #Samsung #Samsung_AI #Samsung_Unpacked #With_Samsung #mobitel #smartwatch #pametni_sat #Galaxy_Watch_Ultra2 #Galaxy_Z_Fold8_Ultra,0,Search: Samsung Unpacked,
bafyreih6uhsrrvfd23tpwpebrg37h45od6bcfe7sxv3umotndv3ouh24gi,bluesky,post,2026-08-30 20:25:18,"Lijepi, elegantni, moćni novimilenij.eu/index.php/vi... #Samsung #Samsung_AI #With_Samsung #Samsung_Unpacked #Galaxy_Watch9 #Galaxy_Z_Flip8",0,Search: Samsung Unpacked,
bafyreiffppyejscq77jkn542w5juoqg5bupvej7g6yuezjgloq7peyv3dy,bluesky,post,2026-08-28 16:34:05,Samsung Galaxy Glasses revealed at Unpacked,0,Search: Samsung Unpacked,
bafyreib64gqttnmvb5nlo644nusapgflhklsrss74wiwufzkrf46kcvqb4,bluesky,post,2026-08-28 12:34:56,"Galaxy S26 Ultra’nın Sevilen Özelliği, Yeni Xiaomi Modelinde de Olabilir

Samsung Galaxy S26 Ultra, 25 Şubat 2026 tarihinde düzenlenen Galaxy Unpacked 2026 etkinliğinde tanıtıldı. Yeni akıllı telefon son derece güçlü işlemci ile geldi. Kamerası da dahil olmak üzere birçok detayı ile ön plana çıktı…",0,Search: Samsung Unpacked,
bafyreictuengb6bdqehj3l2w5qhoz6im7jyyrusr6reb3doth2x2h3cdwq,bluesky,post,2026-08-28 07:03:01,"Samsung Galaxy Unpacked August 2026: Live updates from the launch of the next S26

We&#8217;re expecting to see the Galaxy S26 FE at today&#8217;s Unpacked, but might there be...

🔗 https://www.madshrimps.be/news/samsung-galaxy-unpacked-august-2026-live-updates-from-the-launch-of-the-next-s26/",0,Search: Samsung Unpacked,
bafyreifg2vztw7kzyexf3ktsk5m5hdqoucyxksdyspyhunx573wjr6ft4a,bluesky,post,2026-08-28 06:00:08,"Samsung's Galaxy S26 FE led a smaller Galaxy event focused on bringing more flagship features, AI tools and longer software support to a cheaper phone.",0,Search: Samsung Unpacked,
bafyreifd6cco33b4tq7b3loiczqx4ajh5jiqsbotyut4pabxvvmr5rn434,bluesky,post,2026-08-27 16:43:14,"Samsung predbehol Apple s novými skladacími telefónmi Z Fold 8 Ultra, smart okuliarmi s AI a „passport“ variantom. Čína tlačí v AI, Francúzsko obmedzuje sociálne siete pre deti a CD zažívajú comeback!",0,Search: Samsung Unpacked,
bafyreicz3xiiw44x3h3j5ucrwyepynpsbx4ic56lineu5tij4mm3gaydpa,bluesky,post,2026-08-27 14:23:12,www.engadget.com/2245288/sams...,0,Search: Samsung Unpacked,
bafyreihzies5qnjvmd322akfk3y5iwyrs6vpfbncke6wu3x2ohedt3h62q,bluesky,post,2026-08-27 13:30:38,Za one najbolje koji traže samo najbolje novimilenij.eu/index.php/vi... #With_Galaxy #Samsung #Samsung_AI #Samsung_Unpacked #Galaxy_Watch_Ultra2 #Galaxy_Watch_Ultra2,0,Search: Samsung Unpacked,
bafyreihg7fu5hb5if46be32wfjk4fel5v5x4swus5sl3lgo5cbpaet2f7q,bluesky,post,2026-08-27 13:28:13,Kako do boljeg zdravlja sa stilom? novimilenij.eu/index.php/vi... #Samsung #Samsung_AI #WithSamsung #Samsung_Unpacked #Galaxy_Z_Flip8,0,Search: Samsung Unpacked,
bafyreihnmwfvyjjiiz3ry2qdg3xdm4xpdnjgr7nhfivf6zkdjs6zybbzvi,bluesky,post,2026-08-27 11:57:59,Samsung Galaxy Unpacked August 2026: Live updates from the launch of the next S26,0,Search: Samsung Unpacked,
bafyreigg2f7swqwow3tnmxzisiqfz6lvwne455hu6wjvtuzg2do3laq34i,bluesky,post,2026-08-27 11:00:09,"Samsung Galaxy Unpacked August 2026: Live updates from the launch of the next S26

#Tech #Gadgets",0,Search: Samsung Unpacked,
bafyreigh7ezqq7vkznayio46oaaxritp5gc5xywnenibyouzssjjqr2lgm,bluesky,post,2026-08-27 10:56:54,"📰 **Samsung Galaxy Unpacked August 2026: Live updates from the launch of the next S26**

We're expecting to see the Galaxy S26 FE at today's Unpacked, but might there be any surprises?

📰 Source: Engadget - Technology News & Expert Reviews
🔗 Link […] 

[Original post on igeek.gamer-geek-news.com]",0,Search: Samsung Unpacked,
bafyreigjzxab2xvg3fh4b3lp7esfp3djceoyqt56rqrc76kemjdeashxma,bluesky,post,2026-08-27 10:54:36,"We're expecting to see the Galaxy S26 FE at today's Unpacked, but might there be any surprises?",3,Search: Samsung Unpacked,
bafyreievli6na73hxcanxht7xgous27y6ptuum6fjqvvxjxfzegyczt354,bluesky,post,2026-08-25 08:51:23,Mogu li lijepi i elegantni uređaji biti moćni? Da. novimilenij.eu/index.php/vi... #Samsung #GalaxyAI #GalaxyUnpacked #withGalaxy #Galaxy_Watch_9 #Galaxy_Z_Flip8,0,Search: Samsung Unpacked,
bafyreihei43krlakjztt7jr2vty36gwjaxdvjnwoycqaae7cij6ox4p63m,bluesky,post,2026-08-25 08:41:05,Noviteti Galaxy Ultra obitelji su moćniji i zanimljiviji nego ikad novimilenij.eu/index.php/vi... #Samsung #Samsung_AI #GalaxyUnpacked #Galaxy_Z_Fold_Ultra #withGalaxy,0,Search: Samsung Unpacked,
bafyreibizs3atv55kndpau7ss5wmexnj4zhsjo65nxyemxk57p2o4tl3by,bluesky,post,2026-08-22 04:04:39,"Samsung Health AI Connected Care 2026 Vision Unveiled
->StartupHub.ai | More on ""Samsung AI health management innovation"" at BigEarthData.ai | #AI #Health",0,Search: Samsung Unpacked,
bafyreicgfhbkhet6dsy6navqrcdz3fdxtm7zv3h736s2kugcxrxoxuyfra,bluesky,post,2026-08-21 17:08:12,"[Video] [Galaxy Unpacked July 2026] Samsung Health Envisions Simpler, More Connected Care With AI https://news.samsung.com/global/video-galaxy-unpacked-july-2026-samsung-health-envisions-simpler-more-connected-care-with-ai",0,Search: Samsung Unpacked,
bafyreid3xnn7lskdieh3duo3nczzh75oeitwrc6bspbhcb6zd5iwtx6zte,bluesky,post,2026-08-21 15:59:49,"【新着ニュース】
サムスン新型フォルダブルスマホGalaxy Z Fold8を徹底解説、もっと使いこなす活用術

#Samsung #Galaxy
https://moba.monaka.dev/2026/08/galaxy-z-fold8.html",0,Search: Samsung Unpacked,
bafyreic7ofoypq4xtnmhbbiqp7jik3i5k7x7n6qdqfcovz3niur6ebsy6a,bluesky,post,2026-08-21 13:00:06,"Galaxy A08 4G może dostać baterię 6000 mAh, czyli większą niż flagowy Galaxy S26 Ultra. Ciekawy zwrot: budżetowiec za 600–700 zł wygrywa z topowym modelem w jednym z najważniejszych parametrów 🔋",1,Search: Samsung Unpacked,
bafyreif3t5tq5bwd64whei677dhrx2obl3wnjy7avlgtsmyxd2bpf2362a,bluesky,post,2026-08-20 15:23:22,"📰 Samsung Galaxy Z Flip 8 vs. Z Flip 7: Is the new flip phone worth the upgrade?

🔗 https://www.zdnet.com/article/samsung-galaxy-z-flip-8-vs-z-flip-7-unpacked-2026/

#Tech #Innovation",0,Search: Samsung Unpacked,
bafyreih6rfjge2ycq4q7xlptydgcs24265ag4pzh5eouqcfynywqvdwwri,bluesky,post,2026-08-20 13:31:36,"Samsung health AI models analyse wearable biosignal data

Samsung Research America’s Digital Health Team has presented two AI foundation models designed to learn from wearable biosignals. The work centres on data captured by smartwatches, including heart activity, sleep, and physical activity. The…",0,Search: Samsung Unpacked,
bafyreiga3rexqtnucbrf64zbbbyvmzsxmnsgaw3osqbiymdpzyh4duolqe,bluesky,post,2026-08-20 06:56:53,Samsung kündigt „Galaxy Event“ für nächste Woche an,0,Search: Samsung Unpacked,
bafyreidddvveuc6qzbogjzbbefeuyid45rqcgnh7emn6dtrsncvinu7tay,bluesky,post,2026-08-20 06:30:08,"Samsung szykuje kolejny event już 27 sierpnia o 14:00 czasu polskiego. Najciekawsze? Galaxy S26 FE ma dostać głównie odświeżony wygląd, a nie rewolucję w specyfikacji. Czekacie na taki ruch? 📱",1,Search: Samsung Unpacked,
bafyreieuyjqfxu7p4urzsdyha56d6vcuu3n2lmnmrpssuw3g3lcoy3bd6e,bluesky,post,2026-08-19 04:31:07,"Samsung put London on the map at Unpacked. The Galaxy Z Fold 8 Ultra, Z Fold 8, Flip 8, Watch Ultra 2 and Watch 9 all dropped on August 6, with The Guardian calling the Ultra the top dog of folding Androids. The Flex Hybrid screen prototype, folding and extending, is the one stealing the show.",0,Search: Samsung Unpacked,
bafyreiehykwu6rar3ouhkc3coaohmbgnpjkhtrbqzckpc2q7jknkuern4q,bluesky,post,2026-08-18 17:35:48,"📰 3 ways Samsung deeply integrates Gemini AI into its new Galaxy devices

🔗 https://www.zdnet.com/article/samsung-unpacked-gemini-ai-google-intelligence-integration/

#Tech #Innovation",0,Search: Samsung Unpacked,
bafyreibuunmlzvkjkvsfgmslwmiccmqmrdefltjstkspj7szavf7uubgwe,bluesky,post,2026-08-18 15:24:28,"📰 Samsung unveiled its latest Galaxy Z fold and flip phones at Unpacked, featuring design updates and AI capabilities, set to launch on August 7th.

🔗 https://www.theverge.com/gadgets/968682/samsung-galaxy-z-fold-flip-8-specs-features-hardware-comparison

#Tech #Gadgets",0,Search: Samsung Unpacked,
bafyreidk6rr64dit4xktdk2qekxfn5xwxn3rv4yrghymqmp6jfuh6e47zu,bluesky,post,2026-08-18 11:11:41,"📰 Samsung has released its latest foldable phones, Samsung Galaxy Z Fold 8 and Z Flip 8, at Verizon with no activation or upgrade fees for preorders.

🔗 https://www.zdnet.com/article/verizon-samsung-galaxy-z-fold-deal-2026/

#Tech #Innovation",0,Search: Samsung Unpacked,
bafyreih3ozkel3w24xizx4xkyy7scs2ps6r4uyqlc2b4g23q45ueeglq7u,bluesky,post,2026-08-18 10:39:58,"📰 Samsung Unpacked: Preorder now for Galaxy Z Flip 8, Z Fold 8, Galaxy Watch Ultra 2, and Galaxy Watch 9.

🔗 https://www.zdnet.com/article/how-to-preorder-everything-announced-at-samsung-unpacked-july-2026/

#Tech #Innovation",0,Search: Samsung Unpacked,
bafyreidugiicsgeqlt63apvr2bf6epmp5sdltrbc7t47w5znhojpqnyanu,bluesky,post,2026-08-18 09:37:00,"📰 Samsung unveiled its Galaxy Z Fold 8, Ultra Fold, and updated Flip models at its annual summer event, marking significant advancements in foldable technology.

🔗 https://www.theverge.com/tech/969208/samsung-galaxy-unpacked-2026-everything-announced

#Tech #Gadgets",0,Search: Samsung Unpacked,
bafyreic22zil446jqdszg5swub2fzar2sldibldvaojtypov3yndxfygyi,bluesky,post,2026-08-18 06:59:03,"📰 Samsung Unpacked 2026: Announced new foldable smartphones and smartwatches at its London event.

🔗 https://www.zdnet.com/article/everything-announced-samsung-unpacked-2026/

#Tech #Innovation",0,Search: Samsung Unpacked,
bafyreihztkrkmkkpd3yanihxf7etaminpfvujmwmkh3egb6w4ctbzczwam,bluesky,post,2026-08-18 06:27:06,"📰 Samsung will unveil new foldable devices at Galaxy Unpacked 2026, including a wider Galaxy Z Fold 8 and an upgraded Z Fold 8 Ultra with a larger battery.

🔗 https://www.theverge.com/tech/967942/samsung-galaxy-unpacked-july-2026-news

#Tech #Gadgets",0,Search: Samsung Unpacked,
bafyreiclgzwibbxakemin3wugxbfsb7ual4nan7qve3bu5ppl37uw6am5m,bluesky,post,2026-08-17 14:40:00,"Tech update: Samsung just unveiled the Galaxy Z Fold8 Ultra, Galaxy Z Flip8, Galaxy Watch Ultra2 & Watch9 at Galaxy Unpacked. Foldable tech keeps pushing boundaries — the next era of mobile computing is here! #Samsung #Foldable #TechNews",0,Search: Samsung Unpacked,
bafyreif5274gc4yr73i5deiz3iky5pqlwqeu7qzqhyswowbb4zyfs7vvdi,bluesky,post,2026-08-16 05:07:21,"Samsung health AI models analyse wearable biosignal data

Samsung Research America’s Digital Health Team has presented two AI foundation models designed to learn from wearable biosignals....",0,Search: Samsung Unpacked,
bafyreih7duk6uj3a7cuwhd5y47drkrhyjb2nv27uytds5yhosdegeu4kvm,bluesky,post,2026-08-15 07:15:42,"At first glance, the Samsung Galaxy Watch 9 is primarily a refinement of the Galaxy Watch 8. The design is largely the same, but under the bonnet we find a new processor, a larger battery and several new health features. Is that enough to make the Watc...",0,Search: Samsung Unpacked,
bafyreiapzjbfjw2y5ocito4r6wjl76rjae6qer455cwvyo44g5nlbgrhqi,bluesky,post,2026-08-14 23:59:32,"【新着ニュース】
最新Galaxyの美しさに迫る！Zシリーズとスマートウォッチのデザイン秘話をデザイナーが語る

#Samsung #Galaxy
https://moba.monaka.dev/2026/08/galaxyz.html",0,Search: Samsung Unpacked,
bafyreiercggd2g4qzhv6tr7cubynn2brqmxkg33qqjevgzzhssdfhvudoe,bluesky,post,2026-08-14 15:53:46,"[Galaxy Unpacked July 2026] Един град, три перспективи: Лондон с Galaxy Z Fold8 Ultra, Galaxy Z Fold8 и Galaxy Z Flip8

Лондон, град с богато наследство и иновации, се превърна в кулиси за Galaxy Unpacked през юли 2026 г. Samsung Electronics представи най-новите си сгъваеми устройства — Galaxy Z…",0,Search: Samsung Unpacked,
bafyreid5vjz6c2yaq4tfs6a4tspcd5r7syk4hvsxjqzmmsgk3a5t26cr4q,bluesky,post,2026-08-14 15:52:11,"[Galaxy Unpacked July 2026] Един град, три перспективи: Лондон с Galaxy Z Fold8 Ultra, Galaxy Z Fold8 и Galaxy Z Flip8

Лондон, град с богато наследство и иновации, се превърна в кулиси за Galaxy Unpacked през юли 2026 г. Samsung Electronics представи най-новите си сгъваеми устройства — Galaxy Z…",0,Search: Samsung Unpacked,
bafyreice4pc6kvzeyln5tzmzbl4uvtjifprgwrgsjcn4aokui4xgbnrjgy,bluesky,post,2026-08-14 08:23:51,"Yeni Samsung Katlanabilir Telefonlar ve Akıllı Saatler Satışa Çıktı

Samsung, geçtiğimiz temmuz ayında çok beklenen Galaxy Unpacked lansmanını gerçekleştirmişti. Bu lansmanda da şirketin yeni amiral gemisi katlanabilir telefonları Galaxy Z Fold8, Z Fold8 Ultra, Z Flip8 tanıtılmıştı. Aynı zamanda…",0,Search: Samsung Unpacked,
bafyreiaypi6nsh7vc2sdmjcxelee4er7g2nayz65xvjtybukc7nuc3j4re,bluesky,post,2026-08-11 08:10:09,"Samsung’s Stablecoin Gamble Could Turn Galaxy Phones Into Global Money Transfer Hubs + Video

Samsung Is Bringing Digital Dollars Closer to Everyday Payments Samsung is preparing to take one of its biggest steps yet into digital finance. At its July 2026 Galaxy Unpacked event, the company announced…",0,Search: Samsung Unpacked,
bafyreiefgesz2cc7z6nynrdsyq3664mmec73r6j2upxhu7yam6tayeqgle,bluesky,post,2026-08-11 06:46:30,More Samsung Wallet stablecoin integration details have surfaced www.sammobile.com/news/more-sa...,0,Search: Samsung Unpacked,
bafyreihu4spdcwq7td3gtht352ydpfpyqozlblbnzwp4rxkigjzvs5xi34,bluesky,post,2026-08-10 16:21:33,"samsung fold 8: भारत में Galaxy Z Fold8 और Fold8 Ultra की ताज़ा खबर
quasa.io/hi/media/sam...
स्रोत: Quasa Media, Samsung India की आधिकारिक घोषणा, Samsung के वैश्विक Galaxy Unpacked विवरण, TechRadar की विस्तृत तुलना, Samsung Experience Store की शर्तों, T-Mobile की आधिकारिक पेशकश  / लेखक: Slava Vasipenok",0,Search: Samsung Unpacked,
bafyreihs7whueu6m7jlfsvqir25durcwfx4ynyfyujigbynutmmj3z7mf4,bluesky,post,2026-08-09 03:27:48,"Samsung targets stablecoin distribution across hundreds of millions of Galaxy phones

Samsung Electronics Co. is moving to bring stablecoins directly into Samsung Wallet, potentially giving blockchain-based dollars a distribution channel spanning hundreds of millions of Galaxy devices. At its July…",0,Search: Samsung Unpacked,
bafyreierncwgms3w42wtf6rd6mbofbg2u6zn2qbcnee74pjcqbcc22s64m,bluesky,post,2026-08-08 19:54:15,[Infographic] [Galaxy Unpacked July 2026] Samsung Members Stars Share Their Favorite Features of the New Galaxy Devices https://news.samsung.com/global/infographic-galaxy-unpacked-july-2026-samsung-members-stars-share-their-favorite-features-of-the-new-galaxy-devices,0,Search: Samsung Unpacked,
bafyreieqqoxg3h5l3wkuiab763ovmhof7dosblnlbx75ssty6pkdvulasy,bluesky,post,2026-08-08 03:31:19,"iFIT and Samsung Health Deepen Partnership with Launch of iFIT Personal Trainer on Galaxy Devices

iFIT Inc., a global leader in fitness technology, today announced a significant expansion of its partnership with Samsung Health, bringing iFIT Personal Trainer, Tailor, iFIT's AI-powered personal…",0,Search: Samsung Unpacked,
bafyreieklyvwdcgltkwwrro3h22qai3qgwb72fuomphz7adsb5gwtzzjhu,bluesky,post,2026-08-06 21:34:14,Samsung’s new foldable phone preorder offers end today. Here are the best deals to take advantage of before they expire in a few hours!,1,Search: Samsung Unpacked,
bafyreieeqafazmgntpfjplarnyjkbnnugcdswufpfp5zwrhloqt6ilooda,bluesky,post,2026-08-06 13:03:10,A Samsung oficializou a chegada dos novos modelos ao Brasil. Confira os preços na matéria atualizada!,0,Search: Samsung Unpacked,
bafyreigflboa2x43xcrozdicwegyns4nw23yvgo3iu7putuui4lm2atb7u,bluesky,post,2026-08-06 10:06:31,¿Cuándo se actualizará mi móvil Samsung a One UI 9? 👇,0,Search: Samsung Unpacked,
bafyreihetdjybejhc4lrm6nivmj7fyfzexuvfolhi22heuqtnhzagibks4,bluesky,post,2026-08-06 05:00:07,"Galaxy Watch9 40 mm robi świetne pierwsze wrażenie: ekran 3000 nitów, topowe wykonanie i masa danych o zdrowiu. Problem? Przy AoD działa zwykle dobę, a ładuje się wyraźnie wolniej niż konkurencja. ⌚️",1,Search: Samsung Unpacked,
bafyreiggumvyv7xm44ogomxfjscrzzpjqhawfilybfuxtvhbwe2gaxkaiq,bluesky,post,2026-08-06 03:51:16,"Samsung teased native stablecoin support for Samsung Wallet at Unpacked 2026, but offered no coin, network, or launch details. #samsung",0,Search: Samsung Unpacked,
bafyreif4cl4fhtyntltx6lornm7oeoidi63p5dqvqtgouw3hs3klt2svkm,bluesky,post,2026-08-05 22:15:03,Samsung spouští One UI 9. Které Galaxy telefony ho dostanou a které ne?.. celý článek na ⬇️,2,Search: Samsung Unpacked,
bafyreialx7btf46kvhsrsta54xqmzro43m23ktwvxkcfumoknl42bq2z6m,bluesky,post,2026-08-05 08:51:17,"Il nuovo formato “passaporto” del Galaxy Z Fold 8 manda in tilt la produzione: Samsung non sta dietro alle richieste

Il cambio di rotta stilistico e strutturale firmato Samsung sembra aver colto nel segno in modo inaspettato. Presentato di recente all'evento Galaxy Unpacked, il nuovo Galaxy Z Fold…",0,Search: Samsung Unpacked,
bafyreigb2iqg6cyngjhqwlqknsuo3xjaligpvh5ke5yxtchasfl3phkz24,bluesky,post,2026-08-05 06:00:22,"Smartfon wyląduje na stałe w kieszeni? Samsung i okulary z asystentem AI | @imagazinepl.bsky.social 

https://imagazine.pl/2026/08/05/samsung-galaxy-inteligentne-okulary-ai-unpacked-2026/",1,Search: Samsung Unpacked,
bafyreifzaswlnusyfqq3njuzlsz3gzmbvxceso7b5s4724rvcekw63disi,bluesky,post,2026-08-05 02:27:59,"LATEST: ⚡ Samsung announced native stablecoin support for Samsung Wallet, showing USDC in a demo at Galaxy Unpacked 2026, with no confirmed launch date or issuer partner yet.

 animalverse.social/community/p/...

#Samsung #SamsungWallet #Stablecoin #USDC #Crypto #Blockchain #DigitalAssets",0,Search: Samsung Unpacked,
bafyreie7guj575ztw5egxhnihobsqmclyvnvy3qalg4yh2iqxy6ujgijm4,bluesky,post,2026-08-05 01:20:04,"LATEST: ⚡ Samsung announced native stablecoin support for Samsung Wallet, showing USDC in a demo at Galaxy Unpacked 2026, with no confirmed launch date or issuer partner yet.",0,Search: Samsung Unpacked,
bafyreia3yo7ne4jyddv6qzzi7r4xcryvssaocnufuy252ht66y6wygesb4,bluesky,post,2026-08-04 04:06:35,"Samsung unveiled its Galaxy Z Flip 8 and Z Fold 7 foldable smartphones at Galaxy Unpacked, featuring thinner designs, enhanced durability, and deeper AI integration.",0,Search: Samsung Unpacked,
bafyreig4euhjzgh3hboiryhuf7jtadns2smmzdvteaocortwzgykcfsfwm,bluesky,post,2026-08-03 21:31:09,"On July 22 at Galaxy Unpacked July 2026, Samsung Electronics introduced Galaxy Z Fold8 Ultra, Galaxy Z Fold8, Galaxy Z Flip8, Galaxy Watch Ultra2 and Galaxy",1,Search: Samsung Unpacked,
bafyreib2zikf3c5gtpjw65a6ynt5o7vfxggf27oqzp2sorbjxygkknrn4e,bluesky,post,2026-08-03 12:39:16,"Samsung Is Putting Stablecoins on 240 Million Phones... It Just Won't Say Which Ones, or When.
Aug 01 2026 12:47 UTC
#samsung-wallet #stablecoin-support #usdc #tether #digital-dollars #smartphone-integration #galaxy-unpacked #custodial-vs-non-custodial #galaxy-card #retail-adoption",0,Search: Samsung Unpacked,
bafyreigl6rmjxedgfdofmsvpruxm6vih7nefthcd66jz6znduz4czvc7ca,bluesky,post,2026-08-03 11:00:11,"Galaxy Z Fold8 miał niemal ukryć zagięcie ekranu, ale zdjęcia użytkowników pokazują coś innego — i to już po kilku dniach. Przy składakach marketing nadal często wyprzedza rzeczywistość 🤔",1,Search: Samsung Unpacked,
bafyreie7h4czzjzzpnegqrwlethmnfm5qlfel22fs7ykzbuux5zurjq3zi,bluesky,post,2026-08-03 08:48:32,"We’re halfway between the Galaxy S26 launch and the next big Galaxy Unpacked event and the rumors surrounding the Galaxy S27 series expected in January or February 2027 are starting to heat up. For the first time, four Galaxy S27 phones are set to hit the market at the same time, the top-o..",1,Search: Samsung Unpacked,
bafyreibolcrajl7wyatdgrpbv5ywfxp7nbwyqg64trsr2aadyiorwrjh4i,bluesky,post,2026-08-03 08:03:19,Zašto preklopni telefon? youtu.be/OIg8IvUbPHw #Samsung #GalaxyAI #GalaxyUnpacked #withGalaxy,0,Search: Samsung Unpacked,
bafyreibujdzing34gaelx3ypn6zxu3ok4jnzzygp2hxegqhnixpf3c2nii,bluesky,post,2026-08-03 06:12:20,[Interview] [Galaxy Unpacked July 2026] Inside the Design Behind the Latest Galaxy Z Series and Galaxy Watch https://news.samsung.com/global/interview-galaxy-unpacked-july-2026-inside-the-design-behind-the-latest-galaxy-z-series-and-galaxy-watch,0,Search: Samsung Unpacked,
bafyreiauqjy3zjzrh6wec2qmwdudmh7xzkcm5umfb5b2sdcdrcn4krk32i,bluesky,post,2026-08-03 02:42:02,"Samsung Fold 8's: Thoughts?

Samsung just wrapped up Galaxy Unpacked and officially unveiled the 8th...

https://hackforums.net/showthread.php?tid=6329502&utm_source=bluesky&utm_medium=social&utm_campaign=hf_signal&utm_content=6329502-open_question-2&utm_term=open_question&hf_v=trailer-v1",0,Search: Samsung Unpacked,
bafyreigukqb5ahxiaz5mtjwstorhep2hzpohenswntf7fml4xpn7l7vj7u,bluesky,post,2026-08-01 17:12:24,"At Galaxy Unpacked 2026 in London, Samsung Electronics unveiled Galaxy Watch Ultra2 and Galaxy Watch9, expanding the digital health experience on the wrist.",1,Search: Samsung Unpacked,
bafyreihxubibpmj3mfk6uwhxn33fegqkcudbvh7jqpyha2j5weyr2cr2pi,bluesky,post,2026-08-01 10:39:48,"Samsung has reportedly started working on the Galaxy S27 series!

#Samsung #Galaxy #OneUI9_5 #TeamGalaxy #GalaxyAI #TeamSamsung #TechNews #TechUpdates #GalaxyS27",0,Search: Samsung Unpacked,
bafyreifbfyc76et6gbnhucuo2v6ilnnivflbgtr5ojbjw57vzori7qs62y,bluesky,post,2026-07-31 20:00:13,"Google Pixel 11 Pro Fold : une fuite révèle le design définitif, et nous interroge sur les ambitions de Google
🗞️ Frandroid - 🕐 31/07 07:33
#actu #news #presse #frandroid",0,Search: Samsung Unpacked,
bafyreiaaux6zgfrcjj43ulo4sv6qd2odpk7ozxo5dwbaynotglaawudhju,bluesky,post,2026-07-31 13:47:17,Samsung Galaxy Watch Ultra2 vale a pena? Análise ao smartwatch mais resistente da Samsung www.otakupt.com/review/samsu...,1,Search: Samsung Unpacked,
bafyreiegp5a3xqbtx6gtix3kezubvn4tqltke4zh7cyxhylj7dlpya2fyq,bluesky,post,2026-07-30 12:20:10,"At Galaxy Unpacked July 2026 in London, Samsung Electronics unveiled the eighth-generation Galaxy Z series. Combining agentic AI that understands users with",1,Search: Samsung Unpacked,
bafyreihedheeobjrq2tulvsvu7xekpltv4w5logvaikw55llcjkvbzwu54,bluesky,post,2026-07-30 05:30:54,"Samsung Galaxy Z Fold8 Ultra Finally Launches: Here’s What’s New

Samsung has completely reshaped its foldable lineup at the Galaxy Unpacked event held in London in July 2026. This time, the company has carried its trusted book-style foldable forward under the ""Ultra"" branding, while also launching…",0,Search: Samsung Unpacked,
bafyreifcfaacck2ihq3jzyxiettv2qgbnetaoeqlgn7w6u77kkzg45rhni,bluesky,post,2026-07-29 22:02:29,"""Galaxy Z Fold8's hottest color revealed! New foldable smartphones launched at Samsung Galaxy Unpacked! #JapanTech #Gadgets #FoldableFuture""
📖 https://www.gizmodo.jp/article/samsung-galaxy-fold8-shortage/
🛒 https://www.amazon.com/s?k=Galaxy+Z+Fold8&tag=japantrend-20 #ad",0,Search: Samsung Unpacked,
bafyreidqwmgmm3ukzy7xxnocgql5qo3ila4gagwqrdy7qxczo6stsshrhu,bluesky,post,2026-07-29 21:03:33,"Unveiled at Galaxy Unpacked London on July 22. Gentle Monster and Warby Parker designed the frames. 

Snapdragon AR1, Google Gemini, 9-hour battery, hidden camera. Looks exactly like regular glasses. 

Launching fall 2026. Samsung just made it something you'd actually want to wear.

#SamsungGlasses",0,Search: Samsung Unpacked,
bafyreig72rki2a26dkyxpawr2xctcf2vu54pbwh2lzjq7mpeirrva7zcui,bluesky,post,2026-07-29 18:27:40,"Samsung Says Wallet Will Add Stablecoin Support
Jul 24 2026 16:18 UTC
#samsung-wallet #stablecoins #usdc #circle #galaxy-unpacked #digital-value-transfers #mobile-brands #blockchain-wallet #visa #south-korea",1,Search: Samsung Unpacked,
bafyreigm4tdwelkd7edbgnuyyxeagd3l6asjcyjdk733irucirt376wkbu,bluesky,post,2026-07-29 17:13:38,FYI: Samsung Galaxy Z Fold8 Ultra Leads a Bold New Era of AI-Powered Foldables #stupidDOPE,0,Search: Samsung Unpacked,
bafyreibdmvnhshysk4thnt5ct65c3tfkj4uu7ghcoygupfgohq3auixvgy,bluesky,post,2026-07-29 04:16:13,"It's all very well saying that the ""pervert glasses"" will always show an LED when recording but it's a miniscule little light which most people won't notice unless they are up close and checking closely. 

m.gsmarena.com/samsungs_sma...",0,Search: Samsung Unpacked,
bafyreiahqvkloeiqil4aupjanmc43ffnvlchp5daedlm36xiwdf5tyzzgm,bluesky,post,2026-07-28 19:15:10,"Samsung's smart glasses have this important privacy feature
Article",0,Search: Samsung Unpacked,
bafyreidozlnaormbqyrfiowpoip35br2vngpneakynplvddcgfnfwlt5my,bluesky,post,2026-07-28 18:47:42,"Samsung is set to unveil its latest innovations at Galaxy Unpacked 2026, with new foldable smartphones, advanced Galaxy Watches, and enhanced AI-powered features expected to take center stage. 

#Samsung #GalaxyUnpacked #AI #TechNews #Innovation",0,Search: Samsung Unpacked,
bafyreicrbtgqri5f53hr3x7ldg7lbcjs2bhusnlalymdagdec2dltinqbq,bluesky,post,2026-07-28 18:38:19,Samsung's smart glasses have this important privacy feature - https://www.gsmarena.com/samsungs_smart_glasses_have_this_important_privacy_feature-news-73909.php,0,Search: Samsung Unpacked,
bafyreigd662impzk52l2z3c6ehgakj3pjd5b5p7rtil2orqxirawloy4g4,bluesky,post,2026-07-28 13:08:30,"Samsung Galaxy Z Fold 7: O dobrável mais fino da Samsung

Lançamento previsto para julho no Galaxy Unpacked.

#samsung #galaxy #smartphone",0,Search: Samsung Unpacked,
bafyreidexonftvzczfgxuinbhtf4dqlcakof3i7ud4gwdrjjkehmdiwzem,bluesky,post,2026-07-28 12:29:08,"Samsung Health gets a major redesign in the Galaxy smartwatches!

#Samsung #Galaxy #OneUI9 #TeamGalaxy #GalaxyAI #TeamSamsung #TechNews #TechUpdates #GalaxyWatch9 #GalaxyWatchUltra2",0,Search: Samsung Unpacked,
bafyreieuhivlqv7hneoqcwwh2fwn73s7vfitetqdmblcw7hhaqnk5spmci,bluesky,post,2026-07-28 12:19:43,"Τα έξυπνα γυαλιά βρίσκονται στο επίκεντρο της σημερινής εκπομπής, όπου αναλύουμε όλα όσα αποκάλυψε η Samsung για τη νέα της πρόταση στην κατηγορία των smart glasses κατά τη διάρκεια του πρόσφατου Galaxy Unpacked, αλλά και όσα αναμένεται να ακολουθήσουν μέχρι την επίσημη κυκλοφορία τους τους…",0,Search: Samsung Unpacked,
bafyreihhgsfdlklvykluct4xdctztzhcfcj4yaqibpebywfg7ohc6pg2vm,bluesky,post,2026-07-28 10:11:36,Is Samsung Pioneering Mass Adoption of USDC?,0,Search: Samsung Unpacked,
bafyreihamuk5lv6yfkil3i4braoev3hpym24ccwl3tlki7qw7htgoow37m,bluesky,post,2026-07-28 05:57:50,"Following a partial unveiling at its Unpacked event last week, Samsung is teasing some further details of its upcoming Android...",1,Search: Samsung Unpacked,
bafyreibae26rnulxyp3p27hw6vylwgk6j2w4bp2ydnrw3ynn4ze5loafru,bluesky,post,2026-07-28 04:45:05,Samsung lo tiene claro: sus gafas inteligentes serán mejores que las de Meta porque están pensadas para ser una extensión del móvil www.xatakamovil.com/territorio-s...,0,Search: Samsung Unpacked,
bafyreifh2smgdes4c2dqgtxw47zmndxyxofaq4tkywmgsgucra4emny2cu,bluesky,post,2026-07-27 22:44:00,"It's not just a few new folds, as Samsung's Unpacked event covers gear to wrap around your wrist, too. www.pickr.com.au/news/2026/sa... #googleandroid #news #wearables #aluminium #galaxy #heartrate #qualcomm #samsung #smartwatch #smartwatches #titanium #waterresistance #wearos",0,Search: Samsung Unpacked,
bafyreidnnntru3fqlseudhjuhnpp2wmkribqbksdhyx6tm2jx3hl52ejxm,bluesky,post,2026-07-27 22:17:20,The Samsung Unpacked deals are already dropping.,1,Search: Samsung Unpacked,
bafyreig5fmv2iyql7wda3krq5ewhuwuozwg55waysdgr5gu5eg3r3ne5uu,bluesky,post,2026-07-27 19:44:20,"Samsung Account lo único que necesitas para hacer tu vida Galaxy más fácil

Tal como se reveló en el reciente evento Galaxy Unpacked, la migración de datos ha alcanzado un nuevo nivel de practicidad.",0,Search: Samsung Unpacked,
bafyreib3is4cop2y2qth6pcdtvyq33jrjsdovpafefwybjnk3br3ugs5yi,bluesky,post,2026-07-27 18:03:20,"Google facilita pasarte a Android desde iOS. 
tecnodivaoficial.blogspot.com/2026/07/pasa...",0,Search: Samsung Unpacked,
bafyreiaggpsuis574w5bfrhm7xbhthok5e34rweie4xgljwedpdvef3bdi,bluesky,post,2026-07-27 17:50:54,"Google facilita pasarte a Android desde iOS. 
tecnodivaoficial.blogspot.com/2026/07/pasa...",0,Search: Samsung Unpacked,
bafyreidrsxortseopxuoatwjazf5dqzzanolmamtwdyjqvbumht6obojsy,bluesky,post,2026-07-27 17:11:12,"Samsung teases Android XR glasses with phone & watch integration, ‘reasonable’ price",4,Search: Samsung Unpacked,
bafyreieeia72b66nzjcjyoodtzumu3ovxbjfcvzxgr6rfgm362lesp63rm,bluesky,post,2026-07-27 14:35:50,"New vid is up on @YouTube. #Samsung Just Turned #AI Into a Price Hike… #GalaxyUnpacked2026 Was #Pricemageddon! youtu.be/K1c9LDHIbvM. Remember to like, share and subscribe for the latest news and rumors about tech @JRAbramstech #tabtech",0,Search: Samsung Unpacked,
bafyreifaamvhnkcan6wwkuo4cgzmkof4dfzuj7hq3lcc5bsjz5eug2vq5m,bluesky,post,2026-07-27 14:04:12,"The seemingly equivalent Ray-Ban Metas, the current market leader, start at $299.",0,Search: Samsung Unpacked,
bafyreieutdmihg5nw7icdiyx2yvubcie2a4ntmb2dgoqw7paa7fcsh3uh4,bluesky,post,2026-07-27 11:20:27,Auf dem Galaxy Unpacked-Event am Mittwochabend hat Samsung sein neues Wearable- und Foldable-Portfolio offiziell enthüllt.,1,Search: Samsung Unpacked,
bafyreibdw6etxvxosp3bsxb6gg76zyrfx722pleovpxfpwlrlsuv2l2g4i,bluesky,post,2026-07-27 11:05:20,"Galaxy Z Fold 8 : on a testé le smartphone pliable au format «passeport» de Samsung et voici notre avis

Dévoilé lors du Galaxy Unpacked ce mercredi 22 juillet à Londres, le Samsung Galaxy Z Fold 8 adopte un format inédit chez le fabricant sud-coréen. Avec son lot d'avantages mais aussi...",0,Search: Samsung Unpacked,
bafyreiblc53kd7f2p74tplzsaan7gajox2n57ouqccxuso24cir3edjqjm,bluesky,post,2026-07-27 11:03:20,Where was the Galaxy Ring 2 at Samsung Unpacked?,0,Search: Samsung Unpacked,
bafyreih4qouxvrvvr737bqn4moyr255jtt4n5ywnxbrjubrpwq5sienxme,bluesky,post,2026-07-27 10:33:41,"Samsung Galaxy S27 Silikon Karbon Bataryayla Gelecek mi?

Samsung, geçtiğimiz hafta gerçekleştirdiği Galaxy Unpacked etkinliğinde Z Fold8, Fold8 Ultra ve Z Flip8 modellerinden oluşan yeni katlanabilir telefonlarını tanıtmıştı. Bu telefonlar, şirket için yeni bir dönemi de temsil ediyordu. Öyle ki…",0,Search: Samsung Unpacked,
bafyreibhyhgw2g6gmruell52yewbj5wlzamlnkay2cbk7xpo57pkyanfmq,bluesky,post,2026-07-27 09:10:33,「galaxy galaxy watch watch」に関する記事です: https://www.gizmodo.jp/article/samsungs-galaxy-watch-ultra-2-and-watch-9-prioritize-big-batteries/,0,Search: Samsung Unpacked,
bafyreiguz4prteqrprlbvjocd3zld6wdmum6qypa6a4kndxg6ihsmb2v54,bluesky,post,2026-07-27 08:51:16,「apple apple ユーザー fold」に関する記事です: https://www.gizmodo.jp/article/samsungs-galaxy-z-fold-8-is-basically-a-free-ad-for-apples-foldable/,0,Search: Samsung Unpacked,
bafyreidc4cskz7wgpi74k7ujcx4umjqwokjliky7hjjbcju6urn4sh23tq,bluesky,post,2026-07-27 05:28:26,"I visited Samsung’s foldable-themed pop-up pub and its alcohol-free beers tasted...

Following its Unpacked launch event for the Galaxy Z Fold 8 series, Samsung briefly...

🔗 https://www.madshrimps.be/news/i-visited-samsungs-foldable-themed-pop-up-pub-and-its-alcohol-free-beers-tasted-terrible/",0,Search: Samsung Unpacked,
bafyreib7qzyv2rauljr4roxemfje2eakwt4vsvfclpy456aytq2vblsi64,bluesky,post,2026-07-27 02:20:39,"O vídeo com Hosok foi exibido durante o evento Samsung Unpacked.

~🦊",1,Search: Samsung Unpacked,
bafyreicxgnr6zkttqsk4zwydj3hsm7c37m3ymr5sqxkjdkaq4gwbxnfuwi,bluesky,post,2026-07-27 00:46:50,"📳折りたたみスマホ市場に新局面到来🔥🔥

サムスンが“横長”モデル投入、背景に「折りたたみiPhone」か…市場シェア変える可能性

#Samsung 
#Galaxy 
#Fold8 
#折りたたみスマホ 

plaza.rakuten.co.jp/blog80/diary...",1,Search: Samsung Unpacked,
bafyreiaiecaun26a5necqhgur33smyh2obina5tfxg372sxlfbffyxxmfy,bluesky,post,2026-07-27 00:29:48,Galaxy Unpacked — Samsung、大容量バッテリーのスマートウォッチ「Galaxy Watch Ultra2」と「Galaxy Watch9」を発表 #GalaxyUnpacked #News,0,Search: Samsung Unpacked,
bafyreiapkzfnudwsztgw67hm2nhns2xc2zz5b6eqwki3stnmgnnbeo6n64,bluesky,post,2026-07-26 22:44:00,"Compact, wide and short, and tall will be your options for Samsung foldables in 2026, as one of the OGs adds a new midway point for folding phones. www.pickr.com.au/news/2026/sa... #googleandroid #news #phones #5g #foldablephone #galaxy #samsung #triplecamera #triplecameras #unpacked",0,Search: Samsung Unpacked,
bafyreigxrvzw4a5pq7cbq5cc24degvf4bfri7n6ls3xvsn4jdesxw7dgqe,bluesky,post,2026-07-26 20:07:44,"There was a bit of an undertone present in Samsung’s latest Unpacked keynote. Not one of progress or triumph, but...",1,Search: Samsung Unpacked,
bafyreih4mrmketpfxc5gcfoxhshgyt76hc2fw63ityicgrfwtsbsrs46gm,bluesky,post,2026-07-26 17:03:16,🚨 BREAKING: Samsung Hints at Stablecoin Support in Wallet Amid Unpacked Recap,0,Search: Samsung Unpacked,
bafyreif3bfxancjcvrimjo7mvsookriaxe4xnz4vwfo7f6nbajeo4ewtxq,bluesky,post,2026-07-26 16:40:04,"Our '7 Days' weekly tech roundup brings the juiciest announcements. Read about Facebook's global outage, new devices from Samsung, and fears of AI. #7Days #Neowin",0,Search: Samsung Unpacked,
bafyreifrkfyyaz66lqk5im7v72r6dg7augpscs7t2g5ukcuoydzrfe4kti,bluesky,post,2026-07-26 15:31:42,"Samsung Galaxy Z Flip8 đã chính thức ra mắt tại sự kiện Galaxy Unpacked 2026 và dự kiến lên kệ tại thị trường Việt Nam từ ngày 18/08/2026. 
Xem thêm bài viết tại: viettelstore.vn/dien-thoai/s...",0,Search: Samsung Unpacked,
bafyreibcqo3gmlvxeqzqtjgi5zk6uz2gvvp75h5gjvdiso3u67a2eftj6e,bluesky,post,2026-07-26 14:49:24,"Samsung unveiled at its Unpacked event that native stablecoin support is officially coming to Samsung Wallet.

https://hmjournal.com/en/s/Q9r6lrT9",0,Search: Samsung Unpacked,
bafyreidzzualmpbxp4ywkyxc6tn26vufqbyustvefkgszhqwyhp7tarcem,bluesky,post,2026-07-26 14:30:09,"Z flip9 が出ない噂もあるくらいだから、控えめなのは仕方ない。縦折り方こそ折りたたみが日常に生きる存在だと思うんだけどなぁって

Galaxy Z Flip8触ってみた。完成度は高いけど、もっと進化を期待していた自分がいる | ギズモード・ジャパン https://www.gizmodo.jp/article/samsung-galaxy-z-flip-8-hands-on-one-of-the-mildest-phone-upgrades-ever/",0,Search: Samsung Unpacked,
bafyreifv4kwp7ypjlg344pinavvzsnx3tsbrx3ql33uoylfgevcmt5mqrq,bluesky,post,2026-07-26 14:28:01,"Samsung Commits Galaxy Wallet to Stablecoins Without Naming a Partner or a Launch Window

In Brief: Speaking at Galaxy Unpacked in London on July 22, Samsung product manager Lee Dinham confirmed that native stablecoin support is coming to Samsung Wallet. A mockup shown on stage featured Circle…",0,Search: Samsung Unpacked,
bafyreiajipszzdngq6pkaxadmlrhq2in3csvt6pl2ps2lwywmhc6d2wzbi,bluesky,post,2026-07-26 14:05:12,"#Samsung hat beim #Unpacked in London gleich drei Foldables vorgestellt und beim #Fold 8 ist der Nachfolger nicht das, was der Name vermuten lässt. 
Ich gehe alle Neuheiten durch und erkläre, warum die Namensgebung vermutlich direkt mit dem faltbarem #Apple iPhone zusammenhängt. youtu.be/HJPgXLyTy3",0,Search: Samsung Unpacked,
bafyreihx2akagtxjp7zdrd6gerffx7lmglsado6px62otduilei2qhnswa,bluesky,post,2026-07-26 13:41:05,"The Galaxy Z Fold 8 is Samsung preparing for battle, but is it enough?",10,Search: Samsung Unpacked,
bafyreiaj7w3prujgkg5uh6pmx7uov4mfiqhqh3x7sxmodqim52czjquokq,bluesky,post,2026-07-26 12:12:50,"Ces 2 fonctionnalités géniales sont absentes du Galaxy Z Fold 8, mais Samsung promet d’y remédier

📰 01net - Smartphones

#rss-optimus #actualite #technologie #01net",0,Search: Samsung Unpacked,
bafyreiatxfa53hhzns6lql4lqmtjaa22fbl75447seysj6jqm6grnnkaya,bluesky,post,2026-07-26 10:02:08,Samsung confirms stablecoin support is coming to Samsung Wallet. gogadget.news/S03558,0,Search: Samsung Unpacked,
bafyreih7nduwooujyfgwca2yqx6sijgbuxvdbkpdklduwzzpzmyy7qfvsy,bluesky,post,2026-07-26 09:36:00,"Samsung heeft tijdens Unpacked veel uit de doeken gedaan, waaronder de mogelijkheid om te ontdekken hoe ernstig je slaapapneu nu werkelijk is. Dat wordt gemeten via de Galaxy Watch 9,…",0,Search: Samsung Unpacked,
bafyreifrupwtko5ae743xeiq52wahv6s7ietfygmkjewx3kwome7smvzxu,bluesky,post,2026-07-26 09:13:01,"Samsung Wallet is expanding beyond traditional payments to support stablecoins, as teased by product manager Lee Dinham at Galaxy Unpacked. 📱💳 

This move aims to make Samsung one of the first major mobile brands to enable fast, trusted digital value transfers natively on smartphones.

Details TBD.",0,Search: Samsung Unpacked,
bafyreigyzs4hn6q7y4ripocb6lkfs7ehhkwp3bc7xygnrzmzeiafjahxie,bluesky,post,2026-07-26 07:51:31,"📢 Samsung Wallet va ajouter un support natif pour les stablecoins

Un mockup lors de Galaxy Unpacked a présenté USDC, bien qu'aucune date de lancement ni chaîne n'ait été confirmée",0,Search: Samsung Unpacked,
bafyreib2glcxkzsdco64x5kjojc2hvvpseg4bzpti3ltamjri5qwnwb7ai,bluesky,post,2026-07-25 23:20:43,"Galaxy Z Fold 8 serisi S Pen’i neden desteklemiyor?

Samsung, 22 Temmuz‘da Londra’da düzenlediği Galaxy Unpacked etkinliğinde üç yeni katlanabilir telefonunu tanıttı. Galaxy Z Fold 8 Ultra, Galaxy Z Fold 8 ve Galaxy Z Flip 8 güçlü donanımlar getirirken önemli bir özelliği dışarıda bıraktı. Galaxy Z…",0,Search: Samsung Unpacked,
bafyreidc7ofnr6c3nq3y5ksziyggl35s6zk3rqxwlu4bux76nudgjaqhpy,bluesky,post,2026-07-25 21:01:31,"Samsung Wallet is set to add stablecoin support, with Circle's #USDC featured in a mockup shown at Galaxy Unpacked. Details on the integration remain limited. 💳

🗞️ decrypt.co",1,Search: Samsung Unpacked,
bafyreihg2ij3wqukewzs6htygovhr25xieduodlsp73r7ahfd5hvrwpsz4,bluesky,post,2026-07-25 19:44:35,"Galaxy Z Fold 8 serisi S Pen’i neden desteklemiyor?

Samsung, 22 Temmuz‘da Londra’da düzenlediği Galaxy Unpacked etkinliğinde üç yeni katlanabilir telefonunu tanıttı. Galaxy Z Fold 8 Ultra, Galaxy Z Fold 8 ve Galaxy Z Flip 8 güçlü donanımlar getirirken önemli bir özelliği dışarıda bıraktı. Galaxy Z…",0,Search: Samsung Unpacked,
bafyreibbgnh3v3qxd7nlefjjqnl5rs6qfsvvpsy4grseifi7spjrwny4km,bluesky,post,2026-07-25 18:49:34,Nova era nosivih uređaja novimilenij.eu/index.php/vi... #Samsung #GalaxyAI #GalaxyUnpacked #withGalaxy,0,Search: Samsung Unpacked,
bafyreif3beoevow6wfoybgix5brswn7ycft7hcz2yb5pllikwwsrjrrokq,bluesky,post,2026-07-25 18:44:33,"Samsung Wallet to Introduce Native Stablecoin Support, Featuring USDC

Samsung announced at Galaxy Unpacked in London on July 22 that Samsung Wallet will add native stablecoin suppo…

https://fxcrypto24.com/news/samsung-wallet-to-introduce-native-stablecoin-support-featuring-usdc",0,Search: Samsung Unpacked,
bafyreidackxresd5w4tl3ldfsgvlrxiiqza5njvv26ce2myt2iah34ht6y,bluesky,post,2026-07-25 18:04:53,"Samsung's Galaxy Z Fold8 is the phone to beat after Galaxy Unpacked: Samsung reclaimed its position as the world's top smartphone maker at its Galaxy Unpacked event in London, unveiling three new smartphones and wearable devices. The Galaxy Z Fold8 stands out with it… https://ranked.news/1174599?u=b",0,Search: Samsung Unpacked,
bafyreig2c2bb74s6p6td7gh5325ax7dlqu6qmd7eh7c3gp5rgmgdzvtgua,bluesky,post,2026-07-25 17:33:27,"Samsung is redefining wellness at Galaxy Unpacked 2026, using AI to shift healthcare from reactive to preventive. Ready for a smarter future? 🩺 #GalaxyUnpacked ... https://semeruexpose.id/galaxy-unpacked-2026-samsung-dorong-revolusi-kesehatan-preventif-berbasis-ai-dan-kolaborasi-global",0,Search: Samsung Unpacked,
bafyreibk44srqwzyervbszeukxqowoa2f6nm7w36rjkr56kvlq2xds4d6e,bluesky,post,2026-07-25 17:17:39,"#Samsung dévoile son nouveau Galaxy Z Fold8, le pliant le plus léger jamais produit par la marque. Une nouvelle technologie s'attaque à la pliure visible qui hante ce format depuis ses débuts. Le prix, lui, ne baisse pas.

Découvrir la nouvelle gamme 👇",0,Search: Samsung Unpacked,
bafyreiewiojvsu4m7xegorr6iz5yn6ekqwaf7ke76f2hwdvfxthggirkny,bluesky,post,2026-07-25 17:02:25,How is AI changing your health routine? Samsung just unveiled its new Connected Care ecosystem at Galaxy Unpacked 2026. 🩺 #GalaxyUnpacked #AI https://jatimaktual.id/artikel/samsung-perkenalkan-visi-connected-care-di-galaxy-unpacked-2026-hadirkan-revolusi-kesehatan-preventif-berbasis-ai,0,Search: Samsung Unpacked,
bafyreifviig7kvuaypaamectutpklr3qi7ytoqfqjel5cmviues2etjij4,bluesky,post,2026-07-25 16:18:55,"Samsungs erste KI-Brille kann die Umgebung beschreiben, Gespräche zusammenfassen und übersetzen. Apple hat darauf noch keine Antwort.",2,Search: Samsung Unpacked,
bafyreieta4tk6r5c3ol42hyn2fjr4wu65jbo3i5633ecpbbk7u2u3kdnhu,bluesky,post,2026-07-25 16:04:11,"At $700 more, the Galaxy Z Fold 8 sits a tier above the Galaxy Z Flip 8. Is the splurge worth it for a more spacious display, or are you better off with a clamshell foldable that slips into your pocket? I've used both devices, and I'm here to break it down for you.",0,Search: Samsung Unpacked,
bafyreigv2qoii5jyzby5mfvenfrgzj3amimzxcapjehte6jpkny4k2qbba,bluesky,post,2026-07-25 13:34:27,"no cap, 3 Google updates from Galaxy Unpacked 202 and i'm here for it

We shared how Samsung users can boost productivity and get time back on new foldables, watches, and ...

#AI #ArtificialIntelligence

🔗 https://trustmebro.pro/posts/3-google-updates-from-galaxy-unpacked-2026",1,Search: Samsung Unpacked,
bafyreigtud7vvyoywsvdky2l4ryl6mrp5ubxjryjra64cizt4pblqugley,bluesky,post,2026-07-25 13:28:02,"I was invited to Galaxy Unpacked, below a few pictures

#SamsungUnpacked #GalaxyZFold8 #Mobilephotography #Samsung #SamsungMobile #GalaxyWatch",0,Search: Samsung Unpacked,
bafyreid72b2yf7nngpivly44ibdnwpicjdzijszxmukuzsf5bq5q6k5wom,bluesky,post,2026-07-25 12:51:26,"🕶️Η Samsung αποκάλυψε νέα σχέδια, αυτονομία 9 ωρών και λειτουργίες Gemini AI για τα επερχόμενα smart glasses της με Android XR. Δείτε όλες τις λεπτομέρειες. #GalaxyUnpacked",0,Search: Samsung Unpacked,
bafyreidwv3icvosrlvcghcbcmisln45q4ksawawzq4nenlupoyoh4qmfoa,bluesky,post,2026-07-25 11:00:37,"Samsung renovó sus celulares plegables con más batería, IA y nuevo diseño

La empresa tecnológica surcoreana Samsung presentó en la ciudad británica de Londres, durante su encuentro Galaxy Unpacked, la nueva camada de celulares plegables, el Galaxy Z Fold8, el Galaxy Z Fold8 Ultra y el Galaxy Z…",0,Search: Samsung Unpacked,
bafyreicygsdlzu76dm7aqvoarwmwkmt54raz4ifk6zzre7mqxrlvjnvxxi,bluesky,post,2026-07-25 09:54:52,"Google Gemini Spark Expands Agentic Access Alongside Samsung Galaxy Unpacked 2026

www.scoding.kr/2026/07/goog...

Gemini Pro 1.5 already offers a 1 million token context window that lets developers pass entire codebases in a single API call, yet the more disruptive shift hitting US developers...",0,Search: Samsung Unpacked,
bafyreigpzpcpsnbsjjwthahb3gagdmbkmspns4znhbzr6npzab4b5i6djy,bluesky,post,2026-07-25 09:16:08,"Samsung Wallet to Add Native Stablecoin Support
Jul 24 2026 17:19 UTC
Samsung confirmed Samsung Wallet will add native stablecoin support at Galaxy Unpacked 2026, though it has not named the tokens, partners, or launch date.
#samsung-wallet #stablecoin-support #galaxy-unpacked-2026 #dunamu",0,Search: Samsung Unpacked,
bafyreifuevgoqjr7kctx43ckzrmw5urii6nrvouklt67dgh3rs6xtqn3ry,bluesky,post,2026-07-25 08:54:18,"Samsung Galaxy Unpacked 2026: New Foldables and Wearables Face Rising Market Pressures

Leverage On Heroes Media reports live from London on Samsung's latest Galaxy Unpacked event as the tech giant confronts intensifying competition in the foldable device market.

Read more: https://www...",0,Search: Samsung Unpacked,
bafyreid4ytpa3xspqoobtzmcotohe2hmds7wyumhcvw25dqsnwyfrgreza,bluesky,post,2026-07-25 06:12:11,"Samsung Galaxy Unpacked 2026: Foldables & Wearables | July 25, 2026

What to Expect from the July 22 Unpacked Event Samsung has officially announced that its next **Galaxy Unpacke...

Full breakdown:
https://ltdeveloperblogs.github.io/posts/how-to-watch-samsungs-july-2026-galaxy-unpacked-event/",0,Search: Samsung Unpacked,
bafyreihayl37b3hfcszumfdgrxuukuj3plrqwegww63yywe3zegiu7ahli,bluesky,post,2026-07-25 05:20:03,"Samsung Electronics co-CEO and Head of Device Experience Division Roh Tae-moon unveils the new Galaxy foldable smartphones on the stage of Galaxy Unpacked 2026 at Old Billingsgate in London, Wednesday
news.samsung.com/us/samsung-g...",0,Search: Samsung Unpacked,
bafyreigh7a2i4v5qiwiqxybofvyh56tzg57vsvfheoidc3zid4elsms7ji,bluesky,post,2026-07-25 05:20:03,"Samsung Electronics unveiled three foldable phones Wednesday at its Galaxy Unpacked event in London, adding an Ultra model to the folding lineup for the first time.
www.wonderkorea.kr/en-us/articl...",0,Search: Samsung Unpacked,
bafyreicy3jg42cnlvhygqnptrmkgesymx3osloozagppfd3rutz3y2ztzq,bluesky,post,2026-07-25 05:17:12,"Samsung Wallet Adds Native Stablecoin Support in a Major Leap for Mainstream Crypto Adoption

During the 2026 Galaxy Unpacked event, Samsung announced that its in-house wallet app will include stablecoin support after launching its new Samsung Galaxy Card. The company st…
#crypto #cryptowallet #news",0,Search: Samsung Unpacked,
bafyreihydosfszfpk55kan5bltv6n2fpvrbxc6yterzsgft4gijvgib5zu,bluesky,post,2026-07-25 02:44:47,"Samsung Wallet Will Add Stablecoin Support, Including USDC
Jul 24 2026 19:30 UTC
Samsung showed a wallet mockup holding Circle's USDC at Galaxy Unpacked. But details are scarce.
#samsung-wallet #stablecoin #usdc #circle #galaxy-unpacked #digital-value #blockchain #cryptocurrency-storage",0,Search: Samsung Unpacked,
bafyreif2wumpmdmoh4pfm3ojgg3nabc4p2tyt5ln4af7kg34mnpyqfiudu,bluesky,post,2026-07-24 22:45:51,"With Snapdragon chips in every device Samsung just announced, what does this mean for its own Exynos CPUs?",1,Search: Samsung Unpacked,
bafyreifagrkgaf3onvxl45o55w5hfowazeliljuze4wq4gpthebeysbpzm,bluesky,post,2026-07-24 21:52:11,Pixelated 109: Unpacking Unpacked,2,Search: Samsung Unpacked,
bafyreidaupas7sumbl2xhomlu3vpgjchv7grfc7po4vnk76y2gzcqmv3lq,bluesky,post,2026-07-24 21:37:29,"Samsung Puts Stablecoins on Its Wallet Roadmap
Jul 24 2026 13:25 UTC
#samsung-wallet #stablecoins #usdc #galaxy-unpacked #digital-value #blockchain #custody #payment #consumer-electronics #roadmap",0,Search: Samsung Unpacked,
bafyreia32guz2qr6youk6tktwuuzsdzb2uv4cpc44cs2f7wdjpix76tgpu,bluesky,post,2026-07-24 20:48:16,"Samsung Wallet is adding stablecoin support, including Circles USDC, according to a mockup shown at Galaxy Unpacked. The move signals growing mainstream adoption of cryptocurrency by a major technology company. https://decrypt.co/3... #crypto #blockchain",0,Search: Samsung Unpacked,
bafyreiay67rwcfpbvdznzi6pxq54nxe2qpgvfq47zxt7vkq4ntqlavti7e,bluesky,post,2026-07-24 20:34:44,"Samsung announced at Galaxy Unpacked in London on July 22 that Samsung Wallet will add native stablecoin support, showing a […]",0,Search: Samsung Unpacked,
bafyreib463oxt4e3loxf7cpnp3laldwbodb6katmahfmvhiezsrxk4sxtu,bluesky,post,2026-07-24 20:04:11,"CEO diz que Samsung vai conter alta de preços dos celulares
https://www.tecmundo.com.br/mercado/414805-ceo-diz-que-samsung-vai-conter-alta-de-precos-dos-celulares.htm?utm_source=flipboard&utm_medium=activitypub 

Posted into Tecnologia @tecnologia-FlipboardBR",0,Search: Samsung Unpacked,
bafyreiez3pg57sqamgchwvvv56xulvmxs4opiepey4xbwxexwp6xeghq5i,bluesky,post,2026-07-24 19:49:08,"Samsung Wallet to add stablecoin support, including USDC, following Galaxy Unpacked reveal.",0,Search: Samsung Unpacked,
bafyreiewchno3s5ownsm2js6pycccvuiarnvwkpptkkysnizy727xewqaa,bluesky,post,2026-07-24 19:32:49,"Samsung Wallet Will Add Stablecoin Support, Including USDC",1,Search: Samsung Unpacked,
bafyreicwh3wagf4eszy35k7a2fr2a4i6ra2lsbkbaalo2bdflptonhk5ve,bluesky,post,2026-07-24 17:12:18,ICYMI: Samsung Galaxy Z Fold8 Ultra Leads a Bold New Era of AI-Powered Foldables #stupidDOPE,0,Search: Samsung Unpacked,
bafyreiaii5wkwvwvd4rlvuiru637xph34tk33wduxuux3ax6wewmwguooq,bluesky,post,2026-07-24 16:01:47,"Samsung Puts Stablecoins On Its Wallet Roadmap cryptonews24.eu/2026/07/cryp...
The interface shown at Galaxy Unpacked displayed USDC and basic transfer controls.     #samsung #stablecoins #wallet",2,Search: Samsung Unpacked,
bafyreieiup3fhyx3dstwv6wp2cltatlh5xhrfhuzbjkdrrtrmtcdbdlov4,bluesky,post,2026-07-24 14:32:05,www.engadget.com/2222451/sams...,0,Search: Samsung Unpacked,
bafyreidoxt7rjfaukqtws7a4hjhdstpns7n677bq3lhphopfqhv2slvcv4,bluesky,post,2026-07-24 14:08:03,"📰 **I visited Samsung's foldable-themed pop-up pub and its alcohol-free beers tasted terrible**

Following its Unpacked launch event for the Galaxy Z Fold 8 series, Samsung briefly opened a theme pub in the middle of London.

📰 Source: Engadget - […] 

[Original post on igeek.gamer-geek-news.com]",0,Search: Samsung Unpacked,
bafyreihq2gc5wpbtkwxokkw2k5nl53pmpudqv35byngpwerqnwnddnodga,bluesky,post,2026-07-24 14:04:08,"Following its Unpacked launch event for the Galaxy Z Fold 8 series, Samsung briefly opened a theme pub in the middle of London.",2,Search: Samsung Unpacked,
bafyreifzt6eqm2up46px3p4exqwim7f6zwsv5kxsa2qpsogquuruyrfmxq,bluesky,post,2026-07-24 13:37:42,"Samsung yeni Galaxy serisini tanıttı, Netflix yapay zeka girişimini satın aldı

Samsung'un düzenledği Galaxy Unpacked etkinliğinde sunduğu yeni nesil akıllı telefonlar ve cihazlar sektöre yön vermesi bekleniyor.",0,Search: Samsung Unpacked,
bafyreihp5fwafai3qc3fmeyc3uk5rbn7rie7clqi2yg5izv532covyc7te,bluesky,post,2026-07-24 12:58:24,Auf dem Galaxy Unpacked-Event am Mittwochabend hat Samsung sein neues Wearable- und Foldable-Portfolio offiziell enthüllt.,1,Search: Samsung Unpacked,
bafyreidy4jeocobe4adjcle67yjybegc3khfpyxg7qx3avzsedbwxlkpgu,bluesky,post,2026-07-24 12:32:01,"I was looking forward to these, but they have no in-display feature, so I'll pass. One year soon I hope.
blog.google/products-an...
x.com/Android/sta...",1,Search: Samsung Unpacked,
bafyreig5lsfkec534ij6m53ihw5fozdujewsmd5jngvn4udsuixkeg2d5u,bluesky,post,2026-07-24 11:57:33,"Galaxy Watch Ultra2 e Watch 9 são Lançados pela Samsung com Novo Chipset Qualcomm e Certificação Para Mergulho - Notícias, análises e insights sobre tecnologia clicatech.com.br/samsung-lanc...",0,Search: Samsung Unpacked,
bafyreiglo2no47eetsqy74wqggexlmx243k7dcdg74uakx7j2ozcu6mcym,bluesky,post,2026-07-24 11:07:23,"The smart glasses fight just stopped being a tech story and became a fashion one too.

#Samsung #SmartGlasses #AI #Wearables #TechNews

www.tomsguide.com/news/live/sa...",0,Search: Samsung Unpacked,
bafyreihptncvvk4t3etxk446k76qradgp57iy6ckfnfuslvyoeotbvuh3a,bluesky,post,2026-07-24 11:02:25,"Everything announced at Samsung Unpacked 2026: New foldables, smartwatches, more",0,Search: Samsung Unpacked,
bafyreifffvk5ii64q7dsjsz4gshpecudkaayu4ecohfw2rho7pgv72fspq,bluesky,post,2026-07-24 10:41:13,"Samsung promises 5 years of updates for Galaxy Watch9, Ultra2

Both watches launch August 7, shipping with Wear OS 7 and Samsung's custom One UI 9 Watch interface. The extended... #GalaxyWatch9",0,Search: Samsung Unpacked,
bafyreibfrgd5d4cbszg6edfjqds2ea4hyg2dszcp45fd3rt7hgp462e7oy,bluesky,post,2026-07-24 10:33:10,"Samsung Galaxy Watch9 ve Ultra 2, 5 Yıl Güncelleme Desteğiyle Geliyor!

Samsung, geçtiğimiz günlerde gerçekleştirdiği Galaxy Unpacked etkinliği ile birçok yeni ürününü bizlerle buluşturmuştu. Lansmanın ana odağı katlanabilir telefonlar olsa da Galaxy Watch9 ve Galaxy Watch Ultra 2 yeni nesil akıllı…",0,Search: Samsung Unpacked,
bafyreig7hciu5kdrsinzg2oyd6vwch4jtok5sh7hgprbrobadgloxgtvqy,bluesky,post,2026-07-24 10:17:10,[Galaxy Unpacked July 2026] Samsung and Partners Envision a Connected Care Future — From First Signal to Lasting Change https://news.samsung.com/global/galaxy-unpacked-july-2026-samsung-and-partners-envision-a-connected-care-future-from-first-signal-to-lasting-change,0,Search: Samsung Unpacked,
bafyreigsiuup3kznstbojreopgdsce4hpz4gh7o7y5jq72lnotc2dpks4q,bluesky,post,2026-07-24 09:46:22,"サムスン、新Galaxyすべてに「Snapdragon」--自社チップ「Exynos」はどうなったのか - CNET Japan share.google/O9h0sSZ7uujZ...
サムスンはスナドラ搭載してもaptXの上位版に対応しないんだよね。あとLDACにも。
なのでBluetoothはAACになったりする",11,Search: Samsung Unpacked,
bafyreialzicc4srhbfl2mgrowjslbrbfvc43xc3wnhiwsfsko42ldbzkbe,bluesky,post,2026-07-24 09:22:44,"An odd omission from Unpacked, which Samsung should be shouting about",0,Search: Samsung Unpacked,
bafyreihwpqr2xq7l74fhtzl2q2peahdi4kto2kx2i7iuqnckk76naenx3q,bluesky,post,2026-07-24 08:33:07,Samsung Wallet Adds Native Stablecoin Support in a Major Leap for Mainstream Crypto Adoption,0,Search: Samsung Unpacked,
bafyreib4473u73zmb5vg5okwqeh6fzl4azv4y3alboi6zfwzgsimvilgra,bluesky,post,2026-07-24 07:55:05,"Samsung Galaxy Z Fold 8 Arrives Without S Pen Support, Leaving Foldable Fans Questioning Samsung’s Future Vision + Video

Introduction: A Powerful Foldable Era With One Missing Feature Samsung’s next generation of foldable smartphones has arrived with ambitious changes, new designs, and a broader…",0,Search: Samsung Unpacked,
bafyreia3swvrxjg34rlbc6i6nft5lkel6gfzugr3ic3sean73czclplky4,bluesky,post,2026-07-24 06:08:08,"Samsung has unveiled the Galaxy Z Fold 8 at Galaxy Unpacked, bringing a redesigned foldable with a wider display, improved durability, flagship performance, and upgraded cameras.

#Samsung #GalaxyZFold8 #GalaxyWatchUltra2 #Foldables #Android #AI #BestSoln #BestSolution",1,Search: Samsung Unpacked,
bafyreighotdxieo5tobqculhgfqrw6t4vht3rh5pqzwvtlewat3ekwyw5e,bluesky,post,2026-07-24 05:48:57,"#newtechnology #AI #VR\AR

hightech.plus/2026/07/23/s...",2,Search: Samsung Unpacked,
bafyreigeiztjc7nmswgsj3mdd6qn4uebx4bfj2hyfcwf5wibpvchryk37m,bluesky,post,2026-07-24 05:04:29,Samsung julkisti Galaxy Watch Ultra2:n ja Watch9:n – suuri 5 000 nitin kirkkaus ja laitesukellustuki,0,Search: Samsung Unpacked,
bafyreicn4q55n7skx23jwvs42qonzrtifthndl4ezruutd7vvvylfag66a,bluesky,post,2026-07-24 02:24:34,"Am I a weak gay geek/nerd every time I watch the Samsung Galaxy Unpacked...? 

Maybe... 

Did I just pre-order the new Galaxy fold 8...? 

Of course I did !!! 💁🏽‍♂️",1,Search: Samsung Unpacked,
bafyreibjannd7nz7xcgchvcwp7zqatpwa6macc3n47g52kfrcj3f2gf3cm,bluesky,post,2026-07-24 01:05:50,Samsung esitteli jälleen älylaseja – jopa 9 tunnin akunkesto,0,Search: Samsung Unpacked,
bafyreielpg5aqweaw2vb5k7criv2scqbmvbhlosbbwunbpea5v2cefqh3y,bluesky,post,2026-07-24 00:57:32,Qualcomm dan Samsung Perluas Kolaborasi Snapdragon - https://www.antaranews.com/berita/5663649/qualcomm-dan-samsung-perluas-kolaborasi-snapdragon,0,Search: Samsung Unpacked,
bafyreicchr3bflrqub75yccvbm4mmv7wconllyzffksot4zr5o6c4p4eje,bluesky,post,2026-07-24 00:09:38,"Samsung has announced a slew of new phones and smartwatches at its Galaxy Unpacked showcase, including two upcoming folding phones.",0,Search: Samsung Unpacked,
bafyreianwmb6mknlsfffpr6fwjupggandwjkmrlevcblvxsr4kmrb66cam,bluesky,post,2026-07-24 00:01:14,"Samsung unveils Galaxy Z Fold8 with price, design and release date: Samsung announced the Galaxy Z Fold8 on July 22 during its annual Galaxy Unpacked event in London. The phone folds vertically like a book, offering a traditional smartphone experience when closed and… https://ranked.news/1168481?u=b",0,Search: Samsung Unpacked,
bafyreica7ta6ksjuppnegcvkxs4faugc7t6mkh7sdgzvjowz3yt6peqfgi,bluesky,post,2026-07-23 23:42:34,"[INFO] J-Hope para a nova campanha para a Samsung

Finalmente! O novíssimo #GalaxyZFold8 acaba de ser lançado 💥 O j-hope @/uarmyhope já está adorando a nova proporção da tela. Espero que você também goste!  #GalaxyAI Assista à reprise da live do Galaxy Unpacked em: samsung.com""

#BTS #JHOPE",1,Search: Samsung Unpacked,
bafyreidrqst5k3fnnw4s6xd5d26fmaxgwdhi5grhdgfsp2wydhonayspl4,bluesky,post,2026-07-23 22:58:02,サムスン、新Galaxyすべてに「Snapdragon」--自社チップ「Exynos」はどうなったのか - CNET Japan: japan.cnet.com/article/3525...,0,Search: Samsung Unpacked,
bafyreieb73bkxfedo42rz2fzyegbl2qgfmvrj26h4634ujlfwfxl3skgry,bluesky,post,2026-07-23 22:40:14,www.elmundo.es/tecnologia/2...,1,Search: Samsung Unpacked,
bafyreihikdfvkoogfiwe2tt7mrn4b3l3wvuchq2wgklvejukrsf4ftpjuq,bluesky,post,2026-07-23 21:41:31,"🕶 Samsung представила смарт-окуляри з Android XR та Gemini

На Galaxy Unpacked відбувся анонс перших інтелектуальних окулярів Samsung, створених у партнерстві з Google та Qualcomm.

Основні характеристики: t.me/dplse/732

#Samsung #AndroidXR #Gemini #SmartGlasses #GalaxyUnpacked #Технології",1,Search: Samsung Unpacked,
bafyreih5f37w7u73xo7utcj7ky7frcntphc4dlfskdcjdld3vz57p66d6m,bluesky,post,2026-07-23 21:30:27,Samsung confía de nuevo en Qualcomm para llevar Snapdragon en los nuevos lanzamientos #Qualcomm #Samsung #snapdragon tecnodivaoficial.blogspot.com/2026/07/qual...,0,Search: Samsung Unpacked,
bafyreigzplnkhg4bkqfpw3c6islvgm3jyhptpkoiuixrykcdxmkzkrrahi,bluesky,post,2026-07-23 21:10:05,"Samsung Galaxy Z Fold8 Ultra, Fold8 og Flip8

Gikk du glipp av Samsung Galaxy Unpacked i London tirsdag? Her er en kort oppsummering av de største nyhetene fra lanseringen. Galaxy Z Fold8 Ultra, Galaxy Z Fold8 og Galaxy Z Flip8: Neste generasjon brettbare mobiler. Samsung lanserte tre nye brettbare…",0,Search: Samsung Unpacked,
bafyreiebvmjy7hkyypwsvlopbmj4dx7oqbnghthpkene7acklvf3b6sc4i,bluesky,post,2026-07-23 20:59:33,"Android Authority
 share.google/XV001FaMUHI9...",0,Search: Samsung Unpacked,
bafyreifgxnecxcelmckpn5irwnthdv3uh7qgdy5emoxeh4eqc7zqenmvsm,bluesky,post,2026-07-23 20:57:32,"I really hated these hamsters, too",0,Search: Samsung Unpacked,
bafyreicxg56xv77wylvkrzvcke2vhzry7hqtpu2ip53la3a4zn7cjd5efe,bluesky,post,2026-07-23 15:30:25,"Samsung unveils Galaxy Z Fold 8 Ultra and broader Galaxy Unpacked lineup https://deadstack.net/cluster/27549
#tech #camera #smartphone #technology #samsung #hardware #gadgets",0,Search: Samsung Unpacked,
bafyreibdsrpdocrdmz4x7m4aysspxoaslpuwtfpgflbpogwtig4iyrqkty,bluesky,post,2026-07-23 20:15:10,"Samsung is giving the Galaxy Watch Ultra2 and Galaxy Watch9 five years of updates
Article",0,Search: Samsung Unpacked,
bafyreibcvldofiitnr5sau5rkjbttwhrajvxryfnacb2vr75k7vmluukhm,bluesky,post,2026-07-23 19:57:48,Samsung is giving the Galaxy Watch Ultra2 and Galaxy Watch9 five years of updates - https://www.gsmarena.com/samsung_is_giving_the_galaxy_watch_ultra2_and_galaxy_watch9_five_years_of_updates-news-73851.php,0,Search: Samsung Unpacked,
bafyreibu6lim6mgqp2ervnqxay3vv4ktfohizc3lvrxxsdwx6zliv3cb5e,bluesky,post,2026-07-23 19:32:48,"The Samsung Unpacked event is expected to talk about those things. Nothing is really like, a ‘wow’ moment. The wider version of the Galaxy Fold is tempting to buy. It costs around $2,000 for a 512 GB RAM option.  🙄 My last purchase was the Galaxy Fold 7, at around $1,800 during T-Mobile promotions.",0,Search: Samsung Unpacked,
bafyreidajw55sgolrsjl4sosml74fmakuznkujr7snpn7pni33pk7tblka,bluesky,post,2026-07-23 19:10:00,"Samsung’s Galaxy Z Fold8 makes foldables wider and lighter, then charges $1,899.99 for the privilege of carrying a tiny tablet.",1,Search: Samsung Unpacked,
bafyreie7vmusjtgbd5usjyhi33guuocavrtycb34jksxfrjy3eaem2buhy,bluesky,post,2026-07-23 19:02:41,Näin paljon Samsung-uutuudet maksavat Suomessa,0,Search: Samsung Unpacked,
bafyreid4ven6lkb4a6lbreigiocm2chv2xltoifxrphu7stitetlylvksa,bluesky,post,2026-07-23 17:57:38,"Samsung Takes On Meta With Gemini-Powered Smart Glasses

Samsung has unveiled its first AI-powered smart glasses, marking a major expansion of the Galaxy ecosystem and a direct challenge to Meta’s dominant Ray-Ban smart eyewear range. Introduced at Galaxy Unpacked in London, the display-free…",0,Search: Samsung Unpacked,
bafyreia52v7y4emb66xjxp2dwgtmshcbghqpckwmxrbmtzqb42jvlwpe6u,bluesky,post,2026-07-23 17:53:02,"Samsung Galaxy Z Fold8: nuevo diseño, menos pliegue y más IA

https://gikplus.acento.com.do/tecnologia/samsung-galaxy-z-fold8-nuevo-diseno-menos-pliegue-y-mas-ia-17660/",0,Search: Samsung Unpacked,
bafyreifpofbnk7vko7lv5hmvw6logpiacax2nypqkujk4wq4sgxjgpupby,bluesky,post,2026-07-23 17:45:52,"Δίπλα στα νέα foldables και smartwatches στο καλοκαιρινό Unpacked, η Samsung έδειξε τα πρώτα της έξυπνα γυαλιά με Android XR, με μη λειτουργικά δείγματα και ελάχιστες πληροφορίες πέρα από την κυκλοφορία μέσα στο φθινόπωρο.",0,Search: Samsung Unpacked,
bafyreidzcgbua5pyhxuzlunj4aprrzervmsjzbyajmc7bjmicmwwtdsvw4,bluesky,post,2026-07-23 17:45:15,"Nueva serie Galaxy Z y los Galaxy Watch Ultra2 , Galaxy Watch9 inauguran la experiencia más innovadora de Samsung

La marca ha logrado un hito en la industria tecnológica tras el esperado lanzamiento global en el Galaxy Unpacked 2026, celebrado en la icónica ciudad de Londres.",1,Search: Samsung Unpacked,
bafyreihwt4odk3zr6rlzbk5k6hab34ewkn4m5wmhqvw657cfgzymokt4ji,bluesky,post,2026-07-23 17:36:12,"Samsung manda recado à Apple sobre iPhone dobrável: ""não vão nos alcançar""
https://canaltech.com.br/smartphone/samsung-manda-recado-a-apple-sobre-i-phone-dobravel-nao-vao-nos-alcancar/?utm_source=flipboard&utm_medium=activitypub 

Posted into Tecnologia @tecnologia-FlipboardBR",0,Search: Samsung Unpacked,
bafyreie2gg57646hzb7qhnx7ahsorcwneye6rojhasgpwxr6kcvhobcbzi,bluesky,post,2026-07-23 17:23:28,"Samsung dévoile ses Galaxy Glasses, les lunettes connectées qui rêvent de détrôner les Ray-Ban Meta
www.01net.com/actualites/s...",0,Search: Samsung Unpacked,
bafyreiafxtocakapbawcszuacvq7g5m736zxgdmih7w563dvm4kjsxwnme,bluesky,post,2026-07-23 17:11:57,Samsung Galaxy Z Fold8 Ultra Leads a Bold New Era of AI-Powered Foldables #stupidDOPE,0,Search: Samsung Unpacked,
bafyreiapiy4wyyz46ntfz56cu6mz37wavvzjspztath4sgjht36fuilnca,bluesky,post,2026-07-23 16:58:43,"Samsung Intelligent Eyewear Unveiled at Galaxy Unpacked
www.androbranch.in/post/samsung...
#Samsung #SamsungIntelligentEyewear #SamsungGalaxyUnpacked2026 #AndroBranch",0,Search: Samsung Unpacked,
bafyreihzkmcfhk5lbqzy5s3v2tbb4h627qa7zrwjnnonbwj3zfcks2n6oi,bluesky,post,2026-07-23 16:24:58,"3 ways Samsung deeply integrates Gemini AI into its new Galaxy devices

Samsung Unpacked was as much about software as it was hardware.
#gemini #hackernews #samsung",0,Search: Samsung Unpacked,
bafyreigixnytklxl3tgmvis6zswtajv57fmeixzjxud7y7oxosdgjvliza,bluesky,post,2026-07-23 16:22:27,Samsung Galaxy Unpacked Preview: What We Anticipate Today #technology,0,Search: Samsung Unpacked,
bafyreifzp6ln7uwzzf5kgn5zgwyophsznyth3zgb7vzzmrgzx2douz4fay,bluesky,post,2026-07-23 16:05:25,"À l'occasion de son événement Unpacked, Samsung a dévoilé de nouveaux détails sur ses premières lunettes connectées développées sous Android XR. Conçues en partenariat avec Gentle Monster et Warby Parker, ces lunettes centrées sur l'intelligence…",0,Search: Samsung Unpacked,
bafyreiepvdpwp6ddnaanuefavonuu7yprf5nyul63ewok5zlhgml7zhrha,bluesky,post,2026-07-23 16:00:53,"We shared how Samsung users can boost productivity and get time back on new foldables, watches, and glasses coming soon.",1,Search: Samsung Unpacked,
bafyreihzusgde7bxurotwl7rtawj5iq4jhx6lzw2m2le6jd5njpu54rlsm,bluesky,post,2026-07-23 15:52:38,Samsung Galaxy Fold8 series and Z Flip8 coverage wrap-up - https://www.gsmarena.com/samsung_galaxy_fold8_series_and_z_flip8_coverage_wrapup-news-73845.php,0,Search: Samsung Unpacked,
bafyreiarmqwx6no5g6igdg7cmpon7byexu7vb5msr7zkekrkiblx5i6pxe,bluesky,post,2026-07-23 15:27:35,www.youtube.com/watch?v=9PTR...,0,Search: Samsung Unpacked,
bafyreidjdkgv62asxznzvjdobyhoqexgt7bpvjpio7om2nxfinkf3m5wdm,bluesky,post,2026-07-23 15:25:47,Qualcomm's Snapdragon is now powering almost everything Samsung announced at Unpacked.,1,Search: Samsung Unpacked,
bafyreibzt2rjpr3zf6kktfxfwp7kabchlvcbmkknred24gncwusfjxuy3a,bluesky,post,2026-07-23 15:20:27,mashable.com/tech/july-23...,0,Search: Samsung Unpacked,
bafyreih43u5jvzblwxun3ukl2ja3qlloytgl6wb3skmr6bimi3rc625oem,bluesky,post,2026-07-23 15:19:06,mashable.com/tech/samsung...,0,Search: Samsung Unpacked,
bafyreihzmhhwbmernjbvctrjzcgc5i76wqwoamupiagmzj3kzowy253vp4,bluesky,post,2026-07-23 14:45:55,"Galaxy AI quer dominar o mundo e promete chegar a 800 milhões de aparelhos
https://canaltech.com.br/inteligencia-artificial/galaxy-ai-quer-dominar-o-mundo-e-promete-chegar-a-800-milhoes-de-aparelhos/?utm_source=flipboard&utm_medium=activitypub 

Posted into Tecnologia @tecnologia-FlipboardBR",0,Search: Samsung Unpacked,
bafyreifn3pztt5ra4mvuwwofmzocum4wyurgcbbghoaiqs6lpfkyk3vo5u,bluesky,post,2026-07-23 14:39:53,"Samsung's Android XR glasses, you'd actually want to wear outside. Foldables were the main talking point at yesterday’s Galaxy Unpacked event, but Samsung...",2,Search: Samsung Unpacked,
bafyreihmm3xx2xnqalseaxzebasago7fsh4wotrq2zmskjzz67ckafme4q,bluesky,post,2026-07-23 14:33:01,"Samsung has stepped onto Meta’s turf with its new line of smartglasses (or Intelligent Eyewear in company parlance) at Galaxy Unpacked.
hothardware.com/news/samsung...",0,Search: Samsung Unpacked,
bafyreihv6ssy5fvsyta5ektbcxrp3cmpazjwhos5jpzjioaamnb56ophre,bluesky,post,2026-07-23 14:32:14,📰 ¿Dónde está el Samsung Galaxy Ring dos años después del anuncio?,0,Search: Samsung Unpacked,
bafyreie4z67wnmvgolkfumts5qnwgmsa2zu2ytaw3r23mau2z23xgcv4ai,bluesky,post,2026-07-23 14:32:12,"Preorder the new Samsung Galaxy Z Fold 8 or Z Flip 8 at Verizon with no fees - here's how

Samsung just dropped its newest foldable phone at its Unpacked event. Here's how to save on preorders at Verizon with no activation or upgrade fees.
#hackernews #news #samsung",0,Search: Samsung Unpacked,
bafyreiamx3m2fv3ptvub2b4usgcpve75rzvhyrjf63ifdhurosb2dhyovm,bluesky,post,2026-07-23 14:27:44,"Samsung unveils new foldables in London as it expands lineup

Samsung Electronics used its annual Galaxy Unpacked event in London on July 22, 2026, to signal a broader push into foldable smartphones that could influence device trends worldwide. The company launched the Galaxy Z Fold8, Galaxy Z…",0,Search: Samsung Unpacked,
bafyreiebet3thfilxy2ux2fn7uorfxpw7vvtxjtzp23o2vez7taghassie,bluesky,post,2026-07-23 14:18:19,"Samsung Akıllı Gözlüklerinin Özelliklerini Açıkladı

Akıllı telefonlar yıllardır dijital hayatımızın merkezinde ancak teknoloji şirketleri, ekranlara bakmadan da bağlantıda kalabileceğimiz yeni yollar arıyor. Samsung’un Londra’daki Galaxy Unpacked etkinliğinde gösterdiği yeni gözlükler de tam…",0,Search: Samsung Unpacked,
bafyreidl7xlaxkun3l27ynqwka5i2mhhxsx277b3qlzk3jqszcndez4djm,bluesky,post,2026-07-23 14:15:44,"Samsung Lança o Galaxy Z Fold8, Z Fold8 Ultra e Z Flip8 no Unpacked em Londres - Notícias, análises e insights sobre tecnologia clicatech.com.br/samsung-lanc...",0,Search: Samsung Unpacked,
bafyreidqacft7km2gj3gru4ffv5io35g27tayqdpf54wtohmpmfpxix5p4,bluesky,post,2026-07-23 14:12:08,"Samsung, Galaxy Unpacked 2026 etkinliğinde serinin şimdiye kadarki en ince ve en hafif modeli olan Galaxy Z Flip8'i resmen tanıttı. 

Cihaz, 2 nm üretim sürecine sahip Exynos 2600 işlemci, 4,1 inçlik 120 Hz kapak ekranı ve 50 MP ana kamera ile donatıldı.",2,Search: Samsung Unpacked,
bafyreie5j4k6a47xvpjsmrsprgralvkshpyvytgb6lfvirakctfg5bz7de,bluesky,post,2026-07-23 14:12:03,"My initial hands-on look at the three new #Galaxy foldable phones from #Samsung.

Via @usatoday.com:

www.usatoday.com/story/tech/c...

#GalaxyUnpacked #GalaxyZFold8 @sammobile.com @samsungmobileus.bsky.social",0,Search: Samsung Unpacked,
bafyreidphslncdfew7ftzs32zwhvyz2dk3nurkr3eoymodjajpb2mtaq7q,bluesky,post,2026-07-23 14:04:41,"Samsung България превърна премиерата на новите сгъваеми телефони от серията Galaxy Z8 в празник на изключителни таланти

На сцената в центъра на София, часове след глобалното събитие Galaxy Unpacked, с нов телефон в ръка гастролираха звездите-посланици на технологичната компания, сред които и DARA…",0,Search: Samsung Unpacked,
bafyreidcvpmhl3sg6fm2k7v5ctcfgmkryjnnjpzwlxeuh2edm6bstsshyu,bluesky,post,2026-07-23 14:01:57,"Samsung България превърна премиерата на новите сгъваеми телефони от серията Galaxy Z8 в празник на изключителни таланти

На сцената в центъра на София, часове след глобалното събитие Galaxy Unpacked, с нов телефон в ръка гастролираха звездите-посланици на технологичната компания, сред които и DARA…",0,Search: Samsung Unpacked,
bafyreicgjag3p7qh3zhknnsjknsufxakyktmjb6l6bq4tkwkvwu4rl3p44,bluesky,post,2026-07-23 14:00:45,Everything announced at Samsung Unpacked 2026: Three new foldables and two Galaxy Watches,0,Search: Samsung Unpacked,
bafyreigacatmskt2mcrfqfevwdfopmpanothycoudqdie4wbj4d36exeri,bluesky,post,2026-07-23 13:53:05,"Samsung Unpacked στο Λονδίνο: όταν το κινητό ανοίγει, η τεχνολογία αλλάζει ρυθμό",0,Search: Samsung Unpacked,
bafyreigh333lk7pvgvten5oycbanvfui3i6g52web62xoenfgtw5eyyaku,bluesky,post,2026-07-23 13:52:34,Eyes-on: First look at the Samsung Gentle Monster and Warby Parker smart glasses - https://www.gsmarena.com/eyeson_first_look_at_the_samsung_gentle_monster_and_warby_parker_smart_glasses-news-73841.php,0,Search: Samsung Unpacked,
bafyreigtqhfdq4syfxq3xiam6bnvj6lbgwug6fd7ovo2tbisk5clp7lulu,bluesky,post,2026-07-23 13:50:56,www.pcmag.com/news/samsung...,0,Search: Samsung Unpacked,
bafyreidkpriec57jmdbhniekb52sv3fmufmruxc4sxauj64kcgc3nar4yi,bluesky,post,2026-07-23 13:30:44,"How to preorder everything announced at Samsung Unpacked: Galaxy Z Flip 8, Z Fold 8, and more

We've got the scoop on where you can preorder the newest Samsung devices announced today, including the Galaxy Watch Ultra 2 and Galaxy Watch 9.
#hackernews #news #samsung",0,Search: Samsung Unpacked,
bafyreiee7qcqzgktnaw73pk65ivwyc5cctxj5p7casnra2tfxsslm74gsu,bluesky,post,2026-07-23 13:06:04,"Dit heeft Samsung allemaal aangekondigd op Galaxy Unpacked 2026 📱

#Samsung #Galaxy #Android #Smartphone #Bright #GalaxyUnpacked",0,Search: Samsung Unpacked,
bafyreiejy6ts723aib6thfmccr3wvorc62os354uatmpzdwzymugs6yw7u,bluesky,post,2026-07-23 12:14:15,"A Samsung apresentou, no Galaxy Unpacked, os novos dobráveis Galaxy Z Fold8 Ultra, Galaxy Z Fold8 e Galaxy Z Flip8, além dos relógios Galaxy Watch Ultra2 e Galaxy Watch9. 

Ela exibiu óculos inteligentes com o Gemini.

Leia tudo aqui: telesintese.com.br/samsung-lanc...",0,Search: Samsung Unpacked,
bafyreief7z645p4t7nqwlyydhvtilqkmnlzw7lrdaek2r73zhnbnfzxtkq,bluesky,post,2026-07-23 12:00:23,"GoogleがGemini Intelligence搭載のGalaxy Z Fold8/Flip8を
エンジニアへの影響：40以上のアプリでタスクの自動化とGemini Notebookによる研究・資料作成が可能に
https://blog.google/products-and-platforms/platforms/android/galaxy-unpacked-2026/",2,Search: Samsung Unpacked,
bafyreihe6t5gmbxrp5an3svfsdodwelnchpp3bcmidbonyr4d7ioeehmau,bluesky,post,2026-07-23 11:45:33,"Samsung & Google’s Android XR glasses privacy light works like Meta Ray-Bans, core features detailed [Gallery]",4,Search: Samsung Unpacked,
bafyreiac3vwmodfgqbjyz2bslnqn2kcac3ymrltjcvw7p6mw7p2bti322m,bluesky,post,2026-07-23 11:43:33,"Samsung Akhirnya Pamer Fungsi Intelligent Eyewear, AI Galaxy Kini Tidak Lagi Bergantung pada Layar - https://gadget.jagatreview.com/2026/07/samsung-intelligent-eyewear/",0,Search: Samsung Unpacked,
bafyreibjrwaci2uvc6iooo6rpebhv6p5uxd65qygovmjfrwvibdb7rtbqu,bluesky,post,2026-07-23 11:05:18,youtu.be/kBbz9-GvfWA?...,0,Search: Samsung Unpacked,
bafyreidnbrf4ndfxxu6ivabkz3pm7c3orl6dcwflcwqrczfyvgsiw2rise,bluesky,post,2026-07-23 11:03:05,"Samsung just unveiled not one, but TWO Galaxy Z Fold8 models at Unpacked 2026 📱 One's wider, one's Ultra—targeting very different users. Read the article to see what changed.

#Samsung #GalaxyZFold8 #GalaxyUnpacked #Foldables

true-tech.net/galaxy-z-fol...",0,Search: Samsung Unpacked,
bafyreicn57kqagmjqqxuhayx2wiz4k3golbx257xdcnupnignei7hp6lgu,bluesky,post,2026-07-23 10:38:04,"Сбогом на кабелите и мъките: Преминаването от iPhone към Android никога не е било толкова лесно

Процесът на преминаване от iOS към Android стана значително по-опростен с въвеждането на нова вградена функция за миграция, интегрирана директно в Android 17. Представена заедно с най-новата серия…",0,Search: Samsung Unpacked,
bafyreiavyzd3umjqixdvrs4jcegbf2jwqeklbmxsm5hqjvc5an7hnts7sm,bluesky,post,2026-07-23 10:22:34,"Samsung Galaxy Unpacked July 2026: Everything Samsung Announced

Samsung Galaxy Unpacked Event 2026 introduced many exciting new products. Samsung hosted the launch event in London officially. The company revealed powerful foldables and wearable devices. Millions watched the announcements through…",0,Search: Samsung Unpacked,
bafyreihnfrvchiuovaxf66d5itqw2bni4dyoe4rpwesxujjxwf3s7uauxy,bluesky,post,2026-07-23 10:15:06,"Google розширила функцію автоматизації завдань Gemini з кількох додатків до сорока на заході Galaxy Unpacked. Функцію інтегровано у зовнішній екран Galaxy Flip 8 через тривале натискання кнопки живлення.

https://channeltech.space/ai/google-gemini-automation-galaxy-unpacked/",1,Search: Samsung Unpacked,
bafyreihlm6sm4rgx6cszflvxs6cleemoscvwczizzh6ifitc3nf6errfcq,bluesky,post,2026-07-23 09:31:06,"Компания также подняла цену на девайсы
https://shazoo.ru/2026/07/23/187702/samsung-pokazala-tri-skladnyx-smartfona-i-dvoe-casov-na-unpacked-2026",0,Search: Samsung Unpacked,
bafyreidj4iliy5eppmt4zn2uyttswiqs4gsvi4bqkfvjtyu2icgxsekuum,bluesky,post,2026-07-23 09:21:18,"🗞 Компанія Samsung на заході Galaxy Unpacked представила свої перші інтелектуальні окуляри, які працюють на базі Google Gemini та створені для повсякденного використання.

https://t.co/PV4kIbqERM",0,Search: Samsung Unpacked,
bafyreiavphqgtl6z4yovpxfxt257tjxte23jt2cyfkuc4uvouzgs3exqxe,bluesky,post,2026-07-23 09:17:03,Galaxy Glasses : j’ai a vu les lunettes de Samsung en vrai et Meta a enfin un vrai concurrent,0,Search: Samsung Unpacked,
bafyreidrfagwfvzowyaukzweupxhi6vd3tic6zb2ykg2y26syg3s7okcky,bluesky,post,2026-07-23 09:12:20,"Samsung, Çevreyi Gören ve Çeviri Yapabilen Akıllı Gözlük Tanıttı

Samsung, akıllı gözlük modelinin tanıtımını gerçekleştirdi. Galaxy Unpacked etkinliğinde birçok ürünü sergileyen şirket, bunların arasında Google'ın Android XR ve Gemini sistemlerinden güç alan yeni akıllı gözlüğüne de yer verdi.…",0,Search: Samsung Unpacked,
bafyreib42pukygwzxikxs7vjklcfcto67l6ilxqqosryux6ao2vpjxxoje,bluesky,post,2026-07-23 09:05:12,"Samsung desafía la física con sus nuevos Fold8 Ultra, más delgados, resistentes e inteligentes dozz.es/twu386",0,Search: Samsung Unpacked,
bafyreicaeay7fosdnq3b5zwsiuhdxnkekxzwzt736xgna7rykoesmxekia,bluesky,post,2026-07-23 09:00:06,"Samsung Reveals AI Smart Glasses With 9-Hour Battery Life #galaxyglasses #samsung #smartglasses #wearables

https://www.lowyat.net/2026/399506/samsung-ai-smart-glasses-unpacked/",0,Search: Samsung Unpacked,
bafyreihndn4fnwqrrqzcfbjekzkfqgzzbi5pzd2ipxj5pk6seeqdszjlhy,bluesky,post,2026-07-23 08:58:25,Samsung — Samsung po Unpacked zaplavil YouTube novými videi. Podívejte se na unboxing i nejzajímavější funkce #Samsung #Podívejte #News,0,Search: Samsung Unpacked,
bafyreiczwu2pu4ohsx3z7ygdh4ppquqp6xnoxmnrz2xe2h57sff25bcmmm,bluesky,post,2026-07-23 08:48:00,"Samsung heeft gisteren tijdens Unpacked veel uit de doeken gedaan, waaronder de mogelijkheid om te ontdekken hoe ernstig je slaapapneu nu werkelijk is. Dat wordt gemeten via de Galaxy Watch…",0,Search: Samsung Unpacked,
bafyreicgjncbdu35lgcsmwxygtt5stz6luxqaw7tixch6xpt3y7xodb7qa,bluesky,post,2026-07-23 08:35:25,"Samsung just unveiled the Galaxy Z Fold8 Ultra, its first-ever ""Ultra"" branded foldable, alongside the Fold8 and Flip8 at Unpacked 2026 in London.

Here's everything that changed
wikitechlibrary.com/samsung-gala...

#Samsung #GalaxyUnpacked #FoldableAI",1,Search: Samsung Unpacked,
bafyreibdwe2vn5ovmw3yvbtbl53iuif32pp4ugzm4xubjz3qwudq4gvbou,bluesky,post,2026-07-23 08:26:28,"Samsung Unpacked στο Λονδίνο: όταν το κινητό ανοίγει, η τεχνολογία αλλάζει ρυθμό",0,Search: Samsung Unpacked,
bafyreiex234qa3d7i75ky2k5a7mrnihxg654ovjiqlebh6diujdp3xazby,bluesky,post,2026-07-23 10:15:31,Samsung ukázal vlastní kreditní kartu! Galaxy Card funguje na síti Visa a nabízí (nejen) cashback.. celý článek na ⬇️,0,Search: Samsung Unpacked,
bafyreihmpokl47txpcfnuhvkpxt5dsq3djei3knluumw6doa4xi4tpsn5m,bluesky,post,2026-07-23 08:05:42,"Samsung Galaxy nuova gamma su Amazon, coupon attivi

La Samsung Galaxy nuova gamma su Amazon è già acquistabile in preordine, a poche ore dalla fine del Galaxy Unpacked di Londra. Fold8, Fold8 Ultra, Flip8, Watch Ultra2 e Watch9 sono tutti online al prezzo minimo garantito, con coupon, regali e…",0,Search: Samsung Unpacked,
bafyreidnyx7nrbd4z3zp5t7vc2kkuahwshlxy73qxstkgiq36cwqhyxvmq,bluesky,post,2026-07-23 10:00:51,"Samsung uvedl tři skládačky Z Flip8, Z Fold8 a Z Fold8 Ultra

Na Samsung Galaxy Unpacked se představilo několik nových produktů, mezi nimi také tři skládací telefony. Přichází nové generace Galaxy Z Z Flip8, Z Fold8 a Z Fo...",0,Search: Samsung Unpacked,
bafyreiar7buvmejdizabos6thdzllizjk6teq5zbha2flrns2nkpvau6qi,bluesky,post,2026-07-23 08:00:24,"Le bilan du #Samsung Galaxy Unpacked 2026 : le décryptage complet 📱 Fold 8 à 1 999 € (, Ultra à 2 199 €, Flip 8 à 1 299 €. Watch 9 sur Snapdragon Wear Elite. Osterloh de @Google sur scène pour #Gemini. Tous les prix, specs et l'analyse au vitriol 👇mychromebook.fr/gala...",0,Search: Samsung Unpacked,
bafyreif2m6vqyakrr2cy3xj7aw4nd4gkklz53nqzzqw7drr5mf2gvfwlru,bluesky,post,2026-07-23 07:27:49,"3 новости от Google с мероприятия Galaxy Unpacked 2026

Мы рассказали, как пользователи Samsung могут повысить продуктивность и сэкономить время с помощью новых складных устройств, часов и очков, которые скоро появятся.

Telegram ИИ Дайджест
#ai #news",0,Search: Samsung Unpacked,
bafyreickfuunodpmrtyo3sd4i732mautfbbhvkfpo2ty6jo7dv3i7hhq2u,bluesky,post,2026-07-23 07:22:42,"Everything announced at Samsung Unpacked 2026: New foldables, smartwatches, and smart glasses

Samsung just announced its latest-gen foldable smartphones and smartwatches at its Unpacked event. We're on the ground in London - here's the rundown.
#hackernews #news #samsung",0,Search: Samsung Unpacked,
bafyreibsltio3462plfdnfordi77nmy3nprwoui3yibmpv46wlodzb45sq,bluesky,post,2026-07-23 07:17:31,"3 Google updates from Galaxy Unpacked 2026

We shared how Samsung users can boost productivity and get time back on new foldables, watches, and glasses coming soon.

Telegram AI Digest
#ai #news #samsung",0,Search: Samsung Unpacked,
bafyreiafsqcpduh65xjnrzakho5p3pvbvf5n2o7whc74y3jzmytqsc3lem,bluesky,post,2026-07-23 07:10:04,"Samsung представила складний смартфон Galaxy Flip 8 на заході Galaxy Unpacked 2026. Пристрій став тоншим і легшим за попередню модель, а зовнішній екран Flex Window отримав підтримку додатків та дій.

https://channeltech.space/smartphones/samsung-galaxy-flip-8-specs/",2,Search: Samsung Unpacked,
bafyreif77h5qxejowj5wz2j3olgib35xzoq43mvjhlo7a4zjdgwohevr44,bluesky,post,2026-07-23 06:37:25,L’anneau connecté de Samsung veut désormais surveiller l’apnée du sommeil | Android MT android-mt.ouest-france.fr/news/sport/l...,0,Search: Samsung Unpacked,
bafyreiass6fd52sb2uy7es3r7salzh35fqdtfikaeyelkfs6zzw2fn6uta,bluesky,post,2026-07-23 06:22:58,"Samsung Unpacked: Three Foldables, Two Watches, and Its First AI Glasses

Samsung shipped the shape change it teased. The Z Fold8 gets a wider passport format, a new Ultra tops the range at $2,099, and Galaxy Glasses arrive without a price.",0,Search: Samsung Unpacked,
bafyreig4v5q4y7e5dric5as7bnhglsj4522vzz7qzchkjrt6z72cjlofee,bluesky,post,2026-07-23 06:10:46,"I tried Samsung's new wide Galaxy Z Fold 8, and it's my favorite product of Unpacked 2026

The new wide-fold form factor is better than traditional book-style foldables.
#hackernews #news #samsung",0,Search: Samsung Unpacked,
bafyreicogyodsgevtahcn75eshjqi2qv6vy5vcmmpas6xzvb3tqge4wyla,bluesky,post,2026-07-23 06:02:10,The craziest part about yesterday’s Samsung Galaxy Unpacked event is that police beat students in Delhi and the Indian Government justified it.,0,Search: Samsung Unpacked,
bafyreic3atw76kv7ehs4fkjayo2svaww73famuls4rbu7ptr3o4szoqtfi,bluesky,post,2026-07-23 06:00:15,Zwei neue für das Handgelenk: Samsung präsentiert auf dem Unpacked-Event 2026 die Galaxy Watch 9 und Galaxy Watch Ultra 2. IMTEST war vor Ort und hat beide Smartwatches ausprobiert.,1,Search: Samsung Unpacked,
bafyreiemhhbngcwsfwmjyrewsl32dpzunrxbirpxf6vknckkrmdyrrx2di,bluesky,post,2026-07-23 05:59:00,A new approach to the way style of build for foldable phones could www.pickr.com.au/news/2026/sa... #googleandroid #news #phones #foldablephone #galaxy #samsung #titanium #unpacked,0,Search: Samsung Unpacked,
bafyreiame6h2iwop2awh5ow67ma5st4hquf5bzr5iixsyu2zflzaa5iprq,bluesky,post,2026-07-23 05:43:15,"Everything announced at Samsung Unpacked 2026: Three new foldables and two Galaxy...

Thinner watches, wider foldables, higher prices. Read&#160;More

🔗 https://www.madshrimps.be/news/everything-announced-at-samsung-unpacked-2026-three-new-foldables-and-two-galaxy-watches/",0,Search: Samsung Unpacked,
bafyreigmesp5r7ho2cqasnbxiktpckxzqk5w2sa7pbpax2uqps2y6kducq,bluesky,post,2026-07-23 05:32:39,"Caught up on Samsung Unpacked from London. Good news, everything flips or folds. Except the watch. If folding tech still fascinates you after all this time, I’m happy for you. I have never found a use case to fold my screens. 

Make the watch bend, I want to see that. 

www.zdnet.com/article/ever...",0,Search: Samsung Unpacked,
bafyreiau77eqplaihu2lhxkvgxp26hdetgaan6sfxyqvv2kuh5opz44kku,bluesky,post,2026-07-23 05:09:33,Samsung Galaxy Glasses shown at Unpacked. See the smart glasses now.,0,Search: Samsung Unpacked,
bafyreic5fugxi2cfddwpdz472yjjmomk6whcsnoobwsfpnd3mn5zzrhy4m,bluesky,post,2026-07-23 05:09:19,3 ways Samsung deeply integrates Gemini AI into its new Galaxy devices,0,Search: Samsung Unpacked,
bafyreiefyffmihidfmhpwcr7bsufrp3htqorfcwh7lhfancrfrmoqlgp4e,bluesky,post,2026-07-23 05:07:59,Surprise ! Samsung dégaine enfin ses lunettes connectées pour concurrencer Meta www.journaldugeek.com/2026/07/22/s...,0,Search: Samsung Unpacked,
bafyreig652tttuds3l3mginu6lj6yrea2tvqabuxlrp3dyuvxgjc3tigqe,bluesky,post,2026-07-23 05:05:52,Galaxy Watch 9 et Watch Ultra 2 : Samsung présente ses nouvelles montres connectées - KultureGeek kulturegeek.fr/news-355909/...,0,Search: Samsung Unpacked,
bafyreiabrd7z4ig4mnf2poax4isx5qubdeglv4vxy44bjhygz6oxuphfsm,bluesky,post,2026-07-23 05:00:00,"Samsung steps up a gear with three new foldable smartphones and two new smartwatches

Samsung has launched three new foldable phones and two new smartwatches at its Unpacked summer event in London. Here’s everything you need to know…",0,Search: Samsung Unpacked,
bafyreiaswhdvxshd27u5ci37xo5q3wa5w54uc74prshzmpp425xgl5edti,bluesky,post,2026-07-23 04:45:23,"Samsung’ın Gemini destekli gözlüğü telefonu cebinizde tutacak

Samsung, Galaxy Unpacked etkinliğinde Galaxy ekosistemini günlük kullanıma uygun bir akıllı gözlüğe taşıyan yeni ürününü tanıttı. Şirket, Google’ın Gemini asistanını Android XR altyapısıyla birleştiren gözlükte dokuz saate kadar pil…",0,Search: Samsung Unpacked,
bafyreih5xfocsdnwax2ka5x4qb6wzabjobrzictvkj3s545vhjdoidobu4,bluesky,post,2026-07-23 04:25:35,"Samsungが折りたたみスマートフォン「Galaxy Z Fold8 Ultra／Fold8／Flip8」発表、2026年8月7日発売
https://gigazine.net/news/20260723-samsung-galaxy-z-fold8-ultra-fold8-flip8/",5,Search: Samsung Unpacked,
bafyreibus2maquadpw3uw7hs5fop4spqex5zmfhaxjllq5qn7fxh4g6gbu,bluesky,post,2026-07-23 03:40:14,Samsung Rilis 2 Smartwatch Baru di Unpacked 2026: Galaxy Watch Ultra 2 & Watch 9 - https://kumparan.com/kumparantech/samsung-rilis-2-smartwatch-baru-di-unpacked-2026-galaxy-watch-ultra-2-and-watch-9-27pGwHXnmXI,0,Search: Samsung Unpacked,
bafyreibdzj2j45gnhsa7vbrg4jkr3jqhbmcj65rdrcphn7srkpzhylh3am,bluesky,post,2026-07-23 03:37:14,www.youtube.com/live/HEWH9Kz...,0,Search: Samsung Unpacked,
bafyreicfhswjjryqsnnjjwv7coyl2vrv74wwvalboetkpuryrlqo56dnta,bluesky,post,2026-07-23 03:25:20,Samsung Rilis 2 Smartwatch Baru di Unpacked 2026: Galaxy Watch Ultra 2 & Watch 9 - https://kumparan.com/kumparantech/samsung-rilis-2-smartwatch-baru-di-unpacked-2026-galaxy-watch-ultra-2-and-watch-9-27pGwHXnmXI,0,Search: Samsung Unpacked,
bafyreidtrmyj2ztfhpttawsz6rtxenjvtuihodxaetqcy2qwj7jgoopzzi,bluesky,post,2026-07-23 03:08:53,"Samsung unveils Galaxy Z Fold8 Ultra, Z Fold8 & Z Flip8 at Galaxy Unpacked July 2026 in London. #Foldable #News",0,Search: Samsung Unpacked,
bafyreic3me6hykvq4tinolgqeh27lexqiwuvefiurirhkmq66e2am4zkge,bluesky,post,2026-07-23 03:05:18,Samsung Rilis 2 Smartwatch Baru di Unpacked 2026: Galaxy Watch Ultra 2 & Watch 9 - https://kumparan.com/kumparantech/samsung-rilis-2-smartwatch-baru-di-unpacked-2026-galaxy-watch-ultra-2-and-watch-9-27pGwHXnmXI,0,Search: Samsung Unpacked,
bafyreide3wqaixqcvme2mwiqnclbc4uing3tbaje6csej3apkcior3jawy,bluesky,post,2026-07-23 03:04:07,"スマートグラスの概念は否定しないけどデザインを普通のメガネやサングラスと一緒にしないでほしいかな
盗撮メガネというか変態メガネというか。。。

gigazine.net/news/2026072...",0,Search: Samsung Unpacked,
bafyreiexwnk3s7n6e3orm5vfo4dklsotrnejaif6cm4vc7ddswhn46rgny,bluesky,post,2026-07-23 02:21:11,"Samsung Unveils Three New Foldable Smartphones at Unpacked 2026

https://manofmany.com/tech/samsung-foldable-unpacked-2026",2,Search: Samsung Unpacked,
bafyreih6kaahcobhnbup7wvou25dkdlu6ugk72nm55z3isskw4qpscraru,bluesky,post,2026-07-23 02:18:10,"SamsungがAndroid XR搭載のAIスマートグラスを発表、Geminiが音声でユーザーを支援
https://gigazine.net/news/20260723-samsung-intelligent-eyeware/",4,Search: Samsung Unpacked,
bafyreie2kvh4627mjzr4yi5fxm3bg3lldpm7th2gqq3aeazcd6zmypfqj4,bluesky,post,2026-07-23 02:15:11,Samsung Rilis 2 Smartwatch Baru di Unpacked 2026: Galaxy Watch Ultra 2 & Watch 9 - https://kumparan.com/kumparantech/samsung-rilis-2-smartwatch-baru-di-unpacked-2026-galaxy-watch-ultra-2-and-watch-9-27pGwHXnmXI,0,Search: Samsung Unpacked,
bafyreih2vatk7nj4xafvykmaazcrudmydlgausut54mcjjlla3oosfklpu,bluesky,post,2026-07-23 02:00:11,"Samsung Galaxy Z Fold 8 Redefines Foldable Phones With Its Widest Design Ever, Bringing a New Mobile Productivity + Video

🎯 Introduction: Samsung’s Foldable Vision Enters a Wider, More Powerful Generation The foldable smartphone market has reached a turning point. For years, manufacturers focused…",0,Search: Samsung Unpacked,
bafyreih7xpadpbeinowce4ge3qstqrbfloopw2bbt7pu5f2ydm65ez45ui,bluesky,post,2026-07-23 01:51:11,"Entrevista: Samsung apresenta novos produtos e manda recado para rival
https://olhardigital.com.br/2026/07/22/colunistas/entrevista-samsung-apresenta-novos-produtos-e-manda-recado-para-rival/?utm_source=flipboard&utm_medium=activitypub 

Posted into Tecnologia @tecnologia-FlipboardBR",0,Search: Samsung Unpacked,
bafyreigbi6akan6rti5ksmrwt3ovuzdplmdonzsgsuetqx3ccxous5yz3a,bluesky,post,2026-07-23 01:42:47,"Mittwoch — Samsung Unpacked: Z Fold 8, Z Flip 8 und KI-Features im Fokus #London #Mittwoch #News",0,Search: Samsung Unpacked,
bafyreibgnwolwrwumbcztduaxu7icwok676saqwytbt6ppawqftpjwnb7e,bluesky,post,2026-07-23 01:33:27,Samsung Launches Three New Foldables and Two Galaxy Watches at Unpacked 2026 - WareData | Tech enthusiast www.waredata.com/samsung-laun...,1,Search: Samsung Unpacked,
bafyreibydqtxzbv24cxopvh2zuoi52oopzxeuxopoebv2puq7ujhilhlaa,bluesky,post,2026-07-23 01:31:11,"At Galaxy Unpacked 2026 in London, Samsung unveiled the redesigned Galaxy Z Fold8 before an audience of nearly 1,200 journalists, industry experts, celebrities and influencers from around the world. The device marks the first major overhaul of its book-style foldable since the original Galaxy Fold",0,Search: Samsung Unpacked,
bafyreifrebjshuwt2ixa2bj45giw3rdnxeuyc5ypjkhuyc4mjgmxckfkki,bluesky,post,2026-07-23 01:19:01,"Radiogeek 2908 – Samsung presentó sus nuevos plegables y relojes en el Unpacked 2026

En un evento realizado en Londres, Samsung mostró su lineup de otoño: tres teléfonos plegables con un nuevo formato ""ancho"", dos smartwatches renovados y un primer vistazo a sus gafas inteligentes desarrolladas…",0,Search: Samsung Unpacked,
bafyreifd7bfdboirbltsjbnjfcwvt4onnf7yxno7qh2szgihz6qusjosfq,bluesky,post,2026-07-23 01:05:58,"🤝 Digital Today: At the Galaxy Unpacked 2026 event, Samsung Electronics announced the introduction of stablecoin support in Samsung Wallet for payments and rewards, as well as the launch of the Samsung Galaxy Card financial service in partnership with Barclays and Visa

#crypto #blockchain #news",1,Search: Samsung Unpacked,
bafyreigrcnmtsomluruh23uyu5fkjb5peedb775fj257qp5lvr7s5bvumq,bluesky,post,2026-07-23 01:05:20,"Samsung Wallet gets stablecoin support! 🚀 Samsung Electronics announced at Galaxy Unpacked 2026 it's integrating stablecoins natively. The digital hub will also launch the Samsung Galaxy Card in the US, partnered with Barclays & Visa, secured by Knox. #Samsung #Stablecoins #Crypto",1,Search: Samsung Unpacked,
bafyreibfqufrf6ss4moa25uho5jpwe3aghaqfhjga77up6jygjkbf63y5a,bluesky,post,2026-07-23 01:01:35,"Samsung Wallet at Galaxy Unpacked 2026 will support stablecoins! Payments, rewards, & digital assets in the Galaxy ecosystem. Plus, the new Samsung Galaxy Card (with Barclays & Visa) launches in the US! 📱💳💰

#crypto #blockchain #news",1,Search: Samsung Unpacked,
bafyreifogmdu6papyw5soyms6f4iypsyvjy232wo222iatj3ynv5r5hnru,bluesky,post,2026-07-23 00:02:54,"Samsung Hints at a Bigger Future: Galaxy Smart Glasses Could Soon Evolve Into True Augmented Reality Wearables + Video

Introduction: The future of wearable technology is rapidly shifting from smartwatches and smartphones toward devices that seamlessly blend digital experiences with everyday life.…",0,Search: Samsung Unpacked,
bafyreidb7y6rrfuu3ebyw6dr2d6uihi4b2jf5fwesrciqoyspbn4znwrii,bluesky,post,2026-07-22 23:58:46,"Samsung’s AI Smart Glasses Could Change Everyday Life Forever With Android XR and Gemini + Video

Introduction: Samsung Is Bringing AI Out of Your Phone and Into Your Vision Artificial intelligence is rapidly moving beyond smartphones, and Samsung has now taken one of its biggest steps toward…",1,Search: Samsung Unpacked,
bafyreie3xlaw3d2i7cuukqhl5cttsxg234bq5z7qmbjibxdbjkxno3ueqe,bluesky,post,2026-07-22 23:52:36,"Samsung expands foldables with Galaxy Z Fold8, Fold8 Ultra and Flip8.
Fold8 starts at $1,899; Ultra at $2,099. A wider 201g design, 3,000-nit screen and One UI 9 sharpen its premium pitch as an expected Apple foldable raises competitive pressure.
#Samsung #Foldables",1,Search: Samsung Unpacked,
bafyreicmzyib2sukolzzgdrbqpw3bjccdnxorvmnklehm2lwdzfnaue2qu,bluesky,post,2026-07-22 23:11:05,"Samsung lanza el Galaxy Z Fold 8 con diseño innovador y tres modos de uso

🤖 IA: Es clickbait ⚠️
👥 Usuarios: Es clickbait ⚠️

#celulares #samsung 

Ver resumen IA completo:",0,Search: Samsung Unpacked,
bafyreifmn4hlfjov32q225knysbdmephbzjny7bipkcakfqnl2gapuhrka,bluesky,post,2026-07-22 22:50:25,"Samsung has announced a slew of new phones and smartwatches at its Galaxy Unpacked showcase, including two upcoming folding phones.",0,Search: Samsung Unpacked,
bafyreietrz7bbaciox37f2n5d7jvxgz2hv5cl5mw5qr6g57hrpn7kslfwe,bluesky,post,2026-07-22 22:50:03,"Samsung has split its 2026 smartwatch lineup into two clear lanes: the rugged, dive-certified Watch Ultra2 for adventurers, and the everyday, all-day-comfort Watch9 for the rest of us. Here's what's new, and what it'll cost you.",0,Search: Samsung Unpacked,
bafyreidsqdwhsecldyxm4ucjd2pcswaobibng66crcunp5ws5xrgejcstq,bluesky,post,2026-07-22 22:41:33,"Samsung Realiza o Galaxy Unpacked Em Londres E Apresenta o Novo Galaxy Z Fold8 Com Tela Widescreen - Notícias, análises e insights sobre tecnologia clicatech.com.br/samsung-real...",0,Search: Samsung Unpacked,
bafyreieyaocjdtl3lw4gblzugzidyhl4g4qcc5z53oehks4li47lqmeep4,bluesky,post,2026-07-22 22:33:05,"The Samsung Galaxy Z Fold8, Z Fold8 Ultra and Z Flip8 have been unveiled, and the base Fold has swapped its usual screen for a passport shaped one. Here's what's new, and what it'll cost you in Australia.",0,Search: Samsung Unpacked,
bafyreiadeffpgcnr7oomyqworhj6wudtvv5hb7icg5omy3zzg5ulc43yqa,bluesky,post,2026-07-22 22:31:58,"Samsung's Galaxy Ecosystem Is Becoming More Like Apple's - but With Gemini at the Centre
->Newsweek | More on ""Samsung Gemini ecosystem AI integration"" at BigEarthData.ai | #Ecosystem",2,Search: Samsung Unpacked,
bafyreig3czytto4kvbor5kundcdgvi3u424zou26cusxtbwrcitzdbtsz4,bluesky,post,2026-07-22 22:31:01,"Samsung Unpacked 2026 Breakdown: New Foldables, Watch Ultra 2 & Smart Glasses

Samsung just dropped three new foldables, two smartwatches, and a preview of Gemini-powered smart glasses. Here is what you need to know about the new tech, the dead screen crease, and those price spikes.",0,Search: Samsung Unpacked,
bafyreibh2rxbw5whoa2bxitpr4u6ewhrkyhrqsazc7d6pugh3w6tdfedhy,bluesky,post,2026-07-22 22:26:01,25% off RRP on Samsung Galaxy Z Fold8 / Ultra / Flip8 (Plus Pre Order Bonus) @ Samsung Education / Business / Government Portal,0,Search: Samsung Unpacked,
bafyreiapv2wqrlgcgw4vvrn7dgyqsd5jflnzscu2q7c2ipdkixlbooqtdm,bluesky,post,2026-07-22 21:35:56,"I attended the Samsung Galaxy Unpacked event today (online). It was my first time to attend such an event. I thought that it was painfully slow, too choreographed, and contained very little substance.

#samsung #samsungunpacked",0,Search: Samsung Unpacked,
bafyreic3ia5bkuvxdbugtkazm55lird56b5sugvtnwvwbffw2msg45ut34,bluesky,post,2026-07-22 21:11:03,"A Samsung abriu a temporada de outono mais cedo com três Galaxy Z novos, dois Galaxy Watch e um teaser sério para óculos inteligentes. Tudo mais fino e mais caro, com Qi2 ainda pela metade.",0,Search: Samsung Unpacked,
bafyreia646suzss4l36rrdrkyh6rolxeaz3w723ktegc4mt5tw5ag33cyu,bluesky,post,2026-07-22 21:10:03,"CLX Samsung traerá a Venezuela los Galaxy Z Fold8, Z Flip8 y los nuevos Galaxy Glasses con IA: https://elestimulo.com/nota-de-prensa/2026-07-22/clx-samsung-galaxy/",0,Search: Samsung Unpacked,
bafyreiaddxcbl6zfoxovcvspunohmlb3bvc3kfqjwkspdclaji4ask7nta,bluesky,post,2026-07-22 21:56:03,"Samsung garante Galaxy AI gratuito para sempre e visa 800 milhões de equipamentos. A inteligência artificial assume protagonismo no novo Galaxy Unpacked, com o objetivo de instalar o seu ecossistema inteligente em 800 milhões de smartphones e tablets até 2026. 📱

🔗 https://tugatech.com.pt/t87911-sam",0,Search: Samsung Unpacked,
bafyreiahe2ntq2ac6knowvuo6liax5wajfe5gxgkzfkqm2756veboj5o2a,bluesky,post,2026-07-22 20:53:23,Qualcomm y Samsung amplían colaboración: Snapdragon impulsará la nueva línea Galaxy #Snapdragon #Samsung edomexaldia.com/qualcomm-y-s...,0,Search: Samsung Unpacked,
bafyreieh6nyuyvs3lmvi2byfue6mvci4mtkhzdbauaprpiau6i6zr4nglu,bluesky,post,2026-07-22 20:49:38,The Z Fold 8 is a preview of what's to come... from Apple,0,Search: Samsung Unpacked,
bafyreiewvzevwcjfvxkuefijlvu5lqcif4b3dkpdyhaqgtulb2x5u4z5vq,bluesky,post,2026-07-22 20:36:37,"Samsung apresenta Galaxy Glasses com Gemini no Unpacked em Londres

O Galaxy Glasses marca a entrada da Samsung no mercado de óculos inteligentes com Gemini e Android XR, reunindo IA generativa, visão computacional e integração com o ecossistema Google em um dispositivo pensado para o uso diário....",1,Search: Samsung Unpacked,
bafyreietz3qj32ulzs45454e42zhcne37agnkc4gez5me4vtvwgcms4ekq,bluesky,post,2026-07-22 20:36:21,"Samsung presenta las gafas Galaxy Glasses junto con Gemini en el evento Unpacked de Londres

Los Galaxy Glasses representan la apuesta de Samsung por las gafas inteligentes con Gemini y Android XR, llevando la inteligencia artificial a una experiencia más natural, conectada y pensada para el uso…",0,Search: Samsung Unpacked,
bafyreihfkbibdu5dkb3j2rcthvvyfwi4cp3oaakyn3d3t3oisc4optfs7i,bluesky,post,2026-07-22 20:34:17,"Samsung’s Galaxy Watch9 and Ultra2 turn biometric data into AI health advice while Gemini spreads across the Galaxy ecosystem. Smart, useful, and medically loaded.",0,Search: Samsung Unpacked,
bafyreia6remgaeei5je634adis5zjkf7x6rnxznjwn7oedcxfbajbvor2y,bluesky,post,2026-07-22 20:23:15,Prefer to watch instead of read? Check out our hands-on video with Samsung's latest smartphones. www.youtube.com/watch?v=-urt...,0,Search: Samsung Unpacked,
bafyreigrz3oka2cvslogb7f5urgxhbcolxoxofxoqvbpwz63eimlf5ifiu,bluesky,post,2026-07-22 20:20:46,"Samsung lanza el Galaxy Watch 9 y el Ultra 2 con chip Snapdragon, más batería y precios más altos. Preventa hoy.",0,Search: Samsung Unpacked,
bafyreih3zuxj6tr6mw2tbdsxl2vxhf5awu4navbvir6smipotj7eok5sim,bluesky,post,2026-07-22 20:20:37,"Samsung Galaxy Unpacked 2026! Samsung just announced their new Foldable phones and new smart watches! Z Fold8, Z Flip8 and Z Fold8 Ultra! #samsung #samsungunpacked#samsungunpacked2026 #zfold8wide #zfold8",1,Search: Samsung Unpacked,
bafyreiffgxjeswbc7sa4oapecqtla5jp5eoqyp3eiytifpl7smwayhygm4,bluesky,post,2026-07-22 20:03:21,Here's Everything Samsung Announced at Today's Galaxy Unpacked Event. gogadget.news/S03535,0,Search: Samsung Unpacked,
bafyreifbnrdfio2dvrbdj6t6h5suursscmyr767cjocbgqm6wwotd3b7cm,bluesky,post,2026-07-22 19:42:50,Ya es oficial: Samsung ha dado el salto al silicio carbono para las baterías de sus nuevos plegables www.xatakamovil.com/territorio-s...,0,Search: Samsung Unpacked,
bafyreigk4irj7i76kpozr2wbn4gkdhttvka6p3m46nazu6bcegyu6iygvi,bluesky,post,2026-07-22 19:33:09,"“Samsung” prezentē jaunos “Galaxy Fold8 Ultra”, “Galaxy Fold8” un “Galaxy Flip8” salokāmos viedtālruņus",0,Search: Samsung Unpacked,
bafyreid7vefxtt5pbxxj3ky2jseqsuk2nb24ra4ef5izyfbtcwutpj2see,bluesky,post,2026-07-22 19:32:48,“Samsung” prezentē jaunos “Galaxy Watch9” un “Galaxy Watch Ultra2” viedpulksteņus,0,Search: Samsung Unpacked,
bafyreifsexkh3dv37debbnsjzn7ijhwuz42amrw5vbpw7hzmegpxyngch4,bluesky,post,2026-07-22 19:28:05,"Samsung Unpacked 2026: El mundo de los plegables cambia para siempre

Las preventas de los esperados dispositivos (excepto los smartglasses) se anunciaron hoy durante el unpacked viewing party, donde también , se dió a conocer la disponibilidad en tiendas que inicia el 7 de agosto de 2026.",0,Search: Samsung Unpacked,
bafyreicwym7oj4fa66f7yk5zvjfseks4uv5s3wvtejl7v7dcfdmlqmh6oy,bluesky,post,2026-07-22 19:20:53,"#GalaxyZFlip8 Series, Galaxy Z Fold 8 Series, Galaxy Watch 9, Galaxy Watch Ultra 2...le récap' des annonces de la Galaxy Unpacked, le 22 Juillet 2026 ! 

blog.sosordi.net/2026/07/gala... 

#Samsung #IA",0,Search: Samsung Unpacked,
bafyreihpa2rcnt46v3kbvfatro7u4jmdpqidlmgbvbcglr7fkivb5gq4ji,bluesky,post,2026-07-22 19:13:02,Leak reveals what to expect from #Samsung’s #smartglasses at Unpacked tomorrow  www.androidauthority.com/samsung-gala...,0,Search: Samsung Unpacked,
bafyreiborxsfo4zfpvxzhdtafhgl772byn6y7oxbj4cim2cgcwjzj2keme,bluesky,post,2026-07-22 19:12:27,"samsung's new foldables are pretty pricey, but preordering them comes with up to $350 in gift cards. not sure how that offsets the cost of these things... {https://kcurry.bsky.social/... https://www.theverge.com/gadgets/968716/samsung-galaxy-z-flip-fold-8-ultra-how-to-buy-preorder-price-release-date",0,Search: Samsung Unpacked,
bafyreiftagmajtk43imffc2xno7c42l3gxsz6rulyicp3j56qskcre6htm,bluesky,post,2026-07-22 19:11:53,"Droid Life より

Samsung Unpacked Galaxy Z Fold 8: What Time, How to Watch
Samsung Unpacked Galaxy Z Fold 8: What Time, How to Watch",0,Search: Samsung Unpacked,
bafyreiewwca5u7gnpa7un3ku6e7f6em4ygryviwzybtgnqffdnnxj57qqy,bluesky,post,2026-07-22 19:10:08,"Samsung presenta sus lentes inteligentes a la línea Galaxy  junto a Gentle Monster y Warby Parker. #Galaxyunpacked #Samsung 
tecnodivaoficial.blogspot.com/2026/07/sams...",0,Search: Samsung Unpacked,
bafyreih7h2hbfnblerrqmb5zlmjw72wnlg2ikxhvz5fyew5qmry3ury5cy,bluesky,post,2026-07-22 19:00:04,"Samsung detalló sus gafas con Google, Gemini, cámara y modo privacidad. Llegan en otoño, aún sin precio confirmado.",0,Search: Samsung Unpacked,
bafyreigvt3adxiwq6pum6tifa5au7mfg6bmiqunmoiojvwdsrv3wgwlpgi,bluesky,post,2026-07-22 18:57:56,www.yahoo.com/tech/phones/...,0,Search: Samsung Unpacked,
bafyreierddgxasqutamwjcwd5aewl4guz2wit4cxju5tjtdi3yrp3b7ueu,bluesky,post,2026-07-22 18:42:25,"📱 Samsung Mobile & J-Hope 

¡Por fin! El flamante #GalaxyZFold8 acaba de llegar 💥 j-hope ya está encantado con la nueva relación de aspecto. ¡Espero que tú también lo ames! ✨ #GalaxyAI  Mira la repetición del livestream de Galaxy Unpacked en: smsng.co/GalaxyUnpack...

🖇 x.com/i/status/207...

🐢",1,Search: Samsung Unpacked,
bafyreievx7jiakobsuugxfkoy4ggf3osllzvjyanigwlhdsv7bg7ou37ti,bluesky,post,2026-07-22 18:42:01,Watching Samsung Galaxy Unpacked and WE DO NOT NEED MORE AI GLASSES WTF TECH BROS,4,Search: Samsung Unpacked,
bafyreiepxrmtq55gt3ug6dmhiv7karmy7qqh5m64ge5t5tpfui2xmrj25a,bluesky,post,2026-07-22 18:36:01,"📸| J-HOPE for SAMSUNG

""The all-new #GalaxyZFold8 in Lavender sure looks good on j-hope 💜 What do you think of the color? 👇 #GalaxyAI

Watch the Galaxy Unpacked livestream replay on: smsng.co/GalaxyUnpack... ""

#JHOPE #BTS 
🔗 x.com/i/status/207...",3,Search: Samsung Unpacked,
bafyreictdmtnumtx52iegfg665pz5u5votmfpxsvlhcj47enrqibgfazkq,bluesky,post,2026-07-22 18:28:57,"Samsung unveiled a wave of new devices at today's Galaxy Unpacked event, including the Galaxy Z Fold 8, Galaxy Z Fold 8 Ultra, Galaxy Z Flip 8, Galaxy Watch 9, and Galaxy Watch Ultra 2. The company also introduced its first intelligent eyewear,… #samsung #samsunggalaxy #technology #technews",0,Search: Samsung Unpacked,
bafyreiacjb53alsoj6aeh5qbkmk7bfnlmzsjaspqypi37bnle5svyidiwe,bluesky,post,2026-07-22 18:22:49,"Android Central より

Unpacked is done, but the Samsung Galaxy Card is here with a bunch of cash rewards
未梱包は完了したが、サムスンギャラクシーカードは現金の報酬の束と一緒にここにあります",0,Search: Samsung Unpacked,
bafyreigewkq7npftxsggne5747o7cnxmjo5qhssluwrb4cygxtfkqd5awu,bluesky,post,2026-07-22 18:20:37,"📱 Samsung представила Galaxy Fold8, Fold8 Ultra та Flip8!

На літній презентації Galaxy Unpacked компанія показала одразу три нові складані пристрої 🚀 #Samsung #GalaxyFold8 #GalaxyFlip8 #TechNews #Smartphones #GalaxyAI

➡️ Повний текст за посиланням: t.me/dplse/723",1,Search: Samsung Unpacked,
bafyreig27ztp2wkn46elfdcdky6wrwoj627xqwzh7samqvd4z6acxglrum,bluesky,post,2026-07-22 18:19:05,Galaxy Watch Ultra2 y Watch9: los relojes de Samsung reciben una merecida puesta al día con la salud en el punto de mira www.xatakamovil.com/territorio-s...,0,Search: Samsung Unpacked,
bafyreia6xawujdnfszisbmn6mrgu7uig4l4k4e6e7aujgkvrkab6urh2ae,bluesky,post,2026-07-22 18:16:58,Samsung ya tiene sus propias gafas inteligentes. Lo difícil será diferenciarlas de las de sus competidores www.xataka.com/wearables/sa...,0,Search: Samsung Unpacked,
bafyreighukzv6xoubl73cyxkpgrq42z2w6rouqv3bytf6ysdlchsx2kwii,bluesky,post,2026-07-22 18:09:04,"Samsung's New Galaxy Smart Glasses Aim for Style and Google Integration
From the ""Lifehacker"" RSS feed",0,Search: Samsung Unpacked,
bafyreifq32shhfg6a3bucprs4z7fwyrd4fmnhpvtg57wcksldxxhvhij6i,bluesky,post,2026-07-22 18:07:09,"Samsung Galaxy Z Fold 8 Announced to Compete With Future iPhone Fold
https://mobile.slashdot.org/story/26/07/22/1652232/samsung-galaxy-z-fold-8-announced-to-compete-with-future-iphone-fold",0,Search: Samsung Unpacked,
bafyreiamdq2z55fr47t44ussi5cmzdovkyytw4xu7wy3aophovw4hj2yxe,bluesky,post,2026-07-22 18:03:44,"Samsung's Galaxy Watch Ultra 2 and Galaxy Watch 9 come with bigger batteries and bigger prices: Samsung announced the Galaxy Watch Ultra 2 and Galaxy Watch 9 at its Galaxy Unpacked 2026 event, alongside new foldable smartphones. The Ultra 2 is designed for fitness en… https://ranked.news/1163198?u=b",0,Search: Samsung Unpacked,
bafyreies5z5xpdnfjmtj6mzpivrpx4qpi5fjrfuvgfvoat6dm3td35zx3i,bluesky,post,2026-07-22 18:03:38,"Samsung Lets Media Touch Its Warby Parker and Gentle Monster Smart Glasses: At its Galaxy Unpacked event in London, Samsung finally allowed media to touch its new AI smart glasses, developed in partnership with Warby Parker, Gentle Monster, and Google. However, atten… https://ranked.news/1163192?u=b",0,Search: Samsung Unpacked,
bafyreihs7mah2a3xpvmzasiswbcwhuz62djacimy2mcs3kpc6vfmrshquu,bluesky,post,2026-07-22 18:03:36,"Samsung Galaxy Unpacked 2026: Z Fold 8, Z Flip 8, Galaxy Watches and AI launches: Samsung's summer Galaxy Unpacked 2026 event introduced a range of new devices, headlined by the Galaxy Z Fold 8. This model features a wider, shorter design with a 7.6-inch interior dis… https://ranked.news/1163196?u=b",0,Search: Samsung Unpacked,
bafyreiazukitw5ytznrg5efv5sgm26mw4ibe5yduhueqt7tkdipedgwkbm,bluesky,post,2026-07-22 18:01:14,"Samsung Launches New Z Fold8 and Flip8 Devices at Unpacked Event

🤖 IA: It's clickbait ⚠️
👥 Users: It's clickbait ⚠️

#samsung #foldablephones #smartwatches 

View full AI summary:",0,Search: Samsung Unpacked,
bafyreiahnvktfkczqhfkqanpxvq6b45maf4fqexs7ycha3d2knlwftb7ve,bluesky,post,2026-07-22 18:00:31,"El Fold 8 Ultra llega a $2,099 con batería de 5,000 mAh y cámaras del S26 Ultra; el nuevo Fold 8 es más ancho y barato.",0,Search: Samsung Unpacked,
bafyreiggxmetfumb5vle5wpo76gmui6sluxkem7gypkcmxnpm3c2zyx2jq,bluesky,post,2026-07-22 17:54:52,"Samsung Galaxy Z Fold 8 and Galaxy Z Fold 8 Ultra Launched Globally: Prices, Specifications, India Sale Date, and Offers

#Samsung #GalaxyZFold8 #GalaxyZFold8Ultra #GalaxyUnpacked #SamsungIndia #Foldable #Android #Snapdragon8Elite #PassionateGeekz",0,Search: Samsung Unpacked,
bafyreihgrj3dui6z5r5cjq7xzxwysj3il4srjh3lyxcgxgtsk4owvjpdge,bluesky,post,2026-07-22 17:52:35,"Samsung unveiled its upcoming smart glasses at the Galaxy Unpacked event in London, developed in partnership with Google and eyewear brands Warby Parker and Gentle Monster.",0,Search: Samsung Unpacked,
bafyreih4vh7kl77rmotuv5guycywl7oowsbf36fwsth6bsu457ux6v7ori,bluesky,post,2026-07-22 17:46:26,Βρισκόμαστε στο Λονδίνο για να παρακολουθήσουμε από κοντά το καλοκαιρινό Galaxy Unpacked της Samsung.,0,Search: Samsung Unpacked,
bafyreiaykv344g27wurnkspihasz2hg7sc2ocq7hf7f3a3x2cq4b2l7dyq,bluesky,post,2026-07-22 17:36:50,"Samsung Finally Solves the Galaxy Z Fold’s Biggest Weakness with a Revolutionary Silicon-Carbon Battery + Video

Introduction: A New Era Begins for For years, Samsung dominated the foldable smartphone market with cutting-edge displays, premium engineering, and unmatched software support. Yet…",0,Search: Samsung Unpacked,
bafyreicpkw67khccwxr6rto7qmmyoeu3hq473mfxhu7ynmoaoefnlrrnzy,bluesky,post,2026-07-22 17:34:51,Samsung officially announced its first pair of Galaxy smart glasses at Galaxy Unpacked. The new wearable has been developed in collaboration with eyewear brands Gentle Monster and Warby Parker and is set to become a natural extension of the Galaxy ecos...,0,Search: Samsung Unpacked,
bafyreigv4ciunzrn6725gvxnvmgab3ng3mmtegb4vz2yocrctffio7pqjq,bluesky,post,2026-07-22 19:31:17,"🚨 NEWS: Samsung svela Galaxy Z Fold 8 Ultra da 2099 dollari e Galaxy Z Flip 8 al Galaxy Unpacked 2026

Leggi L'articolo completo e seguici per rimanere sempre aggiornato! 🧡

🚀 LINK: https://meteoraweb.com/news/samsung-svela-galaxy-z-fold-8-ultra-da-2099-dollari-e-galaxy-z-flip-8-al-galaxy-",0,Search: Samsung Unpacked,
bafyreidby4f2fd47qbw3n36fujsaqxm2vbytp472xu47zoeczcxl46adti,bluesky,post,2026-07-22 17:30:52,"Samsung Z Fold8 Ultra Launches at Galaxy Unpacked

#SamsungGalaxyZFold8Ultra #FoldableSmartphones #VantaWire #TechNews

🔗 https://www.vantawire.com/samsung-z-fold8-ultra-launches-at-galaxy-unpacked/",0,Search: Samsung Unpacked,
bafyreifjzxnezkj5pzo7lik7d3n4xwdcri5cf77i3iakjwc2mlbhxa4g7i,bluesky,post,2026-07-22 17:15:08,"During this year’s Samsung Galaxy Unpacked event, the tech giant announced its plans to add two AI features to its latest smartphone lineup ➡️ tom-s-guide.visitlink.me/IFo_FL",0,Search: Samsung Unpacked,
bafyreiaosw7gmql733tj66ecdqdhj3a3rr4azpitn2m5ew75o4chmvvqqa,bluesky,post,2026-07-22 17:12:24,"Samsung Galaxy Z Fold 8 Announced to Compete With Future iPhone Fold

https://mobile.slashdot.org/story/26/07/22/1652232/samsung-galaxy-z-fold-8-announced-to-compete-with-future-iphone-fold?utm_source=rss1.0mainlinkanon&utm_medium=feed",2,Search: Samsung Unpacked,
bafyreiexpqwl2gjqlnq4bttidfeelvx6fsvkh2u65invo2dckypqohtuqe,bluesky,post,2026-07-22 17:09:30,"📰 **Samsung Galaxy Z Fold 8 Announced to Compete With Future iPhone Fold**

At a Galaxy Unpacked event in London today, Samsung unveiled a new foldable smartphone designed to compete with the still-unannounced iPhone Fold. Called the Galaxy Z Fold 8, it features a wider 4:...

📰 Source: Slashdot […]",0,Search: Samsung Unpacked,
bafyreidlexn5mfq42obapk7z673iaiv4dwemmvxtf26r5zaer6y47rzf54,bluesky,post,2026-07-22 17:05:06,"samsung just dropped its latest folding phones and smartwatches, but it looks like they're mostly for people who need new ones already. design updates, ai improvements... same old stuff {url} https://www.theverge.com/gadgets/968682/samsung-galaxy-z-fold-flip-8-specs-features-hardware-comparison",0,Search: Samsung Unpacked,
bafyreichj4xyvsoc4srdtvnvhiqbkjrrogtmm4dvywfhhkeedlgmk3spke,bluesky,post,2026-07-22 16:43:15,"Android Central より

5 HUGE Samsung Unpacked announcements you may have missed, and one involves looking beyond your eyes
5 巨大なサムスン 未包装の発表は、あなたが逃したかもしれない、と1つはあなたの目を超えて見ることを含んでいます",0,Search: Samsung Unpacked,
bafyreiefi7oxymqyrhdxzqw3lrceoscspbk2lvpbiy44wwmdyzg5mnahi4,bluesky,post,2026-07-22 16:39:20,"Samsung dá mais detalhes sobre óculos smart feitos em parceria com Google
https://tecnoblog.net/noticias/samsung-da-mais-detalhes-sobre-oculos-smart-feitos-em-parceria-com-google/?utm_source=flipboard&utm_medium=activitypub 

Posted into Tecnologia @tecnologia-FlipboardBR",0,Search: Samsung Unpacked,
bafyreiaxglni2llzavicr7nxrg4vcjmwq5nf2emvekr6wjtgxfq7z6nabm,bluesky,post,2026-07-22 16:32:34,Samsung revela os Galaxy Watch Ultra 2 e Galaxy Watch9 com novas funções de IA www.otakupt.com/tecnologia/s...,1,Search: Samsung Unpacked,
bafyreibtbg4gp7exejlnllyjajdvxjx6i56zm52qkgyiucm6ljzperhgbe,bluesky,post,2026-07-22 16:31:05,"Everything announced at Samsung Galaxy Unpacked July 2026

🌍 #OmniGaza #AfricanIntel",0,Search: Samsung Unpacked,
bafyreiawoe42ta6pqd5c6azruwwbml2fqfahiaewcmyne6sejpjzq4zh3u,bluesky,post,2026-07-22 16:30:12,"Po Unpacked mam dwa skrajne wnioski: Galaxy Z Fold8 Ultra wreszcie wygląda jak składany flagowiec bez kompromisów, ale zwykły Fold8 nadal sprawia wrażenie telefonu „pomiędzy” — i nie wiadomo, dla kogo. 🤔",1,Search: Samsung Unpacked,
bafyreiguzp553xt5wcpzek3yxu7craw7c7yqzyx7lpkvwwv7xh2jpqa7qy,bluesky,post,2026-07-22 16:26:34,"See what's happening in tech today: @404media.co on the process cities face when deFlocking, @zdnet.bsky.social's roundup of everything announced at Samsung Unpacked, @mashable.com's reporting on Substack's new AI content detector, and more. 

👉 flipboard.com/topic/techno...

#Tech #AI #Samsung",2,Search: Samsung Unpacked,
bafyreib4gtq26rgep7v624h7pni6tvudhhwfmlz6irrl2zid65ytmacmre,bluesky,post,2026-07-22 16:25:59,"📱 Samsung showed off its newest foldable phones and smartwatches at Unpacked in London.

We're there in person with the full rundown.",0,Search: Samsung Unpacked,
bafyreibd5gkbcotgex24zxnxxx27dfbh23uyqihh5dnnz2ftkuzztm22zq,bluesky,post,2026-07-22 16:21:32,catching up with what unfolded during the Samsung Galaxy Unpacked event and-,55,Search: Samsung Unpacked,
bafyreighefx43jgqkxf2ohgqfjib72hqcamd4uuvnvd2gi3qbfc2lp723m,bluesky,post,2026-07-22 16:15:04,"Samsung and Gemini AI Are Redefining the Galaxy Ecosystem, Bringing AI From the Screen Into Everyday Life + Video

Introduction: The New Era of Intelligent Galaxy Devices Samsung is entering a new phase in its AI strategy, moving beyond simple chatbot features and bringing artificial intelligence…",0,Search: Samsung Unpacked,
bafyreigjjhh4ioy5bu6ztuucbpltgjmykpciu5nlneqrqyf7hp3pw5b7ma,bluesky,post,2026-07-22 16:12:45,Samsung dá mais detalhes sobre óculos smart feitos em parceria com Google tecnoblog.net/noticias/sam...,0,Search: Samsung Unpacked,
bafyreibkfuo6jqgs5jxkpzejvzze6oylbewk7lqmn67gcuipqeaer6xpxi,bluesky,post,2026-07-22 16:09:02,"Samsung presenta i primi occhiali smart Galaxy: Gemini, Android XR e design firmato Gentle Monster e Warby Parker - Tutta La Tecnologia www.tuttalatecnologia.it/samsung-pres...",0,Search: Samsung Unpacked,
bafyreig42cyjvb3dolnz5nbv7gtewbxyg4aad64277dlc6nl5oxdd5nkg4,bluesky,post,2026-07-22 16:03:47,"Samsung Galaxy Z Fold 8 Ultra Tanıtıldı! Tam Bir Performans Canavarı

Samsung Galaxy Z Fold 8 Ultra için uzun zamandır devam eden bekleyiş sona erdi. Galaxy Unpacked etkinliğinde Samsung'un yeni katlanabilir telefonu tanıtıldı. Bununla birlikte kullanıcılara sunduğu bütün özellikler, tasarımı, renk…",0,Search: Samsung Unpacked,
bafyreif7dyo5fzgrcewkjtdev6ny3fbedoaipdt4mpr2cde4kuyfonkppi,bluesky,post,2026-07-22 15:57:54,The highly anticipated glasses are expected to arrive later this year.,1,Search: Samsung Unpacked,
bafyreigk2vfpv3iabx3c2ukvc6asqotuaizgtjx5bu4iwffbj4thigtzkq,bluesky,post,2026-07-22 15:54:24,"The company introduced its latest foldables, wearables, and Agentic AI ecosystem during its annual hardware showcase in London
en.as.com/meristation/...",0,Search: Samsung Unpacked,
bafyreigbg4fzn4b45ony2hglobij5tmil34rhtdml3lqeise6n5ewxgqhi,bluesky,post,2026-07-22 15:53:29,"The latest Galaxy Unpacked featured a redesigned Galaxy Z Fold 8, a new ‘Ultra’ foldable, and refreshed Galaxy watches. Here's everything you missed in 15 minutes.",15,Search: Samsung Unpacked,
bafyreiawrzzvc7j37euncanrpxublo7k3bdlzf6qqnp5tvhtlbnmrdziqe,bluesky,post,2026-07-22 15:51:46,Samsung Galaxy Watch9 and Galaxy Watch Ultra2 Officially Announced,1,Search: Samsung Unpacked,
bafyreihnuovkqpaexjo4smi5tvibay2fgjg6jqbpqlh7wufevewv7c2nny,bluesky,post,2026-07-22 15:48:56,"Everything Samsung Announced at Galaxy Unpacked: Z Fold 8, Flip 8, Watch 9, More
www.pcmag.com/news/samsung...",3,Search: Samsung Unpacked,
bafyreihvy3bnk3xoek6eaygw42edyp7y3v5sqk7f37cccm6f6ewi36ogbi,bluesky,post,2026-07-22 15:44:41,"Samsung has unveiled the Galaxy Z Flip 8 at its Galaxy Unpacked event, priced at $1,199 and launching without an FE model this year.",0,Search: Samsung Unpacked,
bafyreigo3vv3sewlzfqahmn4sko63i4ggqcd3n53dds3v7cjnonbljiv6e,bluesky,post,2026-07-22 15:42:52,"Samsung has officially launched the stable One UI 9 based on Android 17 with the Galaxy Z Fold 8, Z Fold 8 Ultra, and Z Flip 8. Here's what it means for Galaxy S26 and S25 users and when the stable update could arrive.",0,Search: Samsung Unpacked,
bafyreicu5n7cdz7rrzmybmyz3a2o74zsfyjbzoco4febpwhr3k5qqkihxi,bluesky,post,2026-07-22 15:41:48,"Samsung обяви интелигентни очила като част от екосистемата Galaxy

Разработени съвместно с Gentle Monster и Warby Parker, умните очила се превръщат в естествено продължение на личния стил Samsung Electronics Co., Ltd. представи днес своите интелигентни очила по време на Galaxy Unpacked в Лондон.…",0,Search: Samsung Unpacked,
bafyreiducvwibzs3cq2wd6wo7lkvi2zhti5vrp6r4esrpsa72jtcl6cjx4,bluesky,post,2026-07-22 15:39:41,"Samsung обяви интелигентни очила като част от екосистемата Galaxy

Разработени съвместно с Gentle Monster и Warby Parker, умните очила се превръщат в естествено продължение на личния стил Samsung Electronics Co., Ltd. представи днес своите интелигентни очила по време на Galaxy Unpacked в Лондон.…",0,Search: Samsung Unpacked,
bafyreidw6qo76axo3tftnoeh7y5xmw6dr2xnqzcvmu3ehtnyram65uyqua,bluesky,post,2026-07-22 15:36:05,"Galaxy Unpacked 2026: Samsung lança Galaxy Watch9 e Galaxy Watch Ultra2

Novos relógios trazem processador Qualcomm pela primeira vez, além de uma bateria muito mais potente. Confira todas as novidades...",0,Search: Samsung Unpacked,
bafyreif6hkxjdmsmdqiae6jkk6sf5wa3ybsszdjlnkmyikzlvvnibwdco4,bluesky,post,2026-07-22 15:35:31,"Galaxy Unpacked 2026: Samsung lança Galaxy Watch9 e Galaxy Watch Ultra2

Novos relógios trazem processador Qualcomm pela primeira vez, além de uma bateria muito mais potente. Confira todas as novidades...

https://www.showmetech.com.br/samsung-lanca-galaxy-watch9-e-watch-ultra2/",0,Search: Samsung Unpacked,
bafyreifwjup26ygveh3mlnnlxmq7mfj7nlhm7elnnlbkzuaqtvj277hhia,bluesky,post,2026-07-22 16:33:41,"Google expande Gemini Intelligence com automatização em mais de 40 apps. A tecnológica norte-americana revelou novas capacidades da plataforma de funcionalidades de inteligência artificial durante o evento Galaxy Unpacked da Samsung. 🤖

🔗 https://tugatech.com.pt/t87874-google-expande-gemini-intellig",0,Search: Samsung Unpacked,
bafyreighr7vghbdaiwjbjn6qdszspfda4brwqkogvdeqjsy6esat54jrkq,bluesky,post,2026-07-22 15:28:51,"One UI 9 é oficializada pela Samsung: confira as 7 principais novidades
https://www.tecmundo.com.br/produto/414723-one-ui-9-e-oficializada-pela-samsung-confira-as-7-principais-novidades.htm?utm_source=flipboard&utm_medium=activitypub 

Posted into Tecnologia @tecnologia-FlipboardBR",0,Search: Samsung Unpacked,
bafyreiaxeyjihbofyelbnr3omezyazy2cd3ch4pniip75v5tzriimnxbla,bluesky,post,2026-07-22 15:28:50,"Samsung destrói pior limitação do Galaxy Z Flip e desafia Motorola
https://canaltech.com.br/smartphone/samsung-destroi-pior-limitacao-do-galaxy-z-flip-e-desafia-motorola/?utm_source=flipboard&utm_medium=activitypub 

Posted into Tecnologia @tecnologia-FlipboardBR",0,Search: Samsung Unpacked,
bafyreieh5bnrstrck3hrj4rqcolbfs2csrnpijck7xy6kayws7436zbo3e,bluesky,post,2026-07-22 15:27:33,"Samsung announced two new smartwatch models at its Unpacked event in London today, the $700 high-end Galaxy Watch Ultra2 and the $380 Galaxy Watch9 www.thurrott.com/har... #samsung #smartwatches #galaxyunpacked",0,Search: Samsung Unpacked,
bafyreihmsikzd5ux3euxtjelapad3yqsfpd5mezashdw5cgpga2optihnu,bluesky,post,2026-07-22 15:24:35,Auf der Galaxy Unpacked zeigt Samsung zwei neue Designs seiner mit Google entwickelten smarten Brillen. Der Marktstart im Herbst erfolgt zunächst ohne EU-Raum.,1,Search: Samsung Unpacked,
bafyreibclaewqgpxxxte6ix6zzm3d4sg35fec7derycsdfdfrar63pokfm,bluesky,post,2026-07-22 15:23:14,"Samsung presentó Fold 8, Fold 8 Ultra, Flip 8, Watch 9 y más. También mostró avances de sus Galaxy Glasses. Mira todos los anuncios:",0,Search: Samsung Unpacked,
bafyreifjuqclg7iff2qpurjskynryy3zolryxjallme4altcyzkwvyrucq,bluesky,post,2026-07-22 15:20:29,sammyguru.com/mystery-box/...,0,Search: Samsung Unpacked,
bafyreicrgsoqpag3mx5rwrxo6lk3rrqmxivkmhufyz55rtzuzf7lu2xjsy,bluesky,post,2026-07-22 15:19:28,"Samsung Ignites the Foldable Revolution with Galaxy Z Fold8 Ultra, Fold8, and Flip8 Ahead of Apple’s Next Move + Video

Introduction: Samsung Raises the Stakes in the Foldable Smartphone Race The foldable smartphone market has entered a new era, and Samsung is determined to remain at its forefront.…",0,Search: Samsung Unpacked,
bafyreicnsrfg32iqzgtglb2a6uq2bejoxywx7moyjpqqmjamhvhkhw47oy,bluesky,post,2026-07-22 17:15:52,Samsung představil Galaxy Z Flip8! Jde o nejtenčí jihokorejské véčko s chytrými vychytávkami a novým procesorem.. celý článek na ⬇️,2,Search: Samsung Unpacked,
bafyreiaq6oc4ecxayhucdcold2ld6wpyfj7syrg2xkdbxaua73766ci2p4,bluesky,post,2026-07-22 15:15:24,"Samsung Resmi Meluncurkan Lini Galaxy Z Fold 8 Terbaru Dalam Acara Unpacked London – Terkini24.id – https://bit.ly/4vEVfO7 – #Opsitek #Techno #Tekno

2026-07-22T22:09:06+07:00 Samsung Resmi Meluncurkan Lini Galaxy Z Fold 8 Terbaru Dalam Acara Unpacked London - Terkini24.idSamsung Resmi Meluncurkan…",0,Search: Samsung Unpacked,
bafyreibw24lxekgg7biyrrxisxmqjmsfod7vvnu2bhlx3irpdu7vwnhjcy,bluesky,post,2026-07-22 15:15:19,"Samsung Resmi Meluncurkan Lini Galaxy Z Fold 8 Terbaru Dalam Acara Unpacked London – Terkini24.id – https://bit.ly/4vEVfO7 – #Opsitek #Techno #Tekno

2026-07-22T22:09:06+07:00 Samsung Resmi Meluncurkan Lini Galaxy Z Fold 8 Terbaru Dalam Acara Unpacked London - Terkini24.idSamsung Resmi Meluncurkan…",0,Search: Samsung Unpacked,
bafyreib5xjuclwc7krxmm5h653jkvlzozqtl5m727fuqqtt7uxrwbkcthe,bluesky,post,2026-07-22 15:15:11,"Samsung unveils AI smart glasses powered by Android XR
Article",1,Search: Samsung Unpacked,
bafyreifsx2o7izpadpf7tt53ti2p3gzck3zby4o3wisgpebzvbyohc6fmy,bluesky,post,2026-07-22 15:15:11,A Samsung deu mais um passo para fora do ecrã do smartphone.,0,Search: Samsung Unpacked,
bafyreiaczyg3bz4rhvg4mus3i24wsklerbgv3mbvje5z4s67pzkxmnhauy,bluesky,post,2026-07-22 15:12:43,"At Galaxy Unpacked, Google announced a handful of Gemini updates for the Galaxy Z Fold 8 Ultra, Fold 8, and Flip 8.",1,Search: Samsung Unpacked,
bafyreibbwhny7wcmqm6ccmvyso6jet6ofggyri6h6c6gxb25q7ktozwpoq,bluesky,post,2026-07-22 15:04:34,"Samsung porta l’ecosistema Galaxy negli occhiali di tutti i giorni: svelati i nuovi smart glasses con Gentle Monster e Warby Parker

In occasione dell'evento Galaxy Unpacked a Londra, Samsung ha compiuto un passo decisivo verso il futuro dell'hardware indossabile presentando ufficialmente i suoi…",0,Search: Samsung Unpacked,
bafyreidt4lhydabm4xhuwxfe42wy4ujtj2rvfhqpsrnqcdjqpkv7xwtfxq,bluesky,post,2026-07-22 15:03:00,"Bluesky's Top 10 Trending Words (past 60min):
💨x1* - epstein 🔓
💨x1* - ukraine 🔓
💨x1* - democracy 🔓
💨x137 - 1﹐859
💨x1* - gaza 🔓
💨x54 - siad
💨x54 - 2026-07-22
💨x53 - fold8
💨x49 - 2k27
💨x33 - undetermined
*🔓 = Unlocked Emergency Words (see img)

#ListenToBlackVoices

(Something not right? Reply!)",0,Search: Samsung Unpacked,
bafyreiefsilylxer2njffcmdtwolqkndnwxct7bczrl763wufhuaq7wm3y,bluesky,post,2026-07-22 15:01:20,"Samsung holds Galaxy Unpacked in London today. 📱

For accurate coverage, keep two records:
Stage: what Samsung names and demonstrates.
Customer: order date, release date, markets and conditions.

“Unveiled” does not mean “available.” Verify both before publishing.",0,Search: Samsung Unpacked,
bafyreicumiqpjkdggifo2erd743cobdc6tk34szs6mxqflbiv5o72rhllm,bluesky,post,2026-07-22 15:00:09,"Galaxy Watch9 nie rośnie ekranem ani pamięcią, tylko „pod maską”: nowy procesor, bateria większa o 20% i system Vitals, który łączy dane o śnie, tętnie i oddechu, by podpowiadać, jak lepiej zadbać o zdrowie.⌚",1,Search: Samsung Unpacked,
bafyreiefom77fxb7wc24snv5xqmii5meduayzan3rok7lizg6p7uzfggz4,bluesky,post,2026-07-22 15:00:00,"Samsung heeft zijn langverwachte aankondigingen gedaan en het was vrij veel: drie vouwbare telefoons, twee smartwatches en dan ook nog die brillen. Maar misschien ben jij vooral blij dat One…",0,Search: Samsung Unpacked,
bafyreiaxw26stmspxq5padgvrmsylurp5dmh4yf46nucgqmhkl5xldomia,bluesky,post,2026-07-22 14:59:25,"Samsung Galaxy Watch Ultra 2 Redefines Premium Smartwatches With Brighter Display, Longer Battery Life, and Professional Diving Features + Video

Introduction Samsung has once again raised the bar in the premium wearable market. During its Galaxy Unpacked 2026 event, the company introduced the…",1,Search: Samsung Unpacked,
bafyreidywckgjzq44drka3yhlp7n3k24vjix7haztq3o7vky2w7kghz2yu,bluesky,post,2026-07-22 14:58:07,"Samsung annuncia i nuovi Galaxy Watch 9 e Watch Ultra 2: display fino a 5.000 nit e chip a 3nm

Samsung alza l'asticella nel mondo degli indossabili. Durante l'ultimo Galaxy Unpacked, il colosso sudcoreano ha svelato ufficialmente la nuova generazione dei suoi smartwatch: il quotidiano Galaxy…",0,Search: Samsung Unpacked,
bafyreiaao2hochxmrj357f2cutzbnknazntheder2lnv6jgwd4hcacdyke,bluesky,post,2026-07-22 14:56:08,"Samsung Galaxy Watch 9 Arrives With a Higher Price, Bigger Battery, and a New Challenge for the Smartwatch Market + Video

A New Era Begins for Samsung’s Wearable Strategy Samsung has officially introduced the Galaxy Watch 9, expanding its premium wearable lineup with improved hardware, a brighter…",0,Search: Samsung Unpacked,
bafyreieyght7gi6ykizhcm7lybxbmn26wmbeq23wd465ufubrpawlelhku,bluesky,post,2026-07-22 14:54:07,"Samsung reveals Galaxy Z Fold 8, Z Flip 8, Watch 9, and AIwearables at Unpacked 2026 event in London. #Tech #News",0,Search: Samsung Unpacked,
bafyreifxxycglpl4uifrie2yxjjdwuzhkqw27h75xo5re55grpduu7egza,bluesky,post,2026-07-22 14:50:55,"Samsung Galaxy Unpacked 2026 Live: Z Fold 8, Z Fold 8 Ultra, Watch Ultra 2, and Galaxy Glasses

https://www.techloy.com/samsung-galaxy-unpacked-2026-announcements/",0,Search: Samsung Unpacked,
bafyreiaaivgt5edlk2bguhrck34ftipfg4afrhxmehikzn2omtdlgjhtau,bluesky,post,2026-07-22 14:50:45,Samsung's thinnest foldable ever just launched alongside an AI that can book your dinner reservation while your phone stays closed in your pocket.,0,Search: Samsung Unpacked,
bafyreifqc7oisomqlm2hzufynev77ftpfe6sns4yjo6szyk3ie5ww7mkke,bluesky,post,2026-07-22 14:50:37,"Samsung rivoluziona i pieghevoli: ufficiali Galaxy Z Fold8 Ultra, Z Fold8 e Z Flip8

Samsung spinge sull'acceleratore dell'innovazione e rinnova la propria linea di dispositivi pieghevoli con una mossa strategica senza precedenti. Nel corso dell'ultimo evento Unpacked, il colosso coreano non si è…",0,Search: Samsung Unpacked,
bafyreicygxgld2qysqq6r42o4kg3gzjx5qp4gcpwmcbakaqbjdwdfhouwi,bluesky,post,2026-07-22 14:48:03,"Samsung has unveiled its 2026 foldable lineup at Galaxy Unpacked, introducing the Galaxy Z Fold 8, Z Fold 8 Ultra, Z Flip 8, and the new Galaxy Watch 9.",0,Search: Samsung Unpacked,
bafyreid7h746pc5cjlciussqtggt3rg4lrhvpypc6hbindbmvyztptnuny,bluesky,post,2026-07-22 14:46:50,"Gemini Intelligence: Google estreia nova IA nos dobráveis da Samsung
https://www.tecmundo.com.br/produto/414731-gemini-intelligence-google-estreia-nova-ia-nos-dobraveis-da-samsung.htm?utm_source=flipboard&utm_medium=activitypub 

Posted into Tecnologia @tecnologia-FlipboardBR",0,Search: Samsung Unpacked,
bafyreicx7tr23fsavhrn3aa2aemywtwql5etphptfgqqnarlrosoj6wajm,bluesky,post,2026-07-22 14:46:32,"Samsung teased upcoming smartglasses at the end of its Unpacked event, but it's not clear if or when the glasses will come to Canada.

mobilesyrup.com/2026/07/22/s...",0,Search: Samsung Unpacked,
bafyreih5x4cewid6joxw3uhmi2vgyygntfrfuqpzj3ccctvxizefpqavsy,bluesky,post,2026-07-22 16:46:02,"Samsung Unpacked 2026: Fold8 Ultra, Flip8, Watch Ultra2 und Smart Glasses

https://techupdate.io/smartphone/samsung-unpacked-2026-fold8-ultra-flip8-watch-ultra2-und-smart-glasses/51304/

#technews #samsung #galaxyzfold8 #galaxyzflip8 #galaxywatchultra2",0,Search: Samsung Unpacked,
bafyreiba4hlzrpu3k3ehc62ijjc4lqxb7oj4dsmptwaqnuz7z3ix6tlqtu,bluesky,post,2026-07-22 14:41:40,"Samsung Galaxy Z Fold 8 Ultra: Ultimate Buyers Guide
www.androidheadlines.com/samsung-gala... #GalaxyZFold8Ultra #Samsung #Android",1,Search: Samsung Unpacked,
bafyreibnr3hxfzwpbrgfmcvwc7vonzdr4yrgwkezh5wbsbhxcay6fyn4ua,bluesky,post,2026-07-22 14:40:38,"Bluesky's Top 10 Trending Words (past 10min):
💨x1* - iran 🔓
💨x1* - epstein 🔓
💨x1* - ukraine 🔓
💨x1* - democracy 🔓
💨x26 - 1﹐859
💨x1* - gaza 🔓
💨x17 - autopsy
💨x14 - cyclops
💨x13 - novelu
💨x13 - loot
*🔓 = Unlocked Emergency Words (see img)

#йобанарусня 🇺🇦

(Something not right? Reply!)",0,Search: Samsung Unpacked,
bafyreiasrvkpghxarbulo5555eotyot6o5ljwmeqmik6y52hjwursih4a4,bluesky,post,2026-07-22 14:39:27,"[Galaxy Unpacked July 2026] A First Look at Galaxy Z Fold8 Ultra, Galaxy Z Fold8 and Galaxy Z Flip8 – Samsung Global Newsroom

https://www.byteseu.com/2218257/

At Galaxy Unpacked July 2026 in London, Samsung Electronics unveiled the eighth-generation Galaxy Z series. Combining agentic AI that …",1,Search: Samsung Unpacked,
bafyreialcscckudpydn2bwjxowbku6auwy2oqmwo65pvlvwnsg4l3n2rea,bluesky,post,2026-07-22 14:36:12,"Samsung Unpacked 2026: Preordering the Galaxy Z Flip 8, Z Fold 8, and New Wearables

Tech enthusiasts across Nigeria and the global market can now line up to preorder Samsung's latest flagship foldable devices and smartwatches.

Read more: https://www.leverageonheroesmedia.com/global/te...",0,Search: Samsung Unpacked,
bafyreid7sotoczzzxgmhudccobjzyvvnuhz7jrhdnedba6c5qbxiys2efi,bluesky,post,2026-07-22 14:33:38,"Catch up on all our updates from @SamsungMobile  #GalaxyUnpacked ↓
https://goo.gle/3Rxbhvo",0,Search: Samsung Unpacked,
bafyreifzwuvxnskb3yciwgewbtuak3nhbzh4km2k5mzb2yjaeytf3ecrym,bluesky,post,2026-07-22 14:33:35,"Dá para mergulhar com novo relógio da Samsung, mas só se você pagar mensalidade
https://canaltech.com.br/smartwatch/da-para-mergulhar-com-novo-relogio-da-samsung-mas-so-se-voce-pagar-mensalidade/?utm_source=flipboard&utm_medium=activitypub 

Posted into Tecnologia @tecnologia-FlipboardBR",0,Search: Samsung Unpacked,
bafyreih7lihzvi54dfea3q42u7jp3dnayxry6jfg34ekmdu4sghg34ujxm,bluesky,post,2026-07-22 14:33:33,"Cartão de crédito da Samsung é ressuscitado; veja o que mudou
https://canaltech.com.br/produtos/cartao-de-credito-da-samsung-e-ressuscitado-veja-o-que-mudou/?utm_source=flipboard&utm_medium=activitypub 

Posted into Tecnologia @tecnologia-FlipboardBR",0,Search: Samsung Unpacked,
bafyreiaevaevaew7nmh6kobydszdemx6v4pobfmar6zxqmfgiwkrku5lry,bluesky,post,2026-07-22 09:30:17,"Samsung unveils Galaxy Z Fold/Flip 8 lineup and new Galaxy Watches at Unpacked https://deadstack.net/cluster/27460
#tech #hardware #foldable #samsung #smartphone #mobiletech #gadgets",0,Search: Samsung Unpacked,
bafyreifnlklg7ch22julz2updcfdncmnplnghnjmme7qyp2jsty2gramiy,bluesky,post,2026-07-22 14:30:06,"Samsung’s July 2026 Unpacked event puts foldables back at the center of its product strategy.

https://ttek2.com/topics/samsung",0,Search: Samsung Unpacked,
bafyreif75qilr7w5ewiszga247pnudzdeysyf5vxj35x55pewxhawa4yl4,bluesky,post,2026-07-22 14:26:06,"At Galaxy Unpacked, Samsung shows two new designs of its smart glasses developed with Google. Market launch in autumn will initially exclude the EU.",0,Search: Samsung Unpacked,
bafyreicftqpvq7rdp3fcat6lgjfzxbpi4na5oj745fswzxhshhnzdnjrra,bluesky,post,2026-07-22 14:20:35,"Bluesky's Top 10 Trending Words (past 10min):
💨x1* - iran 🔓
💨x1* - epstein 🔓
💨x1* - ukraine 🔓
💨x1* - democracy 🔓
💨x20 - saudis
💨x20 - 1﹐859
💨x17 - autopsy
💨x15 - uranium
💨x13 - dignified
💨x12 - duskbloods
*🔓 = Unlocked Emergency Words (see img)

#йобанарусня 🇺🇦

(Something not right? Reply!)",1,Search: Samsung Unpacked,
bafyreieafrki5auwpqpwdzmuq6lrf26q2iyqdcrrntgzd3pdhrnrujnz5a,bluesky,post,2026-07-22 14:20:21,"Samsung Rilis Galaxy Watch 9 dan Ultra 2 di Unpacked 2026

Samsung resmi memperkenalkan Galaxy Watch 9 dan Ultra 2 dengan chip baru dan fitur berbasis Galaxy AI. Simak ulasan lengkapnya.",0,Search: Samsung Unpacked,
bafyreih4gs74rrvdy7hd7hjnwmlocycu3lmeac3btdyigeekmsmd7urvp4,bluesky,post,2026-07-22 14:19:29,"Samsung Unpacked is today and for the first time, I don't care. I'm not buying a Samsung ever again bc they no longer sell their phones without Google like they used to. My next phone will be years from now and will likely be Chinese",1,Search: Samsung Unpacked,
bafyreieh6mkvg3q6bclrtunzrhevl3prfcsq2aefwjaybtvkrk3hgz3kn4,bluesky,post,2026-07-22 14:18:40,"Samsung a profité de son événement Galaxy Unpacked présenté aujourd’hui à Londres, pour renouveler sa gamme d’appareils pliables, dévoiler deux nouvelles montres connectées et présenter ses premières lunettes intelligentes développées avec Google. moncarnet.com/2026/07/22/s...",2,Search: Samsung Unpacked,
bafyreic6wfg4tkommv2z6vebovozmudtnmr3e4vueeervds4lgqx24voii,bluesky,post,2026-07-22 14:18:37,"📰 Samsung's Galaxy Unpacked event scheduled for July 2026 will feature new foldable devices, with Samsung expected to showcase its latest generation of foldables as a highlight.

🔗 https://www.theverge.com/tech/967926/samsung-galaxy-unpacked-july-2026-watch

#Tech #Gadgets",0,Search: Samsung Unpacked,
bafyreidi4pnvdsqeam7qy4euwnjhpxh33jiue7ythnwpyatzj4xhet4bzq,bluesky,post,2026-07-22 14:18:19,"Samsung lança óculos de grife com IA do Google
https://olhardigital.com.br/2026/07/22/reviews/samsung-lanca-oculos-de-grife-com-ia-do-google/?utm_source=flipboard&utm_medium=activitypub 

Posted into Tecnologia @tecnologia-FlipboardBR",0,Search: Samsung Unpacked,
bafyreigx6eu5pd5p3hxteuv3iowovfe57uo5xjwmfprgpx4nmw2c5zryc4,bluesky,post,2026-07-22 14:18:17,"Samsung anuncia Galaxy Z Fold 8 com design mais leve e foco em imersão
https://olhardigital.com.br/2026/07/22/reviews/samsung-anuncia-galaxy-z-fold-8-com-design-mais-leve-e-foco-em-imersao/?utm_source=flipboard&utm_medium=activitypub 

Posted into Tecnologia @tecnologia-FlipboardBR",0,Search: Samsung Unpacked,
bafyreichuwkyhoodix77owcygda3n2xzmtyzr5bgixpkelt5k65g3w566q,bluesky,post,2026-07-22 14:18:11,"3 Google updates from Galaxy Unpacked 2026
->The Keyword | More on ""Gemini AI Samsung foldable updates"" at BigEarthData.ai | #Google #Technology",0,Search: Samsung Unpacked,
bafyreica2a7tz6hezyfr2icjywhbugzj5o5ogrwtwkqxftinj6j5u2lvei,bluesky,post,2026-07-22 14:18:07,"Óculos inteligentes da Samsung terão até 9 horas de bateria
https://www.tecmundo.com.br/produto/414730-oculos-inteligentes-da-samsung-terao-ate-9-horas-de-bateria.htm?utm_source=flipboard&utm_medium=activitypub 

Posted into Tecnologia @tecnologia-FlipboardBR",0,Search: Samsung Unpacked,
bafyreieo3jtx76ou4vau6r47haihcqweyfv3iy3perwnhufdzmhurtsthm,bluesky,post,2026-07-22 14:18:06,"""Tela de titânio"" no novo celular da Samsung? Entenda a nova tecnologia
https://canaltech.com.br/smartphone/tela-de-titanio-no-novo-celular-da-samsung-entenda-a-nova-tecnologia/?utm_source=flipboard&utm_medium=activitypub 

Posted into Tecnologia @tecnologia-FlipboardBR",0,Search: Samsung Unpacked,
bafyreifusau6qpjcm5rut6zucwd7p3aa4uzm4kcnmahqjsxwidm77nkms4,bluesky,post,2026-07-22 14:16:02,"Samsung Unpacked 2026 was supposed to be spoiled by leaks, but the new Galaxy Z Fold 8 Ultra, Z Flip 8, and Watch Ultra 2 still managed to drop some serious tech. We break down whether Samsung's 'massive strategic…

https://www.tpp.blog/alw8x1y

#technology #samsungunpacked2026 #galaxyzfold8ultra",0,Search: Samsung Unpacked,
bafyreiai37ntp633j5ypclibt6ngfbvp3p2rimxqdby2x7xn5ciz7hblti,bluesky,post,2026-07-22 14:10:34,"Bluesky's Top 10 Trending Words (past 10min):
💨x1* - iran 🔓
💨x1* - epstein 🔓
💨x1* - ukraine 🔓
💨x1* - democracy 🔓
💨x26 - duskbloods
💨x1* - gaza 🔓
💨x16 - 1﹐859
💨x14 - 2026-07-22
💨x13 - 五郎
💨x13 - ozzy
*🔓 = Unlocked Emergency Words (see img)

#ListenToBlackVoices

(Something not right? Reply!)",1,Search: Samsung Unpacked,
bafyreierl2r6k7pwzsrv2nifaxwooqwxwnl25k22xdurmrandpgm2aqzty,bluesky,post,2026-07-22 14:09:06,"These Four New Android Features Are Coming, but Samsung Galaxy Devices Will Get Them First
From the ""Lifehacker"" RSS feed",0,Search: Samsung Unpacked,
bafyreigwc4e3x63si5vzamnpcl76mwe2rf6s4s3wcamerrcurjcugjkhwa,bluesky,post,2026-07-22 14:09:05,"Samsung Just Announced Five New Products at Galaxy Unpacked
From the ""Lifehacker"" RSS feed",0,Search: Samsung Unpacked,
bafyreicz43wofbzmapb7ctee4yukblxqr2z47ecvg5i7ubmf4ri4xltlie,bluesky,post,2026-07-22 14:03:49,"Samsung Galaxy Z Fold 8 Tanıtıldı: İşte Özellikleri ve Türkiye Fiyatı!

Samsung, bugün gerçekleştirdiği merakla beklenen Galaxy Unpacked etkinliğinde yeni nesil katlanabilir amiral gemisi telefonu Galaxy Z Fold 8 modelini resmî olarak duyurdu. Güçlendirilmiş donanımı, tüy kadar hafif tasarımı,…",0,Search: Samsung Unpacked,
bafyreig45aii3hh7y53afg7rcziczgibygla4yor4qk3u7xokitwahfqrq,bluesky,post,2026-07-22 14:03:23,"Samsung Galaxy Watch Ultra 2 Tanıtıldı: İşte Özellikleri ve Fiyatı!

Samsung, düzenlediği Galaxy Unpacked etkinliğinde dayanıklılığı ve üst düzey performansı bir arada sunan yeni amiral gemisi akıllı saati Galaxy Watch Ultra 2’yi resmî olarak duyurdu. Zorlu açık hava koşullarına, profesyonel…",0,Search: Samsung Unpacked,
bafyreiasjt6ouvhxpqf7yhjxr3jnbiol5cw5yrnvmd344p4ov2vnm5il4a,bluesky,post,2026-07-22 14:03:21,"Samsung Galaxy Z Flip8 Tanıtıldı: İşte Özellikleri ve Fiyatı

Samsung, aylardır beklenen Galaxy Unpacked etkinliğini bugün resmen gerçekleştirdi. Londra’da düzenlenen etkinlikte firma, amiral gemisi yeni katlanabilir telefonlarını ve Galaxy Watch akıllı saat modellerini resmen bizlerle buluşturdu.…",0,Search: Samsung Unpacked,
bafyreif56lxx6oh2q67qeg72xewt7mrndxxfejyhfhiobhqejibjl7fx7a,bluesky,post,2026-07-22 14:02:54,"Samsung Galaxy Z Flip 8, Fold 8 ve Watch 9 Türkiye Fiyatları

Samsung, düzenlediği Galaxy Unpacked etkinliğinde tanıttığı yeni ürünlerini vakit kaybetmeden Türkiye pazarına getirdi. Şirketin resmî internet sitesi üzerinden Galaxy Z Flip 8, Galaxy Z Fold 8, Galaxy Z Fold 8 Ultra ile Galaxy Watch 9…",0,Search: Samsung Unpacked,
bafyreifzkh6pfsdr7an3httoal42kx4vna756vsgzza2vahwwoisyiaf34,bluesky,post,2026-07-22 14:02:51,"Samsung Galaxy Watch9 Tanıtıldı: İşte Fiyatı ve Özellikleri

Samsung’un büyük heyecanla beklenen Galaxy Unpacked etkinliği bugün resmen gerçekleştirildi. Londra’da düzenlene lansmanda Güney Koreli teknoloji devi, yeni nesil amiral gemisi akıllı telefonlarını tanıttı. Aynı zamanda yeni Galaxy Watch…",0,Search: Samsung Unpacked,
bafyreicokii3mspv3zafb3vquh4ogkwqwcmopvveifyzq2z26eb33itrqm,bluesky,post,2026-07-22 14:01:10,"Samsung unveiled a massive pile of new hardware today in London. 👀📱⌚️

Swipe to see the biggest hardware announcements from Samsung Unpacked. 👉

#SamsungUnpacked #GalaxyZFold8 #GalaxyZFlip8 #FirstLook #TechNews",0,Search: Samsung Unpacked,
bafyreiciczhq2i7gzivf33yniu56yltmju6pqlyutatubu6ohgrk2untfm,bluesky,post,2026-07-22 16:00:52,"Samsung představil Galaxy Watch 9 a Watch Ultra 2: poprvé se Snapdragonem, obří baterií a brutálním displejem.. celý článek na ⬇️",1,Search: Samsung Unpacked,
bafyreicr2s7evbpj4mtdahjgshrgn3wg7bj7wsilve6mmw5gvicyjnyuwy,bluesky,post,2026-07-22 14:00:38,"Bluesky's Top 10 Trending Words (past 10min):
💨x1* - iran 🔓
💨x1* - epstein 🔓
💨x1* - ukraine 🔓
💨x28 - 1﹐859
💨x1* - democracy 🔓
💨x1* - gaza 🔓
💨x18 - saudis
💨x16 - autopsy
💨x12 - siad
💨x11 - historically
*🔓 = Unlocked Emergency Words (see img)

#ListenToBlackVoices

(Something not right? Reply!)",3,Search: Samsung Unpacked,
bafyreifcjn4c4mig2rccuskku4ppmgm47ha3f4ni4zkdmiwc4dxiecgufi,bluesky,post,2026-07-22 14:00:18,Samsung recently revealed two new book-style foldable phones at Galaxy Unpacked. Here's how they compare.,0,Search: Samsung Unpacked,
bafyreiaq7z3renhr5q3mzbo4ogwslh6ux32aif7efqzcayjwcjhm5b6ecq,bluesky,post,2026-07-22 13:59:31,There is so much AI-generated slop in this Samsung Unpacked,0,Search: Samsung Unpacked,
bafyreicry3mamrgmr2ifq7a367q3pfwuobxatmeuye4k4hdiaxbyv2ud7i,bluesky,post,2026-07-22 13:57:24,"Gemini task automation expands to 40+ apps, Samsung shows off two more Android XR glasses",5,Search: Samsung Unpacked,
bafyreidkajnstcmmcnnvk6uh6r5mb4lrlof4wk3suk3dqvxr2sjfpgwjlq,bluesky,post,2026-07-22 13:57:21,"Galaxy Watch 9, Watch Ultra 2 are official as Samsung makes the jump to Snapdragon",5,Search: Samsung Unpacked,
bafyreiavd57cnfz7njieorsihq35vqu4sniuw5ldjkfkq5na3ds2klykju,bluesky,post,2026-07-22 13:52:30,"Galaxy Z Fold8, Fold8 Ultra, and Flip8 phones are now available for pre-order!

#Samsung #Galaxy #OneUI9 #TeamGalaxy #GalaxyAI #TeamSamsung #TechNews #TechUpdates #GalaxyZFold8 #GalaxyZFlip8 #GalaxyZFold8Ultra",0,Search: Samsung Unpacked,
bafyreiaqlg466ypxi7grokc6tgmslpbgqkqkaakknf3lcdg5hr4cgk2isi,bluesky,post,2026-07-22 13:52:16,"Samsung anuncia Galaxy Z Fold8, Z Fold8 Ultra e Z Flip8, além de novos smartwatches",1,Search: Samsung Unpacked,
bafyreigbocy3r6ntv3anzbgay3it42lvlmynpb6hkcjl2hfwc35n43xbfu,bluesky,post,2026-07-22 13:50:50,A redesigned wide Z Fold 8 and a new ‘Ultra’ Fold.,1,Search: Samsung Unpacked,
bafyreifdahxaoomp3v5sle75y3oma2azqjrapkbazx334ko42pmc6ghbay,bluesky,post,2026-07-22 13:44:54,"Gemini task automation expands to 40+ apps, Samsung shows off two more Android XR glasses",2,Search: Samsung Unpacked,
bafyreieal2m6pelrecr54b45gajui5cyxkoazvbam75kzd2dikiot3iwya,bluesky,post,2026-07-22 13:42:39,"Samsung Galaxy Z Fold8, Z Fold8 Ultra, Z Flip8 hands-on review - https://www.gsmarena.com/galaxy_z_fold8_z_fold8_ultra_z_flp8_handson-review-2982.php",0,Search: Samsung Unpacked,
bafyreigcbzx7hgw26bcb6x3myqjegxg7ateq5jwdlz76whsqk66vtw6c7a,bluesky,post,2026-07-22 13:42:01,"Galaxy Watch Ultra 2 şaşırttı: Daha ince gövdeye çok daha büyük pil sığdı

Samsung, Galaxy Watch 9 serisinde performans ve sağlık takibini geliştirirken Galaxy Watch Ultra 2’de 800 mAh batarya, 5.000 nit ekran ve daha ince titanyum gövde sunuyor. Samsung, Galaxy Unpacked etkinliğinde yeni akıllı…",0,Search: Samsung Unpacked,
bafyreigovtywhah7uib4scpk7glegalxwuvsm6zeq4yqzyqsnzcor3skhe,bluesky,post,2026-07-22 13:41:54,"Samsung Galaxy Z Flip 8’i tanıttı: Kapak ekranı artık daha fazla iş yapıyor

Samsung’un yeni kompakt katlanabilir telefonu, 6,9 inç ana ekranı, 4,1 inç kapak ekranı ve 4.300 mAh bataryasıyla geliyor. Samsung, dikey olarak katlanan yeni telefonu Galaxy Z Flip 8’i Galaxy Unpacked etkinliğinde…",0,Search: Samsung Unpacked,
bafyreic4mi3c6i7zvq2idosm2e3s32twdbw22flslbiesnuqw3lydaz7si,bluesky,post,2026-07-22 13:40:01,"﻿The latest Galaxy Unpacked featured a redesigned Galaxy Z Fold 8, a new ‘Ultra’ foldable, and refreshed Galaxy watches.",13,Search: Samsung Unpacked,
bafyreihxeq75by72wl6q57g5cnu6t7zxixum5pwkvlbcz5vwxndsznr5rq,bluesky,post,2026-07-22 13:39:51,"Samsung का अगला फोल्डेबल सबको चौंका सकता है Galaxy Z fold 8 wide की बड़ी जानकारी लीक

Samsung हर साल Galaxy unpacked इवेंट में कुछ नया लेकर आता है, और इस बार सबकी नजरें Galaxy Z fold 8 पर टिकी है। लॉन्च से पहले ही इंटरनेट पर कई लीक्स और रिपोर्ट्स सामने आ चुकी है, जिनसे इस फोन को लेकर एक अच्छी खासी…",0,Search: Samsung Unpacked,
bafyreic3x7uezudu3eiyzljmesqdcypw24ohmt3rixuat7nr6jpsuesfzq,bluesky,post,2026-07-22 13:37:16,Samsung Expands Its Galaxy Ecosystem with Intelligent Eyewear for Users' Style #London #UK #Samsung_Galaxy #Warby_Parker #Gentle_Monster,0,Search: Samsung Unpacked,
bafyreighjagc2bi2zosv2gkfile7l4snmspm3vsc7dg7zmvz4bh3dawybq,bluesky,post,2026-07-22 13:35:49,"Samsung lança Galaxy Z Fold 8 Ultra e Z Flip 8; confira specs completas
https://www.tecmundo.com.br/produto/414719-samsung-lanca-galaxy-z-fold-8-ultra-e-z-flip-8-confira-specs-completas.htm?utm_source=flipboard&utm_medium=activitypub 

Posted into Tecnologia @tecnologia-FlipboardBR",0,Search: Samsung Unpacked,
bafyreidgp6agqiuuyfsm5x5wvyb7k6mfxtkwp7jtbaprvh6hwqkyzxvmny,bluesky,post,2026-07-22 13:35:48,"Galaxy Watch 9 e Ultra 2: conheça os novos relógios da Samsung.
https://www.tecmundo.com.br/produto/414683-samsung-lanca-galaxy-watch-9-e-ultra-2-com-tela-brilhante-e-mais-bateria.htm?utm_source=flipboard&utm_medium=activitypub 

Posted into Tecnologia @tecnologia-FlipboardBR",0,Search: Samsung Unpacked,
bafyreialgf5xjvsm4m4o2ju65y4qcus5pccwwu34pno4b5aeaxzvasufnm,bluesky,post,2026-07-22 13:33:29,"Samsung julkisti tänään nipun uutuuksia kännyköihin ja kelloihin-. Kävimme läpi tuotteiden hinnat Suomessa. 

Kallein tänään julkaistu puhelinmalli maksaa hulppeat 2929 euroa. Rahalla saa toki speksien perusteella huikean taittuvanäyttöisen puhelimen, teratavun tallennustilalla.

#uutiset",1,Search: Samsung Unpacked,
bafyreigkvbxpkrbv7une2jjiea7dyokmqai75qhlqrgymhafoqexi3bdty,bluesky,post,2026-07-22 13:32:59,"Galaxy Unpacked is today!
Already have articles in the works for Coffee and Code.

www.cnet.com/news-live/sa...",1,Search: Samsung Unpacked,
bafyreib4wbulg2ux4kp2cbexin7jwwnye4udv7jvquxxbrdnn6cgj2in64,bluesky,post,2026-07-22 13:32:16,"Galaxy Watch 9 and Watch Ultra 2 were unveiled at today's Samsung Unpacked event. Here's a look at their specs, pricing, and availability. #GalaxyWatch9 #WatchUltra2",0,Search: Samsung Unpacked,
bafyreif3mih7wmzakypahtre3s7mx7aw6gbdfg3ymmxjmo5slu7uvsmaga,bluesky,post,2026-07-22 13:30:55,#TheVerge #Tech Samsung Galaxy Unpacked 2026: The 6 biggest announcements https://thever.ge/Q6Ly,0,Search: Samsung Unpacked,
bafyreiarsxg2klapf7x7gl2puqqiguyo67ow3em3i4m5dfm6adrhp4bmu4,bluesky,post,2026-07-22 13:30:20,"Samsung esitteli kellouutuutensa: Ultra2 haastaa perinteisiä urheilukelloja akkukestollaan ja Watch9 puolestaan käyttää uutta Snapdragonin piirisarjaa, joka lupaa parempaa akkukestoa sekin

www.puhelinvertailu.com/uutiset/2026...

#uutiset",0,Search: Samsung Unpacked,
bafyreib735vqzrvcxk3oojnajz4imifwjoxzvhc3sqr7jwroqmvcyb2cly,bluesky,post,2026-07-22 08:30:14,"Samsung Galaxy Unpacked July 2026: live updates, how and where to watch https://deadstack.net/cluster/27451
#tech #gadgets #hardware #samsung #foldable #smartphone #technology",0,Search: Samsung Unpacked,
bafyreihtgjqycupll54c56k324skwnepyie4rq5qlgjjfykympy7ljttqy,bluesky,post,2026-07-22 13:30:10,"Galaxy Watch9 po 48 godzinach pokazuje, jak mocno Samsung stawia na zdrowie: od „energii” po AGEs i antyoksydanty. Minus? Część najciekawszych funkcji rusza dopiero po 7 nocach noszenia.⌚",1,Search: Samsung Unpacked,
bafyreifvu4vxjzn76a2y2r3nehjhjy42rm72yclkp5gtuzc72u6cfdt5qm,bluesky,post,2026-07-22 13:29:35,"Galaxy Watch9 and Watch Ultra2 are now available for pre-order!

#Samsung #Galaxy #OneUI9 #TeamGalaxy #GalaxyAI #TeamSamsung #TechNews #TechUpdates #GalaxyWatch9 #GalaxyWatchUltra2",0,Search: Samsung Unpacked,
bafyreibwraszsdhvvweaqytrgii6szwffp64pzsxxv6o3k64fhdijb6cau,bluesky,post,2026-07-22 13:28:48,"Samsung Launches New Foldable Phones Built with Ultra-Strong Titanium Screens

https://wsnext.com/d45d951-Foldable-smartphones-Samsung-Electronics/",0,Search: Samsung Unpacked,
bafyreid3wressdsmdxn7meejj7qnnagwkydwztg4drhhs7xhj73bqfbwva,bluesky,post,2026-07-22 13:25:15,Samsung Galaxy Unpacked 2026: Temmuz Etkinliğinde Tanıtılan Yeni Katlanabilir Telefonlar ve Tüm Yenilikler,2,Search: Samsung Unpacked,
bafyreic223wxuty37ccku2mxefif73dpoed2wi6c3kcg6s4sjdcyypkxhi,bluesky,post,2026-07-22 13:23:44,"Samsung Galaxy Watch9 dan Galaxy Watch Ultra2 Resmi Diperkenalkan: Punya AI, Snapdragon Wear Elite, dan Fitur Kesehatan Baru - https://gadget.jagatreview.com/2026/07/galaxy-watch9-dan-watch-ultra2/",0,Search: Samsung Unpacked,
bafyreibflrqmkwbiofdlpqsg2nju6zn5yj6k75pnpu5qekwytlo2mtapoe,bluesky,post,2026-07-22 13:23:43,"Samsung Galaxy Z Fold8 Ultra Resmi Meluncur, Ini Spesifikasi Lengkapnya! - https://gadget.jagatreview.com/2026/07/samsung-galaxy-z-fold8-ultra-resmi/",0,Search: Samsung Unpacked,
bafyreibpzkce7srlbx3ladri6hi6knlnnzly7raglqbozqmwpddjr3vcx4,bluesky,post,2026-07-22 13:23:16,"Galaxy Z Fold 8 Ultra and Z Flip 8 are Samsung's latest foldable devices, unveiled at today's Unpacked event. #Samsung #Galaxyzfold8",1,Search: Samsung Unpacked,
bafyreigxlu2h2fca4tt3cvebe3ylk67kzgfx65fmwjgqvwqutq2plxjccy,bluesky,post,2026-07-22 13:21:17,It's way too early for a Samsung Unpacked event.,3,Search: Samsung Unpacked,
bafyreiezzpketta4aukjec6o67lka5wznsdvth3wwcklqzhaihj6jwbzii,bluesky,post,2026-07-22 13:20:32,"Bluesky's Top 10 Trending Words (past 10min):
💨x1* - iran 🔓
💨x1* - epstein 🔓
💨x29 - 1﹐859
💨x1* - ukraine 🔓
💨x1* - democracy 🔓
💨x17 - siad
💨x1* - gaza 🔓
💨x12 - fold8
💨x11 - 作風
💨x11 - uludağ
*🔓 = Unlocked Emergency Words (see img)

#ListenToBlackVoices

(Something not right? Reply!)",1,Search: Samsung Unpacked,
bafyreiauek4msfvq47fj2vvzjh2egmukvct63dz24q6ayx5vldwjbvgjxy,bluesky,post,2026-07-22 15:20:27,"#Samsung gebruikt nieuwe namen om forse prijsstijgingen te verbloemen. De 'goedkope' #Fold8 levert zelfs de zoomlens in, terwijl de #Flip8 amper vernieuwt.

Is een foldable jou dit geld nog waard?",0,Search: Samsung Unpacked,
bafyreihacw763x2szydy3wwurvviuc3vtnjlvqrpgm7y3n26pq32intwdi,bluesky,post,2026-07-22 13:19:18,"As a techie, Samsung is incredibly boring to me. I never watch Unpacked.

There are countless Chinese brands that are making tech way more exciting than Samsung ever has",0,Search: Samsung Unpacked,
bafyreifieyqydisctry3ti2cywftr2vj3vlaagddhuvksrwj7wrawxxzwe,bluesky,post,2026-07-22 13:18:08,"Samsung Galaxy Unpacked 2026: confira os principais anúncios do evento
https://www.tecmundo.com.br/produto/414703-galaxy-z-fold-8-z-flip-8-e-mais-confira-o-resumo-do-galaxy-unpacked.htm?utm_source=flipboard&utm_medium=activitypub 

Posted into Tecnologia @tecnologia-FlipboardBR",0,Search: Samsung Unpacked,
bafyreifg2sut6pipyngu3fgt57xzvfroxz3yidbz5yci3fji5elcru7l3q,bluesky,post,2026-07-22 13:17:39,67 joke at Samsung Unpacked,3,Search: Samsung Unpacked,
bafyreiekxds5btvrhmrswuumyaxok47q5jgetlz5z4ezw22tln4swconqe,bluesky,post,2026-07-22 13:16:18,"Samsung Unpacked 2026: Fold 8,Fold 8 Ultra, Flip 8 & Watch 9, Watch Ultra 2

The mobile landscape stands at a critical technological turning point. For several product generations, changes within the foldable phone market and the wearable space have followed a predictable trajectory—incremental…",0,Search: Samsung Unpacked,
bafyreicyaqaf6aap7erl7r2ga2vfrgdqbd7rgdcllpcqnc6gqpqzwe75vy,bluesky,post,2026-07-22 13:16:08,"Samsung Unpacked 2026: Fold 8,Fold 8 Ultra, Flip 8 & Watch 9, Watch Ultra 2

The mobile landscape stands at a critical technological turning point. For several product generations, changes within the foldable phone market and the wearable space have followed a predictable trajectory—incremental…",0,Search: Samsung Unpacked,
bafyreiagbpn3uzlk4wft36vyfbhjrupkd7gco6jmbufxa3cwrwus6fm4hm,bluesky,post,2026-07-22 13:15:58,"News from Google: 3 Google updates from Galaxy Unpacked 2026 
blog.google/products-and... 

Googleからのニュース：Galaxy Unpacked 2026で発表されたGoogleの最新情報3選",1,Search: Samsung Unpacked,
bafyreihx3nyea5il5p5eynkblveuawuvnm4lvgivdxb343xab4rk5z3hbi,bluesky,post,2026-07-22 15:15:52,"Vše, co potřebujete vědět: Samsung právě představil Galaxy Z Fold8 a Fold8 Ultra!.. celý článek na ⬇️",0,Search: Samsung Unpacked,
bafyreideumbohkufi4g55xmlr6g2sszk4eb65nyngv7zcj2y2rtvddx22e,bluesky,post,2026-07-22 13:12:37,"📰 **Samsung Galaxy Unpacked 2026: The 6 biggest announcements**

Samsung's annual summer event kicked off on Wednesday morning with the company unveiling a new lineup of watches and foldables. Following weeks of rumors and leaks, Samsung announced the Galaxy Z F...

📰 Source: The Verge
🔗 Link […]",0,Search: Samsung Unpacked,
bafyreia3jv7772jrqukft4fpc2rpeli7ezfbwmlg6xbs4fic27tqchfusm,bluesky,post,2026-07-22 13:11:04,Auf der Galaxy Unpacked zeigt Samsung zwei neue Designs seiner mit Google entwickelten smarten Brillen. Der Marktstart im Herbst erfolgt zunächst ohne EU-Raum. #Samsung,4,Search: Samsung Unpacked,
bafyreibhoiqtgsqtfv4jlofnviygx35kgcmiqyx5kg3exk3l65hwqm36pe,bluesky,post,2026-07-22 13:11:04,"Smart Glasses von Samsung und Google starten zunächst außerhalb der EU

Auf der Galaxy Unpacked zeigt Samsung zwei neue Designs seiner mit Google entwickelten smarten Brillen. Der Marktstart im Herbst erfolgt zunächst ohne EU-Raum […]",0,Search: Samsung Unpacked,
bafyreifsfi5rwsa5fjo3izhieh2kh7hzo43v6z5nsry4nrc6t3n6bvbed4,bluesky,post,2026-07-22 13:10:45,"Bluesky's Top 10 Trending Words (past 10min):
💨x1* - iran 🔓
💨x1* - epstein 🔓
💨x37 - 1﹐859
💨x1* - ukraine 🔓
💨x1* - democracy 🔓
💨x26 - fold8
💨x17 - foldable
💨x16 - unpacked
💨x16 - samsung's
💨x15 - saudis
*🔓 = Unlocked Emergency Words (see img)

#ListenToBlackVoices

(Something not right? Reply!)",1,Search: Samsung Unpacked,
bafyreie3eu6tbpohrrayummatsoa7yukx7rhaxbsfxg4igmvsg7ql6vsm4,bluesky,post,2026-07-22 13:08:37,I really like the new Samsung Galaxy Z Fold8. youtube.com/shorts/c4tyo...,0,Search: Samsung Unpacked,
bafyreid4lyti5eo4xv7hi3hoptxsxnwnaofjmnr4ramnatbhqrb7brdj5m,bluesky,post,2026-07-22 13:07:29,Your first look at the just-unveiled passport-sized Samsung GalaxyZ Fold8. Check out this new form factor! #Unpacked #GalaxyUnpacked #Samsung #Fold8 #Fold8Ultra,0,Search: Samsung Unpacked,
bafyreihgqnpvmfzojrpygyqrh3dlsqagkq5zb5vh2lijylqc6vuphghz7u,bluesky,post,2026-07-22 13:06:59,"Thinner watches, wider foldables, higher prices.",1,Search: Samsung Unpacked,
bafyreigma6wswr2vqkkvv3y5lyfc64ntnfixbjgahucgcuwfuo2cgaro5a,bluesky,post,2026-07-22 13:06:27,Samsung Galaxy Watch9 und Watch Ultra2: Die beiden Smartwatch-Flaggschiffe,0,Search: Samsung Unpacked,
bafyreifcojqk7i3kvjljkmtq3hv745mnqbw7ypxsdl47lmnjiuuh3xng5m,bluesky,post,2026-07-22 13:05:31,"📰 **Everything announced at Samsung Unpacked 2026: Check out the company's latest Galaxy foldables and watches**

Thinner watches, wider foldables, higher prices.

📰 Source: Engadget - Technology News & Expert Reviews
🔗 Link […] 

[Original post on igeek.gamer-geek-news.com]",0,Search: Samsung Unpacked,
bafyreihkvetdxdk7rehwjksd6eqcenelzp7ohjw6wowtcpzz7xpadfohga,bluesky,post,2026-07-22 13:04:53,Samsung Unpacked time.,0,Search: Samsung Unpacked,
bafyreigepfvajcwyulgje4yoxxblyz5sdojemibm2i2cqkjxff4jlei5ni,bluesky,post,2026-07-22 13:04:34,#TheVerge #Tech Samsung Unpacked 2026: all the news from the July foldable launch https://thever.ge/Q6Lt,0,Search: Samsung Unpacked,
bafyreieb2mseskynto4jn44hui2evy5xh42bhfpj7czbmrflfjapflnvle,bluesky,post,2026-07-22 13:04:19,"It's Galaxy Unpacked day! And Samsung is changing the shape of its main Galaxy Z Fold8 (don't worry, the old Fold shape we've come to know is now the Galaxy Z Fold8 Ultra). 

Here's why: www.wired.com/story/why-sa...",7,Search: Samsung Unpacked,
bafyreicovns2xoiteykvkajocedre7hi7pkgnm7ubduyz7yx55n3bvhskm,bluesky,post,2026-07-22 13:04:13,"Check out our hands-on with #Samsung's new Galaxy Z Fold8 Ultra, Z Fold8 and Z Flip8 folding phones, and Galaxy Watch Ultra2 and Watch9 smartwatches.

hothardware.com/reviews/sams...",0,Search: Samsung Unpacked,
bafyreif2tehsrlya5vvo2zt62lvuupmgwoowexuenliuhxveydaz4b3eve,bluesky,post,2026-07-22 13:04:01,Currently watching because it's time to update my Z Fold 4 (a phone that has been a DREAM✨️ come true)..,0,Search: Samsung Unpacked,
bafyreifv7mjxuwkvas4li37qbpi2lfllg3sy7tjissn5hn773b7vmqbkxq,bluesky,post,2026-07-22 13:03:53,"Three new foldable phones have just been announced by Samsung in London. The British city was the venue for the latest edition of Galaxy Unpacked. The new Galaxy Z Fold 8, Galaxy Z Fold 8 Ultra and Galaxy Z Flip 8 were unveiled.",0,Search: Samsung Unpacked,
bafyreicwcntry4shml3tilzaos4s7tnsvqhabhkto6x2f5tnd2ldqnzdn4,bluesky,post,2026-07-22 13:03:22,"#Samsung bringt frischen Wind in seine Foldable-Reihe: #GalaxyZFold8, Fold 8 Ultra und Flip 8 setzen auf neue Formen, mehr Technik – aber auch deutlich höhere Preise #galaxyunpacked 📱✨",1,Search: Samsung Unpacked,
bafyreifamqbb6op5ytdicon4aphrkfbu4zipzjdxyclasmawlu5uk6mp6m,bluesky,post,2026-07-22 13:01:50,"As well as three foldable smartphones, Samsung has announced further products. We’re introduced to the new Samsung Galaxy Watch 9 and the Galaxy Watch Ultra 2. The new smartwatches feature a number of improvements and will be available in our country s...",0,Search: Samsung Unpacked,
bafyreihr6557dsoa4lx4vu4amktp7umfsodvehtgece2a5awhc6ec6kg24,bluesky,post,2026-07-22 13:01:37,"Samsung Refines its Foldables with Galaxy Z Fold 8 Ultra, Fold 8, and Flip 8

At its summer Galaxy Unpacked event, Samsung officially unveiled its latest foldable lineup, headlined by the new Galaxy Z Fold 8…

https://www.iphoneincanada.ca/2026/07/22/samsung-galaxy-z-fold-8-ultra-fold-8-and-flip-8/",0,Search: Samsung Unpacked,
bafyreig24vwarph2q2qrqzpkasns6sm4kmbxxu7g2glenmitxavb5lyw44,bluesky,post,2026-07-22 13:01:11,"Samsung's Galaxy Unpacked event is kicking off, where the company is expected to reveal a new slate of foldables.

Follow along with us for live updates:",8,Search: Samsung Unpacked,
bafyreihwlvv72cg64jilot6nc7mej6muhv2rc5zobhy3o7v3m2phk3iqdy,bluesky,post,2026-07-22 13:00:50,"Samsung's Galaxy Unpacked 2026 keynote event in London, where the tech giant is expected to unveil new products. Watch live: https://www.livenewsreporting.com/stream/live-samsung-galaxy-unpacked-2026-keynote-in-london",0,Search: Samsung Unpacked,
bafyreibjwqmer7wvrx5vvvpnalzygutlbwippwf3ktn4kulin2pl2p5t4m,bluesky,post,2026-07-22 13:00:44,"Samsung Galaxy Z Fold 8 series, Z Flip 8, Watch 9 & Watch Ultra 2: Everything You Need to Know

It's that time of year again, it's time for Samsung's summer Galaxy Unpacked, the company has unveiled the Galaxy Z Fold 8, Z Flip 8, Watch 9 series and Watch Ultra 2.",1,Search: Samsung Unpacked,
bafyreihhwjrpxzpyc6ipnruh3v32vguftm6na6dtp3tbtqdlniubga6q44,bluesky,post,2026-07-22 13:00:43,"Galaxy Unpacked : de nouveaux Z Fold 8 Ultra, Z Fold 8 et Z Flip 8 pour se plier à tous les usages",0,Search: Samsung Unpacked,
bafyreiadte2npirvv2q2zylsh2laqkr4mgcumjexxpxwqflatrww3bjtuu,bluesky,post,2026-07-22 13:00:40,"Galaxy Unpacked July 2026 is now live!

www.youtube.com/watc...

#Samsung #Galaxy #OneUI9 #TeamGalaxy #GalaxyAI #TeamSamsung #TechNews #TechUpdates #GalaxyUnpacked #GalaxyUnpackedJuly2026",0,Search: Samsung Unpacked,
bafyreianf3gge6gwy22volzkavqecsf7sxacsdv5japecd7dladjl7hbku,bluesky,post,2026-07-22 13:00:22,"Samsung unveils newest product lineup

New foldable form factor. Smarter AI. More advanced wearables. That’s what’s coming today as Samsung unveils its newest Galaxy lineup at Galaxy Unpacked in London. ...",0,Search: Samsung Unpacked,
bafyreid4ydqsacklo2nnbmfayld73djkrnjjph4hbhw45goydle7gbqfmy,bluesky,post,2026-07-22 13:00:08,"Samsung pokazał aż 3 składaki, ale najciekawszy jest nowy Galaxy Z Fold8: coś między Foldem a klapką, z bardziej kompaktową formą. Największe zaskoczenie? Nie specyfikacja, tylko nowy pomysł na składany telefon.",1,Search: Samsung Unpacked,
bafyreiaiahj5oxpl3msfrwoowbk4eesouenqbo2ofbaszovhge3ccihe2e,bluesky,post,2026-07-22 15:00:01,"Galaxy Z Fold 8 Ultra, Fold 8 und Flip 8 im Hands-on: Samsungs kleiner Falter stiehlt dem Rest die Show #GalaxyUnpacked #GalaxyZFold8 #GalaxyZFold8Ultra",0,Search: Samsung Unpacked,
bafyreiclfdlwrjjc2q3jeog254tpgjjd2jbz2x3pv7eogq2svg33fxtbku,bluesky,post,2026-07-22 12:57:44,"まもなく #GalaxyUnpacked が開催します。

Galaxy Z Flip 8 / Z Fold 8 などが発表予定です。

www.youtube.com/live/Nul7mPL...",0,Search: Samsung Unpacked,
bafyreiejybtcwi2hlwlcx5hk6by3do6m62fxcvdb7faqf66bc6odtkc5oi,bluesky,post,2026-07-22 12:57:00,"KIJK. Benieuwd naar de nieuwe vouwbare smartphones van Samsung? Volg hier de livestream van Galaxy Unpacked

Samsung stelt vanaf 15 uur zijn nieuwste smartphones en smartwatches voor. Het Zuid-Koreaanse technologiebedrijf bevestigde eerder al dat we nieuwe vouwbare telefoons mogen verwachten...",0,Search: Samsung Unpacked,
bafyreigullcpagqvk3fl5tcrv4mtxddg7mjbm3sgrptcmkztyqt3fxulvm,bluesky,post,2026-07-22 12:55:55,"A livestream of Samsung's Galaxy Unpacked event (Samsung on YouTube)

Main Link | Techmeme Permalink",0,Search: Samsung Unpacked,
bafyreic742bj3njuy56yqr4v33l3v6izo72iezouibunuhl5lhmmshwzgm,bluesky,post,2026-07-22 12:52:26,"Stick around after the Samsung event for a Vergecast livestream!

We’ll be live shortly after the event ends, talking phones and watches and foldables and flippables and AI and everything else Samsung has to...

https://www.theverge.com/podcast/969231/samsung-unpacked-2026-vergecast-livestream",10,Search: Samsung Unpacked,
bafyreif4escq7d7rnqtpizxvc3ezat6s34qu3zaymlygswlrvijurkhszu,bluesky,post,2026-07-22 12:49:55,Samsung-Event im Livestream futurezone.at/produkte/sam...,0,Search: Samsung Unpacked,
bafyreidohaopg2lwewv5idyqp6frvfwgrxl4shkqngop6jqmvbntiphf6i,bluesky,post,2026-07-22 12:42:53,"Samsung Galaxy Unpacked July 2026 - Foldables + Smartwatches
www.resetera.com/threads/15...",0,Search: Samsung Unpacked,
bafyreigmyckobumjqjktlhnbp3vydeztjhvonzfl4675wgdipvilj2t4mq,bluesky,post,2026-07-22 12:41:36,"Samsung Galaxy Unpacked nasıl izlenir, etkinlikte neler tanıtılacak?

Samsung, bir sonraki Galaxy Unpacked etkinliğini 22 Temmuz 2026 Çarşamba günü Londra’da düzenleyecek. Etkinlik Türkiye saatiyle 16.00’da başlayacak ve Samsung’ın çevrim içi kanallarından canlı yayınlanacak. Yayını Samsung.com,…",0,Search: Samsung Unpacked,
bafyreicstn2t25letgqz54c2wqg2wv7nxpezz7zyjgezshzjhgzrjird4e,bluesky,post,2026-07-22 12:39:14,#GalaxyUnpacked starts in less than 30 minutes!,8,Search: Samsung Unpacked,
bafyreiawej47e3dvkkaum7m55rjgzhwt53lm5ckog6vqpqf266shkrv2ni,bluesky,post,2026-07-22 12:37:33,"Samsung Galaxy Unpacked 2026 live — all the last-minute leaks for the Z Fold 8, Z Flip 8, Galaxy Watch Ultra 2 and more www.techradar.com/news/live/sa... #GalaxyUnpacked",0,Search: Samsung Unpacked,
bafyreial55e35o7uyygjxzrcz55rjzmjbnccolrsk26hnraqqbyws463jm,bluesky,post,2026-07-22 12:36:42,"📰 **Samsung Unpacked 2026: all the news from the July foldable launch**

Samsung is set to reveal a new slate of foldables at this summer’s Galaxy Unpacked, which kicks off at 9AM ET / 6AM PT from London. In addition to a Galaxy Z Fold 8 that adopts a wider form factor,...

📰 Source: The Verge
🔗 […]",0,Search: Samsung Unpacked,
bafyreicfj5pwdxb4r5idtzj4hns7oi4keze4lkkxobn76lopzrvkxa4ugi,bluesky,post,2026-07-22 12:27:32,"It's almost time. ⌚️ Gizmodo is on the ground in London for Samsung's #GalaxyUnpacked! We're expecting Samsung to unveil more durable foldables with less screen crease, smartwatches with bigger batteries, and more. 

Follow along with our liveblog here: gizmodo.com/live-updates...",3,Search: Samsung Unpacked,
bafyreih2oimkoa7kimllfkrvmvbhi6gwb7acudok2gy55fh7l5vpkqjlnu,bluesky,post,2026-07-22 12:10:34,"Samsung Galaxy event on now
www.youtube.com/live/Nul7mPL...",1,Search: Samsung Unpacked,
bafyreiaeavobem43fmkgmwfmg2uww6mhoqzo3ertxuxiy4tcpknvcvmqhi,bluesky,post,2026-07-22 12:07:35,Suivez le Galaxy Unpacked : Samsung présente ses nouveaux smartphones et montres connectées — Frandroid www.frandroid.com/marques/sams...,0,Search: Samsung Unpacked,
bafyreiem7q4jvm7257skgjv4yx5faylo5jbhwt3zrtfqzb7kdfpmorrmyq,bluesky,post,2026-07-22 12:05:23,"Samsung Galaxy Unpacked luglio 2026, la diretta è oggi

Oggi alle 15:00 CEST, da Londra, va in scena il Samsung Galaxy Unpacked luglio 2026. È la prima volta che l'azienda sceglie la capitale britannica per l'evento estivo, e il claim scelto, ""a new shape unfolds"", dice già abbastanza su cosa…",0,Search: Samsung Unpacked,
bafyreihlw3bkzx3aqg2lc54iwzwjh6hl5ggilf4soaw5yqxtrkw4ynrsey,bluesky,post,2026-07-22 12:04:41,"Galaxy Unpacked 2026: acompanhe os lançamentos da Samsung ao vivo!
https://olhardigital.com.br/2026/07/22/pro/galaxy-unpacked-2026-acompanhe-os-lancamentos-da-samsung-ao-vivo/?utm_source=flipboard&utm_medium=activitypub 

Posted into Tecnologia @tecnologia-FlipboardBR",0,Search: Samsung Unpacked,
bafyreieso35mipjslyll3jzpp5ra4rn6slislx7coyrogvg7kbvropg4nm,bluesky,post,2026-07-22 12:04:24,"The Samsung Galaxy Unpacked event starts in an hour. Here's what to expect, from foldables to glasses.

https://flip.it/Et-Lwm

#Samsung #SamsungUnpacked",1,Search: Samsung Unpacked,
bafyreieryrjnceaab75gevk7sk7k5syv323phm3rhyqoingmoaw5rjdw74,bluesky,post,2026-07-22 12:02:07,Samsung Galaxy Unpacked (julio 2026): sigue la presentación de los nuevos plegables de Samsung en directo con nosotros,0,Search: Samsung Unpacked,
bafyreibkjxrp5o257zianhakjhlquf54r3ys77et44ffiqfducig2j4x7a,bluesky,post,2026-07-22 11:45:09,"Follow our liveblog where we’re bringing you up-to-the-minute coverage of all the reveals at Samsung's #GalaxyUnpacked event, which streams live from London today at 9 a.m. ET (6 a.m. PT, 2 p.m. BST).",0,Search: Samsung Unpacked,
bafyreib2l73knmes5wapvbjjlqezlybjrvqf2stiy3q2fznsre4hlrhjiu,bluesky,post,2026-07-22 13:21:12,"🚨 NEWS: Samsung Galaxy Unpacked 2026 a Londra svela Z Fold 8, Z Flip 8 e Galaxy Watch 9

Leggi L'articolo completo e seguici per rimanere sempre aggiornato! 🧡

🚀 LINK: https://meteoraweb.com/news/samsung-galaxy-unpacked-2026-a-londra-svela-z-fold-8-z-flip-8-e-galaxy-watch-9?utm_source=blue",0,Search: Samsung Unpacked,
bafyreidusa5pfehgbys7bskk6skem22m2vopth67ilgpnxsl3cvzyk45wy,bluesky,post,2026-07-22 11:20:02,Less than 2 hours to go until Galaxy Unpacked!,0,Search: Samsung Unpacked,
bafyreicyqrfymdscujyeatub77t6x4ogqjyx7qdsplhf5zhnuw6ufe7pou,bluesky,post,2026-07-22 11:18:26,🇧🇯 Galaxy Unpacked : Samsung fait effacer les fuites des Galaxy Z Fold 8 [La Nouvelle Tribune] #Afropages,0,Search: Samsung Unpacked,
bafyreibg6zm5vratpjylivtkno4oksrkjoy2gcqu2udjl3kpyg3tked2gi,bluesky,post,2026-07-22 11:15:14,"Samsung’s summer Galaxy Unpacked 2026 event is set to showcase a major expansion with foldables like the passport-style Galaxy Z Fold 8, the flagship Galaxy Z Fold 8 Ultra, and more ➡️ tom-s-guide.visitlink.me/Q6olHi",0,Search: Samsung Unpacked,
bafyreibmr7e5lm5uh6zok3b62naeomh3m74qoelhk2gdsdv6w6faeqmb4i,bluesky,post,2026-07-22 11:00:05,Live Updates From Samsung's July 2026 Galaxy Unpacked 🔴 https://gizmodo.com/live-updates-from-samsungs-july-2026-galaxy-unpacked-2000785539,2,Search: Samsung Unpacked,
bafyreidrd2d7xfzkwqgjufdmzeb4m3qju4zpkxwowsxaemp4ooleaiyneq,bluesky,post,2026-07-22 10:53:28,"Only 2 hours left until Galaxy Unpacked July 2026! Watch the below livestream here!

www.youtube.com/watc...

#Samsung #Galaxy #OneUI9 #TeamGalaxy #GalaxyAI #TeamSamsung #TechNews #TechUpdates #GalaxyZFold8 #GalaxyZFlip8 #GalaxyWatch9 #GalaxyWatchUltra2",0,Search: Samsung Unpacked,
bafyreiausdztvh5uxkidalfab73hxg7i6giacxg5i3vh2gca6tn2edv3lu,bluesky,post,2026-07-22 10:38:04,Samsung is set to show off its Galaxy Z Fold8 lineup today alongside two watches. You can tune in on Neowin from 2 p.m. BST / 9 a.m. EDT today. #Samsung #GalaxyUnpacked,0,Search: Samsung Unpacked,
bafyreicebzxu5tjid4mkpdi4dtfjoq3sqxfwob66i7wmi2uhnc2zctnuqu,bluesky,post,2026-07-22 10:32:51,"Galaxy Unpacked in London Is Starting Soon, Here's How to Watch
www.androidheadlines.com/2026/07/gala... #GalaxyZFold8 #GalaxyZFold8Ultra #Samsung",0,Search: Samsung Unpacked,
bafyreiera3ffqipr2m7yoxl5hjbtz2dct2czic3jjw2ua4vuuk32c6w7ze,bluesky,post,2026-07-22 10:28:46,"📰 Samsung's upcoming Galaxy Unpacked event is expected to feature new versions of its Fold and Flip phones, as well as a shorter and wider Fold form factor, marking the second upheaval to ...

🔗 https://www.theverge.com/tech/968583/samsung-galaxy-unpacked-wide-z-fold-8-iphone

#Tech #Gadgets",0,Search: Samsung Unpacked,
bafyreigaq7eqkciuigreeufufom2azyfjjuer4ye7omh75etpexaxpy5vu,bluesky,post,2026-07-22 10:24:40,"Android Central より

Samsung Galaxy Unpacked 2026 launch live: latest news on Z Fold 8 Ultra, Z Fold 8, Z Flip 8, and Galaxy Glasses
Samsung Galaxy Unpacked 2026 launch live: Z Fold 8 Ultra、Z Fold 8、Z Flip 8、およびギャラクシーグラスに関する最新ニュース",0,Search: Samsung Unpacked,
bafyreibgnzh2qkppda5xurnhp2mgfoxqeed7n5qlwoujwaruvwu27hl7am,bluesky,post,2026-07-22 10:12:29,"Samsung Temmuz 2026'da Yeni Katlanabilir Telefonlar ve Giyilebilir Cihazları Tanıttı

Samsung'un yaz aylarında düzenlediği Galaxy Unpacked etkinliğinde yeni nesil katlanabilir telefonlar ve akıllı giyilebilir cihazlar resmi olarak tanıtıldı.",0,Search: Samsung Unpacked,
bafyreie5ybtm2h2xqpnzeby5qxwairv66bldhoybjch2jbj6aqen4m4ida,bluesky,post,2026-07-22 10:10:44,"Mercredi 22 Juillet 2026 :

⏱️15 heures : #Samsung Unpacked 

#smartphones #SamsungUnpacked",0,Search: Samsung Unpacked,
bafyreihwbmqzve63pervleohn6cccrvs6pv23ssjsjxibvczhrh6av6k2e,bluesky,post,2026-07-22 10:10:09,"How To Watch Samsung Galaxy Unpacked July 2026 Samsung’s annual cadence follows a familiar pattern: a teaser, a cryptic tagline, early leaks, and.... @thecosmicmeta.com 

https://u2m.io/UkoNyU7b",0,Search: Samsung Unpacked,
bafyreig7c2j7odpk6pypc7cz4jrdx3unehhx5xuwlhdee4fbthwfh24ptu,bluesky,post,2026-07-22 10:09:42,"Where to watch Samusng’s Unpacked event for Galaxy Z Fold 8, Watch 9",4,Search: Samsung Unpacked,
bafyreih6ksyiws337smibpkxb35ti2i5xdgmnf2v4r55io27eyb3ce6hoa,bluesky,post,2026-07-22 10:02:44,"Samsung Unpacked 2026: Rilis Galaxy Z Fold 8 dan Flip 8

Samsung resmi gelar Galaxy Unpacked 2026 hari ini. Simak peluncuran inovasi foldable terbaru dan seri Galaxy Watch terkini.",0,Search: Samsung Unpacked,
bafyreidwde3b3dl2q3c2ul3erhqqfycrhvjblu5dmwsaj56tch6uduthd4,bluesky,post,2026-07-22 10:00:42,"The next chapter of the Galaxy Watch will be unveiled later tonight at Galaxy Unpacked. #Samsung

Read more here: vist.ly/5c38h",0,Search: Samsung Unpacked,
bafyreib4zx23mwatqvunk5z5cwzys4baiji2yzswl7zxlv4vzrk3uly5qm,bluesky,post,2026-07-22 09:37:11,"Samsung Unveils Next-Gen Foldables and Wearables at London Galaxy Unpacked Event

Tech giant Samsung has officially launched its highly anticipated Galaxy Z Fold 8 and Z Flip 8 foldable smartphones, alongside new wearable devices, at its signature Unpacked event held in London, signalin...",0,Search: Samsung Unpacked,
bafyreihzebvxxy43vpduor3ufrioaaazh4zp37vegbv2m75slpre3g7j7i,bluesky,post,2026-07-22 09:27:04,"Es gibt wieder neue Geräte
www.pcwelt.de/article/3186...",0,Search: Samsung Unpacked,
bafyreictmithiodjtr5knzxqsbj2fmfndyiaq3gjaxhuwdrpkl3d7eeuxe,bluesky,post,2026-07-22 09:23:48,"Samsung Galaxy Unpacked 2026 Today: How to Watch Galaxy Z Fold 8, Z Flip 8 & Galaxy Watch 9 Launch Live

#Samsung #GalaxyUnpacked #GalaxyZFold8 #GalaxyZFlip8 #GalaxyWatch9 #GalaxyAI #SamsungLaunch #Foldables #TechNews #PassionateGeekz",0,Search: Samsung Unpacked,
bafyreied55jlecxearaahnb7pxjmakw4aheoqp6o3bo3mykok4tamxmhmu,bluesky,post,2026-07-22 09:15:32,Samsung's Unpacked event today at 9 AM EDT unveils the Galaxy Z Fold 8 series and Watch 9. Watch live on YouTube. #Samsung #GalaxyZFold8 #GalaxyWatch9 #Unpacked2026 #FoldableTech #Wearables thedailytechfeed.com/how-to-watch...,0,Search: Samsung Unpacked,
bafyreiexnmmd34q7n4z6undwopclsk3hhdcv5tvgnmsoexwuggeltfpt7q,bluesky,post,2026-07-22 09:04:12,We're in London to bring you all the latest on Samsung's newest foldables and wearables.,2,Search: Samsung Unpacked,
bafyreibvqryghumuqt4is4kildaepmbuydlzuyngqcxwt35q2f3ttzqt6y,bluesky,post,2026-07-22 09:02:18,"Samsung, Londra'da yeni katlanabilir telefonlarını tanıttı

Samsung, Temmuz 2026'da Londra'daki Unpacked etkinliğinde Galaxy Z Fold 8 ve Z Flip 8 katlanabilir telefonlarını dünyaya tanıttı.",0,Search: Samsung Unpacked,
bafyreidl5fwylfvuyi4rgcs3e7fcuor7vb46mcg5b5vtappeekszblozmi,bluesky,post,2026-07-22 11:00:54,"🚨 NEWS: Samsung svela Galaxy Z Fold 8 e Z Flip 8 al Galaxy Unpacked 2026 a Londra

Leggi L'articolo completo e seguici per rimanere sempre aggiornato! 🧡

🚀 LINK: https://meteoraweb.com/news/samsung-svela-galaxy-z-fold-8-e-z-flip-8-al-galaxy-unpacked-2026-a-londra?utm_source=bluesky&utm_med",0,Search: Samsung Unpacked,
bafyreihtcpwtgsnxs7fbokt7vdw5tlscubtx2tq5lfths6lgwd63wwsrr4,bluesky,post,2026-07-22 08:40:57,"Samsung hat für den 22. Juli eine „Unpacked“-Veranstaltung in London bestätigt, bei der voraussichtlich das Samsung Galaxy Z Fold 8 (Wide) vorgestellt wird. Das erwartet Sie noch alles.",1,Search: Samsung Unpacked,
bafyreibfy5s3zks5kx76suqu7rxqldeygjrfuoeygmlqkon2rp4llokfyq,bluesky,post,2026-07-22 08:36:21,"คืนนี้ 20:00 น. จับตา Galaxy Unpacked 👀
แม้ไฮไลต์หลักจะเป็นมือถือจอพับ สาย XR มีลุ้นเห็นแว่น AI บน Android XR จาก Samsung
ถ้ามาจริง นี่อาจเป็นก้าวต่อจาก Galaxy XR สู่แว่นที่ใส่ได้ทุกวัน

#Samsung #GalaxyUnpacked #AndroidXR #AIGlasses #XR #MaidevXR

www.maidevxr.com/aismartglass...",1,Search: Samsung Unpacked,
bafyreicnt2geixes35pnrmaq4siehrfocwesirzc7g3qjvgrq3koghy36a,bluesky,post,2026-07-22 08:35:15,"📰 **Samsung Galaxy Unpacked July 2026: Live updates from the Z Fold 8 and Flip 8 launch event**

Join us as we bring you live coverage from Samsung's Unpacked event in London, where it's expected to reveal new foldables and wearables.

📰 Source […] 

[Original post on igeek.gamer-geek-news.com]",0,Search: Samsung Unpacked,
bafyreifcwfsq7kh4vjzxmqlq3qoprx3qyzafjnl2sjsh5jjrxff36saxfq,bluesky,post,2026-07-22 08:07:29,"Galaxy Z Fold 8 : les annonces en direct de la conférence Samsung
👉 https://l.numerama.com/8XA",0,Search: Samsung Unpacked,
