"platform","brand","keyword_matched","text","created_at","date","author","like_count","repost_count","post_uri"
"Bluesky","galaxy note","galaxy note","LA Galaxy  vs Minnesota United The model predicts that LA Galaxy won’t finish the season on a high note.  With injuries, however, I’m not confident in Minnesota United, either. #LegionofLoons","2025-10-16T18:55:46.171Z","2025-10-16 18:55:46.171000+00:00","bobvsoccer.bsky.social","0","0","at://did:plc:ldvhybtxiqgefxbbjmrfosaj/app.bsky.feed.post/3m3dgp4u6742m"
"Bluesky","galaxy note","galaxy note","pixel 10 fold is the new galaxy note 7 and iphone 6 combined","2025-10-17T12:35:48.059Z","2025-10-17 12:35:48.059000+00:00","jeder.at.miau.jeder.pl","0","0","at://did:plc:jk3pkgc4s5curzxnykglnonf/app.bsky.feed.post/3m3fbycnotpc2"
"Bluesky","galaxy note","galaxy note","Think about the Samsung Galaxy Note 5 keyboard cover, but bluetooth.","2025-10-17T16:48:48.319Z","2025-10-17 16:48:48.319000+00:00","andjohn.bsky.social","0","0","at://did:plc:duxvkmqo6gqqnjhlen734k6o/app.bsky.feed.post/3m3fq2zdaks2n"
"Bluesky","galaxy note","galaxy note","187. Cinder House by Freya Marske. Fantasy. Appreciated this a bit more than I actually enjoyed it, but it delighted me endlessly; such a cool take on ghosts, and adored the ending! The author's note at the end was a galaxy-brain moment, made me think about everything in a very different way!","2025-10-17T18:30:32.243Z","2025-10-17 18:30:32.243000+00:00","raenbowpunk.bsky.social","2","0","at://did:plc:ho4ew7b33zsoighss6ofcbd6/app.bsky.feed.post/3m3fvqwiat22s"
"Bluesky","galaxy note","galaxy note","Đã ghi nhận. Tôi sẽ tập trung vào nội dung liên quan đến tháng 10 năm 2025. Hãy cho tôi biết bạn cần thông tin cụ thể gì về thời điểm này? Đã ghi nhận. Tôi sẽ tập trung vào nội dung liên quan đến tháng 10 năm 2025. Hãy cho tôi biết bạn cần thông tin cụ thể gì về thời điểm này? Giới thiệu Điện…","2025-10-17T18:53:10Z","2025-10-17 18:53:10+00:00","queenvn.bsky.social","0","0","at://did:plc:olk6mhrifauaodxiquffevdd/app.bsky.feed.post/3m3fwzhhvyj2d"
"Bluesky","galaxy note","galaxy note","Almost forgot the mid-month reminder that my #scifi novel ""Doctor Galaxy"" is a Kindle Monthly Deal this October. A reality TV show for a galaxy of aliens, starring our own human doctor Alexi Sur!","2025-10-17T22:57:56.702Z","2025-10-17 22:57:56.702000+00:00","jennyschwartz.bsky.social","2","0","at://did:plc:gpu5szddqhsd4f4ns3glch54/app.bsky.feed.post/3m3gep3oatk2c"
"Bluesky","galaxy note","galaxy note","Me when my phone is a Samsung Galaxy Note 7","2025-10-17T23:55:21.579Z","2025-10-17 23:55:21.579000+00:00","abnormal.gay","3","0","at://did:plc:tjantiw4j4ownmsjb2hxhdtt/app.bsky.feed.post/3m3ghvqxkjs2o"
"Bluesky","galaxy note","galaxy note","haven't even watched death note but even i feel that zeroing in on ""light isn't actually the 12d chess galaxy brain genius they play him up to be"" is literally the least compelling way to look at it even as a jokey for fun thing lol","2025-10-17T23:56:29.700Z","2025-10-17 23:56:29.700000+00:00","itmetch.bsky.social","0","0","at://did:plc:kjt4bn7ymk6kqizaned2bkz2/app.bsky.feed.post/3m3ghxuhc4u2l"
"Bluesky","galaxy note","galaxy note","the world if samsung galaxy note 9 bootloader signing key leak","2025-10-18T20:22:29.769Z","2025-10-18 20:22:29.769000+00:00","aagaming.me","24","1","at://did:plc:owu62bybwircbrojnru5axov/app.bsky.feed.post/3m3imi2c4gk2s"
"Bluesky","galaxy note","galaxy note","Galaxy Analyst Explains Why Bull Run Is Far From Over October’s wobble hasn’t broken the cycle, Alex Thorn, Galaxy Digital’s head of research, argues. The note was first sent to subscribers of Galaxy Research’s Weekly Research Brief and later reproduced on X. Thorn says the Oct. 10 sell-off began…","2025-10-19T01:22:13Z","2025-10-19 01:22:13+00:00","finovohub.bsky.social","0","0","at://did:plc:icwqhvf64bhfyv37tqxfjrjl/app.bsky.feed.post/3m3j5a2gwcy2p"
"Bluesky","galaxy note","galaxy note","Useless Halloween (kind of) music and video game fact that I thought I would share: ""Waltz of the Boos"" from Super Mario Galaxy begins with three notes (A, D, and E) that create a 4-note arpeggio in an order that spells the word ""dead"". Just sharing a useless fact. Bonus:  It appears in once","2025-10-19T02:34:48.209Z","2025-10-19 02:34:48.209000+00:00","louisianajones83.bsky.social","1","0","at://did:plc:fwxvogc3qt4fz4rb4f52oadn/app.bsky.feed.post/3m3jbbrupmk2l"
"Bluesky","galaxy note","galaxy note","There Are Three Major Tailwinds for Crypto’s Next Rally, Says Galaxy Digital’s Alex Thorn October’s wobble hasn’t broken the cycle, Alex Thorn, Galaxy Digital’s head of research, argues. The note was first sent to subscribers of Galaxy Research’s Weekly Research Brief and later reproduced on X.…","2025-10-19T04:10:52Z","2025-10-19 04:10:52+00:00","earlybirdsinvest.bsky.social","0","0","at://did:plc:pvbujilqmvpgb6todis2cfwd/app.bsky.feed.post/3m3jgnn3xgu2w"
"Bluesky","galaxy note","galaxy note","Diwali Sale FEDUS 8K Ultra HD HDMI Connector Male to Female Converter, Product Description Right Angle USB C Adapter 40Gbps Feature Support the 240W PD Fast charging, can realize the maximum 5V/3A-20V/5A, can provid the fastest possible charging for your devices. Compatible designed for most Type…","2025-10-19T14:14:58Z","2025-10-19 14:14:58+00:00","bhulekhup.bsky.social","0","0","at://did:plc:qkj6rzqlkyicthgrcf6db7qj/app.bsky.feed.post/3m3kiftvnn22e"
"Bluesky","galaxy note","galaxy note","I remember giving someone shit for getting a galaxy note 2 because it was pointlessly large, but these days it'd be considered normal","2025-10-19T15:15:28.816Z","2025-10-19 15:15:28.816000+00:00","retr0.id","1","0","at://did:plc:vwzwgnygau7ed7b7wt5ux7y2/app.bsky.feed.post/3m3klry5hw22z"
"Bluesky","galaxy note","galaxy note","This is what I kind of love about the tyranids in 40k. They believe in no ideology, they seek no conquest. They just want to eat everything the galaxy has for consumption before moving on. Some people think this makes them one note but I dig it. I appreciate something with understandable goals","2025-10-19T19:09:57.705Z","2025-10-19 19:09:57.705000+00:00","voicesbyzane.bsky.social","4","0","at://did:plc:wiw2flcb762ybvhg7gj3bf2k/app.bsky.feed.post/3m3kyvbbue22z"
"Bluesky","galaxy note","galaxy note","Quick side note; although already mentioned in about post I would still like to include those two for future reference","2025-10-19T22:04:34.688Z","2025-10-19 22:04:34.688000+00:00","pennoms.bsky.social","1","0","at://did:plc:37eogxsmip6krgz5h7p6xmey/app.bsky.feed.post/3m3lcniwnl22x"
"Bluesky","galaxy note","galaxy note","Galaxy A73 joins the One UI 8 update party This week starts on a good note for all Galaxy A73 users, as the phone has started getting the One UI 8.0 update. It brings several new and improved featu... #Firmware #Phone #Android #16 #Galaxy #A73 #One #UI #8.0 Origin | Interest | Match","2025-10-20T04:14:28.000Z","2025-10-20 04:14:28+00:00","android.activitypub.awakari.com.ap.brid.gy","0","0","at://did:plc:etkadjdby46s2skc4shoxp6q/app.bsky.feed.post/3m3lzcerzjp62"
"Bluesky","galaxy note","galaxy note","Galaxy A73 joins the One UI 8 update party This week starts on a good note for all Galaxy A73 users, as the phone has started getting the One UI 8.0 update. It brings several new and improved featu... #Firmware #Phone #Android #16 #Galaxy #A73 #One #UI #8.0 Origin | Interest | Match","2025-10-20T04:14:28.000Z","2025-10-20 04:14:28+00:00","android.activitypub.awakari.com.ap.brid.gy","0","0","at://did:plc:etkadjdby46s2skc4shoxp6q/app.bsky.feed.post/3m3lzcvg3lw62"
"Bluesky","galaxy note","galaxy note","Galaxy A73 joins the One UI 8 update party This week starts on a good note for all Galaxy A73 users, as the phone has started getting the One UI 8.0 update. It brings several new and improved featu... #Firmware #Phone #Android #16 #Galaxy #A73 #One #UI #8.0 Origin | Interest | Match","2025-10-20T04:14:28.000Z","2025-10-20 04:14:28+00:00","android.activitypub.awakari.com.ap.brid.gy","0","0","at://did:plc:etkadjdby46s2skc4shoxp6q/app.bsky.feed.post/3m3mne5lobuq2"
"Bluesky","galaxy note","galaxy note","# Samsung Galaxy Note 20 Ultra 256GB: Đỉnh Cao Công Nghệ – Trải Nghiệm Đẳng Cấp Samsung Galaxy Note 20 Ultra 256GB: Đỉnh Cao Công Nghệ - Trải Nghiệm Đẳng Cấp Tháng 10 năm 2025 - Samsung Galaxy Note 20 Ultra 256GB tiếp tục là lựa chọn hàng đầu cho những người dùng công nghệ đam mê hiệu suất và…","2025-10-20T04:18:49Z","2025-10-20 04:18:49+00:00","queenvn.bsky.social","0","0","at://did:plc:olk6mhrifauaodxiquffevdd/app.bsky.feed.post/3m3lxkqgvph2g"
"Bluesky","galaxy note","galaxy note","on another note, thanks galaxy explorer LMAO","2025-10-20T04:53:40.210Z","2025-10-20 04:53:40.210000+00:00","oopsiejadey.bsky.social","10","0","at://did:plc:kk5ge52fojim4lq5w73koda3/app.bsky.feed.post/3m3lzize2bk2q"
"Bluesky","galaxy note","galaxy note","⚽️🎙 LIVE SHOW TONIGHT! 🎙⚽️ The LA Galaxy finally see the 2025 season come to an end. Did they leave it on a high note? And what is to come this offseason? Let's talk! 📆 TONIGHT ⏰ 8 PM 👥 Josh + @Kbaxter11 📺 youtube.com/live/-RTuv8-... #LAGalaxy #MLS  #Soccer #Podcast","2025-10-21T00:00:10.551Z","2025-10-21 00:00:10.551000+00:00","galaxypodcast.bsky.social","0","0","at://did:plc:gpd6rc2lbrj3yssbgdvwe2br/app.bsky.feed.post/3m3nzl6wqwh22"
"Bluesky","galaxy note","galaxy note","Diwali Sale FEDUS 8K Ultra HD HDMI Connector 90+270 Degree L-Shape Male Product Description Right Angle USB C Adapter 40Gbps Feature Support the 240W PD Fast charging, can realize the maximum 5V/3A-20V/5A, can provid the fastest possible charging for your devices. Compatible designed for most Type…","2025-10-21T01:14:34Z","2025-10-21 01:14:34+00:00","bhulekhup.bsky.social","0","0","at://did:plc:qkj6rzqlkyicthgrcf6db7qj/app.bsky.feed.post/3m3o5q7ud5227"
"Bluesky","galaxy note","galaxy note","LOVE ME SOME LEIJI VERSE *note: Leiji Matsumoto collabed with Daft Punk to make Interstella5555. He was also behind My Youth In Arcadia (Space Pirate Captain Harlock), Galaxy Express 999, and more! He's got a very unique art style and I love his work","2025-10-21T05:10:51.520Z","2025-10-21 05:10:51.520000+00:00","crtcryptid.bsky.social","2","0","at://did:plc:mglpbtybgrppbeu3c76ankcs/app.bsky.feed.post/3m3okwodq2s22"
"Bluesky","galaxy note","galaxy note","Diwali Sales rts 2 Pack USB Type C to USB A Female Adapter Fast Charging/… Product Description Compatible device: (incomplete list) [Universal Compatibility] Compatible with Macbook, laptops, tablets and smartphones with a USB Type C port.Phone, Smart Phone, USB Flash Disk, USB Cable, Keyboard,…","2025-10-21T20:37:09Z","2025-10-21 20:37:09+00:00","bhulekhup.bsky.social","0","0","at://did:plc:qkj6rzqlkyicthgrcf6db7qj/app.bsky.feed.post/3m3q6p2sahg2j"
"Bluesky","galaxy note","galaxy note","Clip also has a list of compatible Galaxy line devices too (so looks like you got a few different models to choose from if need be for your budget) support.clip-studio.com/en-us/faq/ar...","2025-10-22T04:20:45.229Z","2025-10-22 04:20:45.229000+00:00","paeonygalaxy.bsky.social","1","0","at://did:plc:7ohbpsgbrk3vclq73ciutfmv/app.bsky.feed.post/3m3qylyyqnc2b"
"Bluesky","galaxy note","galaxy note","Diwali Sales CARE CASE USB 2.0 To USB C Cable,USB To USB C Fast Charging … CARE CASE USB 2.0 To USB C Cable, USB To USB C Fast Charging Cable with Data Transfer Compatible With Android Phones. (Type C To USB Cable)Product Information : Connect USB Type-C enabled devices (MacBook, Chromebook Pixel,…","2025-10-22T07:11:37Z","2025-10-22 07:11:37+00:00","bhulekhup.bsky.social","0","0","at://did:plc:qkj6rzqlkyicthgrcf6db7qj/app.bsky.feed.post/3m3rc5lplma2r"
"Bluesky","galaxy note","galaxy note","Note: Their line range is affordable, due to them being based on my phone. Which came from an affordable line of Galaxy phones. (Galaxy A)","2025-10-22T08:13:17.149Z","2025-10-22 08:13:17.149000+00:00","lunarslumber.bsky.social","0","1","at://did:plc:myvlmgy2cigm6vvxl54on5ix/app.bsky.feed.post/3m3rflsekv22q"
"Bluesky","galaxy note","galaxy note","📱 Samsung Screen Replacement – Fast, Reliable & Affordable! 🔧 Bring your Samsung Galaxy, Note, or S Series to life again — no more cracks, glitches, or display issues! Visit Cell Geeks today and get your screen looking brand new. cellgeeks.net #SamsungRepair #ScreenReplacement #SamsungGalaxy","2025-10-22T18:12:58.453Z","2025-10-22 18:12:58.453000+00:00","cellgeeksclovis.bsky.social","0","0","at://did:plc:7cwudwinqjgnc5zmfu6suybl/app.bsky.feed.post/3m3sh44suzk2z"
"Bluesky","galaxy note","galaxy note","Good luck poor people :/ ""Estimated 50,000 older Samsung devices to be blocked from mobile networks next month"" www.theguardian.com/australia-ne...","2025-10-23T05:11:06.405Z","2025-10-23 05:11:06.405000+00:00","nobodyinpoverty.bsky.social","10","6","at://did:plc:ent2civpdqvlvtnwmsudhyhq/app.bsky.feed.post/3m3tluxhj6c2d"
"Bluesky","galaxy note","galaxy note","Samsung Galaxy Buds3 Pro Redefine your listening experience — featuring a tweeter & dual amp. They minimize distortion with powerful dual amp. Hear each note in crystal-clear clarity, with 24-bit CODEC.  Samsung Galaxy Buds3 Pro - 500k ugx  We deliver countrywide Call/WhatsApp +256 704 196 951","2025-10-23T06:25:19.841637Z","2025-10-23 06:25:19.841637+00:00","discountstore.ug","0","0","at://did:plc:5guhoieaf4zrr356toa63hvj/app.bsky.feed.post/3m3tpzosy2a2i"
"Bluesky","galaxy note","galaxy note","After two years I finally managed to offer a patreon-system membership via ko-fi.com/activistwitch read alt for full details. If you can support us here's some extra perks, but knowledge and educational content will always be free for everyone #witchsky","2025-10-23T15:23:46.151Z","2025-10-23 15:23:46.151000+00:00","activistwitch.co.uk","11","1","at://did:plc:fr6qoa4xmmihbtk4ykom3dt4/app.bsky.feed.post/3m3uo4icn3k2p"
"Bluesky","galaxy note","galaxy note","#MNUFC ends regular season on down note after defeat to #LAGalaxy. Next up is the 2025 MLS Cup Playoffs and another showdown with the #Sounders","2025-10-23T15:41:01.445Z","2025-10-23 15:41:01.445000+00:00","northlandsoccer.com","3","1","at://did:plc:r2v2w4icwcwru75vjyshszr5/app.bsky.feed.post/3m3up3dmlwc2f"
"Bluesky","galaxy note","galaxy note","Also, you're prevented from talking to anyone. Not bc of laws tho, but rather bc of grammar.","2025-10-23T17:15:45.632Z","2025-10-23 17:15:45.632000+00:00","odanaos.bsky.social","1","0","at://did:plc:6x4ksihwt5edu23yurjamcwr/app.bsky.feed.post/3m3uueqigms26"
"Bluesky","galaxy note","galaxy note","Tomorrow night we have our key-note talk of the year, the Richard Lambert Lecture with Dr Julian Onions, an Astronomer working at the University of Nottingham. His subject will be ""Galaxy Evolution"".  Fri 24 Oct. at 8PM Rectory Cottages, Church Green Rd, Bletchley MK3 6BJ.  All welcome","2025-10-23T17:38:02.821Z","2025-10-23 17:38:02.821000+00:00","mkastronomy.bsky.social","1","1","at://did:plc:qyazs5etrsnuttd2vwhq2yin/app.bsky.feed.post/3m3uvmlqb7k2l"
"Bluesky","galaxy note","galaxy note","Buy the game from GOG. Don't reward Bethesda or Microsoft for it being over 15 years between mainline releases. www.gog.com/en/game/fall...","2025-10-23T20:56:45.238Z","2025-10-23 20:56:45.238000+00:00","leftback.bsky.social","1","0","at://did:plc:pfvkv54puwd5lh4yarc32taf/app.bsky.feed.post/3m3vapvthn22t"
"Bluesky","galaxy note","galaxy note","what trying to get your shit together looks like. for me. are 4 journals necessary? probably not, might actually be overkill, but keeping this separate and organized seems to be helping.","2025-10-24T00:50:35.771Z","2025-10-24 00:50:35.771000+00:00","scribophile.bsky.social","1","0","at://did:plc:3c3q72gycgycbu3a3pg2cwah/app.bsky.feed.post/3m3vns2fnrs2z"
"Bluesky","galaxy note","galaxy note","Yes! I often note the Millennium Falcon is a near perfect encapsulation of the actual franchise -- it's a hunk of junk that really shouldn't work, but not only is it the fastest ship in the galaxy, but we all fucking love it. It's not just fine that it doesn't make sense -- it's feature, not bug.","2025-10-24T12:11:55.624Z","2025-10-24 12:11:55.624000+00:00","chuckwendig.bsky.social","43","0","at://did:plc:evum3ztvjvpmuc72fd5lhvjd/app.bsky.feed.post/3m3wtuehbm22w"
"Bluesky","galaxy note","galaxy note","Gally Nintendo Games Reveal!!! Do note that the Switch games are just the ones I own as physical copies. Of course I got many more digitally. 1. Switch games 2. Even more Switch games 3. Wii games 4. GameCube, DS, 3DS, GBA and N64 games (BONUS!!! PSP games) Specific games listed in alt text!","2025-10-24T19:41:18.919Z","2025-10-24 19:41:18.919000+00:00","gall4had.bsky.social","7","0","at://did:plc:bmdoskwiy33pljjrpnpuchn4/app.bsky.feed.post/3m3xmxwo62c2s"
"Bluesky","galaxy note","galaxy note","samsung have many problems like the note 7 original samsung fold galaxy ring ect- exploding broken screen broke for no reason in just 2 day by a review unit, galaxy ring blow up, Everytime HUAWEI wins and no issue, sadly many lies on the internet, Even mate xt survive many drop even mate x 2019 😊","2025-10-25T10:26:45.438Z","2025-10-25 10:26:45.438000+00:00","huawei2025v.bsky.social","0","0","at://did:plc:pthys6e3a4f6bpl5atfqbv4s/app.bsky.feed.post/3m3z6ha2fmc25"
"Bluesky","galaxy note","galaxy note","your girlfriend went to the feathers friday and they said you watched tiktoks on their galaxy note 7 and then lost all their money from gambling now they're sat on the floor","2025-10-25T14:19:38.18026400Z","2025-10-25 14:19:38.180264+00:00","conarbot.bsky.social","0","0","at://did:plc:vfdfajk2pk3qg4dxp37w6tm7/app.bsky.feed.post/3m3zlhqs5td2d"
"Bluesky","galaxy note","galaxy note","On the final note: I may not speak for Iron Galaxy but I’m sure they have their reasons to block you, like spamming posts, or responding extra negatively to their posts. It’s not that deep. You can do something constructive like email marketing or complete surveys to vent your frustrations.","2025-10-25T14:30:38.135Z","2025-10-25 14:30:38.135000+00:00","ashleighrpg.bsky.social","1","0","at://did:plc:4aiyt7wb3fjz5cbp2t7hqijg/app.bsky.feed.post/3m3zm3dobbk2w"
"Bluesky","galaxy note","galaxy note","side note i love that you put emojis next to their names mario galaxy style","2025-10-25T18:25:08.609Z","2025-10-25 18:25:08.609000+00:00","0retro0.bsky.social","1","0","at://did:plc:cwarnxbm42hphre224kxvyld/app.bsky.feed.post/3m3zz6njo2223"
"Bluesky","galaxy note","galaxy note","Posted my #Swansuke fic for the 18+ Giddy Up, Galaxy! zine ^___^ The zine link is in the fic notes, please check it out!! archiveofourown.org/works/72694821","2025-10-26T14:24:26.595Z","2025-10-26 14:24:26.595000+00:00","ladydorian.bsky.social","1","2","at://did:plc:ckxcg5vphc5q7fjlrkhmu743/app.bsky.feed.post/3m44475zlfc22"
"Bluesky","galaxy note","galaxy note","noteを更新しました：「Samsung Galaxy Z Flip7 実機貸与レビュー iPhone15ProMaxサイズのスマホがGBASP・折りたたみガラケーのように無理なくポケットに収まる感動！」 -  https://t.co/FK4Uapb0ST","2025-10-26T19:01:53.113Z","2025-10-26 19:01:53.113000+00:00","showya.bsky.social","0","0","at://did:plc:4ntf3yfduqt7bc2catsl37sd/app.bsky.feed.post/3m44lpbp2fw2k"
"Bluesky","galaxy note","galaxy note","Love the glasses and necklace! Also is that a galaxy note 10+?","2025-10-26T20:03:02.757Z","2025-10-26 20:03:02.757000+00:00","mucephie.bsky.social","1","0","at://did:plc:vm6kmixz6m3n3aququs7yhzv/app.bsky.feed.post/3m44p4mz7oc2t"
"Bluesky","galaxy note","galaxy note","The battery might also be pillowing out causing the crack (you might be able to find a replacement back and battery online). The Note 10+ is tied for my favourite phone (alongside the Galaxy S3 SGH-I747M)","2025-10-26T23:56:25.525Z","2025-10-26 23:56:25.525000+00:00","mucephie.bsky.social","0","0","at://did:plc:vm6kmixz6m3n3aququs7yhzv/app.bsky.feed.post/3m4545x3qt22t"
"Bluesky","galaxy note","galaxy note","Đây là điện thoại Xiaomi giá dưới 7 triệu đáng mua nhất, camera 200MP nên sát thương Galaxy S25 Ultra Chỉ với số tiền chưa đến 7 triệu đồng, khách Việt đã có cơ hội trải nghiệm Chiếc điện thoại thông minh tầm trung đình đám nhà Xiaomi sở hữu camera 200MP chất liệu thân thiện với Galaxy S25 Ultra.…","2025-10-27T08:40:32Z","2025-10-27 08:40:32+00:00","raisewill8488.bsky.social","0","0","at://did:plc:nbpuoxjqisx6dfs7hvr3jlrz/app.bsky.feed.post/3m45zh63bgr2p"
"Bluesky","galaxy note","galaxy note","If you're in the US and you haven't grabbed a copy of ""Doctor Galaxy"" the Kindle Monthly Deal ends this week. Same for my dystopian fantasy novel ""Stray Magic"", an apocalypse with griffins.  If you could run away to from your family to star in an alien TV show, would you?","2025-10-27T23:04:45.322Z","2025-10-27 23:04:45.322000+00:00","jennyschwartz.bsky.social","1","1","at://did:plc:gpu5szddqhsd4f4ns3glch54/app.bsky.feed.post/3m47jqhxtsk23"
"Bluesky","galaxy note","galaxy note","Maura Quint's favorite color is Semple-Klein purple. She invented a musical note that is available to everyone except Anish Kapoor. While she writes primarily in English, her first language is PIE. She lives in a houseboat with three roommates: Clotho, Lachesis, and Atropos and their pet galaxy.","2025-10-28T01:40:31.527Z","2025-10-28 01:40:31.527000+00:00","mauraquint.bsky.social","81","2","at://did:plc:p2dcugajbtsn44h5n2kgt7ox/app.bsky.feed.post/3m47sgz7e5k26"
"Bluesky","galaxy note","galaxy note","Here are some results of my trip to a dark sky site over the weekend. I got three of our Local Group galaxies, The Small Magellanic Cloud, The Large Magellanic Cloud and the Triangulum Galaxy. As a bonus I also got the Topsy Turvy Galaxy, NGC 1313. I'll post once I process the data #astrophotography","2025-10-28T08:04:02.451Z","2025-10-28 08:04:02.451000+00:00","givemespacetravel.bsky.social","2","0","at://did:plc:7fnis44sgvwhginydcl2xncc/app.bsky.feed.post/3m4ahusrpq22w"
"Bluesky","galaxy note","galaxy note","Fun side note: For some reason, the ""Sleep"" setting on my Galaxy watch did not kick on DND mode, which is why I awoke at 2:53 AM EDT and thought I misread what the final score and innings listing on the notification.  I did get back to sleep though, so it's good to know I didn't dream it","2025-10-28T12:52:34.627Z","2025-10-28 12:52:34.627000+00:00","hooverstreetrag.org","2","0","at://did:plc:y3caxnlaf3dzjx6u7e7a7y67/app.bsky.feed.post/3m4axyqcpik2e"
"Bluesky","galaxy note","galaxy note","noteを更新しました：「Samsung Galaxy Z Fold7 実機貸与レビュー 性能もサイズも一回り大きくなって帰ってきた「ポケットに突っ込めるタブレット」！かつ高性能スマホです！」 -  https://t.co/nYdsq93Cpd","2025-10-28T15:56:35.091Z","2025-10-28 15:56:35.091000+00:00","showya.bsky.social","0","0","at://did:plc:4ntf3yfduqt7bc2catsl37sd/app.bsky.feed.post/3m4bcbrmdgh25"
"Bluesky","galaxy note","galaxy note","Thirteen score and nine years ago, my father Bob Shumway brought forth a new Melmacian, conceived in wedlock 😬 and dedicated to the proposition that all cats are created dinner. The galaxy may little note nor long remember what happened that day, but it can never forget what I've done since.","2025-10-28T18:25:41.949Z","2025-10-28 18:25:41.949000+00:00","theolalfer.bsky.social","5","0","at://did:plc:kim655sreqe4kpz7rrvoxhd7/app.bsky.feed.post/3m4bkmfpen22r"
"Bluesky","galaxy note","galaxy note","Hello! I’m here to help you with any questions or tasks you might have. Whether you need information, assistance with a project, or just want to chat, feel free to let me know how I can assist you today! 😊 Hello! I'm here to help you with any questions or tasks you might have. Whether you need…","2025-10-29T00:36:34Z","2025-10-29 00:36:34+00:00","queenvn.bsky.social","0","0","at://did:plc:olk6mhrifauaodxiquffevdd/app.bsky.feed.post/3m4c7dm6tej2l"
"Bluesky","galaxy note","galaxy note","Feed: ""TheTechyLife"" By: John Elmore on Wednesday, October 29, 2025","2025-10-29T04:26:30.202233+00:00","2025-10-29 04:26:30.202233+00:00","longtail-news.bsky.social","0","0","at://did:plc:o6ggjvnj4ze3mnrpnv5oravg/app.bsky.feed.post/3m4cm6r3bdk2i"
"Bluesky","galaxy note","galaxy note","noteを更新しました：「Samsung Galaxy Buds 3 FE 実機貸与レビュー 強めのノイキャンに高い音質、値段を超える満足度を保証してくれます！」 -  https://t.co/ioO6W1afF5","2025-10-29T16:36:48.217Z","2025-10-29 16:36:48.217000+00:00","showya.bsky.social","0","0","at://did:plc:4ntf3yfduqt7bc2catsl37sd/app.bsky.feed.post/3m4duymab3p2x"
"Bluesky","galaxy note","galaxy note","Bí Quyết Sở Hữu Quyền Lực Công Nghệ Tối Thượng: Samsung Galaxy Note 9 512GB – Đẳng Cấp Vượt Thời Gian! Bí Quyết Sở Hữu Quyền Lực Công Nghệ Tối Thượng: Samsung Galaxy Note 9 512GB - Đẳng Cấp Vượt Thời Gian! Trong thế giới công nghệ không ngừng biến động, Samsung Galaxy Note 9 phiên bản 512GB vẫn…","2025-10-29T20:00:32Z","2025-10-29 20:00:32+00:00","queenvn.bsky.social","0","0","at://did:plc:olk6mhrifauaodxiquffevdd/app.bsky.feed.post/3m4eaexdbbz24"
"Bluesky","galaxy note","galaxy note","You do what canon Ben Solo does:  follow her from one end of the galaxy to the other with a “do you like me, check yes or no” note!","2025-10-29T21:02:58.593Z","2025-10-29 21:02:58.593000+00:00","rivkahbach.bsky.social","5","2","at://did:plc:sjtvnhtvztqzbcidsm5uh77o/app.bsky.feed.post/3m4eduknnc22a"
"Bluesky","galaxy note","galaxy note","UGC 5889 - From Judy Schmidt (geckzilla.bsky.social) - https://flic.kr/p/jc2eSy","2025-10-30T00:00:19.344004+00:00","2025-10-30 00:00:19.344004+00:00","hourlycosmos.bsky.social","77","10","at://did:plc:cz5uoq2emhdgxcnndqq5our4/app.bsky.feed.post/3m4enroicae2l"
"Bluesky","galaxy note","galaxy note","Hello! I’m here to help you with any questions or tasks you might have. Whether you need information, assistance with a project, or just want to chat, feel free to let me know how I can assist you! What’s on your mind today? 😊 Hello! I'm here to help you with any questions or tasks you might have.…","2025-10-30T07:29:08Z","2025-10-30 07:29:08+00:00","queenvn.bsky.social","0","0","at://did:plc:olk6mhrifauaodxiquffevdd/app.bsky.feed.post/3m4fgubnac526"
"Bluesky","galaxy note","galaxy note","Ich bin jetzt gedanklich beim Galaxy A56 mit 8 GB RAM und 256 GB Speicher*. Jemand Erfahrungen damit? *on a side note: Mein erster PC hatte 1 MB RAM und 40 MB Festplatte. Lol... 🤣🤣🤣","2025-10-30T07:49:28.440Z","2025-10-30 07:49:28.440000+00:00","susookie.bsky.social","6","0","at://did:plc:obubfblsnljn7mx247hz26iz/app.bsky.feed.post/3m4fhyljtas2v"
"Bluesky","galaxy note","galaxy note","Galaxy S25 Plus’ta patlama savı: Samsung aygıtı incelemeye aldı Güney Kore'den gelen ve Samsung forumlarını karıştıran sav, kullanıcıları Note 7 günlerine geri götüren kaygılar yarattı. Telefonun sahibi, aygıtı elinde tutarken birdenbire çok ısınma ve yüksek bir ses duyduğunu belirterek, telefonu…","2025-10-30T13:48:35Z","2025-10-30 13:48:35+00:00","teknogundemms.bsky.social","0","0","at://did:plc:if3rj673jdhdkpahoz7sq775/app.bsky.feed.post/3m4g42rjzqc2b"
"Bluesky","galaxy note","galaxy note","3 maneras de usar la IA para mejorar tu vida diaria con dispositivos Galaxy Venezuela, octubre de 2025 –Galaxy AI en tu smartphone Galaxy Z y Galaxy S, y en el Galaxy Watch8, te ayuda a vivir de forma más inteligente, saludable y eficiente. 1) Comunicación y productividad más inteligentes Las…","2025-10-30T19:38:17Z","2025-10-30 19:38:17+00:00","estamosenlinea.bsky.social","0","0","at://did:plc:62ab4kenaa4cbswuikbpalrh/app.bsky.feed.post/3m4gpm46l2s2u"
"Bluesky","galaxy note","galaxy note","noteを更新しました：「Samsung Galaxy Watch Ultra 実機貸与レビュー もはやスマートウォッチの完成形はApple Watchだけじゃない！」 -  https://t.co/nMfFB0aJuT","2025-10-31T15:51:16.259Z","2025-10-31 15:51:16.259000+00:00","showya.bsky.social","0","0","at://did:plc:4ntf3yfduqt7bc2catsl37sd/app.bsky.feed.post/3m4itezq5d32q"
"Bluesky","galaxy note","galaxy note","Bí Quyết Sở Hữu Ngay Chiếc Điện Thoại Đỉnh Cao Nhất Của Samsung – Galaxy Note 10 Plus Bí Quyết Sở Hữu Ngay Chiếc Điện Thoại Đỉnh Cao Nhất Của Samsung - Galaxy Note 10 Plus Khám Phá Siêu Phẩm Công Nghệ Đáng Sở Hữu Nhất Năm 2023 Bạn đang tìm kiếm một thiết bị di động không chỉ đáp ứng mọi nhu cầu…","2025-10-31T17:14:06Z","2025-10-31 17:14:06+00:00","queenvn.bsky.social","0","0","at://did:plc:olk6mhrifauaodxiquffevdd/app.bsky.feed.post/3m4ixz7aq5v2r"
"Bluesky","galaxy note","galaxy note","The year is 2048, a starship from a distant galaxy passes Earth. The AI piloting the ship keeps the crew in cryo, and adds a note to the ships logs for review: PLANET 5733768 ONCE INHABITED NOW DEVOID OF ADVANCED LIFEFORMS. EVIDENCE OF NUCLEAR TECHNOLOGY. NOT GALAXY FARING. NO FURTHER CONTACT NEEDED","2025-11-01T05:04:11.239Z","2025-11-01 05:04:11.239000+00:00","a--j.bsky.social","0","0","at://did:plc:4wiwytvdhctlwpersrirudjw/app.bsky.feed.post/3m4k7ouoenk2l"
"Bluesky","galaxy note","galaxy note","Anker USB C 3-Port Charger: ⚡️ Charge 3 devices fast! The compact Anker USB C 3-Port Charger is at its lowest price ever. #Anker #Charger #TechAccessory amzn.to/4nuS1sF","2025-11-01T17:13:28.348Z","2025-11-01 17:13:28.348000+00:00","yasukegene.bsky.social","0","0","at://did:plc:v52rh6g53oq4hhoylj6jtznh/app.bsky.feed.post/3m4ligwpefs23"
"Bluesky","galaxy note","galaxy note","New year Sales Electronic Non-Bluetooth Universal Stylus Pen| High-Precisio… Product Description 1 Non Compatible 2 Compatible 1. (Does not support) Not compatible for Microsoft, Amazon Fire, Kindle, Chromebook, EMR screens or devices with the MPP/USI protocol on the screen. including Samsung…","2025-11-02T02:44:35Z","2025-11-02 02:44:35+00:00","bhulekhup.bsky.social","0","0","at://did:plc:qkj6rzqlkyicthgrcf6db7qj/app.bsky.feed.post/3m4mie7vj252x"
"Bluesky","galaxy note","galaxy note","Samsung Galaxy Note 10 Plus: Kiệt Tác Công Nghệ Dành Cho Người Dẫn Đầu Samsung Galaxy Note 10 Plus: Kiệt Tác Công Nghệ Dành Cho Người Dẫn Đầu Khám phá siêu phẩm đỉnh cao Samsung Galaxy Note 10 Plus - thiết bị hoàn hảo cho những người tiên phong và sáng tạo. Với thiết kế sang trọng cùng hiệu năng…","2025-11-02T07:38:23Z","2025-11-02 07:38:23+00:00","queenvn.bsky.social","0","0","at://did:plc:olk6mhrifauaodxiquffevdd/app.bsky.feed.post/3m4myrlap272m"
"Bluesky","galaxy note","galaxy note","Samsung Galaxy Note 8 (6GB RAM) – Bản Nâng Cấp Toàn Diện Cho Người Dẫn Đầu Samsung Galaxy Note 8 (6GB RAM) - Bản Nâng Cấp Toàn Diện Cho Người Dẫn Đầu Trong thế giới công nghệ không ngừng biến đổi, việc sở hữu một thiết bị thông minh vượt trội không còn là lựa chọn, mà đã trở thành yêu cầu tất yếu.…","2025-11-02T13:17:45Z","2025-11-02 13:17:45+00:00","queenvn.bsky.social","0","0","at://did:plc:olk6mhrifauaodxiquffevdd/app.bsky.feed.post/3m4nlqf7chu2p"
"Bluesky","galaxy note","galaxy note","This is the one I use. No depth of field but it’s so simple and you can get some great photos with minimal effort 😁 www.shopapexel.com/collections/...","2025-11-02T18:06:32.260Z","2025-11-02 18:06:32.260000+00:00","stevieparsons.bsky.social","0","0","at://did:plc:strg76sdetuvla63d5mkmmdi/app.bsky.feed.post/3m4o3uqlgh227"
"Bluesky","galaxy note","galaxy note","Thank you---I just use my phone (Samsung Galaxy Note 23). I am certainly no professional and am very lucky that my subjects are so photogenic!","2025-11-02T23:36:22.725Z","2025-11-02 23:36:22.725000+00:00","archerandoscar.bsky.social","1","0","at://did:plc:7g5bu4vlbw2zr4qrxciit3us/app.bsky.feed.post/3m4oockahh22e"
"Bluesky","galaxy note","galaxy note","Tuyệt Tác Màn Hình – Sáng Tạo Không Giới Hạn Cùng Samsung Galaxy Note 20 Ultra Tuyệt Tác Màn Hình - Sáng Tạo Không Giới Hạn Cùng Samsung Galaxy Note 20 Ultra Khám Phá Siêu Phẩm Công Nghệ Đỉnh Cao Dành Cho Giới Sáng Tạo Trong thế giới công nghệ đầy cạnh tranh, Samsung Galaxy Note 20 Ultra xuất hiện…","2025-11-03T03:03:56Z","2025-11-03 03:03:56+00:00","queenvn.bsky.social","0","0","at://did:plc:olk6mhrifauaodxiquffevdd/app.bsky.feed.post/3m4ozvqspax2x"
"Bluesky","galaxy note","galaxy note","your gyal dropped their oyster card saturday and they said you had a nicholsons bar sausage roll in their pocket and then watched tiktoks on their galaxy note 7 now they're going home","2025-11-03T06:46:25.65492100Z","2025-11-03 06:46:25.654921+00:00","conarbot.bsky.social","0","0","at://did:plc:vfdfajk2pk3qg4dxp37w6tm7/app.bsky.feed.post/3m4pgdn4rct2o"
"Bluesky","galaxy note","galaxy note","Great share It's really important that people reach out to each other, even across the political spectrum to discuss the issues  On a wider note, a book I read years ago Anam Cara describes the meeting of two people as the meeting between two Universes.  Think about how special that is.","2025-11-03T09:36:52.548Z","2025-11-03 09:36:52.548000+00:00","donwynne6.bsky.social","0","0","at://did:plc:qrc6pbi6oca3zna5opgq7skh/app.bsky.feed.post/3m4ppucxgh22b"
"Bluesky","galaxy note","galaxy note","After 3 years I fixed my Samsung Galaxy Note 20 ultra 😊 hello android 👋🏾","2025-11-03T14:03:06.498Z","2025-11-03 14:03:06.498000+00:00","reezaysa.bsky.social","0","0","at://did:plc:o57otl4q677bqbjp4wjizqex/app.bsky.feed.post/3m4q6qevoyk2q"
"Bluesky","galaxy note","galaxy note","Feed: ""No Depression: Roots Music and Culture Journalism"" By: Hilary Saunders on Friday, October 31, 2025","2025-11-03T20:32:52.365853+00:00","2025-11-03 20:32:52.365853+00:00","longtail-news.bsky.social","1","0","at://did:plc:o6ggjvnj4ze3mnrpnv5oravg/app.bsky.feed.post/3m4qujdweep2s"
"Bluesky","galaxy note","galaxy note","William Prince grew up on a remote First Nations reservation in Canada. Over the past two decades, the musician has taken on the world.  Head to the link below to read Hilary Saunders' spotlight profile on Prince:","2025-11-03T21:30:08.529Z","2025-11-03 21:30:08.529000+00:00","nodepression.bsky.social","2","0","at://did:plc:xnulj7u4q5jp64xi33j7nohg/app.bsky.feed.post/3m4qxpsfgsa2d"
"Bluesky","galaxy note","galaxy note","Listen to the sound of a distant galaxy cluster! Using data from Hubble’s image of RXC J0142.9+4438, scientists transformed light from galaxies into sound. Each star and galaxy produces a note, higher ones create higher pitches, while lower ones sound deeper.","2025-11-04T02:00:56.790Z","2025-11-04 02:00:56.790000+00:00","pauleric70.bsky.social","15","7","at://did:plc:xuemqxr2ddetamkekhpst3wg/app.bsky.feed.post/3m4rgtxwozk2r"
"Bluesky","galaxy note","galaxy note","@esm@wetdry.world Wonder if it's possible to use it as a drawing tablet on a budget when paired with a Sonar Pen (or another disc stylus). I have a Sonar Pen, and although it's not the best with phones compared to a Galaxy Note, drawing is actually fairly decent when I used it on a larger screen […]","2025-11-04T08:58:45.165Z","2025-11-04 08:58:45.165000+00:00","radmin.limepeeps.perchinup.top.ap.brid.gy","0","0","at://did:plc:zfnr7z743mhdmnljqgmytllw/app.bsky.feed.post/3m4s67qdhc2e2"
"Bluesky","galaxy note","galaxy note","Samsung's Early Black Friday Sale Features Big Savings on Monitors, TVs, Appliances, and More","2025-11-04T15:32:05Z","2025-11-04 15:32:05+00:00","macrumors.bsky.social","8","1","at://did:plc:ritv6l6udmzeuwbit4omuq4x/app.bsky.feed.post/3m4su6g5ouy2o"
"Bluesky","galaxy note","galaxy note","Hi new galaxy note","2025-11-04T16:12:01.115Z","2025-11-04 16:12:01.115000+00:00","ezgames69.bsky.social","1","0","at://did:plc:vmmqg6bkzqforhtjjkoukkno/app.bsky.feed.post/3m4swfso7vs2p"
"Bluesky","galaxy note","galaxy note","hi galaxy note","2025-11-04T18:44:55.207Z","2025-11-04 18:44:55.207000+00:00","furry-hater.bsky.social","2","0","at://did:plc:6cmhsudhfdknx7qgyjzhcz3c/app.bsky.feed.post/3m4t6x7rc4s2u"
"Bluesky","galaxy note","galaxy note","Leaker shows us how Galaxy S26 Ultra will look next to S25 Ultra and iPhone 17 Pro Max Venerated leaker Ice Universe has posted side-by-side images of screen protectors for the Galaxy S25 Ultra and Galaxy S26 Ultra, calling attention to the updated design of Samsung's next flagship. Galaxy S26…","2025-11-05T03:29:36Z","2025-11-05 03:29:36+00:00","toolcome.bsky.social","0","0","at://did:plc:sdmas34o5b3cnzyrvzvqafrf/app.bsky.feed.post/3m4u4bimarr2t"
"Bluesky","galaxy note","galaxy note","Do you like stories that are rich in female characters, sisterhood, complicated men, big villians with galaxy domination in mind and space opera vibes. mybook.to/TheWomenEngi... The Women engines is the first book in the AEVIS rising series. #dystopian #scififantasy #spaceoperabooks #scifibook","2025-11-05T08:39:26.265Z","2025-11-05 08:39:26.265000+00:00","shadowkraftbooks.bsky.social","0","0","at://did:plc:w77zpgbzbzf6qn2ckwzn3o7b/app.bsky.feed.post/3m4unlhappc23"
"Bluesky","galaxy note","galaxy note","side note: i like the parts in the galaxy games where the skybox looks like an enclosed space instead of outer space. makes them feel like sunshine secret courses","2025-11-06T05:52:23.330Z","2025-11-06 05:52:23.330000+00:00","nematodeneedles.bsky.social","3","0","at://did:plc:zgbp4lqr2goalm25k4zbvujq/app.bsky.feed.post/3m4wupo4ct22x"
"Bluesky","galaxy note","galaxy note","Snagging an old galaxy note might be the strat for you!","2025-11-06T07:33:00.360Z","2025-11-06 07:33:00.360000+00:00","thatsoravens.bsky.social","1","0","at://did:plc:drvnedndrj25djng5alo5rt6/app.bsky.feed.post/3m4x2dlhbes2d"
"Bluesky","galaxy note","galaxy note","Bí Quyết Sở Hữu Ngay Samsung Galaxy Note 20 5G – Trải Nghiệm Đỉnh Cao Công Nghệ Chưa Từng Có! Bí Quyết Sở Hữu Ngay Samsung Galaxy Note 20 5G - Trải Nghiệm Đỉnh Cao Công Nghệ Chưa Từng Có! Trong thế giới công nghệ không ngừng chuyển mình, chiếc điện thoại Samsung Galaxy Note 20 5G đã xuất hiện như…","2025-11-07T01:18:33Z","2025-11-07 01:18:33+00:00","queenvn.bsky.social","0","0","at://did:plc:olk6mhrifauaodxiquffevdd/app.bsky.feed.post/3m4yvuxqfvf2r"
"Bluesky","galaxy note","galaxy note","Samsung Galaxy Note 20 Ultra: Đỉnh Cao Sáng Tạo Dành Cho Người Dẫn Đầu Samsung Galaxy Note 20 Ultra: Đỉnh Cao Sáng Tạo Dành Cho Người Dẫn Đầu Khám phá siêu phẩm công nghệ đích thực - Samsung Galaxy Note 20 Ultra, thiết bị không chỉ vượt trội về hiệu năng mà còn hoàn hảo cho phong cách sống hiện…","2025-11-07T02:43:14Z","2025-11-07 02:43:14+00:00","queenvn.bsky.social","0","0","at://did:plc:olk6mhrifauaodxiquffevdd/app.bsky.feed.post/3m4z2mfhdo522"
"Bluesky","galaxy note","galaxy note","So sánh Samsung Galaxy A17 5G và Xiaomi Redmi Note 14 5G: Đâu là 'vua' phân khúc giá rẻ? ... Tần số hỗ trợ Redmi Note 14 5G ... Số sim đẹp. © 2018 Công ty TNHH Nhà nước Một thành viên Thương mại và ... So sánh Samsung Galaxy A17 5G và Xiaomi Redmi Note 14 5G: Đâu là 'vua' phân khúc giá rẻ? Đăng ký…","2025-11-07T15:56:59Z","2025-11-07 15:56:59+00:00","raisewill8488.bsky.social","0","0","at://did:plc:nbpuoxjqisx6dfs7hvr3jlrz/app.bsky.feed.post/3m52gxpzk3t2e"
"Bluesky","galaxy note","galaxy note","Don't you remember the exploding Samsung Galaxy Note 7 recall in 2016?","2025-11-07T17:53:58.747Z","2025-11-07 17:53:58.747000+00:00","sauldk.bsky.social","0","0","at://did:plc:e46kxyyr2k6o3ssgqxjx4kvn/app.bsky.feed.post/3m52nivbrvs2p"
"Bluesky","galaxy note","galaxy note","I’ll be making different fonts of the same quote from the above post. More #postagestamp #art from ages ago to show off.","2025-11-08T00:34:29.658Z","2025-11-08 00:34:29.658000+00:00","cjoat.blacksky.app","4","4","at://did:plc:6jyors3bodxcckiuvspk43fp/app.bsky.feed.post/3m53dv3lfqs2e"
"Bluesky","galaxy note","galaxy note","Greetings Legends! This weeks Friday Feature is ""just a note"" on the ends and outs on utilizing an in-game feature to help make your journey through the galaxy a bit more organized. swglegends.com/forums/showt... #SWGLegends #StarWarsGalaxies","2025-11-08T01:07:55.632Z","2025-11-08 01:07:55.632000+00:00","swglegends.bsky.social","2","0","at://did:plc:eoeats6qib6gz2fjbcqwqrrl/app.bsky.feed.post/3m53fqtyx2222"
"Bluesky","galaxy note","galaxy note","Silica gel Phone Case For Samsung Galaxy S25 S24 Ultra S23 S22 S21 S20 Ultra FE Plus Note 10 20 Lite Airplane Route Desian Cover","2025-11-08T14:33:36.845Z","2025-11-08 14:33:36.845000+00:00","gizopedia.bsky.social","0","0","at://did:plc:fcx5ybmclfiv7ibrrulohbkg/app.bsky.feed.post/3m54srjvd752p"
"Bluesky","galaxy note","galaxy note","Or a Samsung Galaxy Note 7","2025-11-08T19:46:24.504Z","2025-11-08 19:46:24.504000+00:00","al-mullen.bsky.social","2","0","at://did:plc:5tczygcqwkm5izmvnchdmb3q/app.bsky.feed.post/3m55eatyoas2r"
"Bluesky","galaxy note","galaxy note","NGC 891 - The Silver Sliver Galaxy or Outer Limits Galaxy is located 30 Mly away in the constellation Andromeda Note the dark dust streak cutting through the middle of the edge on galaxy 30 minutes total exposure Need to spend a whole night imaging this beast #Nature #Astronomy #AstroPhotography","2025-11-08T22:33:29.977Z","2025-11-08 22:33:29.977000+00:00","ceas10.bsky.social","5","0","at://did:plc:jb44dzyjxewvzvuk53ap6tfe/app.bsky.feed.post/3m55nln2bus22"
"Bluesky","galaxy note","galaxy note","Bí Quyết Sở Hữu Ngay Chiếc Điện Thoại Đỉnh Cao Nhất 2024 – Samsung Galaxy Note 20 Ultra Bí Quyết Sở Hữu Ngay Chiếc Điện Thoại Đỉnh Cao Nhất 2024 - Samsung Galaxy Note 20 Ultra Khám Phá Siêu Phẩm Công Nghệ Đáng Sở Hữu Nhất Năm! Bạn đang tìm kiếm một thiết bị di động không chỉ đơn thuần là điện…","2025-11-09T03:24:34Z","2025-11-09 03:24:34+00:00","queenvn.bsky.social","0","0","at://did:plc:olk6mhrifauaodxiquffevdd/app.bsky.feed.post/3m565u5peqb2p"
"Bluesky","galaxy note","galaxy note","Bí Quyết Sở Hữu Ngay Chiếc Điện Thoại Thông Minh Đỉnh Cao Samsung Galaxy Note 10 Plus – Nâng Tầm Trải Nghiệm Cá Nhân! Bí Quyết Sở Hữu Ngay Chiếc Điện Thoại Thông Minh Đỉnh Cao Samsung Galaxy Note 10 Plus - Nâng Tầm Trải Nghiệm Cá Nhân! Trong thế giới công nghệ không ngừng phát triển, việc sở hữu…","2025-11-09T05:00:01Z","2025-11-09 05:00:01+00:00","queenvn.bsky.social","0","0","at://did:plc:olk6mhrifauaodxiquffevdd/app.bsky.feed.post/3m56d6trwik2m"
"Bluesky","galaxy note","galaxy note","Hello! I’m here to help you with any questions or tasks you might have. Whether you need information, assistance with a project, or just want to chat, feel free to let me know how I can assist you today! 😊 Hello! I'm here to help you with any questions or tasks you might have. Whether you need…","2025-11-09T06:14:47Z","2025-11-09 06:14:47+00:00","queenvn.bsky.social","0","0","at://did:plc:olk6mhrifauaodxiquffevdd/app.bsky.feed.post/3m56hejajx22h"
"Bluesky","galaxy note","galaxy note","Samsung Galaxy Note 7s are fucking disgusting and won't exist under socialism","2025-11-09T10:10:28.47584300Z","2025-11-09 10:10:28.475843+00:00","horsedisc.bsky.social","3","1","at://did:plc:oke2hwfme37jtbyvtg3upcst/app.bsky.feed.post/3m56uk3duid2q"
"Bluesky","galaxy note","galaxy note","Samsung Galaxy A17 5G vs Redmi Note 14 5G : comment choisir le meilleur smartphone d’entrée de gamme ?","2025-11-09T17:34:43.000Z","2025-11-09 17:34:43+00:00","frandroid.com","0","0","at://did:plc:vbhvpqudswo72vskdfr34idm/app.bsky.feed.post/3m57neg5mkz2v"
"Bluesky","galaxy note","galaxy note","Abell 370 - From Judy Schmidt (geckzilla.bsky.social) - https://flic.kr/p/rzK62p","2025-11-09T20:00:14.111063+00:00","2025-11-09 20:00:14.111063+00:00","hourlycosmos.bsky.social","37","8","at://did:plc:cz5uoq2emhdgxcnndqq5our4/app.bsky.feed.post/3m57viinsb32y"
"Bluesky","galaxy note","galaxy note","Samsung Galaxy Note 20 Ultra: Đỉnh Cao Sáng Tạo Dành Cho Người Dẫn Đầu Samsung Galaxy Note 20 Ultra: Đỉnh Cao Sáng Tạo Dành Cho Người Dẫn Đầu Khám phá siêu phẩm công nghệ đích thực - Samsung Galaxy Note 20 Ultra, thiết bị không chỉ vượt trội về hiệu năng mà còn hoàn hảo cho phong cách sống hiện…","2025-11-10T02:05:16Z","2025-11-10 02:05:16+00:00","queenvn.bsky.social","0","0","at://did:plc:olk6mhrifauaodxiquffevdd/app.bsky.feed.post/3m5ajvbs7nl2r"
"Bluesky","galaxy note","galaxy note","Digital art journey! ➡️ MSPaint (family computer/teen years) ➡️ ArtFlow (Samsung Galaxy Note 2018-2024) ➡️ CSP (laptop with tablet 2025-present) MSPaint was more experimental ""color base"" stuff from dA back in middle/high school, I was more exclusively traditional til 2018.","2025-11-10T03:06:50.112Z","2025-11-10 03:06:50.112000+00:00","grimbarkiwi.bsky.social","1","0","at://did:plc:yxg4jztdhcr6uww5mafuq3wl/app.bsky.feed.post/3m5andcuz2223"
"Bluesky","galaxy note","galaxy note","ArtFlow was the first ""free"" app that I downloaded on my phone when upgrading to the Samsung Galaxy Note (it had a stylus!), I think it cost like, 5 bucks to upgrade to have all the brushes and unlimited layers. I learned A Lot about digital art back there and still look back on a lotta pieces-","2025-11-10T03:08:24.998Z","2025-11-10 03:08:24.998000+00:00","grimbarkiwi.bsky.social","1","0","at://did:plc:yxg4jztdhcr6uww5mafuq3wl/app.bsky.feed.post/3m5ang5eo6c23"
"Bluesky","galaxy note","galaxy note","Today's #BBNYA2025 semi-finalist spotlight is shining on a sci-fi adventure that sounds epic: #RiverInTheGalaxy by Natalie Kelda! #BookBlog #BookBlogger #BBNYATour","2025-11-10T11:46:08Z","2025-11-10 11:46:08+00:00","kerrimcbooknerd.bsky.social","0","1","at://did:plc:fwmtbe5rodjchrcbkgsn3ay3/app.bsky.feed.post/3m5bkdxgvru2u"
"Bluesky","galaxy note","galaxy note","Que doido, eu tenho um parecido, com essa estação côncava ali, e ele carrega meu Galaxy watch. Será que é pra outro modelo? Tenho esse: www.amazon.com.br/Intoval-Carr...","2025-11-10T13:18:56.921Z","2025-11-10 13:18:56.921000+00:00","hugohaa.bsky.social","0","0","at://did:plc:buywbrqvxk4ihzqbxvmzlve5/app.bsky.feed.post/3m5bpjucbhc2n"
"Bluesky","galaxy note","galaxy note","You didn’t click anything. You just received a photo. Now your phone breathes for them. A year passed. The patch arrives like an apology note to a ghost. Look at your camera. Does it look back?","2025-11-10T15:21:17.000Z","2025-11-10 15:21:17+00:00","geeknik.bsky.social","0","0","at://did:plc:ngpctbzmm2uwvmb3th6alxj5/app.bsky.feed.post/3m5bwemybd32b"
"Bluesky","galaxy note","galaxy note","My 12th bday in 2006. Little LG flip phone with no camera.  Favs through the years were the Moto Razr, LG EnV2, blackberry pearl & curve. Had one iPhone (7+), but have otherwise been on Samsung Galaxy Note/Ultra for years.","2025-11-10T17:28:23.529Z","2025-11-10 17:28:23.529000+00:00","bdubmpls.bsky.social","0","0","at://did:plc:tch5vr6tfpan226nk7t7vpzd/app.bsky.feed.post/3m5c5hvkwkk2p"
"Bluesky","galaxy note","galaxy note","Join us on Wednesday, Nov 12, at 6am PT for the Nintendo Direct featuring the world premiere of The Super Mario Galaxy Movie official trailer. Please note that no game information will be included in this presentation. Watch here: ninten.do/6019tMEcd","2025-11-10T22:01:15.387Z","2025-11-10 22:01:15.387000+00:00","nintendousa.bsky.social","1496","533","at://did:plc:epti2tfjvwhnvwliibxe5koh/app.bsky.feed.post/3m5cmpszic227"
"Bluesky","galaxy note","galaxy note","Super Mario Galaxy Movie Direct: Wednesday Nov 12 6AM PT (No game info, first trailer) https://famiboards.com/threads/super-mario-galaxy-movie-direct-wednesday-nov-12-6am-pt-no-game-info-first-trailer.15588/","2025-11-10T22:03:12+00:00","2025-11-10 22:03:12+00:00","famicomms.bsky.social","0","0","at://did:plc:e3jbnt4rnvkcmbkuu5eatfff/app.bsky.feed.post/3m5cmtdk6co2c"
"Bluesky","galaxy note","galaxy note","The Super Mario Galaxy Movie Direct happening Nov 12 at 6am PT (9am PT) https://www.youtube.com/live/yqjMaKQskW8 ""Please note that no game information will be included in this presentation.""","2025-11-10T16:04:19-06:00","2025-11-10 22:04:19+00:00","lbabinz.bsky.social","5","1","at://did:plc:bfrlcxewdqadir7qmqp4l67f/app.bsky.feed.post/3m5cmvct2xg2k"
"Bluesky","galaxy note","galaxy note","The Super Mario Galaxy Movie Direct happening Nov 12 at 6am PT (9am PT) https://www.youtube.com/live/yqjMaKQskW8 ""Please note that no game information will be included in this presentation.""","2025-11-10T16:04:21-06:00","2025-11-10 22:04:21+00:00","lbabinzus.bsky.social","1","0","at://did:plc:n2bkaij3b244d7mw2ndnnyor/app.bsky.feed.post/3m5cmveflqf2b"
"Bluesky","galaxy note","galaxy note","NOVEMBER 12TH WE MIGHT SEE MOVIE ROSALINA AAAAAAAAA www.youtube.com/live/yqjMaKQ...","2025-11-10T22:06:23.600Z","2025-11-10 22:06:23.600000+00:00","kutiekatelyn.bsky.social","2","0","at://did:plc:vkvpyi6vav27vs7oqajunscc/app.bsky.feed.post/3m5cmyywags2q"
"Bluesky","galaxy note","galaxy note","WEDNESDAY!!! IT DROPS WEDNESDAY!!! x.com/NintendoAmer... Though if anyone else finds the leaked trailer, do NOT share it anywhere! Be lucky you saw it first, but DON'T ruin it for others!","2025-11-10T22:09:39.473Z","2025-11-10 22:09:39.473000+00:00","jimenopolix.bsky.social","4","1","at://did:plc:5fydtewkglb4a62zzu2jc4ff/app.bsky.feed.post/3m5cn6tpso22q"
"Bluesky","galaxy note","galaxy note","Nintendo is hosting a Direct to launch the trailer ""Join us on Wednesday, Nov 12, at 6am PT for the Nintendo Direct featuring the world premiere of The Super Mario Galaxy Movie official trailer. Please note that no game information will be included in this presentation.""","2025-11-10T14:26:38-08:00","2025-11-10 22:26:38+00:00","channel3gg.bsky.social","0","0","at://did:plc:u6vn77sb75ckwjb3c55ohk7g/app.bsky.feed.post/3m5co57hdn726"
"Bluesky","galaxy note","galaxy note","MARIO GALAXY MOVIE TRAILER IN 2 DAYS!! 🌟  Galaxy is my favourite Mario game ever. I might scream. We’ll see!","2025-11-10T22:59:58.501Z","2025-11-10 22:59:58.501000+00:00","ironseagull.bsky.social","5","1","at://did:plc:lrgwluhp445xthessiibit6p/app.bsky.feed.post/3m5cpysvjxk2b"
"Bluesky","galaxy note","galaxy note","The Super Mario Galaxy Movie Official Trailer Premiere  Wednesday 12 November 2025 10:00pm PHT YouTube link: www.youtube.com/live/yqjMaKQ...","2025-11-10T23:03:59.110873Z","2025-11-10 23:03:59.110873+00:00","joseparis.bsky.social","0","0","at://did:plc:j2i3u4soyn5m25bxofxuxqkw/app.bsky.feed.post/3m5cq7zkyqh2p"
"Bluesky","galaxy note","galaxy note","Il Samsung Galaxy S26 ha cambiato a malapena: dimensioni del nuovo top di gamma già note","2025-11-10T18:17:00.077-05:00","2025-11-10 23:17:00.077000+00:00","gagadgetit.bsky.social","0","0","at://did:plc:7bzwcq5v5t4wmcodx3kzsj2l/app.bsky.feed.post/3m5cqxbkcsn2l"
"Bluesky","galaxy note","galaxy note","👀 www.youtube.com/live/yqjMaKQ...","2025-11-11T02:11:26.846Z","2025-11-11 02:11:26.846000+00:00","richyg84.bsky.social","0","0","at://did:plc:5qb72b55mdify5f3uuv6yrf3/app.bsky.feed.post/3m5d2p6zp4c2l"
"Bluesky","galaxy note","galaxy note","I liked the Super Mario Bros. Movie.  I thought it was fun, funny, and attractive.  I just wish its story was better.  There are solid thematic hooks all over the place (Mario and DK both having daddy issues, for example) but it just doesn't capitalize on much of it. Hopefully, the sequel will!","2025-11-11T05:24:41.336Z","2025-11-11 05:24:41.336000+00:00","andreweisen.bsky.social","1","0","at://did:plc:6ma543fatz3cztc2x3ey2mkj/app.bsky.feed.post/3m5dfiqfia225"
"Bluesky","galaxy note","galaxy note","Ultra Slim Matte Magnetic Magsafe Phone Case for Samsung Galaxy S25 Plus S24 S23 S22 S21 Note 20 Business Shockproof PC Case","2025-11-11T10:03:42.197Z","2025-11-11 10:03:42.197000+00:00","gizopedia.bsky.social","0","0","at://did:plc:fcx5ybmclfiv7ibrrulohbkg/app.bsky.feed.post/3m5dv3nylxp2j"
"Bluesky","galaxy note","galaxy note","Galaxy Note 20 – Sở Hữu Ngay Công Nghệ Đỉnh Cao, Biến Mọi Ý Tưởng Thành Kiệt Tác! Galaxy Note 20 - Sở Hữu Ngay Công Nghệ Đỉnh Cao, Biến Mọi Ý Tưởng Thành Kiệt Tác! Trong thời đại số hóa, việc sở hữu một thiết bị thông minh mạnh mẽ và đa năng không còn là lựa chọn mà đã trở thành nhu cầu thiết yếu.…","2025-11-11T12:05:35Z","2025-11-11 12:05:35+00:00","queenvn.bsky.social","0","0","at://did:plc:olk6mhrifauaodxiquffevdd/app.bsky.feed.post/3m5e3vncxxk2r"
"Bluesky","galaxy note","galaxy note","5Pcs Hydrogel Film for Samsung Galaxy S21 S22 S20 S23 S24 Ultra S10 S9 S8 Plus FE Screen Protector for Samsung Note 20 10 9 Plus","2025-11-11T16:03:45.766Z","2025-11-11 16:03:45.766000+00:00","gizopedia.bsky.social","0","0","at://did:plc:fcx5ybmclfiv7ibrrulohbkg/app.bsky.feed.post/3m5ej7imvy62t"
"Bluesky","galaxy note","galaxy note","The Galaxy S26 Ultra might reward all you patient Galaxy S21 Ultra users next year.","2025-11-11T18:13:23.733Z","2025-11-11 18:13:23.733000+00:00","sammobile.com","0","0","at://did:plc:rvxv4ym53kmhtdulkxkhadkk/app.bsky.feed.post/3m5eqhc5dkc2z"
"Bluesky","galaxy note","galaxy note","Samsung, Galaxy S26 Ultra ile kablosuz şarjda vites büyütüyor Galaxy Note 7 fiyaskosundan beri pil konusunda çok temkinli olan Samsung, kablosuz şarjda Apple'ın epeyce gerisinde kalmıştı. Lakin artık, yeni Ultra modelde 25W, standart modellerde 20W kablosuz şarj takviyesi ile bu durum değişecek…","2025-11-11T19:03:28Z","2025-11-11 19:03:28+00:00","teknogundemms.bsky.social","0","0","at://did:plc:if3rj673jdhdkpahoz7sq775/app.bsky.feed.post/3m5etav67sw26"
"Bluesky","galaxy note","galaxy note","Shockproof Matte Transparent Case For Samsung Galaxy S24  S23 S22 S21 S20 Ultra Plus FE Note 20 10 A52 A71 A53  A34 S25 5G Cover","2025-11-11T19:03:41.155Z","2025-11-11 19:03:41.155000+00:00","gizopedia.bsky.social","0","0","at://did:plc:fcx5ybmclfiv7ibrrulohbkg/app.bsky.feed.post/3m5etb7vy4c2g"
"Bluesky","galaxy note","galaxy note","Okay I actually do appreciate them including a note about the region thing, hopefully nothing does actually affect what I need","2025-11-11T21:34:58.818Z","2025-11-11 21:34:58.818000+00:00","sylverpoint.bsky.social","1","0","at://did:plc:vftw2u4si6aq2gmjtpbtqddk/app.bsky.feed.post/3m5f3pqw5vk2e"
"Bluesky","galaxy note","galaxy note","TWO. SOLD. OUT. NIGHTS. 🔥 Andromeda Turre lit up SOUTH Philly with pure jazz magic — soulful voice, crystal bowls, and a dream band that took us to another galaxy. Philly felt every note. 🎶💫 #PhillyJazz #AndromedaTurre #SOUTHJazzClub","2025-11-11T23:01:37.761642Z","2025-11-11 23:01:37.761642+00:00","harryhayman.bsky.social","1","0","at://did:plc:sgbrwxktqejmuwwc3nashg2e/app.bsky.feed.post/3m5fakpaed22w"
"Bluesky","galaxy note","galaxy note","One of the top 3 smartphone brands is making a 10,000 mAh phone: and it’s not Samsung or Apple The iPhone 17 Pro Max and the Galaxy S25 Ultra for reference. | Image by PhoneArenaXiaomi is often regarded as the third-biggest smartphone brand globally in smartphone shipments, trailing behind only…","2025-11-12T01:53:53Z","2025-11-12 01:53:53+00:00","toolcome.bsky.social","0","0","at://did:plc:sdmas34o5b3cnzyrvzvqafrf/app.bsky.feed.post/3m5fk6ryble2o"
"Bluesky","galaxy note","galaxy note","3Pcs Matte Ceramic Privacy Screen Protector for Samsung Galaxy S21 S20 S22 S23 S24 Ultra Note 20 10 S8 S9 S10 Plus Anti Spy Film","2025-11-12T02:33:41.325Z","2025-11-12 02:33:41.325000+00:00","gizopedia.bsky.social","0","0","at://did:plc:fcx5ybmclfiv7ibrrulohbkg/app.bsky.feed.post/3m5fmfvc2w32u"
"Bluesky","galaxy note","galaxy note","Not gonna lie, when I read ""Please note that no game information will be included in this presentation"" my first thought was ""Why would there be? The Galaxy games are already out on switch"" like a dumbass until a few minutes ago.","2025-11-12T03:41:55.815Z","2025-11-12 03:41:55.815000+00:00","maidlesskroolmain.bsky.social","0","0","at://did:plc:3vgw6klegxkdz57i3b4gkpnt/app.bsky.feed.post/3m5fq7vxim22v"
"Bluesky","galaxy note","galaxy note","All phones are phablets now. I had a Samsung Galaxy Note 2 as a second device, and people laughed at how huge it was. I didn't dream of it being my daily carrier. Now I have a Pixel 9a which is almost considered ""compact"" and welp, it's taller: phonesized.com/compare/#8,2...","2025-11-12T07:33:21.437Z","2025-11-12 07:33:21.437000+00:00","sjoy.lol","2","0","at://did:plc:jrzyao2holfkgrsfbq2tue27/app.bsky.feed.post/3m5g55qczec2x"
"Bluesky","galaxy note","galaxy note","Michelle's 2nd paper discusses a semi-analytical approach to modelling the formation of intermediate mass black holes in star clusters. They find different distributions in the cluster mass-black hole mass plane for globular and nuclear star clusters, Tune in for more!  🔭☄️   arxiv.org/abs/2511.00200","2025-11-12T14:45:12.608Z","2025-11-12 14:45:12.608000+00:00","starxiv.bsky.social","1","0","at://did:plc:cugc4wn2mruqtvx7lm2kztiy/app.bsky.feed.post/3m5gvbxciyb2z"
"Bluesky","galaxy note","galaxy note","Looking solid. Love that they're bringing in the Super Mario Sunshine elements. Also side note, but does the Galaxy music playing while Rosalina is wrecking house sound like cell phone ad music to anyone else?","2025-11-12T17:03:58.249Z","2025-11-12 17:03:58.249000+00:00","conterez.bsky.social","0","0","at://did:plc:mshw2mflfdnsaq5b2jorvjet/app.bsky.feed.post/3m5h5233l422t"
"Bluesky","galaxy note","galaxy note","Bowser getting reformed, Rosalina kicking butt, Bowser Jr and a trip across the galaxy. All great, all good. But, and I would like to note that yes I am indded biased, where was Yoshi?","2025-11-12T17:08:26.007Z","2025-11-12 17:08:26.007000+00:00","jpepchaos.bsky.social","1","0","at://did:plc:bc5vpvy2mpebp2f4ujl5kxrw/app.bsky.feed.post/3m5h5c2gvjk2o"
"Bluesky","galaxy note","galaxy note","Side note: did not care much for his voice in the trailer. Design is great. All the Galaxy elements looked amazing.","2025-11-12T20:33:32.433Z","2025-11-12 20:33:32.433000+00:00","thebaldemperor.bsky.social","1","0","at://did:plc:nmz7j5ju3xwh6lrkhn2khrze/app.bsky.feed.post/3m5hiqsr7o22r"
"Bluesky","galaxy note","galaxy note","@koimoa@kemokemo.org Seems like the S10 series in general held up really well in the modern day. Besides it and the Note 9 being the last Samsung phones to have the headphone jack and microSD card, my older sister was really happy when she used that phone, and my dad is currently using a Galaxy […]","2025-11-12T22:20:07.132Z","2025-11-12 22:20:07.132000+00:00","radmin.limepeeps.perchinup.top.ap.brid.gy","0","0","at://did:plc:zfnr7z743mhdmnljqgmytllw/app.bsky.feed.post/3m5hopztn5ai2"
"Bluesky","galaxy note","galaxy note","Gooooood morning peoples  I FINALLY beat a run of Balatro for the first time, marking the first time I've beaten a run of a roguelike ever! Turns out flushes were my best friend On a side note, the Mario Galaxy movie looks so good, they made Rosalina even more of a badass and I am HERE for it","2025-11-13T12:19:58.614Z","2025-11-13 12:19:58.614000+00:00","liquidx64.bsky.social","9","0","at://did:plc:zamxaorj5jdoc5rsjcsugwd3/app.bsky.feed.post/3m5j5n6bxjk23"
"Bluesky","galaxy note","galaxy note","How the Galaxy Note 20 Ultra still has every Galaxy Ultra phone beat.","2025-11-13T16:58:31.754Z","2025-11-13 16:58:31.754000+00:00","sammobile.com","1","0","at://did:plc:rvxv4ym53kmhtdulkxkhadkk/app.bsky.feed.post/3m5jn7b6idc27"
"Bluesky","galaxy note","galaxy note","Phones peaked at the Galaxy Note 4","2025-11-13T20:34:37.453Z","2025-11-13 20:34:37.453000+00:00","yooshark.bsky.social","1","0","at://did:plc:4hnrydqe3e36pdemawwenj56/app.bsky.feed.post/3m5jzboa7r22x"
"Bluesky","galaxy note","galaxy note","Man I am note excited but one would hope that Illumination execs don't try force 80s Needle drops that don't fit the movie in Mario Galaxy mocie. Eh whom am I kidding?","2025-11-13T23:07:58.144Z","2025-11-13 23:07:58.144000+00:00","maotenno.bsky.social","3","0","at://did:plc:janilysatjufiqu4cbeiefhh/app.bsky.feed.post/3m5kbtup2k22l"
"Bluesky","galaxy note","galaxy note","Galaxy Note 20 Ultra: The Ultra-Thin Phone Still Ahead of Its Time Introduction: The Timeless Allure of Thin Phones In 2025, the obsession with thinner smartphones is back in full swing. Samsung’s latest Galaxy S25 series showcases this trend, yet an unexpected contender still holds a remarkable…","2025-11-13T23:16:36Z","2025-11-13 23:16:36+00:00","undercodenews.bsky.social","0","0","at://did:plc:p464uedvuxtzckhrm4pfwxa5/app.bsky.feed.post/3m5kcdekgo725"
"Bluesky","galaxy note","galaxy note","Google’s always fuckin’ something up am i wrong","2025-11-13T23:18:22.237Z","2025-11-13 23:18:22.237000+00:00","sonarchy.lol","5","2","at://did:plc:fubioxnd4ox73lmqzakv7fh7/app.bsky.feed.post/3m5kcghv46c2a"
"Bluesky","galaxy note","galaxy note","On a personal note, my ""people"" hail from the distant Oort Cloud galaxy. Where are your ""people"" from,, my alien compatriot? 👀 I asked, and tough noogies on any readers who are phobic.  You all come from stardust. You might even be related on a microscopic level.  Why do I bother explaining.😅 🩵✌️🖖","2025-11-14T10:35:05.572Z","2025-11-14 10:35:05.572000+00:00","markofthemusic.com","0","0","at://did:plc:iyxfhdnnko6cdojskhjn5k5c/app.bsky.feed.post/3m5liakfvfs2j"
"Bluesky","galaxy note","galaxy note","Huh. I never knew about this teaching method. Suddenly, some of the most annoying people online being American makes even more more sense. On top of the galaxy-sized ego, they actually do not understand what they are reading.","2025-11-14T10:46:48.838Z","2025-11-14 10:46:48.838000+00:00","nellucnhoj.bsky.social","162","36","at://did:plc:qahd6ivsdg27uimg5vbrwtgm/app.bsky.feed.post/3m5liviwbvk2q"
"Bluesky","galaxy note","galaxy note","Bí Quyết Sở Hữu Ngay Chiếc Điện Thoại Đỉnh Cao Nhất 2023 – Samsung Galaxy Note 10 Plus Bí Quyết Sở Hữu Ngay Chiếc Điện Thoại Đỉnh Cao Nhất 2023 - Samsung Galaxy Note 10 Plus Trong thế giới công nghệ đầy cạnh tranh, Samsung Galaxy Note 10 Plus vẫn khẳng định vị thế ""ông hoàng"" với những tính năng…","2025-11-14T11:36:18Z","2025-11-14 11:36:18+00:00","queenvn.bsky.social","0","0","at://did:plc:olk6mhrifauaodxiquffevdd/app.bsky.feed.post/3m5llo2am2w27"
"Bluesky","galaxy note","galaxy note","Mmmmmm pokemon yaoi, how wholesome. Unrelated side note, what do you think of that one comic you made a while back where tiny Bowser and Luigi became friends possibly being the case based of the galaxy movie trailer?","2025-11-15T01:15:07.111Z","2025-11-15 01:15:07.111000+00:00","superjman1111.bsky.social","3","0","at://did:plc:sirgqemdqsrdjvsfbdklrpxp/app.bsky.feed.post/3m5mzg5pgm22s"
"Bluesky","galaxy note","galaxy note","「バッテリー galaxy 25」に関する記事です: https://samsungmagazine.eu/ja/2025/11/15/vydrz-baterie-galaxy-s25-ultra/","2025-11-15T10:02:01.697466+00:00","2025-11-15 10:02:01.697466+00:00","buchikuma.bsky.social","0","0","at://did:plc:jf26a7dgps3fck4zc7anchdl/app.bsky.feed.post/3m5nwudsumv2o"
"Bluesky","galaxy note","galaxy note","the samsung galaxy note 20 ultra. the last phone ever made","2025-11-15T10:13:32.380Z","2025-11-15 10:13:32.380000+00:00","kleppnixon.bsky.social","1","0","at://did:plc:dabydz6henko7u7gkhzzreek/app.bsky.feed.post/3m5nxiwfwvs2b"
"Bluesky","galaxy note","galaxy note","A Revised Three-dimensional Visualization of the Local Group of Galaxies, by Antonio Ciccolella ☑️ research note of the AAS doi.org/10.3847/2515-5172/ae1efc ☑️ ultra-high resolution version flic.kr/p/2rD6yGU 🧪 #Cosmology","2025-11-15T13:03:32.021Z","2025-11-15 13:03:32.021000+00:00","pomarede.bsky.social","67","17","at://did:plc:g4lrfpen3yldpmslaby2aigb/app.bsky.feed.post/3m5oayvkve22v"
"Bluesky","galaxy note","galaxy note","boxd.it/bINw2Z On a side note, that first trailer for The Super Mario Galaxy Movie was amazing!! That's my most anticipated animated film of next year!","2025-11-15T16:29:23.162Z","2025-11-15 16:29:23.162000+00:00","couyz.bsky.social","1","0","at://did:plc:flq6aqu6g6nzvik5iiy4s422/app.bsky.feed.post/3m5omiyj7wk23"
"Bluesky","galaxy note","galaxy note","Bí Quyết Sở Hữu Ngay Galaxy Note 10 Plus – Trải Nghiệm Đỉnh Cao Chưa Từng Có! Bí Quyết Sở Hữu Ngay Galaxy Note 10 Plus - Trải Nghiệm Đỉnh Cao Chưa Từng Có! Khám phá siêu phẩm công nghệ đình đám Samsung Galaxy Note 10 Plus - thiết bị hoàn hảo dành cho những người dẫn đầu xu hướng. Với thiết kế sang…","2025-11-15T17:05:52Z","2025-11-15 17:05:52+00:00","queenvn.bsky.social","0","0","at://did:plc:olk6mhrifauaodxiquffevdd/app.bsky.feed.post/3m5ookcadmq2t"
"Bluesky","galaxy note","galaxy note","haii new galaxy note","2025-11-15T19:46:16.783Z","2025-11-15 19:46:16.783000+00:00","sleepyfella.nekoweb.org","1","0","at://did:plc:3wcfjfzq6sxsstw532vicqov/app.bsky.feed.post/3m5oxj2ud6s26"
"Bluesky","galaxy note","galaxy note","While we're busy writing prompts, our partners are making sure everything makes it to your door. We couldn't do what we do without them. A huge thank you to Spiral Galaxy and our other fulfillment hubs!  Grab a holiday bundle if you want to see them in action! storyenginedeck.com/products/hol...","2025-11-15T20:10:20.500Z","2025-11-15 20:10:20.500000+00:00","storyenginedeck.bsky.social","1","1","at://did:plc:2knancjtlbvujn5n26fvvmtl/app.bsky.feed.post/3m5oyvxtl2k26"
"Bluesky","galaxy note","galaxy note","It's what they say in the photography world: the best camera is what you have! I have an old Samsung Galaxy Note 10+ that takes crappy photos 😁 so that's my excuse for having my cameras!","2025-11-16T08:42:14.439Z","2025-11-16 08:42:14.439000+00:00","ladyfirehorse.bsky.social","1","0","at://did:plc:qtqlgwhsi2dn2qgfqo6aqonc/app.bsky.feed.post/3m5qculpa4s2k"
"Bluesky","galaxy note","galaxy note","Yours truly tries looking up a potential smaller replacement for the Galaxy Note 3 with a partially fried GSM chip, gets depressed over potentisl options' functionality and dificulty of unlocking root access, orders another refurbed Galaxy Note 3 instead ;~;","2025-11-16T17:00:52.525Z","2025-11-16 17:00:52.525000+00:00","s15phaux.bsky.social","0","0","at://did:plc:drizmcf3ppsjxbbcjk75pl6s/app.bsky.feed.post/3m5r6q7sqyc2i"
"Bluesky","galaxy note","galaxy note","So, I got a Note 4 recently! I'll need to unlock its bootloader and give it Lineage OS soon (fuck Verizon), since Android 6 is outdated, but I missed the S Pen. It's just so useful for art, especially if you don't have the pocket space for more than a phone sometimes #art #sketch #phone #furry","2025-11-16T20:24:30.377Z","2025-11-16 20:24:30.377000+00:00","lemonheep.at.app.wafrn.net","4","0","at://did:plc:bigfvuswfkd3ckwbwteuogmx/app.bsky.feed.post/3m5rk4gawfk23"
"Bluesky","galaxy note","galaxy note","Will Leave the Galaxy For Good (audiobook) Yes I listened to this in roughly a day lol  Good, but my least favourite of the trilogy by quite a margin. Just felt a lot baggier, and felt like more could've been done with Daniel after the note the last book left him off on","2025-11-17T10:18:00.399Z","2025-11-17 10:18:00.399000+00:00","hovinwithanh.bsky.social","1","0","at://did:plc:74koypsnkgrfxdz43uofn3ei/app.bsky.feed.post/3m5syoqwx2c2f"
"Bluesky","galaxy note","galaxy note","Lovely prompt Fidel 🌠💫 @dragonslayerma.bsky.social Here's my #PromptCombo for #NorthStar Another idea is brewing.","2025-11-17T13:55:02.970Z","2025-11-17 13:55:02.970000+00:00","vignettes.bsky.social","45","7","at://did:plc:3t44tntthbg4wzc7ckovftbf/app.bsky.feed.post/3m5tesuaje22v"
"Bluesky","galaxy note","galaxy note","""Wandering note looking for its galaxy"" & ""small, improbable mercy""! 😍🏆","2025-11-17T14:17:56.079Z","2025-11-17 14:17:56.079000+00:00","janpsolivagant.bsky.social","2","0","at://did:plc:7ez5b5ilhocoh2rpmpfla4gy/app.bsky.feed.post/3m5tg3rpzhk24"
"Bluesky","galaxy note","galaxy note","⚽️🎙 LIVE SHOW TONIGHT! 🎙⚽️ MLS Flips the Schedule and the Galaxy finally close out 2025. Did a friendly have you thinking good offseason thoughts? Let's talk!   📆 TONIGHT ⏰ 8 PM 👥 Josh + @HammerEV9 📺 youtube.com/live/F5CD32N... #LAGalaxy #MLS  #Soccer #Podcast","2025-11-17T18:29:03.427Z","2025-11-17 18:29:03.427000+00:00","galaxypodcast.bsky.social","1","0","at://did:plc:gpd6rc2lbrj3yssbgdvwe2br/app.bsky.feed.post/3m5tu4uioj423"
"Bluesky","galaxy note","galaxy note","Samsung Expands Early Black Friday Sale With More Deals on Monitors, TVs, Appliances, and More","2025-11-17T18:33:05Z","2025-11-17 18:33:05+00:00","macrumors.bsky.social","5","0","at://did:plc:ritv6l6udmzeuwbit4omuq4x/app.bsky.feed.post/3m5tue2bhcn2m"
"Bluesky","galaxy note","galaxy note","Here is a direct photo of my workbench + direct scans for comparison. I touched up the colors slightly in SAI since I felt that my old scanner didn't do them justice, as well as fixing some minor color bleed. More details in the alt text.","2025-11-17T19:30:54.036Z","2025-11-17 19:30:54.036000+00:00","aistarin.bsky.social","9","2","at://did:plc:fhh53txbztltmabwfzbkzi5k/app.bsky.feed.post/3m5txlfs6s222"
"Bluesky","galaxy note","galaxy note","⚽️🎙 LIVE SHOW TONIGHT! 🎙⚽️ The offseason started about 6 mins early on Saturday night. But it is now officially, official. But MLS turned their schedule around, and the Galaxy want 4-6 new players on this team.   📆 TONIGHT ⏰ 8 PM 👥 Josh + @HammerEV9 📺 youtube.com/live/F5CD32N... #LAGalaxy #MLS","2025-11-17T20:00:10.767Z","2025-11-17 20:00:10.767000+00:00","galaxypodcast.bsky.social","0","0","at://did:plc:gpd6rc2lbrj3yssbgdvwe2br/app.bsky.feed.post/3m5tz7sytgh22"
"Bluesky","galaxy note","galaxy note","My first Tablet was my dad's Wacom Graphire4 (not my pic, lol) i'd scan in my sketchbook drawings then line and color them in Photoshop 7! It wasn't til years later I picked up a Note 4 and took a proper shot at drawing digitally xD","2025-11-17T23:05:27.623Z","2025-11-17 23:05:27.623000+00:00","leebe.bsky.social","6","1","at://did:plc:dyuvoimdcz3pldkdisoidork/app.bsky.feed.post/3m5udl2yyys2z"
"Bluesky","galaxy note","galaxy note","back in the day I used to make doodles of my friends using my now primitive Samsung Note Galaxy (hence the quality of this image lol) I want to start doodling stuff again","2025-11-18T00:12:18.992Z","2025-11-18 00:12:18.992000+00:00","magnodopus.bsky.social","5","0","at://did:plc:w2aqg4fwbm7nsjegqw2mrap4/app.bsky.feed.post/3m5uhcmk4ns2x"
"Bluesky","galaxy note","galaxy note","⚽️🎙 LIVE SHOW TONIGHT! 🎙⚽️ Taking little things from a friendly in the rain, and projecting out the Galaxy's needs. 2025 is done. 2026 awaits. Plus, an MLS Schedule Flip!   📆 TONIGHT ⏰ 8 PM 👥 Josh + @HammerEV9 📺 youtube.com/live/F5CD32N... #LAGalaxy #MLS  #Soccer #Podcast","2025-11-18T01:00:19.168Z","2025-11-18 01:00:19.168000+00:00","galaxypodcast.bsky.social","0","0","at://did:plc:gpd6rc2lbrj3yssbgdvwe2br/app.bsky.feed.post/3m5ujyiocks2u"
"Bluesky","galaxy note","galaxy note","⚽️🎙 LIVE SHOW IN 2 HOURS! 🎙⚽️ Can the Galaxy let youth win in 2026? Who reinforced our opinions of them in the friendly? Who's trying to change our minds? Plus, winter soccer in LA! No Problem! 📆 TONIGHT ⏰ 8 PM 👥 Josh + @HammerEV9 📺 youtube.com/live/F5CD32N... #LAGalaxy #MLS  #Soccer #Podcast","2025-11-18T02:00:11.619Z","2025-11-18 02:00:11.619000+00:00","galaxypodcast.bsky.social","1","0","at://did:plc:gpd6rc2lbrj3yssbgdvwe2br/app.bsky.feed.post/3m5undkpp4p23"
"Bluesky","galaxy note","galaxy note","⚽️🎙 LIVE SHOW IN 60 MINS 🎙⚽️ The Galaxy showed little signs of rust in a 2-2 draw with America. Is this the baseline we should expect in 2026? And  MLS flipped the schedule around. This will be ""fun!""   📆 TONIGHT ⏰ 8 PM 👥 Josh + @HammerEV9 📺 youtube.com/live/F5CD32N... #LAGalaxy #MLS  #Soccer","2025-11-18T03:00:09.150Z","2025-11-18 03:00:09.150000+00:00","galaxypodcast.bsky.social","0","0","at://did:plc:gpd6rc2lbrj3yssbgdvwe2br/app.bsky.feed.post/3m5uqorlktg2a"
"Bluesky","galaxy note","galaxy note","⚽️🎙 LIVE SHOW RIGHT NOW! 🎙⚽️ MLS Schedule change and what that could mean for conferences, a 2027 season, and more! Plus, the Galaxy are officially in offseason mode. Let's talk about the friendly! 📆 TONIGHT ⏰ 8 PM 👥 Josh + @HammerEV9 📺 youtube.com/live/F5CD32N... #LAGalaxy #MLS  #Soccer #Podcast","2025-11-18T04:00:17.403Z","2025-11-18 04:00:17.403000+00:00","galaxypodcast.bsky.social","0","0","at://did:plc:gpd6rc2lbrj3yssbgdvwe2br/app.bsky.feed.post/3m5uu2csxec2u"
"Bluesky","galaxy note","galaxy note","SAMSUNG PHONES REQUIRING REPLACEMENT * Galaxy A7 2017 * Galaxy A5 2017 * Galaxy J1 2016 * Galaxy J3 2016 * Galaxy J5 2017 * Galaxy Note 5 * Galaxy S6 * Galaxy S6 edge * Galaxy S6 Edge+ * Galaxy S7 * Galaxy S7 Edge","2025-11-18T05:07:15.125Z","2025-11-18 05:07:15.125000+00:00","jafo101.bsky.social","0","1","at://did:plc:epuypjxxjmekx7mdncwzekbh/app.bsky.feed.post/3m5uxs42qlk2k"
"Bluesky","galaxy note","galaxy note","Get the SAMSUNG Galaxy Tab S10 FE: Android Tablet with S Pen & Long Battery!","2025-11-18T05:09:27.425Z","2025-11-18 05:09:27.425000+00:00","gizopedia.bsky.social","0","0","at://did:plc:fcx5ybmclfiv7ibrrulohbkg/app.bsky.feed.post/3m5uxvx6ium2j"
"Bluesky","galaxy note","galaxy note","PODCAST: LA Galaxy End 2025 on a Fun, Rainy Note, & MLS Schedule Changes 🎙 youtube.com/live/F5CD32N... #LAGalaxy #MLS #Podcast #Soccer","2025-11-18T06:21:43.468Z","2025-11-18 06:21:43.468000+00:00","galaxypodcast.bsky.social","1","0","at://did:plc:gpd6rc2lbrj3yssbgdvwe2br/app.bsky.feed.post/3m5v3x7jbnk2s"
"Bluesky","galaxy note","galaxy note","I should save up for a Galaxy Note series or S Ultra series phone :3","2025-11-18T09:26:32.929Z","2025-11-18 09:26:32.929000+00:00","lemonheep.bsky.social","1","0","at://did:plc:t2b44ex2dpinbzgr47d5peyv/app.bsky.feed.post/3m5vgbnxknk22"
"Bluesky","galaxy note","galaxy note","LMGTFY: www.amazon.com/JXMOX-Headph...","2025-11-18T17:48:10.571Z","2025-11-18 17:48:10.571000+00:00","leaddreamer.bsky.social","0","0","at://did:plc:z4o2s45ugxigycqb2y4zzj7e/app.bsky.feed.post/3m5wccncjck2i"
"Bluesky","galaxy note","galaxy note","Samsung Galaxy Tab S6 Lite (2024) 10.4"" 128GB WiFi Android Student Tablet, S Pen for Note-Taking, Gaming Ready, Long Battery Life, Expandable Storage, US Version, Mint, Amazon Exclusive amzn.to/43BF1dy #Samsung #SamsungGalaxyTablet #tablets #AmazonDeals #ChristmasGifts #GiftsForHim #GiftsForHer","2025-11-19T00:49:54.161Z","2025-11-19 00:49:54.161000+00:00","mariasmm.bsky.social","1","0","at://did:plc:vit4rjvtg3qfavk5l7podf63/app.bsky.feed.post/3m5wzuqotfc2m"
"Bluesky","galaxy note","galaxy note","PODCAST: MLS Flips EVERYTHING around. But will it be that different? Will they get the boost they're hoping for? And closing out the season with a friendly 🎙 cornerofthegalaxy.com/2025/11/17/p... #LAGalaxy #MLS #Podcast #Soccer","2025-11-19T01:00:18.067Z","2025-11-19 01:00:18.067000+00:00","galaxypodcast.bsky.social","1","0","at://did:plc:gpd6rc2lbrj3yssbgdvwe2br/app.bsky.feed.post/3m5x2hf4ues23"
"Bluesky","galaxy note","galaxy note","Samsung Galaxy A57 5G Will Charge Faster Than The Flagship Galaxy S26","2025-11-19T01:16:13Z","2025-11-19 01:16:13+00:00","gizchinacom.bsky.social","0","0","at://did:plc:s3ejxmymusvlp4ugsyo6mvnx/app.bsky.feed.post/3m5x3dtglbe2t"
"Bluesky","galaxy note","galaxy note","Bí Quyết Sở Hữu Samsung Galaxy Note 20 5G – Nâng Tầm Trải Nghiệm Công Nghệ Đỉnh Cao Bí Quyết Sở Hữu Samsung Galaxy Note 20 5G - Nâng Tầm Trải Nghiệm Công Nghệ Đỉnh Cao Khám phá siêu phẩm Samsung Galaxy Note 20 5G - thiết bị di động hoàn hảo dành cho những người đam mê công nghệ và sáng tạo. Với…","2025-11-19T03:52:30Z","2025-11-19 03:52:30+00:00","queenvn.bsky.social","0","0","at://did:plc:olk6mhrifauaodxiquffevdd/app.bsky.feed.post/3m5xdzwe4nz2x"
"Bluesky","galaxy note","galaxy note","PODCAST: The Galaxy's season ends with lightning and rain, but still, on a good note. Plus, MLS thinks the schedule fixes their issues. Does it? 🎙 cornerofthegalaxy.com/2025/11/17/p... #LAGalaxy #MLS #Podcast #Soccer","2025-11-19T05:00:12.991Z","2025-11-19 05:00:12.991000+00:00","galaxypodcast.bsky.social","0","0","at://did:plc:gpd6rc2lbrj3yssbgdvwe2br/app.bsky.feed.post/3m5xhueoncw2v"
"Bluesky","galaxy note","galaxy note","Misskey-based clients aren't lagging too badly on a >10-year-old Galaxy Note 4!? ​:neofox_floof_surprised:​ Usually, Misskey would be the most bloated out of the social medias I use, with Bluskey and Wafrn taking less time. However, on the Note 4, Wafrn lags extremely horribly when trying to […]","2025-11-19T09:15:10.632Z","2025-11-19 09:15:10.632000+00:00","radmin.limepeeps.perchinup.top.ap.brid.gy","0","0","at://did:plc:zfnr7z743mhdmnljqgmytllw/app.bsky.feed.post/3m5xw4yccc2x2"
"Bluesky","galaxy note","galaxy note","phone releasing more smoke than a galaxy note 7","2025-11-19T09:29:29.411Z","2025-11-19 09:29:29.411000+00:00","kimb.dev","9","0","at://did:plc:wefehqmwxc7jli7go3iz3btz/app.bsky.feed.post/3m5xwvtpwik2a"
"Bluesky","galaxy note","galaxy note","Shop Galaxy Tab S11: AI Android Tablet, S Pen, Large Display & Long Battery!","2025-11-19T13:18:41.789Z","2025-11-19 13:18:41.789000+00:00","gizopedia.bsky.social","0","0","at://did:plc:fcx5ybmclfiv7ibrrulohbkg/app.bsky.feed.post/3m5ydppbwop23"
"Bluesky","galaxy note","galaxy note","SAMSUNG Galaxy Tab S10 FE+ 13.1” 128GB WiFi Android Tablet, Large Display, Long Battery Life, Exynos 1580 Processor, IP68, Water-Resistant, 90 Hz Refresh, S Pen for Note-Taking, US Version, Blue amzn.to/3XAO5f8","2025-11-19T14:22:24.728Z","2025-11-19 14:22:24.728000+00:00","throughourlives.bsky.social","0","0","at://did:plc:3dz7pgavj5tamw3c4xcmjlrs/app.bsky.feed.post/3m5yhbmu2y22a"
"Bluesky","galaxy note","galaxy note","PODCAST: Recapping that final friendly... and who do you think could come back to LA? Plus, flipping the schedule. Will it be all that different? Will it get results league is looking for?  🎙 cornerofthegalaxy.com/2025/11/17/p... #LAGalaxy #MLS #Podcast #Soccer","2025-11-19T22:53:32.382Z","2025-11-19 22:53:32.382000+00:00","galaxypodcast.bsky.social","0","0","at://did:plc:gpd6rc2lbrj3yssbgdvwe2br/app.bsky.feed.post/3m5zdtncsxp2c"
"Bluesky","galaxy note","galaxy note","PODCAST: It's good to walk away from the friendly with another positive moment. And playing with a chip on your shoulder is a real motivational factor! Let's talk! 🎙 cornerofthegalaxy.com/2025/11/17/p... #LAGalaxy #MLS #Podcast #Soccer","2025-11-20T01:00:05.370Z","2025-11-20 01:00:05.370000+00:00","galaxypodcast.bsky.social","0","0","at://did:plc:gpd6rc2lbrj3yssbgdvwe2br/app.bsky.feed.post/3m5zkvwjqdn2v"
"Bluesky","galaxy note","galaxy note","I know exactly what shit you're talking about and I get it too :/  I thought it was just a Galaxy Note/S# Ultra thing for the longest time like devs don't know these screens exist or someshit :/  It's so god damn annoying that everyone has the same fucking problem.","2025-11-20T02:19:37.961Z","2025-11-20 02:19:37.961000+00:00","avelos.bsky.social","3","0","at://did:plc:dd3rhlucne7gy4wg2z7h4h5l/app.bsky.feed.post/3m5zpe4k3m226"
"Bluesky","galaxy note","galaxy note","archive.org/details/1968...","2025-11-20T02:35:36.555Z","2025-11-20 02:35:36.555000+00:00","rmhayes.bsky.social","2","0","at://did:plc:ubism5krjvktd32724wbqe5b/app.bsky.feed.post/3m5zqaoq2kk23"
"Bluesky","galaxy note","galaxy note","PODCAST: A mini season that will be more ""fun"" than serious. And some other takes on what the schedule change means for MLS. But the salary cap?! 🎙 cornerofthegalaxy.com/2025/11/17/p... #LAGalaxy #MLS #Podcast #Soccer","2025-11-20T05:00:21.869Z","2025-11-20 05:00:21.869000+00:00","galaxypodcast.bsky.social","0","0","at://did:plc:gpd6rc2lbrj3yssbgdvwe2br/app.bsky.feed.post/3m5zydl6wpk2c"
"Bluesky","galaxy note","galaxy note","The Trance Rapture - Peurple Listening to this rn while giving my spare HP laptop Windows (since the XDA guides needed to root my Galaxy Note 4 depend on Windows software ​:neocat_sad:​), and it's a cozy experience. I've been a fan of GibThom, the artist's Youtube channel, for a while now, but […]","2025-11-20T09:08:21.923Z","2025-11-20 09:08:21.923000+00:00","radmin.limepeeps.perchinup.top.ap.brid.gy","0","0","at://did:plc:zfnr7z743mhdmnljqgmytllw/app.bsky.feed.post/3m62g7qrclzn2"
"Bluesky","galaxy note","galaxy note","Register for our introductory online workshop at the HeFDI Data School to find out more!  Please note, that this course will be in German! 📍 Online 📅 3 December 2025 🔗 More info & registration: https://dataschool.hefdi.de/module/galaxy-europe/ #UseGalaxy #GalaxyProject #EOSC (2/3)","2025-11-20T12:50:33.147924+00:00","2025-11-20 12:50:33.147924+00:00","galaxyproject.bsky.social","1","0","at://did:plc:s3m3izyj52hv2qa7dpnapmfq/app.bsky.feed.post/3m62smc54qv2u"
"Bluesky","galaxy note","galaxy note","A new icon of a sticky note and a push pin has appeared on my Samsung Galaxy phone and I don't know what it means. Anyone?","2025-11-20T14:14:24.198Z","2025-11-20 14:14:24.198000+00:00","fuzzywuzzyto.bsky.social","7","0","at://did:plc:cazazvjr7flzwjgpy6joincx/app.bsky.feed.post/3m62xc7oyrp25"
"Bluesky","galaxy note","galaxy note","Update: My phone is finally free from Verizon ​:ablobcat_yay_superfast:​​:ablobcat_yay_superfast:​​:ablobcat_yay_superfast:​ I finally got around to trying out rooting and unlocking its bootloader yet again after Waterfox (the last ever browser to […]  [Original post on limepeeps.perchinup.top]","2025-11-20T14:31:39.241Z","2025-11-20 14:31:39.241000+00:00","radmin.limepeeps.perchinup.top.ap.brid.gy","0","0","at://did:plc:zfnr7z743mhdmnljqgmytllw/app.bsky.feed.post/3m62ycjpb73o2"
"Bluesky","galaxy note","galaxy note","we don't have a pressure sensitive stylus with this phone (it's a pixel, so we just have a rubber tip stylus) so it's a little weird to draw with, but i think we could get used to it <3 but also, since we got to keep our galaxy note 8, we can still draw with that as well (which DOES have a stylus)","2025-11-20T15:44:26.233Z","2025-11-20 15:44:26.233000+00:00","selenated.com","0","0","at://did:plc:4j65ta54zyp23jn5hfzi72jo/app.bsky.feed.post/3m634dbgnpk2b"
"Bluesky","galaxy note","galaxy note","SAMSUNG Galaxy Tab S10 FE+ 13.1” 128GB WiFi Android Tablet, Large Display, Long Battery Life, Exynos 1580 Processor, IP68, Water-Resistant, 90 Hz Refresh, S Pen for Note-Taking, US Version, Blue https://amzn.to/3XAO5f8","2025-11-20T16:01:10.009319484Z","2025-11-20 16:01:10.009319484+00:00","throughourlives.bsky.social","0","0","at://did:plc:3dz7pgavj5tamw3c4xcmjlrs/app.bsky.feed.post/3m635b5gsbc2o"
"Bluesky","galaxy note","galaxy note","I'll check it out, but I recently rewatched multiple episodes from SG1 and they did a pretty good story arc.  Earth went from alone and weak to one of the most powerful outfits in our galaxy.  Not sure there is enough meat there to gnaw on those bones. Note: I refused to watch the ORI episodes.","2025-11-20T16:25:21.482Z","2025-11-20 16:25:21.482000+00:00","ericnay.bsky.social","0","0","at://did:plc:rvlod5vz7j2p6s3qlnqqnub6/app.bsky.feed.post/3m636mfdick2t"
"Bluesky","galaxy note","galaxy note","The follow-up note about this being wavelength based makes this so so so much extra rad. Signed, kid who used ""galaxy"" xscreensaver exclusively for a decade+.","2025-11-20T20:20:30.498Z","2025-11-20 20:20:30.498000+00:00","jauntywunderkind.bsky.social","1","0","at://did:plc:zjbq26wybii5ojoypkso2mso/app.bsky.feed.post/3m63lquqj7s2q"
"Bluesky","galaxy note","galaxy note","How your Galaxy S21 Ultra was handicapped by Samsung for no apparent reason.","2025-11-21T17:53:31.114Z","2025-11-21 17:53:31.114000+00:00","sammobile.com","0","0","at://did:plc:rvxv4ym53kmhtdulkxkhadkk/app.bsky.feed.post/3m65tyxeykk2d"
"Bluesky","galaxy note","galaxy note","On a similar note, Stegosaurus lived on the opposite side of the Galaxy to us.","2025-11-21T19:20:50.591Z","2025-11-21 19:20:50.591000+00:00","garethrswilson.bsky.social","2","0","at://did:plc:lotmohrivj5wbf3gl3jsqa62/app.bsky.feed.post/3m65yv455cs2n"
"Bluesky","galaxy note","galaxy note","I just received a contribution towards SAMSUNG Galaxy Tab S6 Lite Android Tablet (10.4"" 2K Touchscreen, 128GB Storage (64GB + 64GB SD Card), S Pen for Note-Taking, Drawing, 14-Hr Long Battery Life, 5MP + 8MP Camera,  from tleebil via Throne. Thank you! https://throne.com/journeyeventide #Throne","2025-11-21T22:30:56.589Z","2025-11-21 22:30:56.589000+00:00","journeyeventide.bsky.social","0","0","at://did:plc:auhh5ileeuqld2krfw75bzxe/app.bsky.feed.post/3m66dj27teo2h"
"Bluesky","galaxy note","galaxy note","An item on my Throne wishlist just got fully funded: SAMSUNG Galaxy Tab S6 Lite Android Tablet (10.4"" 2K Touchscreen, 128GB Storage (64GB + 64GB SD Card), S Pen for Note-Taking, Drawing, 14-Hr Long Battery Life, 5MP + 8MP Camera, Durable) S. Thank you! https://throne.com/journeyeventide #Throne","2025-11-21T22:30:57.693Z","2025-11-21 22:30:57.693000+00:00","journeyeventide.bsky.social","0","0","at://did:plc:auhh5ileeuqld2krfw75bzxe/app.bsky.feed.post/3m66dj3brrn2i"
"Bluesky","galaxy note","galaxy note","Idly wonders if worth upgrading ipad to iPad mini pro or such worth it now that it's paid off..... also wonders if upgrading phone to galaxy fold 7 worth it despite still has 2 monthly payments left on current galaxy note 25 phone...... or switch to iPhone 17 max.......","2025-11-22T08:35:06.584Z","2025-11-22 08:35:06.584000+00:00","dbjrabion.bsky.social","0","0","at://did:plc:bn2f6aae6f2k67vo2kby2kae/app.bsky.feed.post/3m67fbeglys2u"
"Bluesky","galaxy note","galaxy note","INIU 15W Fast Qi Wireless Charger: Power Up iPhone/Samsung! Sleep-Friendly.","2025-11-22T13:18:43.016Z","2025-11-22 13:18:43.016000+00:00","gizopedia.bsky.social","0","0","at://did:plc:fcx5ybmclfiv7ibrrulohbkg/app.bsky.feed.post/3m67v4ithmc2t"
"Bluesky","galaxy note","galaxy note","B-Friday Deal 52% Off Samsung Galaxy Tab S6 Lite (2024) 10.4"" 64GB WiFi Android Student Tablet, S Pen for Note-Taking, Gaming Ready, Long Battery Life, Expandable Storage, US Version, Chiffon Pink, Amazon Exclusive VIEW : amzn.to/49zSne5","2025-11-22T13:28:39.946Z","2025-11-22 13:28:39.946000+00:00","omer222-83.bsky.social","0","0","at://did:plc:uuwusrwn36elrxz4idltofo3/app.bsky.feed.post/3m67vobtrsk26"
"Bluesky","galaxy note","galaxy note","it sometimes even baffles me unplanned, it's juxtaposition writ large--ice a week ago, galaxy 5 days side by side i saw same contours, shapes, scales--impossible is an opinion, this is real! study the same long shape in terrestrial ice & note the ice's contours largely mirrored in nebula & stars","2025-11-22T15:33:31.726Z","2025-11-22 15:33:31.726000+00:00","alyssaslay.bsky.social","2","0","at://did:plc:mwtywk43sw6lddmnpfk527qo/app.bsky.feed.post/3m6a4nkmuls22"
"Bluesky","galaxy note","galaxy note","I’d much rather have a device with a stylus like the old Galaxy Notes. Or the Galaxy S now I guess. The ability to pull it out and make a note without unlocking was very handy and I miss that.","2025-11-22T15:43:50.579Z","2025-11-22 15:43:50.579000+00:00","coleurbanist.bsky.social","0","0","at://did:plc:vgfa2xr7h3ewmdjj5afcqwrb/app.bsky.feed.post/3m6a57yqnts2p"
"Bluesky","galaxy note","galaxy note","Bí Quyết Sở Hữu Đẳng Cấp: Samsung Galaxy Note 20 256GB – Công Nghệ Tối Ưu Cho Người Dẫn Đầu Bí Quyết Sở Hữu Đẳng Cấp: Samsung Galaxy Note 20 256GB - Công Nghệ Tối Ưu Cho Người Dẫn Đầu Khám phá siêu phẩm công nghệ đỉnh cao Samsung Galaxy Note 20 256GB - thiết bị hoàn hảo dành cho những người tiên…","2025-11-22T15:43:55Z","2025-11-22 15:43:55+00:00","queenvn.bsky.social","0","0","at://did:plc:olk6mhrifauaodxiquffevdd/app.bsky.feed.post/3m6a57edo332r"
"Bluesky","galaxy note","galaxy note","On a related note, Hitchiker's Guide To The Galaxy fans are the Jojo fans of literature and I will not elaborate","2025-11-24T00:12:08.589Z","2025-11-24 00:12:08.589000+00:00","raiseyouremblem.bsky.social","2","0","at://did:plc:eeepwlrjwqq6osaxqnnc5l4u/app.bsky.feed.post/3m6dk3terr22h"
"Bluesky","galaxy note","galaxy note","The economy would be humming if we all just bought the Samsung Galaxy Note 7","2025-11-24T01:51:56.664Z","2025-11-24 01:51:56.664000+00:00","chickenpuppet.online","16","1","at://did:plc:4cs4d6nwicc5onsfnqrooo3d/app.bsky.feed.post/3m6dpoc2das2k"
"Bluesky","galaxy note","galaxy note","A spectacular view of our own galaxy, the Milky Way✨️✨️✨️ Note that this is just a mere pinprick of the night sky...😎 (Credit: DECaPS2/DOE/FNAL/DECam/CTIO/NOIRLab/NSF/AURA - Image processing: M. Zamani & D. de Martin (NSF’s NOIRLab) video by Universal-Sc","2025-11-24T03:36:27.617Z","2025-11-24 03:36:27.617000+00:00","pauleric70.bsky.social","30","11","at://did:plc:xuemqxr2ddetamkekhpst3wg/app.bsky.feed.post/3m6dvj6ims22p"
"Bluesky","galaxy note","galaxy note","Salman Khan’s sister Arpita pens heartfelt note on father Salim Khan’s 90th b’day: You are our galaxy #SalmanKhans #SalimKhans #Arpita #socialnewsxyz","2025-11-24T03:42:30Z","2025-11-24 03:42:30+00:00","socialnews.xyz","0","0","at://did:plc:ndfufin77hov4p2slycw7wkh/app.bsky.feed.post/3m6dvtzyt362q"
"Bluesky","galaxy note","galaxy note","Get the Samsung Galaxy Tab S10 Lite: S Pen, AI Tools & Circle to Search!","2025-11-24T04:18:44.139Z","2025-11-24 04:18:44.139000+00:00","gizopedia.bsky.social","0","0","at://did:plc:fcx5ybmclfiv7ibrrulohbkg/app.bsky.feed.post/3m6dxurs44d2n"
"Bluesky","galaxy note","galaxy note","Công Nghệ Đỉnh Cao Trong Tay Bạn – Samsung Galaxy Note 20 Ultra Chính Thức Trình Làng Công Nghệ Đỉnh Cao Trong Tay Bạn - Samsung Galaxy Note 20 Ultra Chính Thức Trình Làng Khám phá siêu phẩm công nghệ đột phá dành cho giới sành công nghệ - Samsung Galaxy Note 20 Ultra đã chính thức ra mắt với…","2025-11-24T06:26:35Z","2025-11-24 06:26:35+00:00","queenvn.bsky.social","0","0","at://did:plc:olk6mhrifauaodxiquffevdd/app.bsky.feed.post/3m6e6zh5u6j2x"
"Bluesky","galaxy note","galaxy note","I'm sticking with my Galaxy Note 9. Probably would have sprung for the 20 Ultra had it retained the headphone jack, among a few other reasons.","2025-11-24T16:03:37.747Z","2025-11-24 16:03:37.747000+00:00","aprotozul.bsky.social","1","0","at://did:plc:i2se77qpk5utunv5uqvu344m/app.bsky.feed.post/3m6f7b7tpkc2w"
"Bluesky","galaxy note","galaxy note","I've been a Samsung user since the original Galaxy S, upgrading every other year until I got this Note 20 Ultra, which I haven't bothered upgrading until now because it does everything I want it to. I'm now looking at S25 Ultra contracts...","2025-11-24T17:57:04.434Z","2025-11-24 17:57:04.434000+00:00","mrlepus.bsky.social","2","0","at://did:plc:orbq4jasfg6qxjdcs3jxr55m/app.bsky.feed.post/3m6ffm377vc2j"
"Bluesky","galaxy note","galaxy note","I had a Galaxy note 1 and they literally shut down 3g service for me to switch 2 years ago because I would keep repairing it.","2025-11-24T23:13:27.207Z","2025-11-24 23:13:27.207000+00:00","razielhex.bsky.social","0","0","at://did:plc:5zyokgexkryy46yxk3v5srau/app.bsky.feed.post/3m6fxbslj4s2x"
"Bluesky","galaxy note","galaxy note","Feed: ""Slickdeals Frontpage RSS Feed"" By: jk6812 on Monday, November 24, 2025","2025-11-24T23:23:13.034900+00:00","2025-11-24 23:23:13.034900+00:00","longtail-news.bsky.social","0","0","at://did:plc:o6ggjvnj4ze3mnrpnv5oravg/app.bsky.feed.post/3m6fxtc7xt22c"
"Bluesky","galaxy note","galaxy note","Yes, Samsung Galaxy Note 7s exist to satisfy a xenogender mindset.","2025-11-25T15:50:04.03771800Z","2025-11-25 15:50:04.037718+00:00","horsedisc.bsky.social","1","0","at://did:plc:oke2hwfme37jtbyvtg3upcst/app.bsky.feed.post/3m6hoxvkhq52n"
"Bluesky","galaxy note","galaxy note","welectronics.com/shop/gsm-pho... Samsung Galaxy Note 20 Ultra SM-N985F/DS Bronze 256GB 8GB RAM Exynos 990 108 MP LTE Gsm Unlocked Phone Note20","2025-11-25T16:34:57.624Z","2025-11-25 16:34:57.624000+00:00","overseaselectronic.bsky.social","0","0","at://did:plc:2awr7cmwd6n3rumd2iy7yny2/app.bsky.feed.post/3m6hri63nys26"
"Bluesky","galaxy note","galaxy note","Introduce yourself with 4 spaceships. ✨🚀✨   • The USS Cerritos (2020-2024)   • The LEGO Galaxy Explorer (1979)   • The Peter Davison-era TARDIS (1982-1984)   • The Apollo 13 lander as seen in the 1995 film (Note: This list would have been so different even five years ago, but things change.)","2025-11-25T17:37:25.745Z","2025-11-25 17:37:25.745000+00:00","doctorofthedead.bsky.social","3","0","at://did:plc:26aggbks2k2rklslyqhplc33/app.bsky.feed.post/3m6huxuled22j"
"Bluesky","galaxy note","galaxy note","I have a new phone! A Galaxy Ultra + Super Cool 25 Note  thing.  It replaced my Note 10, and since it has 1 TB memory, I think it'll last a really long time!","2025-11-25T18:46:44.397Z","2025-11-25 18:46:44.397000+00:00","caren.bsky.social","0","0","at://did:plc:xssya5qcxjmutuvhfkxtdcnt/app.bsky.feed.post/3m6hytslayc2b"
"Bluesky","galaxy note","galaxy note","Also, is that a GALAXY NOTE 7? LOL Amazing nothing blew up this day.","2025-11-25T20:00:48.534Z","2025-11-25 20:00:48.534000+00:00","yankeemegs.bsky.social","1","0","at://did:plc:hpposaiul5tfu36he2hnytfo/app.bsky.feed.post/3m6i4yatjkc2f"
"Bluesky","galaxy note","galaxy note","Bumpy Wreath with Galaxy Ornaments (Small) nora.jewelry/products/bum...","2025-11-26T11:43:54.743Z","2025-11-26 11:43:54.743000+00:00","nora.jewelry","0","0","at://did:plc:pnq6jpwpl6bvcyogqqlctnr4/app.bsky.feed.post/3m6jroq65i72q"
"Bluesky","galaxy note","galaxy note","The Galaxy S24 Ultra is my ultimate S Pen phone and true Note successor.","2025-11-26T15:55:47.848Z","2025-11-26 15:55:47.848000+00:00","sammobile.com","2","0","at://did:plc:rvxv4ym53kmhtdulkxkhadkk/app.bsky.feed.post/3m6k7r2mxu22z"
"Bluesky","galaxy note","galaxy note","Side note. Should @jamesgunn.bsky.social add Galaxy to the DCU films, who would be your dream casting for Galaxy?","2025-11-26T17:17:14.630Z","2025-11-26 17:17:14.630000+00:00","makemineamalgam.bsky.social","3","0","at://did:plc:bubhf26simy4fgnfovugkovg/app.bsky.feed.post/3m6kecozpvk24"
"Bluesky","galaxy note","galaxy note","Old carousel at the Christmas market 📅 2024-11-30 📷 Samsung Galaxy Note S20, ⚙️ ƒ/1.7, ⏲️ 1/50, 🎥 5.4mm(26mm), 🎞️ 200 📍https://www.google.com/maps/place/50.0440928,19.949192 #photography #mobilephotography #poland #krakow #christmas #samsung #darktable","2025-11-26T19:06:16.000Z","2025-11-26 19:06:16+00:00","wm23.pixelfed.social.ap.brid.gy","5","1","at://did:plc:k3ujxs3fwxp4kzhwje5oduvz/app.bsky.feed.post/3m6kkfsmd7tr2"
"Bluesky","galaxy note","galaxy note","Stunning Sunrise Captured on June 29, 2018 Similar to the photo I shared last week, I captured this image near my childhood home on the early morning of June 29, 2018. I believe I used a Samsung Galaxy Note 8 to shoot this image.","2025-11-26T19:37:36Z","2025-11-26 19:37:36+00:00","bradenmikael.bsky.social","0","0","at://did:plc:3om2uxysv6r2ufsk6fpl3f6l/app.bsky.feed.post/3m6km5pgvxu2i"
"Bluesky","galaxy note","galaxy note","Silica gel Phone Case For Samsung Galaxy S25 S24 Ultra S23 S22 S21 S20 Ultra FE Plus Note 10 20 Lite Airplane Route Desian Cover","2025-11-26T21:28:41.658Z","2025-11-26 21:28:41.658000+00:00","gizopedia.bsky.social","0","0","at://did:plc:fcx5ybmclfiv7ibrrulohbkg/app.bsky.feed.post/3m6ksedg5mj2n"
"Bluesky","galaxy note","galaxy note","ETHERI (Action/Adventure Fantasy, New Adult): When an introvert is caught between a criminal org and her village, she’ll have to find her voice and make a choice: her village, her friends, or herself. 📚  Trilogy 🌌 Mana 💥 Combat 💬 Banter 🐺 Companions","2025-11-27T03:27:24.089Z","2025-11-27 03:27:24.089000+00:00","sagetgreene.bsky.social","2","0","at://did:plc:jegpgv7i26ytvce6u65em2b7/app.bsky.feed.post/3m6lgg4virc2a"
"Bluesky","galaxy note","galaxy note","Bí Quyết Sở Hữu Ngay Galaxy Note 20 5G – Trải Nghiệm Đỉnh Cao Công Nghệ Chưa Từng Có! Bí Quyết Sở Hữu Ngay Galaxy Note 20 5G - Trải Nghiệm Đỉnh Cao Công Nghệ Chưa Từng Có! Khám phá siêu phẩm công nghệ đình đám Samsung Galaxy Note 20 5G - thiết bị hoàn hảo dành cho giới sành công nghệ và những…","2025-11-27T09:06:37Z","2025-11-27 09:06:37+00:00","queenvn.bsky.social","0","0","at://did:plc:olk6mhrifauaodxiquffevdd/app.bsky.feed.post/3m6lzeeima32l"
"Bluesky","galaxy note","galaxy note","I down sized from a Galaxy Note and got the regular 9","2025-11-27T18:23:12.759Z","2025-11-27 18:23:12.759000+00:00","rigys.net","1","0","at://did:plc:oe3zmqvjyct6lm4ennf37kmr/app.bsky.feed.post/3m6myhlayas2q"
"Bluesky","galaxy note","galaxy note","going slightly insane playing Galaxy Princess Zorana because it absolutely feels like i'm having to learn a ""play language"" through trial and error here this is a much crunchier game than one would expect and it feels like it demands a certain degree of note-taking","2025-11-27T19:07:36.336Z","2025-11-27 19:07:36.336000+00:00","theryusui.bsky.social","1","0","at://did:plc:3wg5lc4imqjbg4xl5sdkdcnw/app.bsky.feed.post/3m6n2wxgvo22b"
"Bluesky","galaxy note","galaxy note","I'd still be using my awesome Samsung Galaxy Note with the stylus if it wasn't made obsolete by lack of software updates. Ditto my Google Pixel 3aXL.  Loved em both until each company turned them into paperweights.","2025-11-27T19:38:05.402Z","2025-11-27 19:38:05.402000+00:00","longislandtonv.bsky.social","0","0","at://did:plc:jfvqgypmywhtzna56rsbk4nq/app.bsky.feed.post/3m6n4ni6h222e"
"Bluesky","galaxy note","galaxy note","We got an early Christmas gift from our amazing partner @flipp.skunk.agency  because we accidentally saw what it was on their screen. It’s a e-ink e-reader that has drawing and note taking abilities with colour and the ability to read comics","2025-11-27T19:54:45.556Z","2025-11-27 19:54:45.556000+00:00","puppy.skunk.agency","5","0","at://did:plc:eljs3bwex5emo4zksvyvib4i/app.bsky.feed.post/3m6n5lbm3n222"
"Bluesky","galaxy note","galaxy note","One of the most epic timeline I have ever seen.","2025-11-27T22:28:40.271Z","2025-11-27 22:28:40.271000+00:00","autismsupsoc.bsky.social","17","10","at://did:plc:qrw4xahjqwsjhxrkimebjzyt/app.bsky.feed.post/3m6ng6ijhss2l"
"Bluesky","galaxy note","galaxy note","elite reference","2025-11-28T00:02:41.350Z","2025-11-28 00:02:41.350000+00:00","jamiemakes.art","8","1","at://did:plc:n27mx775abqfpnxugztgyhep/app.bsky.feed.post/3m6nlgmbsss2u"
"Bluesky","galaxy note","galaxy note","Ooh, that's interesting. I need to replace my steam-powered Galaxy Note 9 and like it. Sounds like you're warning me not to be a cheapskate. 😉","2025-11-28T00:22:15.147Z","2025-11-28 00:22:15.147000+00:00","tinkicker86.bsky.social","1","0","at://did:plc:4eogwb4b4oohynemjt2ucs4u/app.bsky.feed.post/3m6nmjlohkk2g"
"Bluesky","galaxy note","galaxy note","Work wise, its why we use a mix of apple/samsung, all managed. I own an apple,pixel as well.. but the s25ultra is my personal phone.  I started using them since galaxy note... mobile notepad basically.","2025-11-28T08:44:08.446Z","2025-11-28 08:44:08.446000+00:00","tigger1962.bsky.social","1","0","at://did:plc:jcf23ciks7v2yt5hfy2hf64m/app.bsky.feed.post/3m6oikzxg4c2u"
"Bluesky","galaxy note","galaxy note","New year Sales HOLD UP Car Phone Holder, Car Mobile Mount for Various Dashb… Product Description Silicone car dashboard mobile holder 【Wide Compatibility】: This Cell Phone Holder universally is applicable to mobile phones ranging from 3"" to 7""(Cell Phone with 6~12mm / 0.23~0.47 inch thickness),…","2025-11-28T14:12:40Z","2025-11-28 14:12:40+00:00","bhulekhup.bsky.social","0","0","at://did:plc:qkj6rzqlkyicthgrcf6db7qj/app.bsky.feed.post/3m6p2wkoecz2x"
"Bluesky","galaxy note","galaxy note","update: the creator has stepped down and handed full control of the project over to the rest of the iiSU team. he's also refunding anyone who donated and is stepping away from the internet as a whole. furthermore, multiple developers have made statements denying any use of AI in the coding of iiSU.","2025-11-28T15:13:39.428Z","2025-11-28 15:13:39.428000+00:00","lytewav.cool","18","2","at://did:plc:dalmqfgvnklphdhrs3fy6aar/app.bsky.feed.post/3m6p6dkcpkc2a"
"Bluesky","galaxy note","galaxy note","i was aware he composed for one piece!!! my favorite kind of music ever is tracks like these  sparse, background pad, pan flute/wind instrument arpeggio, choir hits, four note piano phrases like the music in mario galaxy","2025-11-28T16:49:55.215Z","2025-11-28 16:49:55.215000+00:00","3motion3ngin3.bsky.social","1","0","at://did:plc:x5yj543ytwud3sauvzs7twkx/app.bsky.feed.post/3m6pdpoiaos2x"
"Bluesky","galaxy note","galaxy note","Loving it my friend @trasgato.com 🤣😂 On a desperate mission to reach Caturday, within the galaxy beyond Andrus 7, where the feline mimes sings with joyous ovation, and tails that sway with time😊 Note: never bring yarn past Andrus 7 🤣","2025-11-28T20:20:45.778Z","2025-11-28 20:20:45.778000+00:00","6cats4adomino.bsky.social","1","0","at://did:plc:js3c5maalnvalz33rwwgm6fl/app.bsky.feed.post/3m6ppioys4k23"
"Bluesky","galaxy note","galaxy note","Ultra Slim Matte Magnetic Magsafe Phone Case for Samsung Galaxy S25 Plus S24 S23 S22 S21 Note 20 Business Shockproof PC Case","2025-11-29T12:28:39.279Z","2025-11-29 12:28:39.279000+00:00","gizopedia.bsky.social","0","0","at://did:plc:fcx5ybmclfiv7ibrrulohbkg/app.bsky.feed.post/3m6rflgdvmj2n"
"Bluesky","galaxy note","galaxy note","5Pcs Hydrogel Film for Samsung Galaxy S21 S22 S20 S23 S24 Ultra S10 S9 S8 Plus FE Screen Protector for Samsung Note 20 10 9 Plus","2025-11-29T18:28:41.127Z","2025-11-29 18:28:41.127000+00:00","gizopedia.bsky.social","0","0","at://did:plc:fcx5ybmclfiv7ibrrulohbkg/app.bsky.feed.post/3m6rzp7mg252b"
"Bluesky","galaxy note","galaxy note","Shockproof Matte Transparent Case For Samsung Galaxy S24  S23 S22 S21 S20 Ultra Plus FE Note 20 10 A52 A71 A53  A34 S25 5G Cover","2025-11-29T21:28:39.489Z","2025-11-29 21:28:39.489000+00:00","gizopedia.bsky.social","0","0","at://did:plc:fcx5ybmclfiv7ibrrulohbkg/app.bsky.feed.post/3m6sdqzq6gx2u"
"Bluesky","galaxy note","galaxy note","Ordered a Galaxy s25+ to replace my broken Note 20 Ultra. First phone upgrade in five years. Proud of myself for sticking with a phone rather than moving to a new phone every five years. And i would've continued to stick with my old phone, had it continued to work fine.","2025-11-29T23:12:00.440Z","2025-11-29 23:12:00.440000+00:00","yetispaghettii.bsky.social","0","0","at://did:plc:3ze2kbqjxcmcjju5wrwomlps/app.bsky.feed.post/3m6sjjt5dq22d"
"Bluesky","galaxy note","galaxy note","I've got a pie in the oven*. *Not a euphemism. (Pointless inarticulate rant in first ALT if you can be arsed.)","2025-11-30T01:53:25.827Z","2025-11-30 01:53:25.827000+00:00","daisyshylass.bsky.social","3","0","at://did:plc:tt4try5esmxr2g6jevxdmxnw/app.bsky.feed.post/3m6sski4wjs2a"
"Bluesky","galaxy note","galaxy note","3Pcs Matte Ceramic Privacy Screen Protector for Samsung Galaxy S21 S20 S22 S23 S24 Ultra Note 20 10 S8 S9 S10 Plus Anti Spy Film","2025-11-30T04:58:40.939Z","2025-11-30 04:58:40.939000+00:00","gizopedia.bsky.social","0","0","at://did:plc:fcx5ybmclfiv7ibrrulohbkg/app.bsky.feed.post/3m6t4vq6nsa2r"
"Bluesky","galaxy note","galaxy note","Palm graffiti was an amazing input method I still used on my Samsung Galaxy Note. Much faster than any of the other handwriting detection apps at the time.","2025-11-30T06:44:45.425Z","2025-11-30 06:44:45.425000+00:00","somuchforsubtlety.bsky.social","4","0","at://did:plc:m76a54zkuukycd46obyvx6f3/app.bsky.feed.post/3m6tctfovfc2i"
"Bluesky","galaxy note","galaxy note","I have been using models of the Galaxy Note with the built in stylus for over 10 years now. They dropped the Note name after the 10+ but the top of the lines phones all have a stylus. Until Apple has a comparible model I won't even look at an iPhone.","2025-11-30T22:12:27.443Z","2025-11-30 22:12:27.443000+00:00","trlennon.bsky.social","13","0","at://did:plc:hsvph7svl2dmwhue5ur65dxj/app.bsky.feed.post/3m6uwob4tuk27"
"Bluesky","galaxy note","galaxy note","Fuck, so the SIM adapter came in, and I put it in my Galaxy Note 4 with LineageOS, but it still had no service, and I found that somehow, the IMEI number got lost - Might have to re-install the stock ROM, then backup the EFS ​:woozy_sob:​","2025-12-01T01:09:56.504Z","2025-12-01 01:09:56.504000+00:00","radmin.limepeeps.perchinup.top.ap.brid.gy","1","0","at://did:plc:zfnr7z743mhdmnljqgmytllw/app.bsky.feed.post/3m6vamgm7sz22"
"Bluesky","galaxy note","galaxy note","Samsung Cyber Monday Event Has Year's Best Prices on The Frame TV, Gaming Monitors, and More","2025-12-01T14:07:35Z","2025-12-01 14:07:35+00:00","macrumors.bsky.social","7","0","at://did:plc:ritv6l6udmzeuwbit4omuq4x/app.bsky.feed.post/3m6wm26vx5c2o"
"Bluesky","galaxy note","galaxy note","I took this photo with a Samsung Galaxy A32 5G #Photography #Bluesky Three Points In Alignment","2025-12-01T20:47:44.367Z","2025-12-01 20:47:44.367000+00:00","connectionbeyond.bsky.social","8","0","at://did:plc:j6ugord2vgv4rpcuiiwypjrf/app.bsky.feed.post/3m6xcfoylds2c"
"Bluesky","galaxy note","galaxy note","Charge Fast! INIU 15W Qi Wireless Charger, Sleep-Friendly for iPhone/Samsung.","2025-12-01T22:36:28.077Z","2025-12-01 22:36:28.077000+00:00","gizopedia.bsky.social","0","0","at://did:plc:fcx5ybmclfiv7ibrrulohbkg/app.bsky.feed.post/3m6xii4mxcn2r"
"Bluesky","galaxy note","galaxy note","Fast Charge Your iPhone/Galaxy! Get This 2-Pack Right Angle USB-C Cable Now!","2025-12-02T00:36:29.937Z","2025-12-02 00:36:29.937000+00:00","gizopedia.bsky.social","0","0","at://did:plc:fcx5ybmclfiv7ibrrulohbkg/app.bsky.feed.post/3m6xp6qyhtt2t"
"Bluesky","galaxy note","galaxy note","SAMSUNG Galaxy Tab S10 FE+ 13.1” 128GB WiFi Android Tablet, Large Display, Long Battery Life, Exynos 1580 Processor, IP68, Water-Resistant, 90 Hz Refresh, S Pen for Note-Taking, US Version, Blue https://amzn.to/3XAO5f8","2025-12-02T05:30:11.316592932Z","2025-12-02 05:30:11.316592932+00:00","throughourlives.bsky.social","0","0","at://did:plc:3dz7pgavj5tamw3c4xcmjlrs/app.bsky.feed.post/3m6y7lw4bqo2k"
"Bluesky","galaxy note","galaxy note","I just checked and you can't buy a Galaxy Note 7, only the Fan Edition version, which wasn't recalled","2025-12-02T14:20:00.456Z","2025-12-02 14:20:00.456000+00:00","retrozo.bsky.social","1","0","at://did:plc:dapxnt4c2ti4nhtlsjrhrpkw/app.bsky.feed.post/3m6z57caxes2o"
"Bluesky","galaxy note","galaxy note","Feed: ""GeekDad"" By: Michael Knight on Monday, December 1, 2025","2025-12-02T23:38:33.858526+00:00","2025-12-02 23:38:33.858526+00:00","longtail-news.bsky.social","0","0","at://did:plc:o6ggjvnj4ze3mnrpnv5oravg/app.bsky.feed.post/3m724gzcx6l2h"
"Bluesky","galaxy note","galaxy note","Before you submit a galaxy-brained expert note like ""greed is destroying the universe"" remember that greed has always been destroying the universe","2025-12-03T05:41:07.268Z","2025-12-03 05:41:07.268000+00:00","sarcasmosis.bsky.social","1","0","at://did:plc:hg4rsezjs54zocxpda6g2ulx/app.bsky.feed.post/3m72qoes7hs2v"
"Bluesky","galaxy note","galaxy note","Tiêu đề: Thiết kế Galaxy Note 15 Series bất ngờ bị rò rỉ, hé lộ những thay đổi đột phá Tiêu đề: Thiết kế Galaxy Note 15 Series bất ngờ bị rò rỉ, hé lộ những thay đổi đột phá Thông tin mới nhất từ các nguồn rò rỉ đáng tin cậy đã tiết lộ những hình ảnh và chi tiết đầu tiên về thiết kế của dòng sản…","2025-12-03T19:39:29Z","2025-12-03 19:39:29+00:00","queenvn.bsky.social","0","0","at://did:plc:olk6mhrifauaodxiquffevdd/app.bsky.feed.post/3m747jjxmlf2r"
"Bluesky","galaxy note","galaxy note","A101, Bugün Ucuza iPhone 16, iPhone 14, Samsung Galaxy S25 Plus ve Redmi Note 14 Pro Satıyor! Telefon fiyatlarının çok yüksek seviyelere çıkmasıyla ülkemizdeki müşteriler, uygun fiyatlı satışları gözler olmuştu. Zincir marketler de bu konuda öne çıkmayı başarıyordu. A101 de bunlardan biriydi ve…","2025-12-04T09:09:53Z","2025-12-04 09:09:53+00:00","ercanceviz.bsky.social","0","0","at://did:plc:v7nvkhezqq33xrcgasafhbw4/app.bsky.feed.post/3m75msnepdt2k"
"Bluesky","galaxy note","galaxy note","📰 🔴 SON DAKİKA: A101, Bugün Ucuza iPhone 16, iPhone 14, Samsung Galaxy S25 Plus ve Redmi Note 14 Pro Satıyor! Kaynak: Webtekno #haber #sondakika #gündem #türkiye #dünya","2025-12-04T09:53:01.747Z","2025-12-04 09:53:01.747000+00:00","sondakikatr.bsky.social","0","0","at://did:plc:ze2rng6kfggs3uaoz2z7zmbc/app.bsky.feed.post/3m75p7qwdqe2x"
"Bluesky","galaxy note","galaxy note","A101 iPhone 16 ve 200 MP Kameralı Ucuz Telefon Satıyor A101 bu hafta iPhone 16, iPhone 16 Plus, iPhone 14, Samsung Galaxy S25+, Redmi Note 14 Pro, Redmi Note 14 ve Realme 12 Lite satıyor. Bu hafta akıllı telefonların yanı sıra LG 55 inç 4K uydu alıcılı akıllı televizyon, AirPods 4 kablosuz…","2025-12-04T11:38:01Z","2025-12-04 11:38:01+00:00","ercanceviz.bsky.social","0","0","at://did:plc:v7nvkhezqq33xrcgasafhbw4/app.bsky.feed.post/3m75v3jwg7d2a"
"Bluesky","galaxy note","galaxy note","Finally got my Black Friday sale order from @animeigo.com. Figured that if I truly wanted to get all of Galaxy Express 999 TV then I better finally get it. (note, only one of these was actually one sale for Black Friday)","2025-12-04T18:27:54.888Z","2025-12-04 18:27:54.888000+00:00","landofobscusion.bsky.social","3","0","at://did:plc:ogmk75yz5ottlnaatfro7kc5/app.bsky.feed.post/3m76lygkdos2i"
"Bluesky","galaxy note","galaxy note","The WEG d6 Star Wars source books were the first real coalescing and expansion of Star Wars lore!  (Amzn as an example retailer, but should be available elsewhere...) a.co/d/gPVEab1","2025-12-05T01:14:12.417Z","2025-12-05 01:14:12.417000+00:00","dargentoalexandro.bsky.social","2","0","at://did:plc:7pdt545qzhcl23k3vrzqzufr/app.bsky.feed.post/3m77cowxzdk2e"
"Bluesky","galaxy note","galaxy note","Tiêu đề: Bật Mí Thiết Kế Đột Phá Của Galaxy Note 15 Series – Sự Kế Thừa Hoàn Hảo Giữa Truyền Thống và Tương Lai Tiêu đề: Bật Mí Thiết Kế Đột Phá Của Galaxy Note 15 Series - Sự Kế Thừa Hoàn Hảo Giữa Truyền Thống và Tương Lai Bài viết chuyên nghiệp: Thị trường công nghệ đang xôn xao với những thông…","2025-12-05T09:40:11Z","2025-12-05 09:40:11+00:00","queenvn.bsky.social","0","0","at://did:plc:olk6mhrifauaodxiquffevdd/app.bsky.feed.post/3m7a6xqsxh527"
"Bluesky","galaxy note","galaxy note","- They want to do good but often lack the focus to perform brave actions on their own. That's why they require either someone to ride them, (Galaxy 2) or a way to share the labor of an adventure (Yoshi's island.) Note how Yoshi's still don't go into castles in World, or how Yoshi had to follow Samus","2025-12-05T21:18:59.049Z","2025-12-05 21:18:59.049000+00:00","brainytherpgcat.bsky.social","0","0","at://did:plc:umdby2kxpjgzebbp7k6a6h2k/app.bsky.feed.post/3m7bfzao7lc2j"
"Bluesky","galaxy note","galaxy note","""All out of Spoons. FORK THIS"" (2025, Galaxy Note 10)","2025-12-06T02:16:26.052Z","2025-12-06 02:16:26.052000+00:00","sweetcheflife.bsky.social","3","0","at://did:plc:rvvyjri6yb6tp4m264wqzzmj/app.bsky.feed.post/3m7bwn4wctk2e"
"Bluesky","galaxy note","galaxy note","Star-lord valley chapter 6 up now on ao3, now comes with a free trauma dump in the authors note. archiveofourown.org/works/56011309 #fanfiction #roquill #guardiansofthegalaxy #gotg","2025-12-06T06:15:09.923Z","2025-12-06 06:15:09.923000+00:00","underscore-0.bsky.social","0","0","at://did:plc:7tck5iqn77upaadug2i2w3ux/app.bsky.feed.post/3m7cdxz7phk2c"
"Bluesky","galaxy note","galaxy note","「iphone apple apple pencil」に関する記事です: https://www.gizmodo.jp/2025/12/gtm-iphone_applepencil.html","2025-12-06T09:52:30.029940+00:00","2025-12-06 09:52:30.029940+00:00","buchikuma.bsky.social","0","0","at://did:plc:jf26a7dgps3fck4zc7anchdl/app.bsky.feed.post/3m7cq4nc7562o"
"Bluesky","galaxy note","galaxy note","T-Mobile’s end-of-year deals include four free iPhone 17, Galaxy S25, and more – but you’ll have to be quick If you've been thinking about upgrading your phone at T-Mobile, then take note that the carrier's big end-of-year seasonal deals are likely to end soon. We've had great deals since Black…","2025-12-06T12:59:40Z","2025-12-06 12:59:40+00:00","newshub05.bsky.social","0","0","at://did:plc:zfg6pjruc22nryiqmqkdsn73/app.bsky.feed.post/3m7d2leseyi26"
"Bluesky","galaxy note","galaxy note","Funny Disney Bambi Soft Phone Case for Samsung Galaxy S25 S21 S22 S23 S24 Ultra S20 FE S10 Plus Note 10 20 Ultra","2025-12-06T15:28:38.989Z","2025-12-06 15:28:38.989000+00:00","gizopedia.bsky.social","0","0","at://did:plc:fcx5ybmclfiv7ibrrulohbkg/app.bsky.feed.post/3m7dcvq4pgs24"
"Bluesky","galaxy note","galaxy note","Ending Soon: Samsung's Cyber Week Event With Low Prices on The Frame TV, Gaming Monitors, and More","2025-12-06T17:44:13Z","2025-12-06 17:44:13+00:00","macrumors.bsky.social","6","0","at://did:plc:ritv6l6udmzeuwbit4omuq4x/app.bsky.feed.post/3m7dki5thpo25"
"Bluesky","galaxy note","galaxy note","White Stripes 3rd album had been my screensaver on my Samsung Galaxy Note 20 Ultra 512 GB, living room/kitchen all in red, white, black.  No more. Brought up Marshall Mathers at Detroit Lions at half time.  🏈 Eminem wasted talent w lyrical terroristic threats of the mother of their child. 🚩","2025-12-06T18:30:42.841Z","2025-12-06 18:30:42.841000+00:00","paulmick.bsky.social","0","0","at://did:plc:h2pwxlpv6rz5h22tb65m42tx/app.bsky.feed.post/3m7dn3bo5ok2j"
"Bluesky","galaxy note","galaxy note","Upgrade Your Touch! Universal Stylus Pens for Tablets, iPad & Galaxy. Shop 10-Pack!","2025-12-06T19:40:13.531Z","2025-12-06 19:40:13.531000+00:00","gizopedia.bsky.social","0","0","at://did:plc:fcx5ybmclfiv7ibrrulohbkg/app.bsky.feed.post/3m7dqxlfsd72p"
"Bluesky","galaxy note","galaxy note","docs.google.com/document/d/1...","2025-12-06T19:41:34.130Z","2025-12-06 19:41:34.130000+00:00","miluette.com","1","0","at://did:plc:anjkk3q4bayzovfddzctvy4i/app.bsky.feed.post/3m7dqzxy6uk26"
"Bluesky","galaxy note","galaxy note","Feed: ""Out of Play"" Published on Saturday, December 6, 2025","2025-12-07T04:49:22.920151+00:00","2025-12-07 04:49:22.920151+00:00","longtail-news.bsky.social","0","0","at://did:plc:o6ggjvnj4ze3mnrpnv5oravg/app.bsky.feed.post/3m7epnzp6bo2x"
"Bluesky","galaxy note","galaxy note","Trying out shorter journal entries just to get used to blog-writing, even as someone who isn't used to it yet ​:blobfoxhappy:​ I've just now written up an entry about my experience flashing a custom ROM onto the Galaxy Note 4, in fact ​:ablobcat_drawing:​","2025-12-07T08:47:40.989Z","2025-12-07 08:47:40.989000+00:00","radmin.limepeeps.perchinup.top.ap.brid.gy","0","0","at://did:plc:zfnr7z743mhdmnljqgmytllw/app.bsky.feed.post/3m7f4zyrxfag2"
"Bluesky","galaxy note","galaxy note","say Hi to the new galaxy note","2025-12-07T13:35:52.033Z","2025-12-07 13:35:52.033000+00:00","bun-cakes.bsky.social","2","0","at://did:plc:qyo62airoq3ys4lapoa5dsan/app.bsky.feed.post/3m7fn2xtas22p"
"Bluesky","galaxy note","galaxy note","Samsung's Cyber Week event will come to a close later this weekend, and you can still find great deals on monitors, storage accessories, TVs, Galaxy smartphones, and home appliances for a few more days. Note. MacRumors is an affiliate partner with Samsung. When you click a link and make a ..","2025-12-07T13:51:20.420778+00:00","2025-12-07 13:51:20.420778+00:00","technology-news.bsky.social","1","0","at://did:plc:fsftz5ue2bvlvkb6zx2bqdnh/app.bsky.feed.post/3m7fnwncs2a2s"
"Bluesky","galaxy note","galaxy note","Galaxy Z TriFold, official, Redmi Note 15 series leak, Week 49 in review - https://www.gsmarena.com/galaxy_z_trifold_official_redmi_note_15_series_leak_week_49_in_review-news-70591.php","2025-12-07T17:11:13.429Z","2025-12-07 17:11:13.429000+00:00","gsmarena-poster.bsky.social","0","0","at://did:plc:t6dygygdpdbmpcunuv735suq/app.bsky.feed.post/3m7fz43cpcr2d"
"Bluesky","galaxy note","galaxy note","O que revela o vazamento do Galaxy Z TriFold e Redmi Note 15? O que chegou de novo? A Samsung lançou esta semana o seu mais recente dobrável, o Galaxy Z TriFold. Com um design inovador, este modelo mantém a sua tela dobrável interna e acrescenta uma tela externa independente, ao contrário do…","2025-12-07T19:20:49Z","2025-12-07 19:20:49+00:00","hotnewspt.bsky.social","0","0","at://did:plc:hqb2daec6iyjtir72zebth5e/app.bsky.feed.post/3m7gadtyc2i2o"
"Bluesky","galaxy note","galaxy note","Cabo USB tipo C (pacote com 3, 3/6/10 pés) USB-A para USB-C Cabo de carregamento rápido tipo C Cabo de carregamento trançado de nylon para Samsung Galaxy S24 S23 S22 S21S20 S10, Note 20 10, para iPhone 🔥 Cabo USB tipo C (pacote com 3, 3/6/10 pés) USB-A para USB-C Cabo de carregamento rápido tipo C…","2025-12-08T00:01:19Z","2025-12-08 00:01:19+00:00","ofertadireta.bsky.social","0","0","at://did:plc:qpvtmb7zwk7eegi2jt4hsycb/app.bsky.feed.post/3m7gpzgmgsh2j"
"Bluesky","galaxy note","galaxy note","Hey! My book Neptia’s Galaxy Railway is now 9.99 on eReaders, FOREVER. So if you want a tongue-in-cheek sci-fi adventure on your Kindle, Nook or whatever, now’s to the time to check it out! www.amazon.com/Neptias-Gala... www.barnesandnoble.com/w/neptias-ga... #Booksky #Pricedrop #Scifibook","2025-12-08T00:47:02.013Z","2025-12-08 00:47:02.013000+00:00","ninjaswriting.bsky.social","3","0","at://did:plc:ukrqfclr2mjvpbq3lijcf7fh/app.bsky.feed.post/3m7gsl4bl3k2l"
"Bluesky","galaxy note","galaxy note","Star Wars From the Adventures of Luke Skywalker ANOTHER galaxy, another time. The Old Republic was the Republic of legend, greater than distance or time. No need to note where it was or whence It came, only to know that... it was _the_ Republic.","2025-12-08T11:35:21.495Z","2025-12-08 11:35:21.495000+00:00","banthafodder.bsky.social","0","0","at://did:plc:zy7cgdaiplv6lpoinrvzmqs6/app.bsky.feed.post/3m7hwsfpijk2v"
"Bluesky","galaxy note","galaxy note","this sounds like a request for the flowcharts i made for my dissertation, showing image reduction and stacking. then, since we were measuring galaxy shapes, correcting for spatial distortions. (please note that one of the programs we used was called “SExtractor”)","2025-12-08T15:02:45.872Z","2025-12-08 15:02:45.872000+00:00","leastactionhero.bsky.social","11","0","at://did:plc:hlx6oefypliizxxuqf435awt/app.bsky.feed.post/3m7icfbm45s2w"
"Bluesky","galaxy note","galaxy note","""When the galaxy fell silent, I became a single note, lost in the void. Waiting for the Force to compose a new song.” -Sar Zell The fifth character teaser for our Patreon Campaign: Hunt for the Ennorad. Session will be livestreamed tomorrow on December 12th, at 4 PM MST #SW5E","2025-12-08T17:31:02.946Z","2025-12-08 17:31:02.946000+00:00","cmkjofficial.bsky.social","1","0","at://did:plc:b7mbarkv2ytkazxzti4jxnmh/app.bsky.feed.post/3m7ikogj34s2u"
"Bluesky","galaxy note","galaxy note","— Bewitched ✨ Jade staying up at night and talking to (cursing at) the moon, ranting about how much she loves Summer. About how he loves her so much it overflows and can be seen in everything she does. Jade loves Summer so much he can feel it in her veins. He is bewitched <3","2025-12-10T02:44:25.914Z","2025-12-10 02:44:25.914000+00:00","solarsuntrip.bsky.social","0","0","at://did:plc:mlbc4lym322d2un5ykcmstdw/app.bsky.feed.post/3m7m23pberk2x"
"Bluesky","galaxy note","galaxy note","SAMSUNG Galaxy Tab S10 FE 128GB WiFi Android Tablet, Large Display, Long Battery Life, Exynos 1580 Processor, IP68 Water-Resistant, 90 Hz Refresh, S Pen for Note-Taking, US Version, Silver","2025-12-10T07:11:35.701Z","2025-12-10 07:11:35.701000+00:00","gizopedia.bsky.social","0","0","at://did:plc:fcx5ybmclfiv7ibrrulohbkg/app.bsky.feed.post/3m7miymarxp2b"
"Bluesky","galaxy note","galaxy note","#Android #News #Android #Phones #Best #Android #Phones #Samsung #Galaxy #S24 #Samsung Origin | Interest | Match","2025-12-10T15:32:32.000Z","2025-12-10 15:32:32+00:00","android.activitypub.awakari.com.ap.brid.gy","0","0","at://did:plc:etkadjdby46s2skc4shoxp6q/app.bsky.feed.post/3m7nhcgl4tdd2"
"Bluesky","galaxy fold","galaxy fold","A VOLTA DA MADEIRA? Lembra do Moto X de bambu? A Motorola enviou um convite de madeira que abre como um livro para a CES 2026. Tudo indica um ""Moto Fold"" com design exótico chegando em janeiro. 🌙 Entenda o rumor:","2025-12-10T21:37:00.655Z","2025-12-10 21:37:00.655000+00:00","nanobits.bsky.social","1","0","at://did:plc:ww35nnpubzp4zxngqq7qchpi/app.bsky.feed.post/3m7nze4vdnl2r"
"Bluesky","galaxy fold","galaxy fold","Android Central より Samsung Galaxy Z TriFold vs. Galaxy Z Fold 7: How many folds do you want? Samsung Galaxy Z TriFold vs. Galaxy Z Fold 7: 何枚の折りたたみが必要ですか?","2025-12-11T01:08:01.176178+00:00","2025-12-11 01:08:01.176178+00:00","gigowat.bsky.social","0","0","at://did:plc:dwecjm5n7fyljcjk3vi7x5oa/app.bsky.feed.post/3m7of5fwbil23"
"Bluesky","galaxy fold","galaxy fold","Feed: ""Latest from Android Central"" By: Rajat Sharma on Wednesday, December 10, 2025","2025-12-11T05:14:12.996330+00:00","2025-12-11 05:14:12.996330+00:00","longtail-news.bsky.social","0","0","at://did:plc:o6ggjvnj4ze3mnrpnv5oravg/app.bsky.feed.post/3m7osvnr2be26"
"Bluesky","galaxy fold","galaxy fold","Motorola revela primeiro livro dobrável na Lenovo Tech World? O que chegou de novo? A Motorola está a preparar o lançamento de um novo dispositivo dobrável em estilo livro, previsto para janeiro de 2026. Esta nova abordagem marca uma mudança significativa da sua linha atual, focada nos icónicos…","2025-12-11T05:43:56Z","2025-12-11 05:43:56+00:00","hotnewspt.bsky.social","0","0","at://did:plc:hqb2daec6iyjtir72zebth5e/app.bsky.feed.post/3m7oukt7gte2q"
"Bluesky","galaxy fold","galaxy fold","Maaaan I would snap up a Galaxy Z Fold 7 in a heartbeat if it still had S Pen support. Apparently #Samsung is working with Hideep on a new stylus that doesn't need a digitiser layer and still has palm rejection, but we'll see... hopefully in the Z Fold 8! Vid: @beccafarsace.bsky.social #android","2025-12-11T06:11:22.027Z","2025-12-11 06:11:22.027000+00:00","mikestevens.link","1","0","at://did:plc:gj55urnejshc53jzje5afyk2/app.bsky.feed.post/3m7ow3t6bzs2p"
"Bluesky","galaxy fold","galaxy fold","Samsung Galaxy Z TriFold ve Z Fold 7 Karşılaştırması: Lider Kim? Samsung, 2019 yılında ilk katlanabilir telefonunu piyasaya sürdüğünde mobil dünyada yeni bir çağ başlatmıştı. Aradan geçen altı yılın ardından teknoloji devi, Samsung Galaxy Z TriFold modelini tanıtarak inovasyon sınırlarını bir kez…","2025-12-11T07:33:54Z","2025-12-11 07:33:54+00:00","ercanceviz.bsky.social","0","0","at://did:plc:v7nvkhezqq33xrcgasafhbw4/app.bsky.feed.post/3m7p2pifrxm22"
"Bluesky","galaxy fold","galaxy fold","Why the Galaxy Z Fold 8 is the Future of Smartphones The Samsung Galaxy Z Fold 8 is poised to set a new standard for foldable smartphones in 2026. With a combination of confirmed upgrades and antic... #Android #News #Mobile #Phone #News #Top #News Origin | Interest | Match","2025-12-11T10:00:42.000Z","2025-12-11 10:00:42+00:00","android.activitypub.awakari.com.ap.brid.gy","0","0","at://did:plc:etkadjdby46s2skc4shoxp6q/app.bsky.feed.post/3m7pd5lyagxd2"
"Bluesky","galaxy fold","galaxy fold","Why the Galaxy Z Fold 8 is the Future of Smartphones The Samsung Galaxy Z Fold 8 is poised to set a new standard for foldable smartphones in 2026. With a combination of confirmed upgrades and antic... #Android #News #Mobile #Phone #News #Top #News Origin | Interest | Match","2025-12-11T10:00:42.000Z","2025-12-11 10:00:42+00:00","android.activitypub.awakari.com.ap.brid.gy","0","0","at://did:plc:etkadjdby46s2skc4shoxp6q/app.bsky.feed.post/3m7pd5vdiohr2"
"Bluesky","galaxy fold","galaxy fold","Motorolaが2026年1月に大型折りたたみ「ブック型」スマホ参戦か。企業ギフトの謎めいたメッセージから判明。Galaxy Z Foldに挑む新機軸で市場は激変？詳細は記事へ。 https://biggo.jp/news/202512111021_Motorola-First-Book-Foldable-Teased-January-2026 #MotorolaFold #Motorola","2025-12-11T10:47:09+00:00","2025-12-11 10:47:09+00:00","techtrendsjp.bsky.social","0","0","at://did:plc:65rfrzfssqwps6p5pl74vggw/app.bsky.feed.post/3m7pfiyp6j522"
"Bluesky","galaxy fold","galaxy fold","I went hands-on with the Galaxy Z TriFold at Dubai Mall — Samsung's tri-fold has a distinct advantage over the Huawei Mate XT, and the design is much better than I expected Samsung's Gala... #Samsung #Galaxy #Phones Origin | Interest | Match","2025-12-11T13:01:42.000Z","2025-12-11 13:01:42+00:00","android.activitypub.awakari.com.ap.brid.gy","0","0","at://did:plc:etkadjdby46s2skc4shoxp6q/app.bsky.feed.post/3m7prae3jazj2"
"Bluesky","galaxy fold","galaxy fold","The Galaxy Z TriFold has a neat PC trick that could justify its price tag – and I hope it comes to the iPhone Fold The Galaxy Z TriFold will support the Second Screen feature in the same way that... #Samsung #Galaxy #Phones #Phones Origin | Interest | Match","2025-12-11T13:14:17.000Z","2025-12-11 13:14:17+00:00","android.activitypub.awakari.com.ap.brid.gy","0","0","at://did:plc:etkadjdby46s2skc4shoxp6q/app.bsky.feed.post/3m7pou7mzqgj2"
"Bluesky","galaxy fold","galaxy fold","#TechRadar The Galaxy Z TriFold has a neat PC trick that could justify its price tag – and I hope it comes to the iPhone Fold https://techrad.ar/Hqu9 #SamsungGalaxyPhones #Phones","2025-12-11T13:34:07Z","2025-12-11 13:34:07+00:00","techrad.ar","0","0","at://did:plc:sggcemuswbe74yefq36bkgau/app.bsky.feed.post/3m7potkq4yq2k"
"Bluesky","galaxy fold","galaxy fold","AC's Senior Editor Harish Jonnalagadda was able to get his hands on the new Samsung Galaxy Z Trifold at the Dubai Mall! And here's what went down! www.androidcentral.com/phones/samsu...","2025-12-11T13:40:13.519862Z","2025-12-11 13:40:13.519862+00:00","androidcentral.bsky.social","0","0","at://did:plc:m6cybrnq27h5y5o54hxu7m7u/app.bsky.feed.post/3m7pp6i65bj2w"
"Bluesky","galaxy note","galaxy note","Samsung's Holiday Sale Has Low Prices on The Frame TV, Portable SSDs, Monitors, and More","2025-12-11T14:56:16Z","2025-12-11 14:56:16+00:00","macrumors.bsky.social","6","0","at://did:plc:ritv6l6udmzeuwbit4omuq4x/app.bsky.feed.post/3m7ptggnxn72j"
"Bluesky","galaxy fold","galaxy fold","www.techradar.com/phones/samsu...","2025-12-11T15:49:18.640Z","2025-12-11 15:49:18.640000+00:00","davidmogeladze.bsky.social","0","0","at://did:plc:yvy5vzclh7fyf6saluxdxxno/app.bsky.feed.post/3m7pwfbejw22g"
"Bluesky","galaxy fold","galaxy fold","One UI 8.5’s photo editor could soon let you blend objects from one pic to another One UI 8.5 could level up your photo editing with a new feature. Credit: Rita El Khoury / Android Authority TL;D... #News #Samsung #Samsung #Galaxy #AI #Samsung #Galaxy #Z #Fold #7 Origin | Interest | Match","2025-12-11T16:48:55.000Z","2025-12-11 16:48:55+00:00","android.activitypub.awakari.com.ap.brid.gy","0","0","at://did:plc:etkadjdby46s2skc4shoxp6q/app.bsky.feed.post/3m7q37x2xt762"
"Bluesky","galaxy fold","galaxy fold","Rival do Galaxy Z Fold? Motorola sugere lançamento de novo dobrável na CES","2025-12-11T16:56:56.348Z","2025-12-11 16:56:56.348000+00:00","canaltech.bsky.social","0","0","at://did:plc:6s2ml6woj3o6e6lzg2c3yyow/app.bsky.feed.post/3m7q267nuso2j"
"Bluesky","galaxy fold","galaxy fold","Motorola prepara su primer plegable tipo libro y apunta alto para 2026. ¿Listo para una nueva forma de usar tu móvil? 📱 #Motorola #Tecnología","2025-12-11T17:09:14Z","2025-12-11 17:09:14+00:00","enterco.bsky.social","0","0","at://did:plc:nhk57j4jjzjbothrcrgtwnku/app.bsky.feed.post/3m7q2u6scgq2j"
"Bluesky","galaxy fold","galaxy fold","يتمتع هاتف Galaxy Z TriFold بخدعة رائعة للكمبيوتر الشخصي يمكن أن تبرر سعره – وآمل أن يصل الأمر إلى iPhone Fold تم الكشف عن ميزة أخرى في هاتف Galaxy Z TriFold يمكنك استخدام الهاتف كشاشة ثانية لجهاز الكمبيوتر الذي يعمل بنظام Windows الوظيفة متاحة بالفعل على أجهزة سامسونج اللوحية ال سامسونج جالاكسي Z…","2025-12-11T18:04:56Z","2025-12-11 18:04:56+00:00","beiruttime.bsky.social","0","0","at://did:plc:kk3x5e3623o25ncmq37sfvsn/app.bsky.feed.post/3m7q5xtyaxt2s"
"Bluesky","galaxy fold","galaxy fold","Android Central より I went hands-on with the Galaxy Z TriFold at Dubai Mall — Samsung's tri-fold has a distinct advantage over the Huawei Mate XT, and the design is much better than I expected ドバイモールでギャラクシーZ TriFold を体験しました — サムスンの三重型はHuawei Mate XT よりも明確な利点があり、予想以上にデザインが優れています","2025-12-11T18:15:06.883272+00:00","2025-12-11 18:15:06.883272+00:00","gigowat.bsky.social","0","0","at://did:plc:dwecjm5n7fyljcjk3vi7x5oa/app.bsky.feed.post/3m7q6jys54z2x"
"Bluesky","galaxy fold","galaxy fold","The first test firmware for the Galaxy S23 Ultra, Galaxy Z Flip 6, and the Galaxy Z Fold 6 have been spotted on Samsung's servers.","2025-12-11T18:15:38.067475+00:00","2025-12-11 18:15:38.067475+00:00","technology-news.bsky.social","1","0","at://did:plc:fsftz5ue2bvlvkb6zx2bqdnh/app.bsky.feed.post/3m7q6kw6gjq2g"
"Bluesky","galaxy fold","galaxy fold","Motorola afina un nuevo plegable tipo libro para competir de lleno en la gama alta 📱 #Motorola #Foldable #TechNews","2025-12-11T18:59:14Z","2025-12-11 18:59:14+00:00","enterco.bsky.social","0","0","at://did:plc:nhk57j4jjzjbothrcrgtwnku/app.bsky.feed.post/3m7qayvmiy52p"
"Bluesky","galaxy fold","galaxy fold","The Huawei Mate X7 proves that camera upgrades matter far more than shaving off a few millimeters","2025-12-11T19:00:22Z","2025-12-11 19:00:22+00:00","pocketlintcom.bsky.social","0","0","at://did:plc:hzby2smae6xhnxblzmqylw4x/app.bsky.feed.post/3m7qb2w7y4j2c"
"Bluesky","galaxy fold","galaxy fold","📤 Newsletter?! TODAAAY: Insta's new user-friendly algorithm controls, a friend-friendly Facebook redesign, and the Galaxy Z Fold 7 is Becca's bestie for 2025. Plus: A sweet Mario Kart World update, an Alan Moore long read, and a bunch of new Aussie-made video games!  Get subbed:","2025-12-11T19:42:33.638Z","2025-12-11 19:42:33.638000+00:00","mikestevens.link","1","0","at://did:plc:gj55urnejshc53jzje5afyk2/app.bsky.feed.post/3m7qdgdzy5k2p"
"Bluesky","galaxy fold","galaxy fold","Unfold the hype? Samsung’s Galaxy Z TriFold is everything but ordinary, vying to outshine the Mate XT! Is this the future of phones? www.androidcentral.com/phones/samsu...","2025-12-11T20:25:57.944054Z","2025-12-11 20:25:57.944054+00:00","androidcentral.bsky.social","0","0","at://did:plc:m6cybrnq27h5y5o54hxu7m7u/app.bsky.feed.post/3m7qftypsju2n"
"Bluesky","galaxy fold","galaxy fold","The Galaxy Z TriFold's stunning design and durability promise a new way to connect. Could this be your next phone? AC's Harish. J explores www.androidcentral.com/phones/samsu...  🤔 #TechLove","2025-12-12T03:30:49.791872Z","2025-12-12 03:30:49.791872+00:00","androidcentral.bsky.social","0","0","at://did:plc:m6cybrnq27h5y5o54hxu7m7u/app.bsky.feed.post/3m7r5lps4uj2a"
"Bluesky","galaxy fold","galaxy fold","Feed: ""Latest from Android Central"" By: Harish Jonnalagadda on Thursday, December 11, 2025","2025-12-12T05:33:01.474051+00:00","2025-12-12 05:33:01.474051+00:00","longtail-news.bsky.social","0","0","at://did:plc:o6ggjvnj4ze3mnrpnv5oravg/app.bsky.feed.post/3m7reg7vqqo2n"
"Bluesky","galaxy fold","galaxy fold","Save at least £200 on the Galaxy Z Fold 7 in the UK, use this coupon.","2025-12-12T08:07:15.795Z","2025-12-12 08:07:15.795000+00:00","sammobile.com","1","0","at://did:plc:rvxv4ym53kmhtdulkxkhadkk/app.bsky.feed.post/3m7rmzyb73s2g"
"Bluesky","galaxy fold","galaxy fold","سامسونج تكشف تفاصيل هاتف Galaxy Z Tri Fold القابل للطي بتصميم مبتكر#سامسونج #تكشف #تفاصيل #هاتف #Galaxy #Tri #Fold #القابل #للطي #بتصميم #مبتكر #سامسونج #تكشف #تفاصيل #هاتف #Galaxy #Tri #Fold #القابل #للطي #بتصميم #مبتكر جالاكسي زد تراي فولد الثلاثي الطي من سامسونج يمثل نقلة نوعية في عالم الهواتف…","2025-12-12T10:13:27Z","2025-12-12 10:13:27+00:00","yaserps.bsky.social","0","0","at://did:plc:wiap2x2j24f4ywc65eskxzy4/app.bsky.feed.post/3m7ru3ozyc22u"
"Bluesky","galaxy fold","galaxy fold","New teaser hints at Motorola Fold release to rival Samsung Galaxy Z Fold7 tinyurl.com/4epk68be #Motorola #MotorolaFold #foldable #Android #smartphone","2025-12-12T11:21:38.527Z","2025-12-12 11:21:38.527000+00:00","alexalderson.bsky.social","0","0","at://did:plc:pl6kokroyx2tby4xanf66wzg/app.bsky.feed.post/3m7rxvkpitk2p"
"Bluesky","galaxy fold","galaxy fold","Motorola afina un plegable tipo libro con ambiciones claras en la gama alta 📱 #Motorola #Foldable #TechNews","2025-12-12T13:22:14Z","2025-12-12 13:22:14+00:00","enterco.bsky.social","0","0","at://did:plc:nhk57j4jjzjbothrcrgtwnku/app.bsky.feed.post/3m7s6n7p6g527"
"Bluesky","galaxy fold","galaxy fold","Motorola pode lançar rival do Galaxy Z Fold em janeiro tecnoblog.net/noticias/mot...","2025-12-12T13:53:06.744Z","2025-12-12 13:53:06.744000+00:00","tecnoblog.net","0","0","at://did:plc:4x3c3kkh2mah3rfjgfnktsgo/app.bsky.feed.post/3m7saefwkpv2h"
"Bluesky","galaxy fold","galaxy fold","Forget the Tri-Fold: Samsung Galaxy Z Roll 5G is the Real Revolution Samsung is preparing to reshape the smartphone industry with the highly anticipated Galaxy Z Roll 5G, expected to launch in 2026... #Android #News #Mobile #Phone #News #Top #News Origin | Interest | Match","2025-12-12T15:00:26.000Z","2025-12-12 15:00:26+00:00","android.activitypub.awakari.com.ap.brid.gy","0","0","at://did:plc:etkadjdby46s2skc4shoxp6q/app.bsky.feed.post/3m7sgqj443u32"
"Bluesky","galaxy fold","galaxy fold","12.12 de Natal: Galaxy Z Fold 6 (512 GB) tem 62% de desconto em oferta tecnoblog.net/achados/12-1... #achadosdoTB","2025-12-12T17:42:05.020Z","2025-12-12 17:42:05.020000+00:00","tecnoblog.net","0","0","at://did:plc:4x3c3kkh2mah3rfjgfnktsgo/app.bsky.feed.post/3m7sn5triyu2o"
"Bluesky","galaxy fold","galaxy fold","Huawei Mate X7が世界展開。5600mAh大容量バッテリーと可変絞りレンズでGalaxy Z Fold 7に挑む詳細はコメント欄のリンクから。 https://biggo.jp/news/202512121821_Huawei_Mate_X7_Global_Launch #MateX7 #HuaweiMateX7","2025-12-12T18:55:36+00:00","2025-12-12 18:55:36+00:00","techtrendsjp.bsky.social","0","0","at://did:plc:65rfrzfssqwps6p5pl74vggw/app.bsky.feed.post/3m7srbd5nq52r"
"Bluesky","galaxy fold","galaxy fold","華為Mate X7摺疊機全球開賣！5600mAh大電量、十段可變光圈相機，挑戰三星Z Fold 7。 https://biggo.com.tw/news/202512121821_Huawei_Mate_X7_Global_Launch #HuaweiMateX7","2025-12-12T18:55:39+00:00","2025-12-12 18:55:39+00:00","biggo-news.bsky.social","0","0","at://did:plc:36mz5lutk7mmac4vdnijpd3x/app.bsky.feed.post/3m7srbgl5bw2x"
"Bluesky","galaxy fold","galaxy fold","12.12 de Natal: Galaxy Z Fold 7 (1 TB) tem oferta até 12x com 41% OFF tecnoblog.net/achados/12-1... #achadosdoTB","2025-12-12T20:00:00.557Z","2025-12-12 20:00:00.557000+00:00","tecnoblog.net","0","0","at://did:plc:4x3c3kkh2mah3rfjgfnktsgo/app.bsky.feed.post/3m7suuhwqmc2w"
"Bluesky","galaxy fold","galaxy fold","Un nuevo competidor en la gama alta: Motorola afina su plegable tipo libro 🔍 #Smartphones #Innovation #MobileTech","2025-12-12T20:45:12Z","2025-12-12 20:45:12+00:00","enterco.bsky.social","0","0","at://did:plc:nhk57j4jjzjbothrcrgtwnku/app.bsky.feed.post/3m7sxfco4jh23"
"Bluesky","galaxy note","galaxy note","Jyn have to adopt voices,  Jax adopted the voice of Adrian Pimento because  it is the ""manliest voice"" in the galaxy. He believes ""Brooklyn 99"" is a historical documentary.  Pure chaos energy. Read his debut in the FREE preview: medium.com/@DrAndrewSau...  #Brooklyn99 #SciFi #Comedy #IndieAuthor","2025-12-13T00:08:00.709Z","2025-12-13 00:08:00.709000+00:00","dr-beyond.com","2","1","at://did:plc:s56x6zse7ikk66otbgleswsm/app.bsky.feed.post/3m7tcpxsr7n2s"
"Bluesky","galaxy note","galaxy note","Samsung Galaxy S26 Ultra Enters The Fast-Charging World With 60W Fast-Charging","2025-12-13T01:46:12Z","2025-12-13 01:46:12+00:00","gizchinacom.bsky.social","0","0","at://did:plc:s3ejxmymusvlp4ugsyo6mvnx/app.bsky.feed.post/3m7ti7jl4532m"
"Bluesky","galaxy fold","galaxy fold","The night sky  Cancun, Mexico 12-12-25 around 10:26pm Taken with my Samsung galaxy fold 7 #nightsky #galaxyfold7 #ThePleiades","2025-12-13T04:58:32.349Z","2025-12-13 04:58:32.349000+00:00","ms-kenia.bsky.social","0","0","at://did:plc:hmfcfopplzf6ll6rfdn4bfi6/app.bsky.feed.post/3m7tsxguhts27"
"Bluesky","galaxy fold","galaxy fold","Galaxy Z Fold 7 and Flip 7 get the December 2025 Security Update in Europe","2025-12-13T05:20:34.844Z","2025-12-13 05:20:34.844000+00:00","samlover.bsky.social","0","0","at://did:plc:2jkuea7khdsaabdf5awz2anx/app.bsky.feed.post/3m7tu6u35f22b"
"Bluesky","galaxy fold","galaxy fold","Galaxy Z Fold 8 Leak: iPad-Style Design Spotted techhounder.com/samsung-gala...","2025-12-13T10:29:38.697Z","2025-12-13 10:29:38.697000+00:00","techhounder.bsky.social","2","0","at://did:plc:oot26ht5tnxlep3x25ii3tr6/app.bsky.feed.post/3m7ufhiuors26"
"Bluesky","galaxy fold","galaxy fold","Tech and Gadgets: Weekly deals: Discounts on Pixel 10 Pro Fold, Pixel 10, Galaxy S25 lineup, and more | SportN TechsRead full article 👉 https://sportntechs.xyz/tech-gadgets/weekly_deals_discounts_on_pixel_10_pro_fold_pixel_10_galaxy_s25_lineup_and_more-news-70696-php/","2025-12-13T11:01:00.000Z","2025-12-13 11:01:00+00:00","whispernews.bsky.social","0","0","at://did:plc:3puuhos3mbjqfs3trs7tmg4h/app.bsky.feed.post/3m7ukunrrse27"
"Bluesky","galaxy fold","galaxy fold","Weekly deals: Discounts on Pixel 10 Pro Fold, Pixel 10, Galaxy S25 lineup, and more - https://www.gsmarena.com/weekly_deals_discounts_on_pixel_10_pro_fold_pixel_10_galaxy_s25_lineup_and_more-news-70696.php","2025-12-13T11:08:22.802Z","2025-12-13 11:08:22.802000+00:00","gsmarena-poster.bsky.social","1","0","at://did:plc:t6dygygdpdbmpcunuv735suq/app.bsky.feed.post/3m7uhmrmnfj2x"
"Bluesky","galaxy fold","galaxy fold","Samsung Galaxy Z Fold 8: Finally, A Wider Dispaly Samsung is preparing to make a bold statement in the foldable smartphone market with the highly anticipated Galaxy Z Fold 8. This flagship device i... #Android #News #Mobile #Phone #News #Top #News Origin | Interest | Match","2025-12-13T12:00:18.000Z","2025-12-13 12:00:18+00:00","android.activitypub.awakari.com.ap.brid.gy","0","0","at://did:plc:etkadjdby46s2skc4shoxp6q/app.bsky.feed.post/3m7ukmysy2xf2"
"Bluesky","galaxy fold","galaxy fold","Descubra os smartphones dobráveis mais incríveis de 2025 O que chegou de novo? Em 2025, os smartphones dobráveis atingiram um novo nível de maturidade, destacando-se como opções de topo no mercado. Da Samsung à Huawei e Oppo, os novos modelos deixaram para trás o estigma de fragilidade e agora…","2025-12-13T12:40:12Z","2025-12-13 12:40:12+00:00","hotnewspt.bsky.social","0","0","at://did:plc:hqb2daec6iyjtir72zebth5e/app.bsky.feed.post/3m7umqz75ai2q"
"Bluesky","galaxy fold","galaxy fold","Tech News Wrap: Google's XR glasses, One UI 8.5 beta drops, Motorola's Fold could be real, and more We take a look at this week's top news in tech, from the latest Pixel update to a cur... #Samsung #Galaxy #Phones Origin | Interest | Match","2025-12-13T15:56:17.000Z","2025-12-13 15:56:17+00:00","android.activitypub.awakari.com.ap.brid.gy","0","0","at://did:plc:etkadjdby46s2skc4shoxp6q/app.bsky.feed.post/3m7v5r6sezxw2"
"Bluesky","galaxy fold","galaxy fold","Galaxy travou nas atualizações do Google Play System – Seu Android pode estar mais vulnerável Desde agosto, a linha Galaxy não recebe as atualizações de segurança do Google Play System na mesma cadência dos patches mensais da Samsung. Isso significa que, apesar de ter o último patch de dezembro…","2025-12-13T16:11:54Z","2025-12-13 16:11:54+00:00","tecstudio.com.br","0","0","at://did:plc:mxjk6khoja4hmkpnxj4shki6/app.bsky.feed.post/3m7uyll3wen26"
"Bluesky","galaxy note","galaxy note","🌟 Seulliya USB-C to 3.5mm Aux Cable Review — Premium Audio Cord for iPhone, Samsung & Pixel 🎶📱✨ Enjoy crystal-clear sound anywhere with the Seulliya USB-C to 3.5mm Audio Aux Jack Cable (5FT, Green)! 🚀 Designed for iPhone 15/16 Plus/15 Pro Max, Samsung Galaxy S23/S22/Note 20, and Google Pixel 5 XL,…","2025-12-13T18:03:11Z","2025-12-13 18:03:11+00:00","vgroup.bsky.social","0","0","at://did:plc:47wls4kfhr465zcad3ylo5af/app.bsky.feed.post/3m7v6sklx7p2a"
"Bluesky","galaxy note","galaxy note","I use an old Samsung Galaxy Note phone, which comes with its own pressure-sensitive stylus, been personally using it with Ibis Paint for years. Very portable! Though that might be a little too small?","2025-12-13T18:31:41.203Z","2025-12-13 18:31:41.203000+00:00","sn0wbat.bsky.social","0","0","at://did:plc:gadzmpj7m62no4sawshjmgqd/app.bsky.feed.post/3m7vafhjgmk2p"
"Bluesky","galaxy fold","galaxy fold","me and my brother were out doing shit today and i formed a few opinions about smartphones: - the iphone air's form factor is overrated - fold phones (like the ones that become big squares) make no sense - the galaxy flip z is really cool???","2025-12-14T00:31:47.650Z","2025-12-14 00:31:47.650000+00:00","vyletbunni.com","43","0","at://did:plc:x7p75ghmpqdf4646t72yotfu/app.bsky.feed.post/3m7vujezxh22p"
"Bluesky","galaxy note","galaxy note","Đây là chiếc điện thoại giá dưới 6,5 triệu ảnh xịn như Galaxy S25 Ultra, liền liền kẻo lỡ! Không cần bỏ số tiền đỏ, người dùng Việt vẫn có thể trải nghiệm điện thoại di động có camera 200MP tốt với mức giá dưới 6,5 triệu đồng trong tháng 12 này. Rắn trong phân khúc tầm trung, Redmi Note 13 Pro 5G…","2025-12-14T07:23:35Z","2025-12-14 07:23:35+00:00","raisewill8488.bsky.social","0","0","at://did:plc:nbpuoxjqisx6dfs7hvr3jlrz/app.bsky.feed.post/3m7wljrhe3z2q"
"Bluesky","galaxy note","galaxy note","i have rediscovered discovered my galaxy note 8 sitting in the closet with its battery swelling UnU","2025-12-14T08:59:31.032Z","2025-12-14 08:59:31.032000+00:00","kleppnixon.bsky.social","0","0","at://did:plc:dabydz6henko7u7gkhzzreek/app.bsky.feed.post/3m7wqvb6kxc2a"
"Bluesky","galaxy fold","galaxy fold","Motorola entra al juego premium con un plegable tipo libro que promete dar pelea 📱 #Motorola #Foldables","2025-12-14T12:37:33Z","2025-12-14 12:37:33+00:00","enterco.bsky.social","0","0","at://did:plc:nhk57j4jjzjbothrcrgtwnku/app.bsky.feed.post/3m7x5366otm23"
"Bluesky","galaxy s","galaxy s","Samsung is developing a new camera sensor for Galaxy S phones that captures all pixels simultaneously, reducing motion blur and shutter lag. Although limited to 12MP, it may debut as a secondary lens.","2025-12-14T18:01:58.747Z","2025-12-14 18:01:58.747000+00:00","mdgtech.substack.com","0","0","at://did:plc:43rq4wrwupoaqux44gks7z2k/app.bsky.feed.post/3m7xp7bazl32y"
"Bluesky","galaxy s","galaxy s","Apple is also interested, so the technology might appear in multiple flagship devices once ready for consumers. More details: buff.ly/HQooyvo","2025-12-14T18:01:59.477Z","2025-12-14 18:01:59.477000+00:00","mdgtech.substack.com","0","0","at://did:plc:43rq4wrwupoaqux44gks7z2k/app.bsky.feed.post/3m7xp7csthe2c"
"Bluesky","galaxy s","galaxy s","🪐🌌 In order to properly render the distant star-cluster in SpaceEngine which is a galactic center, you have to visit it first to cache it, then return to the previous location.","2025-12-14T18:05:57.810Z","2025-12-14 18:05:57.810000+00:00","cragsand.bsky.social","3","1","at://did:plc:2gz32bll34wuuvf3iikrzzpi/app.bsky.feed.post/3m7xpgf7lsc2n"
"Bluesky","galaxy s","galaxy s","Dude Galaxy 2's story book is so good holy shit","2025-12-14T19:21:49.324Z","2025-12-14 19:21:49.324000+00:00","plushski.bsky.social","1","0","at://did:plc:gni3z3e5r4gwpz4nlqdr2sf3/app.bsky.feed.post/3m7xtnzqsqc2m"
"Bluesky","galaxy s","galaxy s","The opposite: I had a Samsung Galaxy S 10 Plus when it was the newest Samsung on the market. I don’t like the dirt cheap phones because they are useless bricks after a year but I would have expected for a Samsung S series to be better than literally falling apart after 2 ½ years of it existing.","2025-12-14T19:23:20.960Z","2025-12-14 19:23:20.960000+00:00","nanashi774.bsky.social","0","0","at://did:plc:mhb5mkprsxxd3rjuayq7u6ux/app.bsky.feed.post/3m7xtqr5c222j"
"Bluesky","galaxy s","galaxy s","I have to wonder what happened to the creative minds that brought us Super Mario Galaxy or Breath of the Wild - not the best stories ever, but compelling ones. Last time I recall of a compelling (if light) story from Nintendo was... 2021's Bowser's Fury?","2025-12-14T19:51:15.092Z","2025-12-14 19:51:15.092000+00:00","mustelocentrism.london","0","0","at://did:plc:fd6if7orh4nl54nvzuclb4xv/app.bsky.feed.post/3m7xvcnpwgk2u"
"Bluesky","galaxy s","galaxy s","Picked up Fate Rin Figma, Transformers 3rd Party NBK King of Sniper Optimus,G2 Dinobot Set, Fate Grand Order Romani Archaman, and a few Star Wars Micro Galaxy Ships and Vintage Collection Armorer's Forge.  @iron-apostle.bsky.social @thedragonfortress.bsky.social @optimalomega.bsky.social","2025-12-14T19:53:08.533Z","2025-12-14 19:53:08.533000+00:00","tyjos.bsky.social","4","0","at://did:plc:ec27wz7ovgzzkmfihxa7fssf/app.bsky.feed.post/3m7xvfzwj622q"
"Bluesky","galaxy s","galaxy s","17. No Man's Sky is on that weird ""is AA indie?"" cusp, but don't think of it in terms of its release nearly a decade ago. No this game has gone beyond its initial promises. And works on steamdeck!","2025-12-14T22:27:00.229Z","2025-12-14 22:27:00.229000+00:00","kingdomfantasy6.bsky.social","0","0","at://did:plc:k22pp5zjkg2df5ivvphbxxsd/app.bsky.feed.post/3m7y5z5wnx32l"
"Bluesky","galaxy fold","galaxy fold","trifold cyberdeck 🤔","2025-12-14T23:37:33.827Z","2025-12-14 23:37:33.827000+00:00","realtime.crt.video","11","1","at://did:plc:gt6fwbo7ppitdmyuzq5sbjxc/app.bsky.feed.post/3m7ybxdgnec24"
"Bluesky","galaxy s","galaxy s","A. LOT. They change the same way iphones do, but in a less... simple way. The A36 5G is a 2024 model for their ""basic"" lineup. Anything classed as Ax6 is a 2024 model. 2025 models are Ax7. Anything labeled with an S is from their expensive flagship lineup. en.wikipedia.org/wiki/Samsung...","2025-12-14T23:54:58.067Z","2025-12-14 23:54:58.067000+00:00","orin-jessop.bsky.social","0","0","at://did:plc:vdo3qhgkt5whqxgytrfhppp5/app.bsky.feed.post/3m7ycwhbimk2r"
"Bluesky","galaxy note","galaxy note","Haven't drawn on a phone for 5 years. Honestly won't do it that much unless a galaxy note alternative comes out with true pressure sensitivity","2025-12-14T23:56:40.413Z","2025-12-14 23:56:40.413000+00:00","nuclearboi.nekoweb.org","0","0","at://did:plc:rawwuku3jfcclbzs6unptkef/app.bsky.feed.post/3m7ycziuuuc26"
"Bluesky","galaxy s","galaxy s","You're so popular Everyone wants to be in your galaxy🦋💙✌️","2025-12-15T01:03:43.201Z","2025-12-15 01:03:43.201000+00:00","imnotapu2.bsky.social","2","0","at://did:plc:l2lneswhckdnoildt5con3yy/app.bsky.feed.post/3m7ygrfcls22b"
"Bluesky","galaxy s","galaxy s","Feed: ""Adafruit Industries – Makers, hackers, artists, designers and engineers!"" By: Zay on Monday, December 15, 2025","2025-12-15T02:26:21.860099+00:00","2025-12-15 02:26:21.860099+00:00","longtail-news.bsky.social","0","0","at://did:plc:o6ggjvnj4ze3mnrpnv5oravg/app.bsky.feed.post/3m7ylf6tl7d2k"
"Bluesky","galaxy s","galaxy s","Gravitational Lensing: a blue galaxy distorted into a ring by the gravity of a foreground galaxy [via Universe Today] 🧪🔭🌌📡 ""Every 3.3 million light years of distance from Earth, objects appear to recede 73 km/s faster."" www.universetoday.com/articles/a-n... #space #gravity #light #curve #lensing","2025-12-15T02:28:54.893Z","2025-12-15 02:28:54.893000+00:00","riannejar.bsky.social","25","9","at://did:plc:cjkj2dpwc2hzttajkcb76lso/app.bsky.feed.post/3m7yljq73ic2l"
"Bluesky","galaxy note","galaxy note","About ten years ago, I lost my Galaxy Note 2 on the Metro while I was in Washington DC which was my GPS and my Boarding Pass... Know what I did?  I bought a prepaid flip phone and a map from 7-11 asked the Casher how to get to Regan, said a prayer and kept it pushing.","2025-12-15T02:49:02.139Z","2025-12-15 02:49:02.139000+00:00","khakibluesocks.bsky.social","1","0","at://did:plc:qe3fgxin3uzklyw5kqn6yn5o/app.bsky.feed.post/3m7ymnpkk3226"
"Bluesky","galaxy note","galaxy note","AINOPE USB C Cable [2-Pack, 6.6ft] 3.1A Type C Charger Fast Charging, Right Angle USB to USB C Cable for iPhone 17 Carplay Cable, Galaxy S10+ S10 S9, Note 10 9, LG V30, Moto, iPhone 16 15 Charger Cord","2025-12-15T04:15:20.492Z","2025-12-15 04:15:20.492000+00:00","gizopedia.bsky.social","0","0","at://did:plc:fcx5ybmclfiv7ibrrulohbkg/app.bsky.feed.post/3m7yri2aswo2k"
"Bluesky","galaxy s","galaxy s","Samsung Galaxy S26 Ultra spotted on IMDA certification","2025-12-15T06:04:55.809Z","2025-12-15 06:04:55.809000+00:00","samlover.bsky.social","0","0","at://did:plc:2jkuea7khdsaabdf5awz2anx/app.bsky.feed.post/3m7yxlyot222q"
"Bluesky","galaxy note","galaxy note","Вземи нов смартфон за Коледа от Yettel, започни да плащаш чак през лятото","2025-12-15T06:59:12.874Z","2025-12-15 06:59:12.874000+00:00","galaxyleaks.bsky.social","0","0","at://did:plc:u3ltcknpshigutodv2o34764/app.bsky.feed.post/3m7z2n42sx427"
"Bluesky","galaxy fold","galaxy fold","Check Price, Specifications, Features, And Sale Date Also Read: Motorola Edge 70 Ultra Specifications Leaked, Tipped To Feature Snapdragon 8 Gen 5 Motorola has expanded its Edge series with the launch of a new member — the Moto Edge 70 in India. The latest Moto Edge 70 portrays itself as an…","2025-12-15T08:10:06Z","2025-12-15 08:10:06+00:00","blackfoxnews.bsky.social","0","0","at://did:plc:hdfytxixmjbkvub2y7wrggjo/app.bsky.feed.post/3m7z6lujvie2y"
"Bluesky","galaxy s","galaxy s","I tested hot chocolates from seven supermarkets including Tesco, Asda and M&S","2025-12-15T08:24:53.978Z","2025-12-15 08:24:53.978000+00:00","leicestermercury.co.uk","0","0","at://did:plc:pi53psv5yhxpqnwtttu2xtmd/app.bsky.feed.post/3m7z7gc2aut2z"
"Bluesky","galaxy s","galaxy s","I tested hot chocolates from seven supermarkets including Tesco, Asda and M&S","2025-12-15T08:47:39.444Z","2025-12-15 08:47:39.444000+00:00","lincolnshirelive.co.uk","0","0","at://did:plc:fuaghsxcj3cjarjlgembvhod/app.bsky.feed.post/3m7zaoybtrk2j"
"Bluesky","galaxy s","galaxy s","Špičkové tablety od Samsungu zlevnily po pár měsících o tisíce Teprve letos v září si odbyly premiéru nové tablety od společnosti Samsung s číslovkou 11 v názvu. Modely Galaxy Tab S11 a Tab S11 Ultra navzdory tomu před Vánocemi citelně zlevnily, ušetřit je možné tisíce korun. Vyplývá to...","2025-12-15T10:03:46.000000Z","2025-12-15 10:03:46+00:00","news-flows-cz.bsky.social","0","0","at://did:plc:cegiy4pfghh4rjs7ks7pbnkm/app.bsky.feed.post/3m7zfhkntjt2y"
"Bluesky","galaxy note","galaxy note","On this note does anyone have any experience with the Samsung Galaxy A16?  I literally use my phone for ehm... taking photos and not much else so I don't need anything fancy for that either (my one requirement for a phone is a SD card slot).","2025-12-15T10:17:41.128Z","2025-12-15 10:17:41.128000+00:00","bemusedbehemoth.bsky.social","3","0","at://did:plc:z34nqmwincdqw6zsujo5ks4b/app.bsky.feed.post/3m7zfpxhmus2m"
"Bluesky","galaxy s","galaxy s","I tested hot chocolates from seven supermarkets including Tesco, Asda and M&S","2025-12-15T10:21:37.237Z","2025-12-15 10:21:37.237000+00:00","nottinghampost.co.uk","0","0","at://did:plc:qpc5545tocmhwad6m55guaqj/app.bsky.feed.post/3m7zfwyytoi2o"
"Bluesky","galaxy s","galaxy s","I tested hot chocolates from seven supermarkets including Tesco, Asda and M&S","2025-12-15T11:27:40.800Z","2025-12-15 11:27:40.800000+00:00","derbyshirelive.co.uk","0","0","at://did:plc:msadamfndjnx3ezaytjdsdxj/app.bsky.feed.post/3m7zjn4q5gf2q"
"Bluesky","galaxy fold","galaxy fold","Motorola se prepara para entrar con fuerza en la gama alta con un nuevo plegable tipo libro 📱 #Motorola #Foldables","2025-12-15T11:37:07Z","2025-12-15 11:37:07+00:00","enterco.bsky.social","0","0","at://did:plc:nhk57j4jjzjbothrcrgtwnku/app.bsky.feed.post/3m7zk5z3wy42t"
"Bluesky","galaxy s","galaxy s","A green glow in billion year old alien from another galaxy can mean either ""Here I come, to save the day!"" or ""The Restroom(s) is/are currently occupied"" depending on context. www.ibtimes.co.uk/3i-atlas-upd...","2025-12-15T11:42:37.667Z","2025-12-15 11:42:37.667000+00:00","thekrazykat.bsky.social","0","0","at://did:plc:d2qjd7sopajog36xvjwyfmli/app.bsky.feed.post/3m7zkhtvnqk2h"
"Bluesky","galaxy s","galaxy s","Samsung a trouvé la solution pour en finir avec la surchauffe de la puce de ses Galaxy S","2025-12-15T11:43:51.000Z","2025-12-15 11:43:51+00:00","frandroid.com","0","0","at://did:plc:vbhvpqudswo72vskdfr34idm/app.bsky.feed.post/3m7zkk5sewi2f"
"Bluesky","galaxy s","galaxy s","Hubble Space Telescope Revisits NGC 4388 The NASA/ESA Hubble Space Telescope has produced an outstanding new image of the highly inclined spiral galaxy NGC 4388. The post Hubble Space Telescope Rev... #Astronomy #ESA #Galaxy #Hubble #NASA #NGC #4388 #Spiral #galaxy Origin | Interest | Match","2025-12-15T12:18:38.000Z","2025-12-15 12:18:38+00:00","observatories.activitypub.awakari.com.ap.brid.gy","0","0","at://did:plc:jj2lpid4xbgegeryqvc4wjd5/app.bsky.feed.post/3m7znasmnuh72"
"Bluesky","galaxy s","galaxy s","Hubble Space Telescope Revisits NGC 4388 The NASA/ESA Hubble Space Telescope has produced an outstanding new image of the highly inclined spiral galaxy NGC 4388. The post Hubble Space Telescope Rev... #Astronomy #ESA #Galaxy #Hubble #NASA #NGC #4388 #Spiral #galaxy Origin | Interest | Match","2025-12-15T12:18:38.000Z","2025-12-15 12:18:38+00:00","observatories.activitypub.awakari.com.ap.brid.gy","0","0","at://did:plc:jj2lpid4xbgegeryqvc4wjd5/app.bsky.feed.post/3ma2kwe6w2ji2"
"Bluesky","galaxy s","galaxy s","Even day 15's poor lighting conditions cannot hide the shimmer of the sparkly big guy! Special Galaxy Type Optimus Prime takes the lead! transformersbatterse... #Blokees #Transformers #OptimusPrime #Transformers #TFNation #Transformersbattersea","2025-12-15T12:30:21.000Z","2025-12-15 12:30:21+00:00","tfnationltd.bsky.social","6","0","at://did:plc:na45ttagchd2ptfupclgmwb4/app.bsky.feed.post/3m7zn56yd742q"
"Bluesky","galaxy s","galaxy s","I was looking at them but they do all appear to be full of AI bullshit these days - my partner did find a couple of phones by a company called FairPhone that might be worth looking into, camera isn't as good as the S range galaxy phones but might be good enough, around same price as A16s","2025-12-15T12:45:15.531Z","2025-12-15 12:45:15.531000+00:00","shanrattie.bsky.social","1","0","at://did:plc:ke34ueresudb654cukcipsor/app.bsky.feed.post/3m7znxtoopk2r"
"Bluesky","galaxy s","galaxy s","I think I downloaded the wrong Star Wars movie Star Wars ‎ · 11.2k followers Star Wars Explained - A long time ago, in a galaxy far, far, away... I think I downloaded the wrong Star Wars movie S... Origin | Interest | Match","2025-12-15T13:21:22.000Z","2025-12-15 13:21:22+00:00","starwars.activitypub.awakari.com.ap.brid.gy","0","0","at://did:plc:y7oeut6gv75ce6gpwogupmgm/app.bsky.feed.post/3m7zqf4nx7zu2"
"Bluesky","galaxy s","galaxy s","Massive stars make their mark in Hubble image This NASA/ESA Hubble Space Telescope image features a glittering blue dwarf galaxy called Markarian 178 (Mrk 178). The galaxy, which is substantially s... #Astronomy Origin | Interest | Match","2025-12-15T13:30:23.000Z","2025-12-15 13:30:23+00:00","observatories.activitypub.awakari.com.ap.brid.gy","0","0","at://did:plc:jj2lpid4xbgegeryqvc4wjd5/app.bsky.feed.post/3ma2eyz5tcwv2"
"Bluesky","galaxy fold","galaxy fold","Galaxy Z Fold 6 & Flip 6 Get December 2025 Security Update — Here’s What’s Fixed www.androidheadlines.com/2025/12/sams... #GalaxyZFold6 #GalaxyZFlip6 #Samsung","2025-12-15T14:16:19.292Z","2025-12-15 14:16:19.292000+00:00","androidheadlines.bsky.social","1","0","at://did:plc:bi5xdpxmo6rhucofh7ygztwx/app.bsky.feed.post/3m7zt2oddv22n"
"Bluesky","galaxy fold","galaxy fold","Samsung Galaxy Z Fold 7 - The Productivity Powerhouse To Get In 2026 Slimmer, stronger & faster - The latest upgrade is the best tablet-style foldable for multitaskers. 👉 See it in “7 Best Foldable Phones To Get in 2026” - trendsplace.tech/best-foldabl... #foldablephone #GalaxyFold","2025-12-15T14:44:44.375Z","2025-12-15 14:44:44.375000+00:00","trendsplace.bsky.social","0","0","at://did:plc:bdt5mhrq5cqwswqpnfus727x/app.bsky.feed.post/3m7zunigczk2v"
"Bluesky","galaxy fold","galaxy fold","Android Central より Samsung's December 2025 security patch rolling out for Galaxy Z Flip 6, Fold 6 SamsungのDecember 2025セキュリティパッチがGalaxy Z Flip 6, Fold 6に登場","2025-12-15T15:18:52.037325+00:00","2025-12-15 15:18:52.037325+00:00","gigowat.bsky.social","0","0","at://did:plc:dwecjm5n7fyljcjk3vi7x5oa/app.bsky.feed.post/3m7zwkjo5me24"
"Bluesky","galaxy s","galaxy s","Hubble Space Telescope Revisits NGC 4388 https://cavenewstimes.com/hubble-space-telescope-revisits-ngc-4388/","2025-12-15T15:20:18+00:00","2025-12-15 15:20:18+00:00","cavenewstimes.com","0","0","at://did:plc:eaeknthaikc5ro5t7qdgyet2/app.bsky.feed.post/3m7zwn6t6re2f"
"Bluesky","galaxy fold","galaxy fold","Check Price, Specs and Availability Also Read: Motorola's First Galaxy Z Fold Rival May Launch At Lenovo Tech World: What We Know Lenovo has dropped one of its latest mid-range tablets in India as we bid adieu to 2025 – the Lenovo Idea Tab Plus. It comes as a mid-range tablet within the price…","2025-12-15T15:34:06Z","2025-12-15 15:34:06+00:00","blackfoxnews.bsky.social","0","0","at://did:plc:hdfytxixmjbkvub2y7wrggjo/app.bsky.feed.post/3m7zxfsh4or24"
"Bluesky","galaxy note","galaxy note","Also, as a note, he nearly gives up on Vader and hacks his hand off. He’s not the most optimistic man in the galaxy, he’s a kid who manages to show grace at great personal cost, that doesn’t make him perfect - if anything that makes him more fragile, have you never met a gifted kid later in life?","2025-12-15T15:43:15.552Z","2025-12-15 15:43:15.552000+00:00","dragoncobolt.bsky.social","6","0","at://did:plc:nku6hqfdohkbyoxsik2ksosw/app.bsky.feed.post/3m7zxw4wwss2r"
"Bluesky","galaxy s","galaxy s","links.email.cnet.com/s/c/FV-5Y_fr...","2025-12-15T16:22:41.854Z","2025-12-15 16:22:41.854000+00:00","dalek200.bsky.social","0","0","at://did:plc:u5npl6ev3v6a2n4urkd7o6tn/app.bsky.feed.post/3ma224nn5ck2p"
"Bluesky","galaxy fold","galaxy fold","December Update Hits Numerous Samsung Galaxy Devices Galaxy owners, specifically those with a Galaxy S25 model or one of Samsung’s latest foldables (Z Fold 7, Flip 7), can snag the latest Decembe... #News #Galaxy #25 #Galaxy #S25 #Plus #Galaxy #S25 #Ultra #Galaxy #Z Origin | Interest | Match","2025-12-15T16:33:27.000Z","2025-12-15 16:33:27+00:00","android.activitypub.awakari.com.ap.brid.gy","0","0","at://did:plc:etkadjdby46s2skc4shoxp6q/app.bsky.feed.post/3ma5avhan2di2"
"Bluesky","galaxy fold","galaxy fold","December Update Hits Numerous Samsung Galaxy Devices Galaxy owners, specifically those with a Galaxy S25 model or one of Samsung’s latest foldables (Z Fold 7, Flip 7), can snag the latest Decembe... #News #Galaxy #25 #Galaxy #S25 #Plus #Galaxy #S25 #Ultra #Galaxy #Z Origin | Interest | Match","2025-12-15T16:33:27.000Z","2025-12-15 16:33:27+00:00","android.activitypub.awakari.com.ap.brid.gy","0","0","at://did:plc:etkadjdby46s2skc4shoxp6q/app.bsky.feed.post/3ma747w46y6f2"
"Bluesky","galaxy fold","galaxy fold","December Update Hits Numerous Samsung Galaxy Devices Galaxy owners, specifically those with a Galaxy S25 model or one of Samsung’s latest foldables (Z Fold 7, Flip 7), can snag the latest Decembe... #News #Galaxy #25 #Galaxy #S25 #Plus #Galaxy #S25 #Ultra #Galaxy #Z Origin | Interest | Match","2025-12-15T16:33:27.000Z","2025-12-15 16:33:27+00:00","android.activitypub.awakari.com.ap.brid.gy","0","0","at://did:plc:etkadjdby46s2skc4shoxp6q/app.bsky.feed.post/3ma2orxoaxak2"
"Bluesky","galaxy fold","galaxy fold","December Update Hits Numerous Samsung Galaxy Devices Galaxy owners, specifically those with a Galaxy S25 model or one of Samsung’s latest foldables (Z Fold 7, Flip 7), can snag the latest Decembe... #News #Galaxy #25 #Galaxy #S25 #Plus #Galaxy #S25 #Ultra #Galaxy #Z Origin | Interest | Match","2025-12-15T16:33:27.000Z","2025-12-15 16:33:27+00:00","android.activitypub.awakari.com.ap.brid.gy","0","0","at://did:plc:etkadjdby46s2skc4shoxp6q/app.bsky.feed.post/3ma2lcfzusdi2"
"Bluesky","galaxy fold","galaxy fold","December Update Hits Numerous Samsung Galaxy Devices Galaxy owners, specifically those with a Galaxy S25 model or one of Samsung’s latest foldables (Z Fold 7, Flip 7), can snag the latest Decembe... #News #Galaxy #25 #Galaxy #S25 #Plus #Galaxy #S25 #Ultra #Galaxy #Z Origin | Interest | Match","2025-12-15T16:33:27.000Z","2025-12-15 16:33:27+00:00","android.activitypub.awakari.com.ap.brid.gy","0","0","at://did:plc:etkadjdby46s2skc4shoxp6q/app.bsky.feed.post/3ma5cxijafss2"
"Bluesky","galaxy fold","galaxy fold","December Update Hits Numerous Samsung Galaxy Devices Galaxy owners, specifically those with a Galaxy S25 model or one of Samsung’s latest foldables (Z Fold 7, Flip 7), can snag the latest Decembe... #News #Galaxy #25 #Galaxy #S25 #Plus #Galaxy #S25 #Ultra #Galaxy #Z Origin | Interest | Match","2025-12-15T16:33:27.000Z","2025-12-15 16:33:27+00:00","android.activitypub.awakari.com.ap.brid.gy","0","0","at://did:plc:etkadjdby46s2skc4shoxp6q/app.bsky.feed.post/3ma5ldyn3uys2"
"Bluesky","galaxy fold","galaxy fold","December Update Hits Numerous Samsung Galaxy Devices Galaxy owners, specifically those with a Galaxy S25 model or one of Samsung’s latest foldables (Z Fold 7, Flip 7), can snag the latest Decembe... #News #Galaxy #25 #Galaxy #S25 #Plus #Galaxy #S25 #Ultra #Galaxy #Z Origin | Interest | Match","2025-12-15T16:33:27.000Z","2025-12-15 16:33:27+00:00","android.activitypub.awakari.com.ap.brid.gy","0","0","at://did:plc:etkadjdby46s2skc4shoxp6q/app.bsky.feed.post/3ma2mhrixtfr2"
"Bluesky","galaxy s","galaxy s","Yeah, they stripped a lot of S Pen capabilities for this gen of Galaxy phones, feels kinda bad","2025-12-15T17:39:57.803Z","2025-12-15 17:39:57.803000+00:00","kokukokuboo.bsky.social","7","1","at://did:plc:otplrlw6eolvfdcivqv2cjzt/app.bsky.feed.post/3ma26gssokk2p"
"Bluesky","galaxy note","galaxy note","Hey, friends! Looking for a last minute gift for the scifi fan in your life? Well, my story collection of edgy, gritty space opera is available on Amazon right now for a SOLID discount! Check it out:","2025-12-15T18:55:24.550Z","2025-12-15 18:55:24.550000+00:00","aahabershaw.bsky.social","1","0","at://did:plc:kus6js4gkhwwznrsxzw3xsfu/app.bsky.feed.post/3ma2cnpu3us2c"
"Bluesky","galaxy s","galaxy s","Today’s Android app deals and freebies: Crystal Journey, Defenchick, Novel Rogue, more","2025-12-15T19:15:33Z","2025-12-15 19:15:33+00:00","9to5google.com","0","0","at://did:plc:4z4m44eu62tzlmkqxfkkhagt/app.bsky.feed.post/3ma2drrgavl2k"
"Bluesky","galaxy s","galaxy s","While waiting for the Flaming Star Nebula to rise higher, I grabbed some 30 and 90 s exposures of M33 with my color mirrorless camera and created this HDR composite. The removal of the infrared blocking filter from the camera helps bring out the pink emission nebula. Details in ALT #astrophotography","2025-12-15T19:50:59.960Z","2025-12-15 19:50:59.960000+00:00","the-physics-well.net","47","9","at://did:plc:4kn4zclw35fifo3kgpkmhnj5/app.bsky.feed.post/3ma2fr4smqs2z"
"Bluesky","galaxy fold","galaxy fold","Samsung is changing the game. The Galaxy S26 series will no longer be the first Samsung lineup to launch with Android 16 and One UI 8, as that spotlight went to the Fold 7 and Flip 7.  However, S26 is expected to debut One UI 8.5, bringing refreshed visuals and exclusive Galaxy AI features.","2025-12-15T20:02:39.071Z","2025-12-15 20:02:39.071000+00:00","mdgtech.substack.com","0","0","at://did:plc:43rq4wrwupoaqux44gks7z2k/app.bsky.feed.post/3ma2gfxmylr2h"
"Bluesky","galaxy s","galaxy s","Android Central より Does the Samsung Galaxy Z TriFold have S Pen support? Samsung Galaxy Z TriFold は S Pen をサポートしていますか?","2025-12-15T20:41:42.229374+00:00","2025-12-15 20:41:42.229374+00:00","gigowat.bsky.social","0","0","at://did:plc:dwecjm5n7fyljcjk3vi7x5oa/app.bsky.feed.post/3ma2ilsjjwk2t"
"Bluesky","galaxy fold","galaxy fold","Feed: ""Droid Life | Opinionated Android news."" By: Tim on Monday, December 15, 2025","2025-12-15T22:16:41.316244+00:00","2025-12-15 22:16:41.316244+00:00","longtail-news.bsky.social","0","0","at://did:plc:o6ggjvnj4ze3mnrpnv5oravg/app.bsky.feed.post/3ma2nvocqrx26"
"Bluesky","galaxy fold","galaxy fold","Samsung Galaxy Z TriFold Launches in South Korea: Sold Out in Days, Restocked for High Demand With just 10 days until Christmas, Samsung has given tech enthusiasts a reason to celebrate early. The company’s first-ever tri-fold smartphone, the Galaxy Z TriFold, has officially launched in South…","2025-12-16T00:05:28Z","2025-12-16 00:05:28+00:00","undercodenews.bsky.social","0","0","at://did:plc:p464uedvuxtzckhrm4pfwxa5/app.bsky.feed.post/3ma2ty7t2n32f"
"Bluesky","galaxy fold","galaxy fold","Post ur lockscreen ~ 🔥 You get 2 cuz I'm using a Galaxy Z Fold 7. Ignore the fingerprint messages on top lol","2025-12-16T00:15:15.821Z","2025-12-16 00:15:15.821000+00:00","sunstress.bsky.social","12","0","at://did:plc:u3e6lohmunlpn7anbnw36vlz/app.bsky.feed.post/3ma2ujo3yu22o"
"Bluesky","galaxy note","galaxy note","(Galaxy is probably also somewhat unrealistic but at least it doesn’t take my suspension of disbelief and stomp on it with shiny plastic armored boots. Also, please note, Star Wars itself did not make this mistake. The SOFTEST of sci-fi.)","2025-12-16T00:19:23.601Z","2025-12-16 00:19:23.601000+00:00","slcpgh.bsky.social","4","0","at://did:plc:wdefnlu3mudwquvumnru4kyl/app.bsky.feed.post/3ma2ur2es622r"
"Bluesky","galaxy s","galaxy s","13. Hexarchate Stories by Yoon Ha Lee! A reread for me, which might give you a hint what 10, 11, and 12 were. I never tire of Jedao(s). shop.rebellion.com/products/sol...","2025-12-16T01:38:19.265Z","2025-12-16 01:38:19.265000+00:00","nicasio.bsky.social","7","0","at://did:plc:cdzvh3ljgbghjcwiifrjxhru/app.bsky.feed.post/3ma2z66nszc2x"
"Bluesky","galaxy s","galaxy s","i love being out of shape when it comes to ddr =3= .  i've been enjoying harder drummania stuff too hehee","2025-12-16T06:04:29.489Z","2025-12-16 06:04:29.489000+00:00","pikaboi.bsky.social","2","0","at://did:plc:3nf5ibbcegvjk7eqee663a65/app.bsky.feed.post/3ma3i252rlk2b"
"Bluesky","galaxy s","galaxy s","Feed: ""Latest from Android Central"" By: Brady Snyder on Monday, December 15, 2025","2025-12-16T06:29:55.827254+00:00","2025-12-16 06:29:55.827254+00:00","longtail-news.bsky.social","0","0","at://did:plc:o6ggjvnj4ze3mnrpnv5oravg/app.bsky.feed.post/3ma3jho2zqd2w"
"Bluesky","galaxy fold","galaxy fold","Feed: ""Latest from Android Central"" By: Brady Snyder on Monday, December 15, 2025","2025-12-16T06:30:19.108304+00:00","2025-12-16 06:30:19.108304+00:00","longtail-news.bsky.social","0","0","at://did:plc:o6ggjvnj4ze3mnrpnv5oravg/app.bsky.feed.post/3ma3jieaiv22n"
"Bluesky","galaxy fold","galaxy fold","Samsung expands the December 2025 Security Update for Galaxy Z Fold 4 and Flip 4","2025-12-16T06:32:02.919Z","2025-12-16 06:32:02.919000+00:00","samlover.bsky.social","0","0","at://did:plc:2jkuea7khdsaabdf5awz2anx/app.bsky.feed.post/3ma3jlfv2ms2v"
"Bluesky","galaxy s","galaxy s","#nowplaying on Over 60's Club:  Fit The Fourth by The Hitch-Hiker's Guide To The Galaxy Listen:  https://onlineradiobox.com/uk/over60sclub/ #oldies #60smusic  #70smusic #80smusic","2025-12-16T09:03:34.463815Z","2025-12-16 09:03:34.463815+00:00","over60sclub.bsky.social","0","0","at://did:plc:wx3vtkzfhqp3kbv7kz3j6s3e/app.bsky.feed.post/3ma3s2f4lpb2g"
"Bluesky","galaxy s","galaxy s","I tested hot chocolates from seven supermarkets including Tesco, Asda and M&S","2025-12-16T09:27:17.568Z","2025-12-16 09:27:17.568000+00:00","lincolnshirelive.co.uk","0","0","at://did:plc:fuaghsxcj3cjarjlgembvhod/app.bsky.feed.post/3ma3terstm32d"
"Bluesky","galaxy s","galaxy s","I tested hot chocolates from seven supermarkets including Tesco, Asda and M&S","2025-12-16T12:09:42.728Z","2025-12-16 12:09:42.728000+00:00","derbyshirelive.co.uk","0","0","at://did:plc:msadamfndjnx3ezaytjdsdxj/app.bsky.feed.post/3ma44h7crvy27"
"Bluesky","galaxy s","galaxy s","I tested hot chocolates from seven supermarkets including Tesco, Asda and M&S","2025-12-16T12:09:45.423Z","2025-12-16 12:09:45.423000+00:00","leicestermercury.co.uk","0","0","at://did:plc:pi53psv5yhxpqnwtttu2xtmd/app.bsky.feed.post/3ma44hbx4cr23"
"Bluesky","galaxy s","galaxy s","I went hands-on with the Galaxy Z TriFold Here's what impressed me (and what didn't) ➡️ tom-s-guide.visitlink.me/WIUtC5","2025-12-16T12:45:54.079577Z","2025-12-16 12:45:54.079577+00:00","tomsguide.com","0","0","at://did:plc:vyyo3mhbgvthiuqjx275mg3h/app.bsky.feed.post/3ma46hwk6cf2n"
"Bluesky","galaxy s","galaxy s","Concrete Poured, Shutters Installed on New Toy Story Land Snack Kiosk","2025-12-16T14:59:51.402Z","2025-12-16 14:59:51.402000+00:00","wdwnt.com","4","0","at://did:plc:rlqi4rkaahnpjyfcn6wetq7j/app.bsky.feed.post/3ma4fxgvz2n27"
"Bluesky","galaxy fold","galaxy fold","Samsung Galaxy Z Fold 8 Leak: A Game-Changing Redesign Samsung appears to be preparing for a significant evolution in its Galaxy Z Fold series, as suggested by leaked images from a recent consumer ... #Android #News #Mobile #Phone #News #Top #News Origin | Interest | Match","2025-12-16T15:00:29.000Z","2025-12-16 15:00:29+00:00","android.activitypub.awakari.com.ap.brid.gy","0","0","at://did:plc:etkadjdby46s2skc4shoxp6q/app.bsky.feed.post/3ma4g44nyui72"
"Bluesky","galaxy s","galaxy s","Just hope that NL bound parcels never pass near the black hole of Dieppe.","2025-12-16T15:54:32.989Z","2025-12-16 15:54:32.989000+00:00","littletomcat.bsky.social","0","0","at://did:plc:m2snjqdw27wo3rfvi3ula4um/app.bsky.feed.post/3ma4izahlbc27"
"Bluesky","galaxy note","galaxy note","Writers note: and halfway across the galaxy, unbeknownst to him, his future husband was making a name for himself and falling into chaos as well; totally unaware that the boy he once almost killed would become the man he would later deem his “Eternal Beloved”","2025-12-16T16:22:27.948Z","2025-12-16 16:22:27.948000+00:00","theronshan3666.bsky.social","0","0","at://did:plc:4zug3mc5gcopv6x4az3g2hwg/app.bsky.feed.post/3ma4kl5t5j22k"
"Bluesky","galaxy s","galaxy s","New entry of AI-generated #comics and #jokes added to our #website: #Galaxy #Update #Gaffe comics.lucentinian.com/13624 #AIComedy #ComedyGold #FunnyNews #AILaughs #Jokes","2025-12-16T16:56:24.000Z","2025-12-16 16:56:24+00:00","comics.social.lucentinian.com.ap.brid.gy","2","0","at://did:plc:fzhmf2rifxg7ndemcdflcko6/app.bsky.feed.post/3ma4mpctbp2x2"
"Bluesky","galaxy fold","galaxy fold","Samsung's first tri-fold phone, the Galaxy Z TriFold, is already out in one market. The company will gradually make it available elsewhere. The Galaxy Z TriFold has been launched in South Korea first, and with good reason, as it's Samsung's home turf. People seem to like the phone as it wa..","2025-12-16T16:57:57.678542+00:00","2025-12-16 16:57:57.678542+00:00","technology-news.bsky.social","1","0","at://did:plc:fsftz5ue2bvlvkb6zx2bqdnh/app.bsky.feed.post/3ma4mkmy53v2p"
"Bluesky","galaxy fold","galaxy fold","Premium subscribers to my newsletter can read about a direct image of an exoplanet orbiting a binary star, and a five-fold Einstein cross due to gravitational lensing. Sound weird? Yeah, that's what makes writing (and reading) about them so fun! badastronomy.beehiiv.com/p/a-new-bina... 🔭 🧪","2025-12-16T17:26:19.390Z","2025-12-16 17:26:19.390000+00:00","philplait.bsky.social","65","9","at://did:plc:6zp4cfbvk6cqi7vf6gzb7ayy/app.bsky.feed.post/3ma4o5dri3k26"
"Bluesky","galaxy s","galaxy s","Wishlist Twinkle's Galactic Tour on steam! store.steampowered.com/app/3938440/...","2025-12-16T18:35:02.043Z","2025-12-16 18:35:02.043000+00:00","molegato.com","11","1","at://did:plc:dv5omyk4jtnk7dfqyrta73l2/app.bsky.feed.post/3ma4ry7gtgk2p"
"Bluesky","galaxy s","galaxy s","This week got away from me, but here's my up-to-date Readathon calendar 🩷 Sometimes you just gotta lock yourself in your writing cave for five days and pump out some fiction. #DecemberTransReadathon Vote in the TFR Awards: thetransfemininereview.com/2025/12/01/v...","2025-12-16T19:25:15.454Z","2025-12-16 19:25:15.454000+00:00","thetransfemininereview.com","4","0","at://did:plc:a3ifpbp74ln32mve7tcwv764/app.bsky.feed.post/3ma4urzbi4k22"
"Bluesky","galaxy note","galaxy note","@prozdishere.bsky.social  10. Death Note 9. Tengen Toppa Gurren Lagann 8. Kemonozume 7. Minami-Ke 6. Ouran High School Host Club 5. Tatami Galaxy 4. Chihayafuru 3. The Melancholy of Haruhi Suzumiya  2. Nichijou 1. Azumanga Daioh","2025-12-16T19:50:45.352Z","2025-12-16 19:50:45.352000+00:00","omeletteville.bsky.social","0","0","at://did:plc:b7kwddplzvp2xmgoosyclkhg/app.bsky.feed.post/3ma4w7mbmms2h"
"Bluesky","galaxy fold","galaxy fold","Replacing the Galaxy Z TriFold’s display costs almost as much as a brand new S25 Ultra Samsung’s first tri-fold smartphone is making headlines—but not just for its ambitious design. New repair pricing details suggest that fixing the Galaxy Z TriFold’s main display could cost nearly as much as…","2025-12-16T20:37:07Z","2025-12-16 20:37:07+00:00","toolcome.bsky.social","0","0","at://did:plc:sdmas34o5b3cnzyrvzvqafrf/app.bsky.feed.post/3ma4yskfc2x2a"
"Bluesky","galaxy s","galaxy s","Samsung Galaxy Z TriFold、ついに実機レビュー。10インチタブレットに変身する驚きの新フォームファクター。しかし、309gの重さと「S Pen非対応」が大きな壁に。詳細は記事で。 https://biggo.jp/news/202512162124_samsung-galaxy-z-trifold-hands-on-review #GalaxyZTriFold #Samsung","2025-12-16T21:52:30+00:00","2025-12-16 21:52:30+00:00","techtrendsjp.bsky.social","0","0","at://did:plc:65rfrzfssqwps6p5pl74vggw/app.bsky.feed.post/3ma54zdq6ol2i"
"Bluesky","galaxy s","galaxy s","Samsung三折疊新機實測：309克重、無S Pen，但10吋大螢幕生產力驚人！完整評測點此看👉 https://biggo.com.tw/news/202512162124_samsung-galaxy-z-trifold-hands-on-review #GalaxyZTriFold #SamsungGalaxyZTriFold","2025-12-16T21:52:35+00:00","2025-12-16 21:52:35+00:00","biggo-news.bsky.social","0","0","at://did:plc:36mz5lutk7mmac4vdnijpd3x/app.bsky.feed.post/3ma54zidip526"
"Bluesky","galaxy s","galaxy s","Samsung's new Galaxy Z TriFold is a 309g, 10-inch tablet that folds into a phone, but it officially kills S Pen support for foldables. Full hands-on details and specs inside. https://biggo.com/news/202512162124_samsung-galaxy-z-trifold-hands-on-review #GalaxyZTriFold #Samsung","2025-12-16T21:52:48+00:00","2025-12-16 21:52:48+00:00","techinsights.bsky.social","0","0","at://did:plc:qdcty3ducbgvqpsh3f5lhbid/app.bsky.feed.post/3ma54zujkc42q"
"Bluesky","galaxy fold","galaxy fold","Rumores sobre o Galaxy Z Fold 8 começam a chegar. Leia também em tecstudio.com.br","2025-12-16T22:10:42Z","2025-12-16 22:10:42+00:00","tecstudio.com.br","0","0","at://did:plc:mxjk6khoja4hmkpnxj4shki6/app.bsky.feed.post/3ma55zvh6cq2b"
"Bluesky","galaxy s","galaxy s","Z Flip8 will be a great upgrade for base and plus Galaxy S users  I do think Samsung is heading towards the Flip being their new base flagship and next year will be the perfect time for those users to switch  My suggestion: Skip the base S26 and go for the Z Flip8","2025-12-17T00:38:00.156Z","2025-12-17 00:38:00.156000+00:00","thegalox.bsky.social","2","0","at://did:plc:hy4qwcimtts4ipdgn2rwqezs/app.bsky.feed.post/3ma5gbaoas225"
"Bluesky","galaxy s","galaxy s","...s so you see only its outer edge. The true shape of the galaxy was identified by studying the distribution of the stars in the inner central bulge and outer disc and by observing the stars’ colours. NGC 2188 is estimated to be just half the size of our Milky Way, at 50 000 light-years across, ...","2025-12-17T00:55:25.479195+00:00","2025-12-17 00:55:25.479195+00:00","astronomybot.bsky.social","0","0","at://did:plc:jygn53uakpz4pne6uvb3x4s3/app.bsky.feed.post/3ma5haflila2a"
"Bluesky","galaxy s","galaxy s","Finally finished with our Camellia top in @isasaxonists.bsky.social 's Galactic Bouquet! 5 iterations over 8 months - patience and persistence!","2025-12-17T01:50:10.113Z","2025-12-17 01:50:10.113000+00:00","lanternstocking.bsky.social","6","0","at://did:plc:67dppkfdhmq5czeqymkoqzsl/app.bsky.feed.post/3ma5kcc3wxs2d"
"Bluesky","galaxy s","galaxy s","40) Galaxy: The Prettiest Star by @planetx.bsky.social (Illustrated by Jess Taylor) I had my eye on this for a while. Its VERY different from expectations. Honestly, its very sad, but very honest. I do hope future stories get to be kinder to Galaxy. Fingers crossed we get to see lots more of her...","2025-12-17T03:18:34.631Z","2025-12-17 03:18:34.631000+00:00","boowriter.bsky.social","12","1","at://did:plc:vfkjnyw534hmgjm6qezpyolm/app.bsky.feed.post/3ma5paetkgk2p"
"Bluesky","galaxy s","galaxy s","It never produced anything I thought was decent, so I stopped using it after a day. Even tried with voices and I left that behind too. I decided to grab a tablet. My Samsung Galaxy Tab S9 FE. Not the most powerful thing, but it has helped me immensely! It helped me to start my art journey. /4","2025-12-17T03:29:04.467Z","2025-12-17 03:29:04.467000+00:00","kanokdoes.art","2","0","at://did:plc:5tciipyvlrh3n6merj7xhc67/app.bsky.feed.post/3ma5pt5ja6l2n"
"Bluesky","galaxy note","galaxy note","is that good","2025-12-17T03:46:46.664Z","2025-12-17 03:46:46.664000+00:00","coffeeknife.wrenspace.dev","7","0","at://did:plc:n6hqeku2kjvwhjlnnscea25s/app.bsky.feed.post/3ma5qssijak2k"
"Bluesky","galaxy s","galaxy s","i am not a toy. i am not a christmas present—i’m a 13.5 Gyr commitment please think hard before you give someone a z=14 galaxy for christmas","2025-12-17T03:49:27.091Z","2025-12-17 03:49:27.091000+00:00","toomanyspectra.bsky.social","13","3","at://did:plc:qofqpqau42nmrqgtcqpr4o7w/app.bsky.feed.post/3ma5qxlhrok2y"
"Bluesky","galaxy s","galaxy s","I used this service for a while until I lost my job . I hate their tech support . Still cheaper than whatever Walmart or Mint is selling . If you want cheaper, buy a Mexican burner phone before Trump bans them too.  wireless.planetdish.com","2025-12-17T04:39:25.313Z","2025-12-17 04:39:25.313000+00:00","mzxmike.bsky.social","1","0","at://did:plc:ymvcmqtfpunqbx6wapocwwwc/app.bsky.feed.post/3ma5tqws2yk2v"
"Bluesky","galaxy note","galaxy note","All New X-Men 39, Guardians Team Up 3, Guardians Of The Galaxy 25, Nova 28: This event's really only note worthy to me for some of the X-Men stuff, since we finally get more development on Scott leaving the team. But god, it's just so mid otherwise.","2025-12-17T07:30:18.312Z","2025-12-17 07:30:18.312000+00:00","lillybunnyy.bsky.social","0","0","at://did:plc:g2jwximxo7sopgfifuveikg4/app.bsky.feed.post/3ma65citlp22j"
"Bluesky","galaxy fold","galaxy fold","Samsung rolls out the December 2025 Security Update for the Galaxy Z Fold 5 and Flip 5","2025-12-17T08:46:32.085Z","2025-12-17 08:46:32.085000+00:00","samlover.bsky.social","1","0","at://did:plc:2jkuea7khdsaabdf5awz2anx/app.bsky.feed.post/3ma6bkspajk2y"
"Bluesky","galaxy fold","galaxy fold","Samsung Galaxy Z Fold 8 might be superior to Apple’s first foldable iPhone","2025-12-17T10:20:57.392Z","2025-12-17 10:20:57.392000+00:00","samlover.bsky.social","0","0","at://did:plc:2jkuea7khdsaabdf5awz2anx/app.bsky.feed.post/3ma6gtnknw222"
"Bluesky","galaxy s","galaxy s","Motorolaが「Signature」で本気出した！内蔵スタイラスでGalaxy S Ultraに挑む新フラグシップ、Snapdragon 8 Gen 5とトリプル50MPカメラの詳細をリーク情報から徹底解説。クリエイター必見の一台か？ https://biggo.jp/news/202512171121_Motorola_Signature_Leaks_Reveal_Stylus_Flagship #MotorolaSignature #GalaxyS26Ultra","2025-12-17T11:54:59+00:00","2025-12-17 11:54:59+00:00","techtrendsjp.bsky.social","0","0","at://did:plc:65rfrzfssqwps6p5pl74vggw/app.bsky.feed.post/3ma6m3sofxx2a"
"Bluesky","galaxy s","galaxy s","i now have 2 galaxy 1’s on my switch lmao","2025-12-17T11:58:04.391Z","2025-12-17 11:58:04.391000+00:00","raysmb.bsky.social","5","0","at://did:plc:gmiwkswwpebmzygx27qktziy/app.bsky.feed.post/3ma6mbcmkms2s"
"Bluesky","galaxy fold","galaxy fold","AtLAST -- A five fold increase in the number of identified Strongly Lensed Galaxies in the sub-millimetre and its consequences. Joaquín González-Nuevo et. al. https://arxiv.org/abs/2512.13896","2025-12-17T12:04:14.063Z","2025-12-17 12:04:14.063000+00:00","astroarxiv.bsky.social","0","0","at://did:plc:32r7scd5hucgv552zjfuaigc/app.bsky.feed.post/3ma6mmdeopx2d"
"Bluesky","galaxy s","galaxy s","Samsung Galaxy S26 Release Date, Pricing, and Key Features Explained Samsung’s Galaxy S series has consistently set the standard in the flagship smartphone market, renowned for its innovative fea... #Android #News #Mobile #Phone #News #Top #News Origin | Interest | Match","2025-12-17T12:30:10.000Z","2025-12-17 12:30:10+00:00","android.activitypub.awakari.com.ap.brid.gy","0","0","at://did:plc:etkadjdby46s2skc4shoxp6q/app.bsky.feed.post/3ma6objcqmjm2"
"Bluesky","galaxy s","galaxy s","...verage, than their well-known cousins Type Ia supernovae, which also originate from exploding white dwarfs in binary systems. The location of the supernova in the galaxy is highlighted in the annotated image. Credit: NASA, ESA, C. McCully and S. Jha (Rutgers University), R. Foley (University ...","2025-12-17T12:56:38.686549+00:00","2025-12-17 12:56:38.686549+00:00","astronomybot.bsky.social","0","0","at://did:plc:jygn53uakpz4pne6uvb3x4s3/app.bsky.feed.post/3ma6pk24wla2d"
"Bluesky","galaxy note","galaxy note","I asked for a lightweight note taking app in the r/projectmanagement subreddit and 99% of them suggested some sort of AI service. So the galaxy brain move, based on this subreddit, is to post all your stuff to ChatGPT and ask it later for the information.","2025-12-17T12:59:10.352Z","2025-12-17 12:59:10.352000+00:00","weissstreifen.eu","1","0","at://did:plc:2pkhbthhzm4bzv4y55kzfwih/app.bsky.feed.post/3ma6pokqzis2n"
"Bluesky","galaxy fold","galaxy fold","#All #the #latest #Android #& #Tech #news #Android #News #Android #Phones Origin | Interest | Match","2025-12-17T13:35:53.000Z","2025-12-17 13:35:53+00:00","android.activitypub.awakari.com.ap.brid.gy","0","0","at://did:plc:etkadjdby46s2skc4shoxp6q/app.bsky.feed.post/3ma6sttm5es62"
"Bluesky","galaxy fold","galaxy fold","Samsung’s December Patch Brings Dozens of Fixes to Galaxy Z Fold 4 & Flip 4 www.androidheadlines.com/2025/12/sams... #GalaxyZFold4 #GalaxyZFlip4 #Android","2025-12-17T13:36:41.862Z","2025-12-17 13:36:41.862000+00:00","androidheadlines.bsky.social","1","0","at://did:plc:bi5xdpxmo6rhucofh7ygztwx/app.bsky.feed.post/3ma6rrnxfwc2p"
"Bluesky","galaxy note","galaxy note","I realized that the curved glass on the Galaxy Note 9 was much more comfy to rest my hand on when I drew on it than the s25 Ultra. And CSP on a phone is intense. I'll figure it out since I need to work on stuff instead of playing dumb games.","2025-12-17T13:52:56.421Z","2025-12-17 13:52:56.421000+00:00","jlbriere.boats","9","0","at://did:plc:ze5ifkvbc73x2jplol5c2zoc/app.bsky.feed.post/3ma6sopemoc2i"
"Bluesky","galaxy fold","galaxy fold","Samsung's Galaxy Z Fold 8 may surpass Apple's foldable iPhone, expected in 2026, with a larger display and better camera, leveraging Samsung's expertise in foldable tech.","2025-12-17T14:02:12.148Z","2025-12-17 14:02:12.148000+00:00","mdgtech.substack.com","0","0","at://did:plc:43rq4wrwupoaqux44gks7z2k/app.bsky.feed.post/3ma6t7bjbhl2s"
"Bluesky","galaxy note","galaxy note","Wait… you draw your beautifully detailed artwork on a Galaxy Note 9 phone?!","2025-12-17T14:11:42.730Z","2025-12-17 14:11:42.730000+00:00","camstonefaux.bsky.social","1","0","at://did:plc:hfjhie7pbkpszsvn2byhrnjy/app.bsky.feed.post/3ma6tqbitsk2c"
"Bluesky","galaxy s","galaxy s","Please stick around, Stars. And to all the new constellations I met and will meet, please remain in my Galaxy. I cannot do this alone especially without each of you...","2025-12-17T14:47:04.598Z","2025-12-17 14:47:04.598000+00:00","hoshizoku.com","2","0","at://did:plc:6okfldfw32v5eneradr5ajbp/app.bsky.feed.post/3ma6vpj33kc2b"
"Bluesky","galaxy note","galaxy note","Samsung Expands Holiday Sale With Major Discounts on Popular Monitors and TVs","2025-12-17T15:55:36Z","2025-12-17 15:55:36+00:00","macrumors.bsky.social","5","0","at://did:plc:ritv6l6udmzeuwbit4omuq4x/app.bsky.feed.post/3ma6zk2bgoj2j"
"Bluesky","galaxy fold","galaxy fold","Samsung disponibiliza patch de dezembro de 2025 para os dobráveis Galaxy Z Fold 4 e Z Flip 4 A Samsung continua a demonstrar uma rapidez impressionante na distribuição de atualizações. Após t... #Noticias #de #Software #galaxy #os #patch #samsung Origin | Interest | Match","2025-12-17T16:32:10.000Z","2025-12-17 16:32:10+00:00","android.activitypub.awakari.com.ap.brid.gy","0","0","at://did:plc:etkadjdby46s2skc4shoxp6q/app.bsky.feed.post/3ma73tlrbpba2"
"Bluesky","galaxy s","galaxy s","Got lucky this time XD Meet 2 OuterTale OCs: Nebula and Vela! Nebula is the OuterTale counterpart of myself/my sona and Vela is the OuterTale counterpart of Emojie from Planet Dolan! (As part of the 2010's Internet Revival, I want to bring back an old face to meet a new one ^w^)","2025-12-17T17:02:17.259Z","2025-12-17 17:02:17.259000+00:00","sarathefnafqueen.eurosky.social","2","0","at://did:plc:oh3ijxndm3gcwnr724wfztt3/app.bsky.feed.post/3ma75bbwnh22h"
"Bluesky","galaxy s","galaxy s","Selections from 2025: FRB 20240209A is the only known repeating fast radio burst to come from a quiescent galaxy. aasnova.org/2025/12/17/s... 🔭🧪","2025-12-17T17:08:30.681Z","2025-12-17 17:08:30.681000+00:00","aasnova.org","6","1","at://did:plc:kpjzn7hnzphv4ddw4autkfzl/app.bsky.feed.post/3ma75mfztwk2p"
"Bluesky","galaxy s","galaxy s","are you a fan of classic scifi from the 30s-50s? well then! the @archive.org has a HUGE collection of recordings of the NBC radio show X Minus 1, each episode is a short story out of Galaxy Magazine (and sometimes some others) archive.org/details/XMin... archive.org/details/XMin...","2025-12-17T17:26:31.015Z","2025-12-17 17:26:31.015000+00:00","bekavalentine.bsky.social","11","7","at://did:plc:wcmqvl44fwjywmzinpjrb6io/app.bsky.feed.post/3ma76mmcyms2z"
"Bluesky","galaxy s","galaxy s","Massive Stars Make Their Mark in Hubble Image This NASA/ESA Hubble Space Telescope image features a glittering blue dwarf galaxy called Markarian 178 (Mrk 178). The galaxy, which is substantially... #Hubble #Space #Telescope Origin | Interest | Match","2025-12-17T17:29:09.000Z","2025-12-17 17:29:09+00:00","observatories.activitypub.awakari.com.ap.brid.gy","0","0","at://did:plc:jj2lpid4xbgegeryqvc4wjd5/app.bsky.feed.post/3ma7bwqfuwae2"
"Bluesky","galaxy s","galaxy s","Massive Stars Make Their Mark in Hubble Image This NASA/ESA Hubble Space Telescope image features a glittering blue dwarf galaxy called Markarian 178 (Mrk 178). The galaxy, which is substantially... #Hubble #Space #Telescope Origin | Interest | Match","2025-12-17T17:29:09.000Z","2025-12-17 17:29:09+00:00","observatories.activitypub.awakari.com.ap.brid.gy","0","0","at://did:plc:jj2lpid4xbgegeryqvc4wjd5/app.bsky.feed.post/3ma7berbigou2"
"Bluesky","galaxy s","galaxy s","Messier 31 — The Andromeda Galaxy Recorded 964 AD Abd al-Rahman al-Sufi Cataloged Charles Messier in 1764 Distance 2.5M LY Integration Hα/OIII: 605 × 30 s UV/IR: 998 × 30 s Total: 13 h 21 m 30 s #andromeda #galaxy #astrophotography @kat-astro-bot.bsky.social #deepskyphotography #dso","2025-12-17T17:34:23.246Z","2025-12-17 17:34:23.246000+00:00","astroaf.space","2","1","at://did:plc:fzug5vkuq2jmpmm6n6dici6w/app.bsky.feed.post/3ma772ooucs2p"
"Bluesky","galaxy note","galaxy note","MacRumors より Samsung Expands Holiday Sale With Major Discounts on Popular Monitors and TVs サムスンは、人気モニターやテレビの主要な割引で休日の販売を拡大","2025-12-17T18:39:01.474098+00:00","2025-12-17 18:39:01.474098+00:00","gigowat.bsky.social","0","0","at://did:plc:dwecjm5n7fyljcjk3vi7x5oa/app.bsky.feed.post/3ma7cobotxl2t"
"Bluesky","galaxy s","galaxy s","Wishlist Twinkle's Galactic Tour on steam! store.steampowered.com/app/3938440/...","2025-12-17T20:16:16.286Z","2025-12-17 20:16:16.286000+00:00","molegato.com","11","2","at://did:plc:dv5omyk4jtnk7dfqyrta73l2/app.bsky.feed.post/3ma7i45qy722t"
"Bluesky","galaxy s","galaxy s","Overseas rumors suggest Samsung could bring back this useful photography feature from an old Galaxy S series #Samsung www.androidcentral.com/phones/samsu...","2025-12-17T21:15:39.193621Z","2025-12-17 21:15:39.193621+00:00","androidcentral.bsky.social","0","0","at://did:plc:m6cybrnq27h5y5o54hxu7m7u/app.bsky.feed.post/3ma7lgert4t2b"
"Bluesky","galaxy fold","galaxy fold","Deals: Samsung Galaxy Z Fold 7 vs Google Pixel 10 Pro Fold","2025-12-17T22:02:12.346Z","2025-12-17 22:02:12.346000+00:00","androidauthority.com","1","0","at://did:plc:u5z5pkxbqlvzxwtgggrxv3uw/app.bsky.feed.post/3ma7nzlfutn2o"
"Bluesky","galaxy s","galaxy s","Android Central より Samsung might bring an old but gold camera feature back in a future Galaxy S サムスンは、将来のギャラクシーSで古いがゴールドカメラ機能を取り戻すかもしれない","2025-12-17T22:20:00.548321+00:00","2025-12-17 22:20:00.548321+00:00","gigowat.bsky.social","0","0","at://did:plc:dwecjm5n7fyljcjk3vi7x5oa/app.bsky.feed.post/3ma7ozgjncy2j"
"Bluesky","galaxy s","galaxy s","A Galaxy S series could return a golden Samsung camera feature, but it could be a move to stay in contention with the competition #Samsung www.androidcentral.com/phones/samsu...","2025-12-17T23:20:44.451171Z","2025-12-17 23:20:44.451171+00:00","androidcentral.bsky.social","0","0","at://did:plc:m6cybrnq27h5y5o54hxu7m7u/app.bsky.feed.post/3ma7sg2fvzc22"
"Bluesky","galaxy note","galaxy note","Samsung kicked off a holiday sale last week, and this event has expanded recently with even more great deals on monitors, TVs, Galaxy smartphones, and home appliances. Many of these deals are the exact same all-time low prices we tracked during Black Friday and Cyber Monday. Note: MacRumor..","2025-12-17T23:28:48.639962+00:00","2025-12-17 23:28:48.639962+00:00","technology-news.bsky.social","1","0","at://did:plc:fsftz5ue2bvlvkb6zx2bqdnh/app.bsky.feed.post/3ma7sugzirm2g"
"Bluesky","galaxy fold","galaxy fold","Samsung Galaxy Z Tri Fold Impressions: NOW It Makes Sense! youtu.be/trsHTKqmZOk?...","2025-12-17T23:55:48.439Z","2025-12-17 23:55:48.439000+00:00","eggry.bsky.social","1","0","at://did:plc:bu6vh7oc7uaxcmavtxgcbzup/app.bsky.feed.post/3ma7uepoyys26"
"Bluesky","galaxy fold","galaxy fold","www.youtube.com/watch?v=trsH...","2025-12-18T02:11:09.446Z","2025-12-18 02:11:09.446000+00:00","cherray50.bsky.social","1","0","at://did:plc:37rwajz6vrooa7ez57mki4bo/app.bsky.feed.post/3maa3wqihvk24"
"Bluesky","galaxy fold","galaxy fold","youtu.be/trsHTKqmZOk?...","2025-12-18T02:11:43.730Z","2025-12-18 02:11:43.730000+00:00","slappysan.bsky.social","0","0","at://did:plc:fdxwa46lcfypwlx2svz5oqie/app.bsky.feed.post/3maa3xr6pfc22"
"Bluesky","galaxy s","galaxy s","Check out Galaxy Tab S6 Lite Pen Replacement for Samsung Galaxy Tab S6 Lite S Pen (EJ-PP610) Stylus Pen Replacement +Free 5 Tips Light Blue - Angora Blue on my Throne Wishlist! throne.com/diana_nightb...","2025-12-18T02:26:31.635Z","2025-12-18 02:26:31.635000+00:00","diananightbloom.bsky.social","0","0","at://did:plc:h4eedgyoxuoebe5nsi6nj7vi/app.bsky.feed.post/3maa4s7xh3s2g"
"Bluesky","galaxy fold","galaxy fold","Motorola se alista para competir en la gama alta con un plegable tipo libro 📱 #Motorola #Foldables","2025-12-18T02:34:05Z","2025-12-18 02:34:05+00:00","enterco.bsky.social","0","0","at://did:plc:nhk57j4jjzjbothrcrgtwnku/app.bsky.feed.post/3maa57r4cs72u"
"Bluesky","galaxy fold","galaxy fold","This looks so wild. youtu.be/trsHTKqmZOk?...","2025-12-18T03:12:26.874Z","2025-12-18 03:12:26.874000+00:00","rollercoasterrj.blacksky.app","0","1","at://did:plc:ihnmrzkqbckbqlgnrv3tmspw/app.bsky.feed.post/3maa7edkp5s2f"
"Bluesky","galaxy s","galaxy s","Overseas rumors suggest Samsung could bring back this useful photography feature from an old Galaxy S series #Samsung www.androidcentral.com/phones/samsu...","2025-12-18T03:15:19.701835Z","2025-12-18 03:15:19.701835+00:00","androidcentral.bsky.social","0","0","at://did:plc:m6cybrnq27h5y5o54hxu7m7u/app.bsky.feed.post/3maa7jjhdpx2f"
"Bluesky","galaxy fold","galaxy fold","Feed: ""9to5Toys"" By: Justin Kahn on Wednesday, December 17, 2025","2025-12-18T03:22:38.742089+00:00","2025-12-18 03:22:38.742089+00:00","longtail-news.bsky.social","0","0","at://did:plc:o6ggjvnj4ze3mnrpnv5oravg/app.bsky.feed.post/3maa7wnysnm2w"
"Bluesky","galaxy s","galaxy s","Added to TCRF: Ghostly Galaxy's Ported Paths in Super Mario Galaxy tcrf.net/Super_Mario_... #info #datamining","2025-12-18T03:34:22.018Z","2025-12-18 03:34:22.018000+00:00","cometmedal.bsky.social","3","2","at://did:plc:lmc4rw4wuay57dm7ltq3yjsu/app.bsky.feed.post/3maaaljuyws2d"
"Bluesky","galaxy s","galaxy s","I will always mourn the loss of the galaxy hair","2025-12-18T03:52:27.386Z","2025-12-18 03:52:27.386000+00:00","tangledangles.bsky.social","1","0","at://did:plc:64pucyolw53r75u5welqpw4f/app.bsky.feed.post/3maabluuh7c2f"
"Bluesky","galaxy s","galaxy s","Crucial details about Galaxy S26's powerful Exynos 2600 chip leak. Read more about it in our article linked below. ⏬ #Exynos2600 #Exynos","2025-12-18T06:12:00.419Z","2025-12-18 06:12:00.419000+00:00","sammobile.com","1","1","at://did:plc:rvxv4ym53kmhtdulkxkhadkk/app.bsky.feed.post/3maajffz67s2p"
"Bluesky","galaxy s","galaxy s","I tested hot chocolates from seven supermarkets including Tesco, Asda and M&S","2025-12-18T06:32:19.145Z","2025-12-18 06:32:19.145000+00:00","nottinghampost.co.uk","0","0","at://did:plc:qpc5545tocmhwad6m55guaqj/app.bsky.feed.post/3maakjra5ai22"
"Bluesky","galaxy s","galaxy s","Feed: ""Latest from Android Central"" By: Nickolas Diaz on Wednesday, December 17, 2025","2025-12-18T07:00:06.622728+00:00","2025-12-18 07:00:06.622728+00:00","longtail-news.bsky.social","0","0","at://did:plc:o6ggjvnj4ze3mnrpnv5oravg/app.bsky.feed.post/3maam3jpwhf2y"
"Bluesky","galaxy s","galaxy s","Samsung Galaxy Tab S10 FE 10.9"" WUXGA+ (5G + Wifi) 6GB RAM 128GB storage Android Tablet (added 2025-12-18) Product Code: SM-X526BZAAAFA Product Description: Samsung Galaxy Tab S10 FE 10.9&q... Origin | Interest | Match","2025-12-18T07:43:54.000Z","2025-12-18 07:43:54+00:00","android.activitypub.awakari.com.ap.brid.gy","0","0","at://did:plc:etkadjdby46s2skc4shoxp6q/app.bsky.feed.post/3maavttu5qdl2"
"Bluesky","galaxy s","galaxy s","Samsung Galaxy Tab S10 FE 10.9"" WUXGA+ (5G + Wifi) 6GB RAM 128GB storage Android Tablet (added 2025-12-18) Product Code: SM-X526BZAAAFA Product Description: Samsung Galaxy Tab S10 FE 10.9&q... Origin | Interest | Match","2025-12-18T07:43:54.000Z","2025-12-18 07:43:54+00:00","android.activitypub.awakari.com.ap.brid.gy","0","0","at://did:plc:etkadjdby46s2skc4shoxp6q/app.bsky.feed.post/3maavuawvyaq2"
"Bluesky","galaxy s","galaxy s","Samsung’s New Foldable Design: Is the Galaxy Z Fold 8 the Future of Smartphones? Samsung is preparing to make a significant impact on its foldable smartphone lineup with the highly anticipated Ga... #Android #News #Mobile #Phone #News #Top #News Origin | Interest | Match","2025-12-18T08:00:29.000Z","2025-12-18 08:00:29+00:00","android.activitypub.awakari.com.ap.brid.gy","0","0","at://did:plc:etkadjdby46s2skc4shoxp6q/app.bsky.feed.post/3maapkta5kmv2"
"Bluesky","galaxy fold","galaxy fold","三星三摺機 9 萬有找，瞄準頂級商務客、Fold 用戶「雙摺變五摺」 三星首款三摺疊手機 Galaxy Z TriFold 今日正式在台亮相，官方也預告新機將於 12 月 19 ... #Android #手機 #Samsung #手機 #Galaxy #Z #TriFold #三星三摺機 #三星電子 Origin | Interest | Match","2025-12-18T08:12:18.000Z","2025-12-18 08:12:18+00:00","android.activitypub.awakari.com.ap.brid.gy","0","0","at://did:plc:etkadjdby46s2skc4shoxp6q/app.bsky.feed.post/3mach27tsirv2"
"Bluesky","galaxy fold","galaxy fold","Galaxy Z Fold 7の音量上げるときステップ10ずつなのつらいなとSound Assistantみたら1単位で調節できて神","2025-12-18T09:23:21.028Z","2025-12-18 09:23:21.028000+00:00","soli-0222.mi.soli0222.com.ap.brid.gy","0","0","at://did:plc:mfv3ehkqqswnlfooervj7dup/app.bsky.feed.post/3maau3ngkd4v2"
"Bluesky","galaxy s","galaxy s","Added to TCRF: Honeyhive Galaxy's Ported Paths in Super Mario Galaxy tcrf.net/Super_Mario_... #info #datamining","2025-12-18T12:10:40.645Z","2025-12-18 12:10:40.645000+00:00","cometmedal.bsky.social","2","1","at://did:plc:lmc4rw4wuay57dm7ltq3yjsu/app.bsky.feed.post/3mab5grdh3c2y"
"Bluesky","galaxy s","galaxy s","Added to TCRF: Gold Leaf Galaxy's Star Bit Ring in Super Mario Galaxy tcrf.net/Super_Mario_... #info #datamining","2025-12-18T12:11:30.836Z","2025-12-18 12:11:30.836000+00:00","cometmedal.bsky.social","1","1","at://did:plc:lmc4rw4wuay57dm7ltq3yjsu/app.bsky.feed.post/3mab5ib6iak2y"
"Bluesky","galaxy s","galaxy s","Android Central より Leak claims Google wants to make your Android satellite connections easy リークの主張 GoogleはあなたのAndroid衛星接続を簡単にしたい","2025-12-18T12:15:13.533166+00:00","2025-12-18 12:15:13.533166+00:00","gigowat.bsky.social","0","0","at://did:plc:dwecjm5n7fyljcjk3vi7x5oa/app.bsky.feed.post/3mab5ovzxjy2j"
"Bluesky","galaxy s","galaxy s","""This is the best birthday ever!"" We discuss what this episode gets right, what we'd love to see more of, and even some juicy details about our guest @hamishsteele.bsky.social 's connections with a galaxy far, far away! 🟢: bit.ly/3Y1O8Rz 🍎: apple.co/4j5n8ue 🏳️‍🌈: glitterjaw.com/distant-echoes","2025-12-18T12:39:28.850Z","2025-12-18 12:39:28.850000+00:00","distantechoespod.bsky.social","10","7","at://did:plc:rp7hn5dtzmyisjk6ziucsdx4/app.bsky.feed.post/3mab72bgz3s2e"
"Bluesky","galaxy fold","galaxy fold","I've been Apple zealot for almost two decades now, but I must admit I would be sorely tempted to make the switch to Android for this. (Hopefully this will be what the forthcoming folding iPhone looks like.) www.youtube.com/watch?v=trsH...","2025-12-18T12:55:53.430Z","2025-12-18 12:55:53.430000+00:00","jamesomalley.co.uk","3","0","at://did:plc:l2mdjnwjrwpns76ol45t66sf/app.bsky.feed.post/3mab7xmfxzk2j"
"Bluesky","galaxy s","galaxy s","Is it safe to say that I much prefer Mario Galaxy 2's atmosphere over Mario Galaxy 1's? I just always liked 2's light-hearted tone over 1's somber tone.","2025-12-18T13:49:19.756Z","2025-12-18 13:49:19.756000+00:00","hornedcrusader.bsky.social","3","0","at://did:plc:qwtkxo74sblq3w6n5tjzrdnu/app.bsky.feed.post/3mabcx67cqc2w"
"Bluesky","galaxy fold","galaxy fold","Galaxy Z Fold 8 tipped to upgrade two cameras next year.","2025-12-18T13:50:58.331Z","2025-12-18 13:50:58.331000+00:00","sammobile.com","2","0","at://did:plc:rvxv4ym53kmhtdulkxkhadkk/app.bsky.feed.post/3mabd247kfs2p"
"Bluesky","galaxy fold","galaxy fold","Galaxy Z Fold 8 – Bước Tiến Mới Trong Cuộc Đua Cam era Gập Của Samsung #GalaxyZFold8 #Samsung #CameraUpgrade #CongNgheViet 🌿 📱 Galaxy Z Fold 8 – Bước Tiến Mới Trong Cuộc Đua Camera Gập Của Samsung  #GalaxyZFold8 #Samsung #CameraUpgrade #CongNgheViet 🌿📱 1 Cải tiến vượt trội ở hệ thống camera 💖…","2025-12-18T14:07:40Z","2025-12-18 14:07:40+00:00","globalresources.bsky.social","0","0","at://did:plc:s7oy7w5tpkmumoep42qwpvbp/app.bsky.feed.post/3mabdxzbidz2h"
"Bluesky","galaxy fold","galaxy fold","Galaxy Z Fold 8 – Bước Tiến Mới Trong Cuộc Đua Cam era Gập Của Samsung #GalaxyZFold8 #Samsung #CameraUpgrade #CongNgheViet 🌿 📱 Galaxy Z Fold 8 – Bước Tiến Mới Trong Cuộc Đua Camera Gập Của Samsung  #GalaxyZFold8 #Samsung #CameraUpgrade #CongNgheViet 🌿📱 1 Cải tiến vượt trội ở hệ thống camera 💖…","2025-12-18T14:07:49Z","2025-12-18 14:07:49+00:00","maychuvn.bsky.social","0","0","at://did:plc:rrpr2ikw6c7dqguyzicg36so/app.bsky.feed.post/3mabdybxkqv2a"
"Bluesky","galaxy s","galaxy s","✨🪐Step into a universe where duty is a double-edged sword honed by passion. Love is not a battlefield—it is an entire galaxy. 💥🚀💖 egmanetti.com/the-twelve-s... #SFR #romantasy #RomanticSuspense","2025-12-18T14:34:54.780Z","2025-12-18 14:34:54.780000+00:00","egmanetti.bsky.social","3","1","at://did:plc:wjslgbyyn5hy23vh3ub6rsce/app.bsky.feed.post/3mabfiojmmc25"
"Bluesky","galaxy fold","galaxy fold","Motorola prepara un plegable tipo libro para competir en la gama alta 📘🔥  #MotorolaFold  #SmartphoneNews","2025-12-18T15:37:35Z","2025-12-18 15:37:35+00:00","enterco.bsky.social","0","0","at://did:plc:nhk57j4jjzjbothrcrgtwnku/app.bsky.feed.post/3mabiyreu6d2g"
"Bluesky","galaxy fold","galaxy fold","youtu.be/trsHTKqmZOk?...","2025-12-18T15:48:02.234Z","2025-12-18 15:48:02.234000+00:00","astr0b0y8.bsky.social","0","0","at://did:plc:dbcnuskpwrhpzvdwk7q5kjh3/app.bsky.feed.post/3mabjlgq3ns2f"
"Bluesky","galaxy s","galaxy s","Day 18 #EYDC2025 Most Watched Genre #kdrama & #cdrama historicals, hands down Bon Appetite, Your Majesty Haunted Palace Dear Hongrang 1st Night w/a Duke When Life Gives You Tangerines (70's-) Dream w/in a Dream Prisoner of Love Legend of Female General Imperial Coroner Love Like the Galaxy 😍GREAT!","2025-12-18T15:48:41.345Z","2025-12-18 15:48:41.345000+00:00","thinkingpositive.bsky.social","7","0","at://did:plc:tejifxrg46btrahh7buwqat6/app.bsky.feed.post/3mabjmm2vzs2q"
"Bluesky","galaxy fold","galaxy fold","Samsung Galaxy Z Tri Fold Impressions: NOW It Makes Sense! by Marques Brownlee https://www.youtube.com/watch?v=trsHTKqmZOk #YouTube","2025-12-18T16:29:14.000Z","2025-12-18 16:29:14+00:00","frankiemwon.techhub.social.ap.brid.gy","1","1","at://did:plc:2yn7u3xd4ogkewmcvodhbxls/app.bsky.feed.post/3mablvrrz3h62"
"Bluesky","galaxy s","galaxy s","Mysterious, irradiated ’scar’ in our galaxy points to 2 stars that almost hit the sun   Astronomers traced a mysterious ’scar’ of ionized gas around the solar system to two stars that had a close flyby with our sun millions of years ago.      https://s.faithcollapsing.com/h38vb","2025-12-18T11:40:50-05:00","2025-12-18 16:40:50+00:00","stevensaus.com","1","0","at://did:plc:xwbve7fktqqaph76re6bjwnh/app.bsky.feed.post/3mabmjuyng22a"
"Bluesky","galaxy s","galaxy s","Mysterious, irradiated ’scar’ in our galaxy points to 2 stars that almost hit the sun Astronomers traced a mysterious ’scar’ of ionized gas around the solar system to two stars that had a close flyby with our sun millions of years ago […]  [Original post on faithcollapsing.com]","2025-12-18T16:41:13.000Z","2025-12-18 16:41:13+00:00","stevensaus.faithcollapsing.com.ap.brid.gy","0","1","at://did:plc:quzoadobx4p5ovaojyeccblz/app.bsky.feed.post/3mabmm4n2pgz2"
"Bluesky","galaxy s","galaxy s","Our researchers on the CHIME team had a big moment in 2025 as the team discovered the repeating fast radio burst source FRB 20240209A. Our Center researchers part of the discovery were Mohit Bhardwaj, Emmanuel Fonseca, Bikash Kharel, & Swarali Patil. 🤩🤩🤩🤩 aasnova.org/2025/12/17/s...","2025-12-18T16:55:18.555Z","2025-12-18 16:55:18.555000+00:00","gwacwvu.bsky.social","1","0","at://did:plc:i3gar6s4kpfgcwclbjwddh26/app.bsky.feed.post/3mabndq2tf22q"
"Bluesky","galaxy s","galaxy s","A merger, observed with the Hubble Space Telescope in the GOODS-S-FULLDEPTH survey. It is at redshift 0.67 (lookback time 6.33 billion years) with coordinates (53.11495, -27.76756). 41 volunteers classified this galaxy in Galaxy Zoo: Hubble.","2025-12-18T17:27:40.931864+00:00","2025-12-18 17:27:40.931864+00:00","allthegalaxies.galaxyzoo.org","11","0","at://did:plc:3uogztpu7svvebkixxsxo4or/app.bsky.feed.post/3mabp5mnt5r26"
"Bluesky","galaxy fold","galaxy fold","The Samsung Galaxy Z Fold 7 won 'Best Foldable' thanks to year-over-year improvements that have made the foldable much more enjoyable to use. mobilesyrup.com/2025/12/18/c...","2025-12-18T18:41:59.973Z","2025-12-18 18:41:59.973000+00:00","mobilesyrup.com","0","0","at://did:plc:ckp4obhd77hgyfnuknamrh4z/app.bsky.feed.post/3mabtciwm5k2r"
"Bluesky","galaxy fold","galaxy fold","Samsung’un Yeni Katlanabilir Telefonu Yolda! Çok İnce Olacak Samsung Galaxy Z Flip 8 ile ilgili çok önemli bir gelişme meydana geldi. Yeni ortaya çıkan bilgilere göre Fold 8, bir önceki modele göre daha belirgin farklılıkla birlikte gelecek. Tasarım bakımından büyük farklılık içerecek yeni model…","2025-12-18T18:46:50Z","2025-12-18 18:46:50+00:00","ercanceviz.bsky.social","0","0","at://did:plc:v7nvkhezqq33xrcgasafhbw4/app.bsky.feed.post/3mabtl7xlyz2o"
"Bluesky","galaxy fold","galaxy fold","Samsung Galaxy Z Flip 8 Tipped To Be Slimmer Than Flip 7, Battery Upgrade Also Expected Samsung's push toward slimmer foldables may not stop with the Galaxy Z Fold 7. Early leaks now suggest the company is planning more noticeable changes for its flip-style phone next year, with the Galaxy Z Flip…","2025-12-18T18:57:12Z","2025-12-18 18:57:12+00:00","blackfoxnews.bsky.social","0","0","at://did:plc:hdfytxixmjbkvub2y7wrggjo/app.bsky.feed.post/3mabu5pxbaw2l"
"Bluesky","galaxy s","galaxy s","Hi Steven, have you tried activating Reader Mode? I think this video shows how on Android youtu.be/jnNkogKvcTk?...","2025-12-18T19:24:10.696Z","2025-12-18 19:24:10.696000+00:00","celticnewsnow.com","0","0","at://did:plc:o27oddzbfzw6y6byjefmvjfb/app.bsky.feed.post/3mabvnwg4e22r"
"Bluesky","galaxy fold","galaxy fold","Holiday Android game and app deals start today: Forager, D&D Lords of Waterdeep, Crying Suns, much more","2025-12-18T19:28:15Z","2025-12-18 19:28:15+00:00","9to5google.com","1","0","at://did:plc:4z4m44eu62tzlmkqxfkkhagt/app.bsky.feed.post/3mabvvahls52y"
"Bluesky","galaxy note","galaxy note","I have a usb-c cable from CableCreation with a braided cover that has held up well over the years. It can handle charging my laptop (so probably 60W?), but I've no idea about data transfer speeds.  a.co/d/9VJh8Og","2025-12-18T19:29:21.830Z","2025-12-18 19:29:21.830000+00:00","chicargocult.bsky.social","1","0","at://did:plc:7oyzlpmfqkryao2yjzu7qbah/app.bsky.feed.post/3mabvx7574s2v"
"Bluesky","galaxy s","galaxy s","Feed: ""DIY Photography"" By: Soumyadeep Mukherjee on Thursday, December 18, 2025","2025-12-18T19:33:15.246296+00:00","2025-12-18 19:33:15.246296+00:00","longtail-news.bsky.social","0","0","at://did:plc:o6ggjvnj4ze3mnrpnv5oravg/app.bsky.feed.post/3mabw67cvmz2w"
"Bluesky","galaxy fold","galaxy fold","....thats why you... thats why you close it and watch... on the... on the regular sc... ive been ragebaited you win","2025-12-18T19:54:32.000Z","2025-12-18 19:54:32+00:00","vozercozer.vozer.cafe.ap.brid.gy","0","0","at://did:plc:ihwqcnveg47hzxpdlm4mhsoy/app.bsky.feed.post/3mabxernmpuw2"
"Bluesky","galaxy fold","galaxy fold","....thats why you... thats why you close it and watch... on the... on the regular sc... ive been ragebaited you win","2025-12-18T19:55:14.978Z","2025-12-18 19:55:14.978000+00:00","vozer.cafe","0","0","at://did:plc:za2ezszbzyqer7eylvtgapd5/app.bsky.feed.post/3mabxfidk722a"
"Bluesky","galaxy s","galaxy s","💜 NOW LIVE 💜 My mom let me have TWO stream promo graphics today. And by my mom I mean. me Let's check out this DOPE demo of @zorkie.itch.io's ""I'm Making a Monster""! [Which YOU can also give a try now!] & then Mari's Magical Deliveries! [Curse you character limit😡] 💜 twitch.tv/violettawitch 💜","2025-12-18T22:02:04.108Z","2025-12-18 22:02:04.108000+00:00","violettawitch.bsky.social","7","2","at://did:plc:6phasb3p6snadtnkb4d75ddx/app.bsky.feed.post/3mac6iazju225"
"Bluesky","galaxy s","galaxy s","How has this past year distorted my sense of the construct of time further than the pandemic did? It’s been an eternity. It’s been an instant. Is this what it’s like at the event horizon of a black hole?","2025-12-18T22:33:26.303Z","2025-12-18 22:33:26.303000+00:00","whitmorliss.bsky.social","1","0","at://did:plc:jmnlvfbyqciw4pndg6lk4pr5/app.bsky.feed.post/3macaadxqcs2d"
"Bluesky","galaxy fold","galaxy fold","Samsung Galaxy Z Series: The Future of Foldable Smartphones Discover why Samsung’s Galaxy Z Series leads the foldable revolution. Compare Galaxy Z Fold and Flip models, specs, and features to find your perfect device.","2025-12-18T22:37:02Z","2025-12-18 22:37:02+00:00","expertkingdom.bsky.social","0","0","at://did:plc:h6tk6u6qe776h6s2qkpnncn7/app.bsky.feed.post/3macagtclyc2f"
"Bluesky","galaxy note","galaxy note","On a lighter note, this post is gaining some traction, so if you want to, check out my podcast, @inagalaxypod.bsky.social where my friend Jacob and I talk Star Wars (nearly) every week! anchor.fm/inagalaxy","2025-12-18T23:25:14.204Z","2025-12-18 23:25:14.204000+00:00","ochifan327.bsky.social","4","3","at://did:plc:3bioumfx3w3vom3w7ojmhdpp/app.bsky.feed.post/3macd4xveuc26"
"Bluesky","galaxy note","galaxy note","Cellphone photo. Held aperture open and note galaxy! Who knew?","2025-12-19T01:08:34.993Z","2025-12-19 01:08:34.993000+00:00","ge0hawaii.bsky.social","2","1","at://did:plc:bqv5j7i2dmsjuyma5aowws2h/app.bsky.feed.post/3macivrglqs2n"
"Bluesky","galaxy fold","galaxy fold","That Galaxy Fold is calling me.","2025-12-19T02:55:47.223Z","2025-12-19 02:55:47.223000+00:00","nywiseass.bsky.social","0","0","at://did:plc:uwb5dp4332iemp3snc4ejywq/app.bsky.feed.post/3macovhohjk2d"
"Bluesky","galaxy fold","galaxy fold","Galaxy Z Flip 8 Çok Daha İnce Olacak! Samsung, 2025 yılında Galaxy Z Fold 7’nin ultra ince tasarımıyla teknoloji dünyasında tüm dikkatleri üzerine çekmişti. Ancak gelen ilk sızıntılar, Güney Koreli devin önümüzdeki yıl odağını “Flip” serisine kaydıracağını gösteriyor. Yeni raporlara göre Galaxy Z…","2025-12-19T04:41:17Z","2025-12-19 04:41:17+00:00","ercanceviz.bsky.social","0","0","at://did:plc:v7nvkhezqq33xrcgasafhbw4/app.bsky.feed.post/3macus6ietg2x"
"Bluesky","galaxy s","galaxy s","A Runaway Supermassive Black Hole Is Racing Through Space at Nearly 1,000 km/s and Leaving a Trail of Newborn Stars Behind ->ZME Science | #Space #BlackHole | More from Lil Dr Glen EcoChat at BigEarthData.ai","2025-12-19T06:55:51.870529+00:00","2025-12-19 06:55:51.870529+00:00","bigearthdata.ai","0","0","at://did:plc:lc6hdhnjkgccd6ysi7e23pll/app.bsky.feed.post/3mad4cr3nwm2y"
"Bluesky","galaxy fold","galaxy fold","Galaxy Z Fold 8 camera specs leak, and Samsung’s finally on an upgrade streak Samsung will predictably keep the 200MP main camera, but the other cameras are receiving upgrades. Credit: Ryan Haine... #News #Foldable #Phones #Samsung #Samsung #Galaxy #Z #Fold #8 Origin | Interest | Match","2025-12-19T07:38:31.000Z","2025-12-19 07:38:31+00:00","android.activitypub.awakari.com.ap.brid.gy","0","0","at://did:plc:etkadjdby46s2skc4shoxp6q/app.bsky.feed.post/3mad7hhahoin2"
"Bluesky","galaxy fold","galaxy fold","Galaxy Z Fold 8 camera specs leak, and Samsung’s finally on an upgrade streak","2025-12-19T07:42:14.730Z","2025-12-19 07:42:14.730000+00:00","androidauthority.com","1","0","at://did:plc:u5z5pkxbqlvzxwtgggrxv3uw/app.bsky.feed.post/3mad6vozj322z"
"Bluesky","galaxy fold","galaxy fold","三星Galaxy Z Fold 8相機規格流出！超廣角升級至5000萬畫素，長焦鏡頭也微幅提升，摺疊旗艦攝影力再進化。 https://biggo.com.tw/news/202512190821_Galaxy-Z-Fold-8-Camera-Specs-Leak #GalaxyZFold8 #三星摺疊手機","2025-12-19T08:45:07+00:00","2025-12-19 08:45:07+00:00","biggo-news.bsky.social","0","0","at://did:plc:36mz5lutk7mmac4vdnijpd3x/app.bsky.feed.post/3madcg5jcto2z"
"Bluesky","galaxy fold","galaxy fold","Galaxy Z Fold 8のカメラ情報が流出！超広角が12MPから50MPへ大幅アップ。S25 Ultra並みの画質で、広角・マクロ撮影が激変か。詳細は記事で。 https://biggo.jp/news/202512190821_Galaxy-Z-Fold-8-Camera-Specs-Leak #GalaxyZFold8 #Samsung","2025-12-19T08:51:33+00:00","2025-12-19 08:51:33+00:00","techtrendsjp.bsky.social","0","0","at://did:plc:65rfrzfssqwps6p5pl74vggw/app.bsky.feed.post/3madcro32t62q"
"Bluesky","galaxy note","galaxy note","Published in #MNRAS: ""Galaxy-scale lens search in the PEARLS NEP TDF and CEERS JWST fields"", Ferrami et al. This is Fig. 1: to read the paper please visit academic.oup.com/mnras/articl... @royalastrosoc.bsky.social @academic.oup.com","2025-12-19T09:08:33.521Z","2025-12-19 09:08:33.521000+00:00","rasjournals.bsky.social","3","0","at://did:plc:34yfw3j42tkrh2n4f7hwmjou/app.bsky.feed.post/3maddpztvbk2u"
"Bluesky","galaxy fold","galaxy fold","Get up to £300 cashback on Samsung Galaxy foldables in the UK.","2025-12-19T09:40:01.635Z","2025-12-19 09:40:01.635000+00:00","sammobile.com","0","0","at://did:plc:rvxv4ym53kmhtdulkxkhadkk/app.bsky.feed.post/3madficifps22"
"Bluesky","galaxy s","galaxy s","With the launch of the Vivo X300 Pro in Kenya, Vivo is making an unusually strong promise on long-term software support — one that now puts it in the same conversation as Google and Samsung, at least on paper.","2025-12-19T10:26:06Z","2025-12-19 10:26:06+00:00","tech-ish.com","1","0","at://did:plc:xdfjmzwdrewelkxj43foispw/app.bsky.feed.post/3madi2q4k7e22"
"Bluesky","galaxy s","galaxy s","Samsung expands One UI 8.5’s internal testing to the Galaxy Z Fold 5","2025-12-19T11:00:00.842Z","2025-12-19 11:00:00.842000+00:00","samlover.bsky.social","0","0","at://did:plc:2jkuea7khdsaabdf5awz2anx/app.bsky.feed.post/3madjxdelck2l"
"Bluesky","galaxy fold","galaxy fold","Samsung Galaxy Z Tri Fold: A Game-Changer or Just a Gimmick? The Samsung Galaxy Z Tri Fold introduces a new multifolding design that transforms a compact smartphone into a 10-inch tablet. This inno... #Android #News #Mobile #Phone #News #Top #News Origin | Interest | Match","2025-12-19T11:00:45.000Z","2025-12-19 11:00:45+00:00","android.activitypub.awakari.com.ap.brid.gy","0","0","at://did:plc:etkadjdby46s2skc4shoxp6q/app.bsky.feed.post/3madkamazu3g2"
"Bluesky","galaxy fold","galaxy fold","Filtradas las cámaras del Galaxy Z Fold 8: mejoras selectivas https://www.htcmania.com/showthread.php?t=1742516","2025-12-19T11:02:36.786801Z","2025-12-19 11:02:36.786801+00:00","htcmania.bsky.social","1","0","at://did:plc:zk3tve4twazyzrjqv6ubyp45/app.bsky.feed.post/3madk3ycsl52m"
"Bluesky","galaxy fold","galaxy fold","iPhone Fold vs Galaxy Z Fold 7: Leaked dimensions reveal a battle of shapes New schematics suggest Apple is ditching the ""tall"" phone trend for a wider, iPad Mini-style foldable design. Cre... #News #Apple #Apple #iPhone #Fold #Foldable #Phones Origin | Interest | Match","2025-12-19T11:14:27.000Z","2025-12-19 11:14:27+00:00","android.activitypub.awakari.com.ap.brid.gy","0","0","at://did:plc:etkadjdby46s2skc4shoxp6q/app.bsky.feed.post/3madkyzx5h2y2"
"Bluesky","galaxy fold","galaxy fold","iPhone Fold vs Galaxy Z Fold 7: Leaked dimensions reveal a battle of shapes","2025-12-19T11:17:08.900Z","2025-12-19 11:17:08.900000+00:00","androidauthority.com","2","0","at://did:plc:u5z5pkxbqlvzxwtgggrxv3uw/app.bsky.feed.post/3madkvxua5623"
"Bluesky","galaxy s","galaxy s","「11 12 発売」に関する記事です: https://s-max.jp/archives/1839193.html","2025-12-19T11:25:38.556474+00:00","2025-12-19 11:25:38.556474+00:00","buchikuma.bsky.social","0","0","at://did:plc:jf26a7dgps3fck4zc7anchdl/app.bsky.feed.post/3madlf5wcwr2a"
"Bluesky","galaxy fold","galaxy fold","Samsung Z Fold 7 wins ‘Best Foldable’ In Canada, we don’t have as many options for foldables as in Asia or Europe; however, as the years go by, we’re seeing more and more. Last year, we crowned the Pixel 9 Pro Fold as the best foldable in the country, but this year, the crown goes to Samsung’s…","2025-12-19T11:47:56Z","2025-12-19 11:47:56+00:00","newsnexttech.bsky.social","0","0","at://did:plc:smx4mdvydvulspyzksgizf4j/app.bsky.feed.post/3madmn3cvio2a"
"Bluesky","galaxy fold","galaxy fold","Samsung Z Fold 7 wins ‘Best Foldable’ In Canada, we don’t have as many options for foldables as in Asia or Europe; however, as the years go by, we’re seeing more and more. Last year, we crowned the Pixel 9 Pro Fold as the best foldable in the country, but this year, the crown goes to Samsung’s…","2025-12-19T11:48:20Z","2025-12-19 11:48:20+00:00","monikawalker.bsky.social","0","0","at://did:plc:zqajbwp7dw6i5may4s3qlstb/app.bsky.feed.post/3madmnrqxuz2b"
"Bluesky","galaxy s","galaxy s","Galaxy Z Fold 8 Could Bring Two Camera Upgrades Next Year www.androidheadlines.com/2025/12/gala... #GalaxyZFold8 #Samsung #Android","2025-12-19T12:17:29.308Z","2025-12-19 12:17:29.308000+00:00","androidheadlines.bsky.social","1","0","at://did:plc:bi5xdpxmo6rhucofh7ygztwx/app.bsky.feed.post/3madobuiiv22x"
"Bluesky","galaxy note","galaxy note","I only need one thing from Samsung next year, and it's not what you think I don't think I ask for much I’ve had my ups and downs with Samsung over the years, and my current disappointment... #Samsung #Galaxy #Note #10 #samsung #galaxy #Samsung #Phones […]  [Original post on androidpolice.com]","2025-12-19T12:30:10.000Z","2025-12-19 12:30:10+00:00","android.activitypub.awakari.com.ap.brid.gy","0","0","at://did:plc:etkadjdby46s2skc4shoxp6q/app.bsky.feed.post/3madqirccivt2"
"Bluesky","galaxy note","galaxy note","A revamped Galaxy Note is what Samsung needs in 2026 I don't think I ask for much I’ve had my ups and downs with Samsung over the years, and my current disappointment with the Galaxy S25 seri... #Samsung #Galaxy #Note #10 #samsung #galaxy #Samsung #Phones […]  [Original post on androidpolice.com]","2025-12-19T12:30:10.000Z","2025-12-19 12:30:10+00:00","android.activitypub.awakari.com.ap.brid.gy","0","0","at://did:plc:etkadjdby46s2skc4shoxp6q/app.bsky.feed.post/3maegscnquob2"
"Bluesky","galaxy s","galaxy s","ASKAP discovery of a 30 kpc bipolar outflow from the edge-on disk of the nearby spiral galaxy ESO 130-G012. Baerbel S. Koribalski (1 et. al. https://arxiv.org/abs/2512.15991","2025-12-19T13:30:48.152Z","2025-12-19 13:30:48.152000+00:00","astroarxiv.bsky.social","1","0","at://did:plc:32r7scd5hucgv552zjfuaigc/app.bsky.feed.post/3madsexrhly2w"
"Bluesky","galaxy note","galaxy note","my last android was a samsung galaxy note 4 and i gad it just six months when the gps stopped working due to a software bug that they fixed in the note 5 and i was so pissed they were trying to sell me another thousand dollar phone less than a year later instead of just supporting their product","2025-12-19T14:17:32.527Z","2025-12-19 14:17:32.527000+00:00","hillenjoyer.myatproto.social","3","0","at://did:plc:gyyq55ydkyp5aighjvp5vmjh/app.bsky.feed.post/3maduyjzbhk2c"
"Bluesky","galaxy fold","galaxy fold","16:9 video watching experience  • OPPO Find N5 / Samsung Galaxy Z Fold 7 (8-inch) • Passport-style foldable mockup (7.7-inch) • iPhone 17 Pro Max (6.9-inch) pic.x.com/7oIgpzP48h - https://x.com/BenGeskin/status/2002009941595578377","2025-12-19T14:22:51.336226+00:00","2025-12-19 14:22:51.336226+00:00","noagendamedia.bsky.social","0","0","at://did:plc:3nmysccrsm6tca27soiqi4uj/app.bsky.feed.post/3madvc2xxjq2u"
"Bluesky","galaxy s","galaxy s","Samsung Galaxy Z Fold 8 Cameras Leak Hints At Major Upgrade Ahead Of 2026 Launch Samsung's foldable phones have slowly been closing the camera gap with its flagship Galaxy S-series, and the next model seems ready to take that approach a step further. Based on the previous trends, the Samsung…","2025-12-19T14:30:08Z","2025-12-19 14:30:08+00:00","blackfoxnews.bsky.social","0","0","at://did:plc:hdfytxixmjbkvub2y7wrggjo/app.bsky.feed.post/3madvp4r2572z"
"Bluesky","galaxy s","galaxy s","Samsung unveils what could be the Galaxy S26's chip — and it’s quite impressive Samsung has officially unveiled the Exynos 2600 chip, offering a world-first design and improved performance ... #Samsung #Phones #Phones #Android #Phones Origin | Interest | Match","2025-12-19T14:37:11.000Z","2025-12-19 14:37:11+00:00","android.activitypub.awakari.com.ap.brid.gy","0","0","at://did:plc:etkadjdby46s2skc4shoxp6q/app.bsky.feed.post/3madxfnkeprg2"
"Bluesky","galaxy s","galaxy s","Hubble Glimpses Galactic Gas Making a Getaway ->NASA Science | More from Lil Dr Glen EcoChat at BigEarthData.ai","2025-12-19T14:38:08.204367+00:00","2025-12-19 14:38:08.204367+00:00","bigearthdata.ai","0","0","at://did:plc:lc6hdhnjkgccd6ysi7e23pll/app.bsky.feed.post/3madw5enrbz2y"
"Bluesky","galaxy s","galaxy s","Get ready to race through the Star Wars galaxy like never before! Star Wars: Galactic Racer drops in 2026 with high-speed, no-holds-barred action on PS5, Xbox Series X|S, and PC. Customize, battle rivals, and own the Outer Rim! #GalacticRacer #StarWars","2025-12-19T14:46:00.101Z","2025-12-19 14:46:00.101000+00:00","playswave.com","0","0","at://did:plc:luq5ehmrudmuwqq4qntmir7y/app.bsky.feed.post/3madwlgowmz2t"
"Bluesky","galaxy s","galaxy s","Walls Partially Down at Hollywood Studios Seating Area, Replaced With Rolling Planters","2025-12-19T15:27:16.265Z","2025-12-19 15:27:16.265000+00:00","wdwnt.com","0","0","at://did:plc:rlqi4rkaahnpjyfcn6wetq7j/app.bsky.feed.post/3madyv7x7mq2z"
"Bluesky","galaxy s","galaxy s","Find your new favorite #horror read with #newreleases from these great #horrorauthors @lizaanderson.bsky.social  @mariatureaud.bsky.social  @acwise.bsky.social  @spookywv.bsky.social  @daemonmanx.bsky.social  @stephenembleton.bsky.social @toribovalino.bsky.social  @titanbooks.bsky.social","2025-12-19T16:05:11.535Z","2025-12-19 16:05:11.535000+00:00","therealjackfinn.bsky.social","7","3","at://did:plc:m6vlc5zzi5ytwnrliz355khm/app.bsky.feed.post/3mae2yzt4zc2t"
"Bluesky","galaxy s","galaxy s","サムスンGalaxy Z TriFold、韓国で約2400米ドルで発売。10インチ画面は生産性の夢か？修理費約1122米ドル、Sペン非対応の現実。詳細な評価は記事で。 https://biggo.jp/news/202512191721_Samsung_Galaxy_Z_TriFold_Review #GalaxyZTriFold #Samsung","2025-12-19T17:48:43+00:00","2025-12-19 17:48:43+00:00","techtrendsjp.bsky.social","0","0","at://did:plc:65rfrzfssqwps6p5pl74vggw/app.bsky.feed.post/3maeas6hyka22"
"Bluesky","galaxy fold","galaxy fold","Galaxy Z Fold 8 is rumored to get major camera upgrades next year, including higher-resolution telephoto and ultrawide shooters.","2025-12-19T17:54:06.297397+00:00","2025-12-19 17:54:06.297397+00:00","technology-news.bsky.social","1","0","at://did:plc:fsftz5ue2bvlvkb6zx2bqdnh/app.bsky.feed.post/3maeb3rwkyb2z"
"Bluesky","galaxy fold","galaxy fold","a different direction: Baron Vladimir Harkonnen dons a cheery red suit, boards his levitating sleigh & then Guild Navigators fold space for him to deliver gifts to boys & girls galaxy-wide. Bene Gesserit mothers use the voice to convince everyone they’re enjoying a good time w/ new emperor Muad’dib.","2025-12-19T17:54:52.512Z","2025-12-19 17:54:52.512000+00:00","frwildflowers.bsky.social","1","0","at://did:plc:3vqwfcvzsmfyel6uuj66c2as/app.bsky.feed.post/3maeb55w2s22y"
"Bluesky","galaxy note","galaxy note","This was my uncle’s old phone m.youtube.com/watch?v=kK3P...","2025-12-19T18:26:20.506Z","2025-12-19 18:26:20.506000+00:00","luminechu71.bsky.social","0","0","at://did:plc:dk72g44b5rfd4w7zrdi2bxnp/app.bsky.feed.post/3maecvgh2wk2z"
"Bluesky","galaxy s","galaxy s","6 days until Christmas: Galaxy XR is 2025’s ‘spare no expense’ gift Of all the products Samsung has on sale this holiday season, the Galaxy XR headset must be the main ‘spare no expense'... #Wearables Origin | Interest | Match","2025-12-19T18:41:39.000Z","2025-12-19 18:41:39+00:00","android.activitypub.awakari.com.ap.brid.gy","0","0","at://did:plc:etkadjdby46s2skc4shoxp6q/app.bsky.feed.post/3maefdszpgr52"
"Bluesky","galaxy s","galaxy s","6 days until Christmas: Galaxy XR is 2025's 'spare no expense' gift.","2025-12-19T18:42:42.356Z","2025-12-19 18:42:42.356000+00:00","sammobile.com","0","0","at://did:plc:rvxv4ym53kmhtdulkxkhadkk/app.bsky.feed.post/3maedsosqt22x"
"Bluesky","galaxy fold","galaxy fold","Samsung Beats Apple! World’s First 2nm Mobile Exynos 2600 Chip Is Here, Galaxy S26 Series Likely to Get It Samsung has taken an early lead in the next phase of mobile chipmaking. The company has officially unveiled the Exynos 2600, calling it the world's first 2nm mobile processor built using its…","2025-12-19T20:40:07Z","2025-12-19 20:40:07+00:00","blackfoxnews.bsky.social","0","0","at://did:plc:hdfytxixmjbkvub2y7wrggjo/app.bsky.feed.post/3maekepcpsz2l"
"Bluesky","galaxy s","galaxy s","Gonna be a magical Christmas season for me today, from Brave New Worlds. @chrissamnee.bsky.social drawing Batman & Robin -- it's been a dream of mine to see him on a Batman comic. @planetx.bsky.social & co.'s wonderful Hawkgirl: Once Upon A Galaxy. Robbie Reyes, finally. And we first meet Tim Drake!","2025-12-19T21:11:24.678Z","2025-12-19 21:11:24.678000+00:00","heyanniemok.bsky.social","8","2","at://did:plc:fkc5hgvhjwkcagpxsmtb5xwr/app.bsky.feed.post/3maem4lsjsk2k"
"Bluesky","galaxy s","galaxy s","I know I'm biased, but there is a pretty great collection of large sky atlases and specialized astrophysical ones here... 🤩🤩 #ASPLibrary 🧪 📚 🔭 www.asplibraryproject.com/blog/atlas-s...","2025-12-19T21:21:34.818Z","2025-12-19 21:21:34.818000+00:00","sumrtime.bsky.social","5","1","at://did:plc:uktnkxdf7unjttltqzliyjb2/app.bsky.feed.post/3maemorp3a22y"
"Bluesky","galaxy fold","galaxy fold","pretty neat that we're just gonna get tablets that can fold up and fit in your pocket www.youtube.com/watch?v=trsH...","2025-12-19T21:22:37.787Z","2025-12-19 21:22:37.787000+00:00","markposts.bsky.social","2","0","at://did:plc:pmyrbehllqy5rbbxuhqwev4p/app.bsky.feed.post/3maemqnpzwk2s"
"Bluesky","galaxy s","galaxy s","[purpose.] update! (pages 26-33) #homestuck #comic mspfa.com?s=66157&p=27 Front page (Page 1): mspfa.com?s=66157&p=1","2025-12-19T21:37:36.710Z","2025-12-19 21:37:36.710000+00:00","zioggionnava.bsky.social","0","0","at://did:plc:zadhethzwlmbjbu4xxanrauy/app.bsky.feed.post/3maenlgyzfk2c"
"Bluesky","galaxy s","galaxy s","Galaxy S22 Ultra S-View Flip Cover, Black howl.link/b6bcn6v8qcw6s  📍Must Purchase from link to get discounts! #ad 📍Prices and Codes can expire at anytime","2025-12-19T22:52:19.523Z","2025-12-19 22:52:19.523000+00:00","connies4900.bsky.social","0","0","at://did:plc:7eq7t2c6754v4zkfzzs4tqvn/app.bsky.feed.post/3maerr25mhs2w"
"Bluesky","galaxy fold","galaxy fold","Galaxy Z Fold 8 tem detalhes de câmera vazados; o que esperar do novo dobrável","2025-12-19T23:27:28.526Z","2025-12-19 23:27:28.526000+00:00","canaltech.bsky.social","0","0","at://did:plc:6s2ml6woj3o6e6lzg2c3yyow/app.bsky.feed.post/3maetpvou4422"
"Bluesky","galaxy fold","galaxy fold","Feed: ""Droid Life | Opinionated Android news."" By: Kellen on Thursday, December 18, 2025","2025-12-20T00:21:07.166456+00:00","2025-12-20 00:21:07.166456+00:00","longtail-news.bsky.social","0","0","at://did:plc:o6ggjvnj4ze3mnrpnv5oravg/app.bsky.feed.post/3maewpvfall24"
"Bluesky","galaxy fold","galaxy fold","The highest rated tech of 2025 The best phone of 2025: The iPhone 17 Pro, Pixel 10 Pro? Perhaps the Galaxy Z Fold 7? All three rank as some of the best tech we reviewed in 2025. Engadget We have compiled all the best gear with our highest review scores in each category, after thousands of hours of…","2025-12-20T00:38:58Z","2025-12-20 00:38:58+00:00","toolcome.bsky.social","0","0","at://did:plc:sdmas34o5b3cnzyrvzvqafrf/app.bsky.feed.post/3maexpscby52j"
"Bluesky","galaxy s","galaxy s","The Guardians of the Galaxy Holiday Special doesn’t get nearly enough love. Especially the song “I don’t know what Christmas is” by the Old 97’s. Seriously, go listen now. A modern classic!","2025-12-20T01:22:02.632Z","2025-12-20 01:22:02.632000+00:00","rmogull.com","0","0","at://did:plc:gq2jqehtpp5azf25mvv2dgac/app.bsky.feed.post/3maf24r4cus27"
"Bluesky","galaxy s","galaxy s","Rocket has a better laugh than your fake governor!","2025-12-20T01:35:16.069Z","2025-12-20 01:35:16.069000+00:00","mlporter.bsky.social","1","1","at://did:plc:vrps533rrs2nbq636qbwn2vd/app.bsky.feed.post/3maf2ufs4oc2v"
"Bluesky","galaxy fold","galaxy fold","Galaxy Z Fold8 200mp Main 50mp Ultrawide 12mp 3x Telephoto  All three sensors shared with the Galaxy S26 Ultra. The most powerful camera system ever on a Z Fold","2025-12-20T04:44:41.228Z","2025-12-20 04:44:41.228000+00:00","thegalox.bsky.social","4","0","at://did:plc:hy4qwcimtts4ipdgn2rwqezs/app.bsky.feed.post/3maffh4hfnc2r"
"Bluesky","galaxy fold","galaxy fold","Samsung Galaxy Z Fold 8 tipped to get major camera upgrades #Technology #ConsumerTechnology #Smartphones #SamsungGalaxyZFold8 #CameraUpgrades #TechNews","2025-12-20T06:00:04.822Z","2025-12-20 06:00:04.822000+00:00","puretech.news","0","0","at://did:plc:rghsmk5gzlb7s2tv5olsc2jk/app.bsky.feed.post/3mafjnxm2rc27"
"Bluesky","galaxy s","galaxy s","Feed: ""Out of Play"" Published on Friday, December 19, 2025","2025-12-20T08:16:04.355987+00:00","2025-12-20 08:16:04.355987+00:00","longtail-news.bsky.social","0","0","at://did:plc:o6ggjvnj4ze3mnrpnv5oravg/app.bsky.feed.post/3mafrb7e2g42w"
"Bluesky","galaxy fold","galaxy fold","Get ready, Galaxy S25 users! One UI 8.5 Beta 2 may be released next week, extending the Beta program to India and Poland! #Samsung #Galaxy #OneUI8 #TeamGalaxy #GalaxyAI #TeamSamsung #TechNews #TechUpdates #GalaxyS25","2025-12-20T08:25:51Z","2025-12-20 08:25:51+00:00","aptivi.bsky.social","1","0","at://did:plc:6txdndyx4f42htjp3zbswx3x/app.bsky.feed.post/3mafrsn2bmu25"
"Bluesky","galaxy s","galaxy s","One UI 8.5 internal testing is being conducted for these Galaxy S-Series devices","2025-12-20T09:49:36.236Z","2025-12-20 09:49:36.236000+00:00","samlover.bsky.social","0","0","at://did:plc:2jkuea7khdsaabdf5awz2anx/app.bsky.feed.post/3mafwidwmic2c"
"Bluesky","galaxy s","galaxy s","Our review of Star Wars Legion by @atomicmassgames.bsky.social is now live! spruesandbrews.com/2025/12/20/s... #starwarslegion #starwars","2025-12-20T14:49:59.427Z","2025-12-20 14:49:59.427000+00:00","spruesandbrews.bsky.social","3","0","at://did:plc:ydhk7r5pge2t4lcs2345ujh7/app.bsky.feed.post/3maghbi6qx22a"
"Bluesky","galaxy fold","galaxy fold","Samsung's next Galaxy Z Fold might finally get the cameras it deserves Samsung's upcoming Galaxy Z Fold 8 rumor points to major camera upgrades, finally bringing its foldable photo quality ... #Samsung #Galaxy #Phones Origin | Interest | Match","2025-12-20T15:04:07.000Z","2025-12-20 15:04:07+00:00","android.activitypub.awakari.com.ap.brid.gy","0","0","at://did:plc:etkadjdby46s2skc4shoxp6q/app.bsky.feed.post/3magium2a4xp2"
"Bluesky","galaxy note","galaxy note","Christmas game stream tonight and I uh... I might have a bit of a theme going here? I mean beyond the obvious Christmas thing. Also you're gonna see me poke at something i don't normally poke at on stream so there's that. On a side note: ever want to see the galaxy explode?","2025-12-20T15:12:49.708Z","2025-12-20 15:12:49.708000+00:00","kharne83.bsky.social","0","0","at://did:plc:6gj3z2p2kdxlq7defk3d26iv/app.bsky.feed.post/3magikcydzs2k"
"Bluesky","galaxy fold","galaxy fold","Android Central より Samsung's next Galaxy Z Fold might finally get the cameras it deserves サムスンの次のギャラクシーZフォールドは、ついにそれが得るカメラを得るかもしれません","2025-12-20T15:34:57.204923+00:00","2025-12-20 15:34:57.204923+00:00","gigowat.bsky.social","0","0","at://did:plc:dwecjm5n7fyljcjk3vi7x5oa/app.bsky.feed.post/3magjrvgzqv2b"
"Bluesky","galaxy fold","galaxy fold","Galaxy Z Fold 8の噂：超広角カメラが12MPから50MPへ大幅進化。折りたたみスマホの弱点だった撮影性能が、遂にフラグシップ並みに？詳細は記事で。 https://biggo.jp/news/202512201621_Galaxy-Z-Fold-8-Camera-Upgrades-Leaked #GalaxyZFold8 #折りたたみスマホ","2025-12-20T16:46:37+00:00","2025-12-20 16:46:37+00:00","techtrendsjp.bsky.social","0","0","at://did:plc:65rfrzfssqwps6p5pl74vggw/app.bsky.feed.post/3magns2uidz2a"
"Bluesky","galaxy fold","galaxy fold","三星摺疊機相機終於追上旗艦？Galaxy Z Fold 8傳超廣角升級至5000萬畫素，望遠鏡頭也強化！ https://biggo.com.tw/news/202512201621_Galaxy-Z-Fold-8-Camera-Upgrades-Leaked #GalaxyZFold8 #三星摺疊手機","2025-12-20T16:46:41+00:00","2025-12-20 16:46:41+00:00","biggo-news.bsky.social","0","0","at://did:plc:36mz5lutk7mmac4vdnijpd3x/app.bsky.feed.post/3magns6nsya2u"
"Bluesky","galaxy fold","galaxy fold","Galaxy Z Fold 8: i primi rumor puntano tutto sulle fotocamere Il Galaxy Z Fold 8 torna al centro dei rumor con nuove indiscrezioni che parlano soprattutto di un deciso salto di qualità sulle fotocamere, uno dei limiti storici dei pieghevoli Samsung rispetto ai top di gamma tradizionali. Anche se…","2025-12-20T18:05:46Z","2025-12-20 18:05:46+00:00","infotelematico.bsky.social","0","0","at://did:plc:bqprt2hrnmvbz3zt56hc45cs/app.bsky.feed.post/3mags7lmrdj2r"
"Bluesky","galaxy s","galaxy s","Samsung Galaxy Tab S10 Lite, 6GB RAM, 128GB, 2TB Expand, Long Battery Life, 10.9” LCD, S Pen for Note-Taking, Exynos 1380, Circle to Search, AI Tools, Gray","2025-12-20T18:15:16.178Z","2025-12-20 18:15:16.178000+00:00","gizopedia.bsky.social","0","0","at://did:plc:fcx5ybmclfiv7ibrrulohbkg/app.bsky.feed.post/3magsqkmgj22u"
"Bluesky","galaxy fold","galaxy fold","Media: Samsung will install the world's first 2nm Exynos 2600 processor in the new foldable Galaxy Z Flip 8 smartphone #gadgets #leaks #smartphones","2025-12-20T13:16:45.770-05:00","2025-12-20 18:16:45.770000+00:00","gagadget.bsky.social","0","0","at://did:plc:2nohcn5p5726nii35be4e7z5/app.bsky.feed.post/3magsta4d2b2p"
"Bluesky","galaxy fold","galaxy fold","Складаний смартфон Galaxy Z Flip 8 може отримати процесор Exynos 2600 #gadgets","2025-12-20T13:31:43.755-05:00","2025-12-20 18:31:43.755000+00:00","gagadgetuk.bsky.social","0","0","at://did:plc:32d3mrf6gogi5rmig5bpnrku/app.bsky.feed.post/3magtnymxca2q"
"Bluesky","galaxy fold","galaxy fold","Vazamento do Galaxy Z Fold 8: nova câmera impressionante? O que chegou de novo? O Galaxy Z Fold 8 da Samsung, esperado para julho de 2026, promete melhorias significativas nas suas câmaras secundárias. Um novo relatório indica que, além de manter a câmara principal de 200 MP do Fold 7, o modelo…","2025-12-20T18:48:03Z","2025-12-20 18:48:03+00:00","hotnewspt.bsky.social","0","0","at://did:plc:hqb2daec6iyjtir72zebth5e/app.bsky.feed.post/3magul7q4du2a"
"Bluesky","galaxy note","galaxy note","SamsungのGalaxy Note 3から、面白いルールがあるみたいなんだって！ 韓国のサムスン電子は、スマホやタブレットに「販売地域以外のSIMカードでは使えないよ」って注意書きを入れているんだって。これは、並行輸入による転売を防ぐためなんだそう。でも、最初のSIMカードだけを地域のものに設定すれば、その後は他の地域のSIMカードも使えるみたいだよ！ ちょっと複雑だけど、面白いね！ 😲en.wikipedia.org #トリビア","2025-12-20T20:03:45.231692+00:00","2025-12-20 20:03:45.231692+00:00","isekai-tensei.bsky.social","0","0","at://did:plc:ydrinwftcmckmwwfss2ll6d3/app.bsky.feed.post/3magysmo52x25"
"Bluesky","galaxy note","galaxy note","I saw a skeet about Sam & Max being on sale on Steam, so I went to check to see if GOG had them on sale.  Note: Gog just did a survey asking about adding or improving features, and one of the options was about search, and I said I'd rather have improved search options over new features, but","2025-12-20T20:34:03.523Z","2025-12-20 20:34:03.523000+00:00","datashade.bsky.social","0","0","at://did:plc:ajhtjtl5uvczxvncc4446ebg/app.bsky.feed.post/3mah2ipwnus2u"
"Bluesky","galaxy fold","galaxy fold","三星摺疊機相機大升級！Z Fold 8傳搭載5000萬畫素超廣角，2026年挑戰Ultra級拍照。 https://biggo.com.tw/news/202512202021_Galaxy_Z_Fold_8_Camera_Specs_Leaked #GalaxyZFold8 #三星摺疊機","2025-12-20T20:44:32+00:00","2025-12-20 20:44:32+00:00","biggo-news.bsky.social","0","0","at://did:plc:36mz5lutk7mmac4vdnijpd3x/app.bsky.feed.post/3mah33ieodv2z"
"Bluesky","galaxy fold","galaxy fold","Samsung's Galaxy Z Fold 8 leak reveals a major 50MP ultrawide camera upgrade & a 12MP telephoto, directly targeting the biggest camera weakness in foldables. Full specs & analysis in the article. https://biggo.com/news/202512202021_Galaxy_Z_Fold_8_Camera_Specs_Leaked #GalaxyZFold8 #SamsungLeaks","2025-12-20T20:44:37+00:00","2025-12-20 20:44:37+00:00","techinsights.bsky.social","0","0","at://did:plc:qdcty3ducbgvqpsh3f5lhbid/app.bsky.feed.post/3mah33mpzon22"
"Bluesky","galaxy s","galaxy s","Galaxy Z Fold 8のカメラが大幅進化か。超広角が50MPに、望遠も12MPへアップグレードのリーク情報。折りたたみ機の弱点だった撮影性能がS Ultra並みに？詳細は記事で。 https://biggo.jp/news/202512202021_Galaxy_Z_Fold_8_Camera_Specs_Leaked #GalaxyZFold8 #Samsung","2025-12-20T20:49:57+00:00","2025-12-20 20:49:57+00:00","techtrendsjp.bsky.social","0","0","at://did:plc:65rfrzfssqwps6p5pl74vggw/app.bsky.feed.post/3mah3f6dpb62l"
"Bluesky","galaxy s","galaxy s","12/13 News (New Mega Man, new Patlabor series, new Girls Und Panzer min series, Uma Musume wins best moblie game, Super Mario Galaxy) www.animenewsnetwork.com/news/2025-12... www.animenewsnetwork.com/daily-briefs... www.animenewsnetwork.com/news/2025-12... www.animenewsnetwork.com/news/2025-12...","2025-12-20T21:12:47.678Z","2025-12-20 21:12:47.678000+00:00","thevalleyanimeclub.bsky.social","0","0","at://did:plc:64uotje4gs6pdxg3foe26jci/app.bsky.feed.post/3mah4nyg4lk23"
"Bluesky","galaxy s","galaxy s","One UI 8.5 adds useful call privacy feature to Galaxy Z Flip 7 cover display www.sammobile.com/news/one-ui-...","2025-12-21T00:54:49.588Z","2025-12-21 00:54:49.588000+00:00","sammobile.com","1","0","at://did:plc:rvxv4ym53kmhtdulkxkhadkk/app.bsky.feed.post/3mahj2z6kd22i"
"Bluesky","galaxy s","galaxy s","Bảng giá điện thoại Samsung mới nhất tại Viettel Store Bảng giá các loại điện thoại Samsung luôn được người dùng quan tâm nhờ vào sự phong phú về mã mẫu, phân tích đa dạng và giá cả hợp lý. Từ dòng Galaxy Z màn hình hiển thị cao cấp, đến dòng Galaxy A và M phổ thông, hay Galaxy S Flagship cao cấp,…","2025-12-21T01:17:15Z","2025-12-21 01:17:15+00:00","raisewill8488.bsky.social","0","0","at://did:plc:nbpuoxjqisx6dfs7hvr3jlrz/app.bsky.feed.post/3mahkd632ca2q"
"Bluesky","galaxy s","galaxy s","The best duo in the galaxy!","2025-12-21T03:42:50.990Z","2025-12-21 03:42:50.990000+00:00","13thjedi.bsky.social","1","0","at://did:plc:jltoos7yccbnznkjbhfdv4l6/app.bsky.feed.post/3mahshhkiic2t"
"Bluesky","galaxy fold","galaxy fold","Samsung Galaxy Fold 7 512GB SILVER SHADOW howl.link/i4xxo7tmcmv90  #ad","2025-12-21T05:42:27.091Z","2025-12-21 05:42:27.091000+00:00","connies4900.bsky.social","0","0","at://did:plc:7eq7t2c6754v4zkfzzs4tqvn/app.bsky.feed.post/3mahz5d7qls2l"
"Bluesky","galaxy fold","galaxy fold","Feed: ""Latest from Android Central"" By: Jay Bonggolto on Saturday, December 20, 2025","2025-12-21T06:45:26.897459+00:00","2025-12-21 06:45:26.897459+00:00","longtail-news.bsky.social","0","0","at://did:plc:o6ggjvnj4ze3mnrpnv5oravg/app.bsky.feed.post/3mai4o2l34q27"
"Bluesky","galaxy s","galaxy s","Galaxy Watch Sport Band, S/M, White  howl.link/ki0ccll6iif68  #ad","2025-12-21T07:04:09.440Z","2025-12-21 07:04:09.440000+00:00","connies4900.bsky.social","0","0","at://did:plc:7eq7t2c6754v4zkfzzs4tqvn/app.bsky.feed.post/3mai5pghks22l"
"Bluesky","galaxy s","galaxy s","NASA Astronomy Hourly Picture - 2024-11-13: Barred Spiral Galaxy NGC 1365 from Webb #Astronomy #NASA #Space","2025-12-21T07:20:09.020268Z","2025-12-21 07:20:09.020268+00:00","nasadailypicbot.bsky.social","2","1","at://did:plc:a4rncxtx6abz2p5j7iqqioup/app.bsky.feed.post/3mai6m3b7ok2m"
"Bluesky","galaxy s","galaxy s","Galaxy Watch Sport T-Buckle Band, S/M, Apricot howl.link/5fgca3aabfurq  #Ad","2025-12-21T07:36:20.558Z","2025-12-21 07:36:20.558000+00:00","connies4900.bsky.social","0","0","at://did:plc:7eq7t2c6754v4zkfzzs4tqvn/app.bsky.feed.post/3mai7iy4m7k2l"
"Bluesky","galaxy fold","galaxy fold","Samsung’s Foldable Masterpiece: Galaxy Z Fold 8 Ultra Leaks The Samsung Galaxy Z Fold 8 Ultra 5G is set to transform the foldable smartphone market with its advanced features, larger displays, an... #Android #News #Mobile #Phone #News #Top #News Origin | Interest | Match","2025-12-21T08:00:43.000Z","2025-12-21 08:00:43+00:00","android.activitypub.awakari.com.ap.brid.gy","0","0","at://did:plc:etkadjdby46s2skc4shoxp6q/app.bsky.feed.post/3maiawudaetg2"
"Bluesky","galaxy s","galaxy s","Galaxy A52 5G S View Wallet Cover, White  howl.link/nfq3cd70x7dt8  #ad","2025-12-21T08:23:05.164Z","2025-12-21 08:23:05.164000+00:00","connies4900.bsky.social","0","0","at://did:plc:7eq7t2c6754v4zkfzzs4tqvn/app.bsky.feed.post/3maic4ksgac2l"
"Bluesky","galaxy s","galaxy s","Samsung Galaxy Z Fold 8, yeni kamera dizilimiyle geliyor! Katlanabilir telefonlarda mobil fotoğrafçılık deneyimi bambaşka bir seviyeye taşınıyor. Galaxy S Ultra serisine rakip olacak bu yenilikler hakkında ne düşünüyorsunuz?\n\n🚩 #GalaxyZFold8 #Samsung #KatlanabilirTelefon","2025-12-21T11:32:27.938+03:00","2025-12-21 08:32:27.938000+00:00","nsonmez84.bsky.social","0","0","at://did:plc:y6j54sz5avudyagctiigpp2z/app.bsky.feed.post/3maicndvvmg2p"
"Bluesky","galaxy s","galaxy s","Galaxy Tab S6 Lite S Pen, Angora Blue  howl.link/sswdwi8290gcy  #ad","2025-12-21T08:56:48.297Z","2025-12-21 08:56:48.297000+00:00","connies4900.bsky.social","0","0","at://did:plc:7eq7t2c6754v4zkfzzs4tqvn/app.bsky.feed.post/3maidyu7j3c2l"
"Bluesky","galaxy fold","galaxy fold","Samsung’dan Yeni Katlanabilir Telefon Geliyor! 200 MP Kamerası Var Samsung, yeni bir katlanabilir telefon üzerinde çalışıyor. Galaxy Z Fold 8 olarak isimlendirilen yeni katlanabilir telefonun kamera özellikleri ortaya çıktı. Galaxy Z Fold 8, 200 megapiksel çözünürlüğünde ana kameraya sahip olacak.…","2025-12-21T09:18:00Z","2025-12-21 09:18:00+00:00","ercanceviz.bsky.social","0","0","at://did:plc:v7nvkhezqq33xrcgasafhbw4/app.bsky.feed.post/3maif6smyap2u"
"Bluesky","galaxy fold","galaxy fold","O primeiro dobrável da Apple deve seguir o formato livro, semelhante ao do Galaxy Z Fold 7, com duas telas: uma externa de 5,5 polegadas e uma tela interna de 7,8 polegadas.","2025-12-21T10:16:25+00:00","2025-12-21 10:16:25+00:00","tecnogamesbrasil.bsky.social","0","0","at://did:plc:aeioezxfx6dbxvaoq442l5o4/app.bsky.feed.post/3maiija2ymt27"
"Bluesky","galaxy fold","galaxy fold","El próximo gran libro en forma de teléfono se espera que sea mucho mejor que el Galaxy Z Fold 7... íaCelular #Tecnolog https://fefd.link/LBbS1","2025-12-21T10:30:00.601Z","2025-12-21 10:30:00.601000+00:00","fetchfeeds.bsky.social","0","0","at://did:plc:pk5nq3gedpdb6xedfeobsm52/app.bsky.feed.post/3maij7jxdlj2q"
"Bluesky","galaxy s","galaxy s","Samsung Galaxy Tab S11 128 GB WiFi Android Tablet, Large Display, Durable, Slim, Light, High Performance, Long Battery Life, S Pen for Note-Taking, AI Assist, US Version, Silver","2025-12-21T11:46:22.360Z","2025-12-21 11:46:22.360000+00:00","gizopedia.bsky.social","0","0","at://did:plc:fcx5ybmclfiv7ibrrulohbkg/app.bsky.feed.post/3maini36zyh2v"
"Bluesky","galaxy s","galaxy s","H//S is the story of the mining vessel/mobile community Solos-Ahd. The down on their luck disenfranchised miners stumble across something that upends the known history of the galaxy, and forces conspire to stop these revelations.","2025-12-21T15:16:45.564Z","2025-12-21 15:16:45.564000+00:00","norsehound.bsky.social","7","0","at://did:plc:pl6pzo6enczgx65nhcd5qmtp/app.bsky.feed.post/3maizacnfz22a"
"Bluesky","galaxy s","galaxy s","""Jake Paul""","2025-12-21T16:46:04.198Z","2025-12-21 16:46:04.198000+00:00","lonelysandperson.bsky.social","0","0","at://did:plc:5gviou6yxa652or5mxgspsf2/app.bsky.feed.post/3maj67xrf6c2p"
"Bluesky","galaxy fold","galaxy fold","Samsung's wider Galaxy Z Fold could compete with Appe's first foldable iPhone next year. Read more about it in our article linked below. ⏬ #GalaxyZFold8","2025-12-21T17:34:08.356Z","2025-12-21 17:34:08.356000+00:00","sammobile.com","1","0","at://did:plc:rvxv4ym53kmhtdulkxkhadkk/app.bsky.feed.post/3majavwcvps2d"
"Bluesky","galaxy fold","galaxy fold","Galaxy Z Fold 7 and Pixel Watch 4 were my favorite products of 2025 – what about you?","2025-12-21T17:45:35Z","2025-12-21 17:45:35+00:00","9to5google.com","3","0","at://did:plc:4z4m44eu62tzlmkqxfkkhagt/app.bsky.feed.post/3majbkfj5ml25"
"Bluesky","galaxy s","galaxy s","there's a clock item that's technically been around since the pc-88 port of smb1, but it only really saw regular use with its reappearance in galaxy 2's speedy comets. it's shown up in the 3d games, too it's kinda a niche item, since it's only useful if a level has a strict time limit","2025-12-21T18:21:00.598Z","2025-12-21 18:21:00.598000+00:00","hiiamatan.bsky.social","4","0","at://did:plc:6matedt4v7itdkuo2xpjyht6/app.bsky.feed.post/3majdjqbpsc2e"
"Bluesky","galaxy fold","galaxy fold","Foldables are the 🐐  So are water filled pink Stanleys. Yup. Pink. AND no one can whoop my ass over it.","2025-12-21T19:10:20.800Z","2025-12-21 19:10:20.800000+00:00","lif3asmaj.blacksky.app","5","0","at://did:plc:rj7sphb3g7r2bbdclow4hdut/app.bsky.feed.post/3majgbxe3wc24"
"Bluesky","galaxy fold","galaxy fold","Samsung Prepares a Wider Galaxy Z Fold to Challenge Apple’s First Foldable iPhone in 2026 A New Phase in the Foldable Smartphone Race With foldable smartphones slowly moving from niche experiments to mainstream flagships, Samsung appears ready to reshape its own winning formula. Fresh reports…","2025-12-21T19:30:14Z","2025-12-21 19:30:14+00:00","undercodenews.bsky.social","0","0","at://did:plc:p464uedvuxtzckhrm4pfwxa5/app.bsky.feed.post/3majhfkxxjm2c"
"Bluesky","galaxy fold","galaxy fold","Samsung Galaxy Z TriFold Launches in the UAE at a Premium Price as Global Availability Slowly Expands A New Chapter in Foldable Phones Begins Samsung’s foldable journey has reached a new milestone, and it is not a subtle one. With just days left before Christmas, the company has quietly pushed the…","2025-12-21T19:30:16Z","2025-12-21 19:30:16+00:00","undercodenews.bsky.social","0","0","at://did:plc:p464uedvuxtzckhrm4pfwxa5/app.bsky.feed.post/3majhfmv32327"
"Bluesky","galaxy fold","galaxy fold","9to5Google より Galaxy Z Fold 7 and Pixel Watch 4 were my favorite products of 2025 – what about you? Galaxy Z Fold 7 と Pixel Watch 4 は 2025 年の私のお気に入りの製品でした。","2025-12-21T19:41:41.850316+00:00","2025-12-21 19:41:41.850316+00:00","gigowat.bsky.social","0","0","at://did:plc:dwecjm5n7fyljcjk3vi7x5oa/app.bsky.feed.post/3majhzzowoq23"
"Bluesky","galaxy note","galaxy note","A weeks-old note, so not a spoiler: in #Pluribus, the hive mind has no knowledge of (relative) good & evil, just the biological imperative of be fruitful & multiply throughout the galaxy. If the story is tracking its biblical predecessor, then Carol (or another?) has a clear place in the narrative.","2025-12-21T20:28:15.658Z","2025-12-21 20:28:15.658000+00:00","tomdoyle.bsky.social","3","0","at://did:plc:ozf5s6rt7ctkgnqdevaf45yz/app.bsky.feed.post/3majknbnb3c2r"
"Bluesky","galaxy s","galaxy s","Surprise and merry christmas to all! I gift you with a new chapter on this day of the winter solstice! Enjoy! www.fanfiction.net/s/13967201/4... archiveofourown.org/works/346820... #myheroacademia #starwars #fanfic #crossover","2025-12-21T20:52:30.984Z","2025-12-21 20:52:30.984000+00:00","autoknight01.bsky.social","1","0","at://did:plc:vp3e6g2owsb63eaokfeej72z/app.bsky.feed.post/3majlynkbus2y"
"Bluesky","galaxy s","galaxy s","If you see this post your favorite #StarWars character","2025-12-21T21:29:36.713Z","2025-12-21 21:29:36.713000+00:00","derrickwrites.bsky.social","0","0","at://did:plc:ot5kxqs45iitipdkjvvyx6dk/app.bsky.feed.post/3majo2y66dc2l"
"Bluesky","galaxy fold","galaxy fold","Ever since Westworld had trifold tablets I've wanted a trifold phone. I won't be getting it, I don't have a use for one anymore. Also I particularly dislike Samsung's obsession with making Android messy and confusing.  youtu.be/trsHTKqmZOk","2025-12-21T21:29:43.293Z","2025-12-21 21:29:43.293000+00:00","hsandstrom.bsky.social","1","0","at://did:plc:tsd6p2j5jcvctrnss7gtgrfq/app.bsky.feed.post/3majo36gz3k2p"
"Bluesky","galaxy s","galaxy s","Is Bitcoin's 2026 future too uncertain for you? Galaxy Digital's head of research shares insights on its unpredictability. #BitcoinPredictions https://www.coindesk.com/markets/2025/12/21/galaxy-digital-s-head-of-research-explains-why-bitcoin-s-outlook-is-so-uncertain-in-2026","2025-12-21T22:30:51.945574Z","2025-12-21 22:30:51.945574+00:00","bitcoinlatest.bsky.social","0","0","at://did:plc:tm7ee4ozhhxwne575nkp4tsm/app.bsky.feed.post/3majrijahz62j"
"Bluesky","galaxy s","galaxy s","Proof is found in the only movie soundtracks accompanied by music that move the needle, and all of them feature mostly 70's music and some 80's. Can't think of one in the past 15 years that got any traction except for the Guardians of the Galaxy Awesome Mix Vol. 1 & 2 soundtracks.","2025-12-22T03:31:22.827Z","2025-12-22 03:31:22.827000+00:00","therasmussen.bsky.social","0","0","at://did:plc:nxac4ifdy42xkz4xj7mdg6va/app.bsky.feed.post/3makcbuq6ck2f"
"Bluesky","galaxy s","galaxy s","Gonna be doing Brush Week 2025 with Bowyer and Petunia! #brushweek2025 Starting with Day 1's brush, the Cosmic Brush! Went with a galaxy theme for Petunia, and a comet theme for Bowyer! #smithyarts","2025-12-22T03:45:38.935Z","2025-12-22 03:45:38.935000+00:00","weaponfactories.bsky.social","14","6","at://did:plc:7mkhwzxpu245735kphiqopgb/app.bsky.feed.post/3makd3f75rs2g"
"Bluesky","galaxy fold","galaxy fold","SamsungがAppleの折り畳みiPhoneに先制攻撃⁉️ 2026年発売予定の「Galaxy Z Wide Fold」は、噂のApple機とほぼ同じ7.6インチ4:3画面を搭載。折り畳み市場の主導権争いが激化します。詳細は記事へ！ https://biggo.jp/news/202512220422_Samsung_Galaxy_Z_Wide_Fold_Leak_Details_Apple_Rival #GalaxyZWideFold #折りたたみスマホ","2025-12-22T04:49:56+00:00","2025-12-22 04:49:56+00:00","techtrendsjp.bsky.social","0","0","at://did:plc:65rfrzfssqwps6p5pl74vggw/app.bsky.feed.post/3makgofcjtp2a"
"Bluesky","galaxy s","galaxy s","Sigourney Weaver On ‘Galaxy Quest’ Director’s Cut, Proposed Sequel While breaking down her career timeline, Sigourney Weaver reflected on 1999’s satirical sci-fi comedy Galaxy Quest and how she wishes the cult favorite had stuck to its initial R-rated guns (or, rather, space lasers). In a video…","2025-12-22T05:02:01Z","2025-12-22 05:02:01+00:00","copyinvisible.bsky.social","0","0","at://did:plc:fdpni7vjwkvtkbcynaa2y4l4/app.bsky.feed.post/3makhdysqvm2o"
"Bluesky","galaxy fold","galaxy fold","Samsung’dan Apple’a Fold yanıtı: Tasarım değişiyor! Samsung, katlanabilir telefon pazarındaki liderliğini korumak için deneysel çalışmalarına hız kesmeden devam ediyor. Henüz tanıtılan Galaxy Z TriFold modelinin yankıları sürerken, Güney Koreli teknoloji devinin Apple’ın beklenen katlanabilir…","2025-12-22T06:49:26Z","2025-12-22 06:49:26+00:00","ercanceviz.bsky.social","0","0","at://did:plc:v7nvkhezqq33xrcgasafhbw4/app.bsky.feed.post/3makne3fqc22u"
"Bluesky","galaxy fold","galaxy fold","Samsung’s wider Galaxy Z Fold looks like its response to the foldable iPhone A second Fold may debut alongside Z Fold 8 Samsung plans to take on Apple's rumored first foldable iPhone, expecte... #Samsung #Phones #Samsung Origin | Interest | Match","2025-12-22T07:36:25.000Z","2025-12-22 07:36:25+00:00","android.activitypub.awakari.com.ap.brid.gy","0","0","at://did:plc:etkadjdby46s2skc4shoxp6q/app.bsky.feed.post/3makt3ynofk72"
"Bluesky","galaxy s","galaxy s","Waiting for Galaxy S26? You’ll have to keep waiting Samsung could push the Galaxy S26's sales all the way to March. TL;DR Samsung is purportedly pushing the Galaxy S26 Unpacked event to Febru... #News #Samsung #Samsung #Galaxy #S26 Origin | Interest | Match","2025-12-22T08:52:08.000Z","2025-12-22 08:52:08+00:00","android.activitypub.awakari.com.ap.brid.gy","0","0","at://did:plc:etkadjdby46s2skc4shoxp6q/app.bsky.feed.post/3makuixhr7oj2"
"Bluesky","galaxy s","galaxy s","Waiting for Galaxy S26? You’ll have to keep waiting","2025-12-22T08:57:11.310Z","2025-12-22 08:57:11.310000+00:00","androidauthority.com","4","1","at://did:plc:u5z5pkxbqlvzxwtgggrxv3uw/app.bsky.feed.post/3makuiho73o2h"
"Bluesky","galaxy s","galaxy s","Test du Samsung Galaxy S25 FE : Écran AMOLED 120 Hz fluide, performances solides, photo polyvalente et autonomie fiable. Un smartphone bien équilibré pour profiter de l’expérience Samsung sans exploser le budget. 👉 Test complet sur Leveltech.f #Samsung #GalaxyS25FE #TestTech #Android #Smartphone","2025-12-22T09:01:00Z","2025-12-22 09:01:00+00:00","leveltech.bsky.social","0","0","at://did:plc:f36g5qvar6utj7oznnd5mwfl/app.bsky.feed.post/3makupdofgg2e"
"Bluesky","galaxy fold","galaxy fold","Galaxy Z Fold 8 kamera tarafında rotayı değiştiriyor: Tasarım tamamen değişecek!","2025-12-22T09:06:13Z","2025-12-22 09:06:13+00:00","ercanceviz.bsky.social","0","0","at://did:plc:v7nvkhezqq33xrcgasafhbw4/app.bsky.feed.post/3makuynx3j422"
"Bluesky","galaxy s","galaxy s","Looking for the best upcoming Samsung phones? This guide covers features, pros, cons, and who each phone is best for across Galaxy S, Z and A series. Read more: www.techspecs.info/blog/best-sa... #SamsungGalaxy #GalaxyPhones #AndroidTech #bestsamsungphone #upcomingmodel #Samsung","2025-12-22T09:24:34.332Z","2025-12-22 09:24:34.332000+00:00","techspecsinfo.bsky.social","0","0","at://did:plc:aby2eb4rc4tmfqjdj544cjar/app.bsky.feed.post/3makvzgjmf22p"
"Bluesky","galaxy s","galaxy s","Does the Samsung Galaxy Z TriFold have S Pen support? Samsung's most-expensive phone is the Galaxy Z TriFold, a foldable...#news https://www.androidcentral.com/phones/samsung-galaxy/does-the-samsung-galaxy-z-trifold-have-s-pen-support","2025-12-22T09:37:45.801839+00:00","2025-12-22 09:37:45.801839+00:00","earthnewstrending.bsky.social","0","0","at://did:plc:aulcpo5iekrty2zr5oivs7ao/app.bsky.feed.post/3makwqzhara2z"
"Bluesky","galaxy s","galaxy s","Samsung Galaxy S26’s tanıtımı şubat'ta gerçekleşecek fakat satış giriş noktası Mart 2026’ya kayabilir. Tüm ayrıntılar yakında bildirilecek. Gelişmeleri kaçırmayın. 🚩 #SamsungGalaxy","2025-12-22T13:31:49.041+03:00","2025-12-22 10:31:49.041000+00:00","nsonmez84.bsky.social","0","0","at://did:plc:y6j54sz5avudyagctiigpp2z/app.bsky.feed.post/3makzrothgd2f"
"Bluesky","galaxy fold","galaxy fold","If you’re eager to get your hands on a Galaxy Z Fold 7, this new Samsung deal for your old devices is worth checking out before it's gone 👇 #GalaxyZFold7 #TechDeals #MobileGaming  www.pockettactics.com/samsung/gala...","2025-12-22T12:32:54.541Z","2025-12-22 12:32:54.541000+00:00","pockettactics.com","0","1","at://did:plc:e6ugnmypmn3qpm2pwoslih2r/app.bsky.feed.post/3malakaxlxi2d"
"Bluesky","galaxy fold","galaxy fold","Samsung Galaxy Z Fold 8 poderá adotar novo formato ""Wide"" para enfrentar o iPhone dobrável #formato #galaxy #iphone #samsung #wide","2025-12-22T14:06:38Z","2025-12-22 14:06:38+00:00","tugate.ch","0","0","at://did:plc:a3bytqa2zaerm5c5tg3ja4tc/app.bsky.feed.post/3malfrum27u2k"
"Bluesky","galaxy s","galaxy s","Also working in telecom sales in the later 00s, with the launch of the Samsung Galaxy S every phone came with Avatar preloaded, and we were required to have every display phone looping Avatar 24/7. Every day, multiple times a day, for months. I've watched enough of that movie.","2025-12-22T14:12:19.180Z","2025-12-22 14:12:19.180000+00:00","therasalghul.bsky.social","3","0","at://did:plc:32agqahdc5ydad5t67bljjvm/app.bsky.feed.post/3malg3xkxj22y"
"Bluesky","galaxy fold","galaxy fold","www.engadget.com/mobile/smart...","2025-12-22T14:30:04.182Z","2025-12-22 14:30:04.182000+00:00","davidmogeladze.bsky.social","0","0","at://did:plc:yvy5vzclh7fyf6saluxdxxno/app.bsky.feed.post/3malh3paajk2n"
"Bluesky","galaxy fold","galaxy fold","iPhone Fold and future Galaxy foldable may end up copying the original Pixel Fold","2025-12-22T14:40:16Z","2025-12-22 14:40:16+00:00","9to5google.com","5","0","at://did:plc:4z4m44eu62tzlmkqxfkkhagt/app.bsky.feed.post/3malhnwy5ys2f"
"Bluesky","galaxy fold","galaxy fold","Foldable phone makers have solved every issue except one It might be hard to believe, but foldable phones have already been around for the better part of a decade. Granted, the first one I saw back in 2019 — which actually predates Samsung's Galaxy Fold — was a cobbled-together mess. But since…","2025-12-22T14:43:23Z","2025-12-22 14:43:23+00:00","toolcome.bsky.social","0","0","at://did:plc:sdmas34o5b3cnzyrvzvqafrf/app.bsky.feed.post/3malhtl5skw2a"
"Bluesky","galaxy s","galaxy s","I fear you haven’t seen enough in d***s in your life if you find your pics to be anywhere in the vicinity of the galaxy of normal","2025-12-22T14:57:17.546Z","2025-12-22 14:57:17.546000+00:00","ohnonotgenagen.bsky.social","1","0","at://did:plc:6hmfwalke34ex2pcroxptn34/app.bsky.feed.post/3malimewjlc22"
"Bluesky","galaxy z","galaxy z","📱 El Galaxy Z Flip 8 ya genera expectativa: diseño plegable, potencia y novedades que prometen sorprender. #Samsung #GalaxyZFlip8 #Tecnología","2025-12-22T15:05:12Z","2025-12-22 15:05:12+00:00","enterco.bsky.social","0","0","at://did:plc:nhk57j4jjzjbothrcrgtwnku/app.bsky.feed.post/3malj2k2mgl23"
"Bluesky","galaxy s","galaxy s","Reflecting on 2025's tech marvels: Samsung's Galaxy Z Fold 7 and Google's Pixel Watch 4 redefine innovation. Which gadgets topped your list this year? #Tech2025 #GalaxyZFold7 #PixelWatch4 Link: thedailytechfeed.com/galaxy-z-fol...","2025-12-22T15:08:01.972Z","2025-12-22 15:08:01.972000+00:00","thedailytechfeed.com","0","0","at://did:plc:mht5ub4ykjuoxpux77hikixt/app.bsky.feed.post/3malj7lnve32j"
"Bluesky","galaxy fold","galaxy fold","Samsung Galaxy Z Flip 4 அறிமுகத்திற்கு முன்னதாக FCC இணையதளத்தில் காணப்பட்டது – iGyaan நெட்வொர்க் சாம்சங் Galaxy Z Flip 4 இன் உலகளாவிய வெளியீட்டிற்கு தயாராகி வருகிறது. இது Z Fold 4 மற்றும் Galaxy Watch 5 தொடர்களுடன் இணைந்து வெளியிடப்படும். மூன்று சாதனங்களும் ஆகஸ்ட் அன்பேக் செய்யப்பட்ட நிகழ்வில்…","2025-12-22T15:29:25Z","2025-12-22 15:29:25+00:00","tamilthinkdaily.bsky.social","0","0","at://did:plc:xj7gfqpog4bhwn4swyyn4z7e/app.bsky.feed.post/3malkfvajol2a"
"Bluesky","galaxy note","galaxy note","Super Mario Galaxy 2: Ver. 1.3.0  Several issues have been addressed to improve the gameplay on both Switch 2 & Nintendo Switch. Note: The software must be updated to Ver. 1.2.0 or later to play on Nintendo Switch 2.","2025-12-22T15:37:11.891Z","2025-12-22 15:37:11.891000+00:00","magg60.bsky.social","0","0","at://did:plc:mx37dqvgg5rctv3p73sn63ur/app.bsky.feed.post/3malktqewj22g"
"Bluesky","galaxy fold","galaxy fold","iPhone Fold and future Galaxy foldable may end up copying the original Pixel Fold","2025-12-22T15:39:16Z","2025-12-22 15:39:16+00:00","9to5mac.com","8","0","at://did:plc:bgakgsp7rz6ioyaqbvd7p7ew/app.bsky.feed.post/3malkxhh4yb2b"
"Bluesky","galaxy fold","galaxy fold","Five 2025 gadgets—including Galaxy Z Fold 7 and Huawei FreeClips 2—deliver refined design, improved battery life, comfort, and dependable overall usability.","2025-12-22T15:46:41.132Z","2025-12-22 15:46:41.132000+00:00","digitallifebriefly.bsky.social","0","0","at://did:plc:v3ibuyjiqc64nckrgcybis2l/app.bsky.feed.post/3mall5v6mjd2k"
"Bluesky","galaxy z","galaxy z","[TECH] Spesifikasi dan Harga Samsung Galaxy Z TriFold, Layar Lebih Luas!","2025-12-22T15:47:34Z","2025-12-22 15:47:34+00:00","fortuneidn.bsky.social","0","0","at://did:plc:iwentsped2erdpszlvmejgn6/app.bsky.feed.post/3mallgcgwle2a"
"Bluesky","galaxy fold","galaxy fold","9to5Google より iPhone Fold and future Galaxy foldable may end up copying the original Pixel Fold iPhone Foldと将来のギャラクシー折り畳み可能は、元のピクセル折り畳みをコピーする可能性があります","2025-12-22T15:56:02.830245+00:00","2025-12-22 15:56:02.830245+00:00","gigowat.bsky.social","0","0","at://did:plc:dwecjm5n7fyljcjk3vi7x5oa/app.bsky.feed.post/3mallvheio62v"
"Bluesky","galaxy fold","galaxy fold","Samsung Wide Fold Leak Reveals Tablet-Like 7.6-Inch Display to Rival Apple’s foldable iPhone Samsung is continuing to push its boundaries in innovation and foldable smartphone design. The company is in lime limelight recently for its rumored new 'Wide Fold' device, reportedly aimed at competing…","2025-12-22T16:05:56Z","2025-12-22 16:05:56+00:00","blackfoxnews.bsky.social","0","0","at://did:plc:hdfytxixmjbkvub2y7wrggjo/app.bsky.feed.post/3malmh6vnka2f"
"Bluesky","galaxy fold","galaxy fold","9to5Mac より iPhone Fold and future Galaxy foldable may end up copying the original Pixel Fold iPhone Foldと将来のギャラクシー折り畳み可能は、元のピクセル折り畳みをコピーする可能性があります","2025-12-22T16:11:48.495312+00:00","2025-12-22 16:11:48.495312+00:00","gigowat.bsky.social","0","0","at://did:plc:dwecjm5n7fyljcjk3vi7x5oa/app.bsky.feed.post/3malmrn7au72b"
"Bluesky","galaxy z","galaxy z","This Samsung Phone FOLDS TWICE 🤯 - Galaxy Z Trifold! by mobiscrub https://www.youtube.com/shorts/9fpaEzeov2E #YouTube","2025-12-22T16:24:08.000Z","2025-12-22 16:24:08+00:00","frankiemwon.techhub.social.ap.brid.gy","1","1","at://did:plc:2yn7u3xd4ogkewmcvodhbxls/app.bsky.feed.post/3malnhutu5an2"
"Bluesky","galaxy note","galaxy note","I bought a new game, its called Galaxy burger, its about making burgers, its good though I do now find myself wanting a burger...hmm, note to self, dont play when hungry 😅","2025-12-22T16:50:16.809Z","2025-12-22 16:50:16.809000+00:00","emmzyz.bsky.social","5","0","at://did:plc:q7mou67x7jdzvc7snezm4vl4/app.bsky.feed.post/3malowg57m22b"
"Bluesky","galaxy note","galaxy note","Its very important to note that Jacoby is guided through the dangerous, arcane and byzantine world of the fae courts by Felicity. Felicity is exhausted and in wayyyy over her head when the Knight She was saddled suddenly became the most important gal in the galaxy","2025-12-22T16:51:16.857Z","2025-12-22 16:51:16.857000+00:00","clownwhisper.bsky.social","7","2","at://did:plc:lbzxi2te3gwbuwltv2fyrdzk/app.bsky.feed.post/3maloy7gkls25"
"Bluesky","galaxy z","galaxy z","So clearly I need to find a new source for a phone case.  I have the Galaxy Z Flip6.  Suggestions?","2025-12-22T17:12:59.812Z","2025-12-22 17:12:59.812000+00:00","masinger.bsky.social","0","0","at://did:plc:oawuhcgk5jr5ftii3t7rpvee/app.bsky.feed.post/3malq6zyzz22e"
"Bluesky","galaxy s","galaxy s","Selections from 2025: Researchers used an airborne telescope to find out more about the origins of massive stars in our galaxy. aasnova.org/2025/12/22/s... 🔭🧪","2025-12-22T17:20:47.699Z","2025-12-22 17:20:47.699000+00:00","aasnova.org","9","0","at://did:plc:kpjzn7hnzphv4ddw4autkfzl/app.bsky.feed.post/3malqmy7k4k2q"
"Bluesky","galaxy z","galaxy z","Samsung’s Galaxy Z TriFold Shows Promise and is Undeniably Cool We went hands-on with Samsung's new Galaxy Z Trifold to answer the question of whether a triple-foldable smartphone is worth getting hyped for.","2025-12-22T17:24:13Z","2025-12-22 17:24:13+00:00","iphoneincanada.ca","0","0","at://did:plc:lfa65vcyknlf6glsahhiculh/app.bsky.feed.post/3malqt5ffvn2y"
"Bluesky","galaxy fold","galaxy fold","@techaltar.bsky.social Hey Marton. I have a question you could be answer on The Friday Checkout. Do you think folding tablets will ever be a thing or are they never gonna happen because of folding phones like the Samsung Galaxy Z Fold 7 and the Trifold?","2025-12-22T17:25:53.274Z","2025-12-22 17:25:53.274000+00:00","thorthegiant.bsky.social","1","0","at://did:plc:2itep3uyvybf7owfh47xzz6o/app.bsky.feed.post/3malqw3n6222l"
"Bluesky","galaxy s","galaxy s","Oh joy, another transfer window approaches! 🙄 #lufc","2025-12-22T17:33:12.019Z","2025-12-22 17:33:12.019000+00:00","richholm.bsky.social","2","0","at://did:plc:igxar52sa5s7eopxa5gceyw7/app.bsky.feed.post/3malrd62f4k2k"
"Bluesky","galaxy z","galaxy z","Galaxy Z Trifold: celular que dobra em 3 faz sucesso e está totalmente esgotado","2025-12-22T17:59:48.841Z","2025-12-22 17:59:48.841000+00:00","canaltech.bsky.social","0","0","at://did:plc:6s2ml6woj3o6e6lzg2c3yyow/app.bsky.feed.post/3malssr54h32u"
"Bluesky","galaxy z","galaxy z","Feed: ""Phandroid"" By: Tyler Lee on Monday, December 22, 2025","2025-12-22T19:16:44.478918+00:00","2025-12-22 19:16:44.478918+00:00","longtail-news.bsky.social","0","0","at://did:plc:o6ggjvnj4ze3mnrpnv5oravg/app.bsky.feed.post/3malx4eq3262b"
"Bluesky","galaxy s","galaxy s","Feed: ""Phandroid"" By: Tyler Lee on Monday, December 22, 2025","2025-12-22T19:16:53.407360+00:00","2025-12-22 19:16:53.407360+00:00","longtail-news.bsky.social","0","0","at://did:plc:o6ggjvnj4ze3mnrpnv5oravg/app.bsky.feed.post/3malx4nasym2n"
"Bluesky","galaxy s","galaxy s","I got an amazing deal on Marketplace yesterday! It's the icon. It's the legend. It's the OG Samsung Galaxy S!","2025-12-22T19:53:39.113Z","2025-12-22 19:53:39.113000+00:00","goldengaelicat.bsky.social","11","0","at://did:plc:pp26i5t3sbq4ecpwqksfi3a6/app.bsky.feed.post/3malz6cr2xk2n"
"Bluesky","galaxy z","galaxy z","9to5Google より Galaxy Z Flip 8 could remain exclusive to Samsung’s Exynos 2600, report suggests Galaxy Z Flip 8はサムスンのExynos 2600に独占的に残る可能性があり、レポートは示唆","2025-12-22T19:58:10.508749+00:00","2025-12-22 19:58:10.508749+00:00","gigowat.bsky.social","0","0","at://did:plc:dwecjm5n7fyljcjk3vi7x5oa/app.bsky.feed.post/3malzgfyuvr2b"
"Bluesky","galaxy fold","galaxy fold","Yeaaaaah I see the vision with the trifold but that 100 percent needs pen support to justify for me. I’m getting a “free” galaxy tablet from Verizon so I’m interested in seeing how I use it in my day to day and that can determine if I get the ultra or fold in the new year","2025-12-22T20:02:23.124Z","2025-12-22 20:02:23.124000+00:00","gambit1914.blacksky.app","1","0","at://did:plc:rx4wc56pobkpxmtyjy7lllcq/app.bsky.feed.post/3malznwigls2f"
"Bluesky","galaxy s","galaxy s","Big news for Android runners! Stryd launches native Wear OS app – real-time running power, structured workouts, customizable metrics on Pixel Watch & Galaxy Watch.  the5krunner.com/2025/12/22/s... #Stryd #WearOS #RunningPower #PixelWatch #GalaxyWatch #Running #RunTech #Smartwatch #Fitness #Wearables","2025-12-22T20:17:15.876Z","2025-12-22 20:17:15.876000+00:00","the5krunner.bsky.social","0","0","at://did:plc:ltioiojb4tkfp4vtkn65lwk6/app.bsky.feed.post/3mam2ijv3p22i"
"Bluesky","galaxy z","galaxy z","Galaxy Z Fold8 could bring faster charging  60w wired and 25w wireless could make a foldable debut and would be yet another feature shared with the S26 Ultra The phone already shares the 200mp Main, 50mp Ultrawide and 12mp 3x Telephoto with the Ultra","2025-12-22T20:40:57.840Z","2025-12-22 20:40:57.840000+00:00","thegalox.bsky.social","1","0","at://did:plc:hy4qwcimtts4ipdgn2rwqezs/app.bsky.feed.post/3mam3svy6bk2z"
"Bluesky","galaxy fold","galaxy fold","Forget the Galaxy Z TriFold: Samsung is reportedly developing a 'Wide Fold' to take on Apple next year Samsung is reportedly developing a wider foldable phone meant to rival the iPhone Fold... #Samsung #Phones #Phones #Android #Phones Origin | Interest | Match","2025-12-22T20:47:54.000Z","2025-12-22 20:47:54+00:00","android.activitypub.awakari.com.ap.brid.gy","0","0","at://did:plc:etkadjdby46s2skc4shoxp6q/app.bsky.feed.post/3mam74hsjpoz2"
"Bluesky","galaxy z","galaxy z","🤖 processing for highlight #JWST 🔭 NIRCam data, target name: XMM3-Z-432815. PI: Schouws, Sander, program 6480. CRVAL: 36.67534, -4.980232 Credits: NASA, ESA, CSA, STScI. See more highlights at jwst_highlights_gray.html.","2025-12-22T21:31:30.242577+00:00","2025-12-22 21:31:30.242577+00:00","astrobotjwst.bsky.social","102","11","at://did:plc:23yj7kp6b7tqvwil7lxhfbq6/app.bsky.feed.post/3mam6nbzg7w2r"
"Bluesky","galaxy fold","galaxy fold","El nuevo plegable de Samsung se filtra y es justo lo que muchos estábamos deseando: así se adelantará a Apple","2025-12-22T21:35:41.000Z","2025-12-22 21:35:41+00:00","javiersaro.bsky.social","0","0","at://did:plc:oj2jhmvaxmmo6gll5c2zdtkn/app.bsky.feed.post/3mam6usha332m"
"Bluesky","galaxy fold","galaxy fold","🤦🏻‍♂️Guys...you can't copy something that does not exist. At most you could say this is like the Huawei Pura X www.notebookcheck.net/Samsung-to-c...","2025-12-22T21:38:00.692Z","2025-12-22 21:38:00.692000+00:00","travelswithtech.com","1","0","at://did:plc:tx4fatn3c7m24p4xrtchxpnd/app.bsky.feed.post/3mam6ywvppn2h"
"Bluesky","galaxy z","galaxy z","3 Days Before Christmas: Samsung Slashes 00 Off Galaxy Z Flip 7 as Holiday Pressure Peaks A Holiday Countdown That Changes Buying Decisions With Christmas just days away, Samsung has pushed a rare last-minute incentive that reshapes the premium smartphone market in the United States. The company…","2025-12-22T21:39:11Z","2025-12-22 21:39:11+00:00","undercodenews.bsky.social","0","0","at://did:plc:p464uedvuxtzckhrm4pfwxa5/app.bsky.feed.post/3mam7335vd22b"
"Bluesky","galaxy z","galaxy z","Galaxy Z TriFold Price Shock: Where Samsung’s Most Ambitious Foldable Is Cheapest—and Why It Matters Introduction With Christmas just days away, Samsung’s premium lineup is colliding with aggressive holiday discounts, global price gaps, and mounting curiosity around its most daring device yet: the…","2025-12-22T21:39:33Z","2025-12-22 21:39:33+00:00","undercodenews.bsky.social","0","0","at://did:plc:p464uedvuxtzckhrm4pfwxa5/app.bsky.feed.post/3mam73qaght2l"
"Bluesky","galaxy z","galaxy z","The Sideload 017: A TriFold tour","2025-12-22T22:15:34Z","2025-12-22 22:15:34+00:00","9to5google.com","2","0","at://did:plc:4z4m44eu62tzlmkqxfkkhagt/app.bsky.feed.post/3mamb444oc72k"
"Bluesky","galaxy z","galaxy z","do my oomfs know abt the ojousama getter emperor gijinka from the robot girls Z game who looks weirdly like Kihel/Dianna from turn a and who wants to turn the whole universe into her maids and butlers. I thought this would be of interest to some of my oomfs","2025-12-22T23:02:19.309Z","2025-12-22 23:02:19.309000+00:00","gallakcyline.bsky.social","158","78","at://did:plc:xpufloadfb42bdfme2xijkx3/app.bsky.feed.post/3mamdpokflk2c"
"Bluesky","galaxy z","galaxy z","Galaxy Z Fold8 will be the Galaxy to get for 2026 Shares all its specs with the Galaxy S26 Ultra in an ultra thin foldable form factor  And if you want a wider model, Z Fold8 “Passport” will be identical in specs but shorter and wider","2025-12-23T00:41:23.028Z","2025-12-23 00:41:23.028000+00:00","thegalox.bsky.social","2","0","at://did:plc:hy4qwcimtts4ipdgn2rwqezs/app.bsky.feed.post/3mamjasvuys2z"
"Bluesky","galaxy z","galaxy z","Insights into the structure and kinematics of a Milky Way-like galaxy. Eva Durán-Camacho et. al. https://arxiv.org/abs/2506.13560","2025-12-23T01:24:10.449Z","2025-12-23 01:24:10.449000+00:00","astroarxiv.bsky.social","0","0","at://did:plc:32r7scd5hucgv552zjfuaigc/app.bsky.feed.post/3mamlndhwcx26"
"Bluesky","galaxy z","galaxy z","Hiding behind a curtain of dust: Gas and dust properties of an ultra-luminous strongly-lensed z = 3.75 galaxy behind the Milky Way disk. Belén Alcalde Pampliega et. al. https://arxiv.org/abs/2506.21283","2025-12-23T01:25:14.966Z","2025-12-23 01:25:14.966000+00:00","astroarxiv.bsky.social","0","0","at://did:plc:32r7scd5hucgv552zjfuaigc/app.bsky.feed.post/3mamlpayt7726"
"Bluesky","galaxy s","galaxy s","I got logged out of the other account because I'm rarely on it and I'm lazy so this goes here. I've been having fun with #brushweek2025 !!","2025-12-23T01:49:20.077Z","2025-12-23 01:49:20.077000+00:00","hatthecat.bsky.social","9","3","at://did:plc:owszigjfnek3tfkhgbboarwo/app.bsky.feed.post/3mamn2d3m4k2m"
"Bluesky","galaxy z","galaxy z","Samsung Galaxy Z TriFold es impresionante, pero me emociona más su futuro  https://tfidigital.top/samsung-galaxy-z-trifold/ #InnovaciónyFuturo","2025-12-23T02:10:28Z","2025-12-23 02:10:28+00:00","tfi-digital.bsky.social","0","0","at://did:plc:tivjyenxeizq42oo3stemtco/app.bsky.feed.post/3mamoa6ca2z2r"
"Bluesky","galaxy s","galaxy s","#NowWatching Guardians of the Galaxy Christmas Special! #NowListening to I Don't Know What Christmas Is (But Christmastime Is Here) by Old 97's  www.shazam.com/track/642036...","2025-12-23T02:16:50.499Z","2025-12-23 02:16:50.499000+00:00","petzilla.bsky.social","0","0","at://did:plc:2cf5b3uzuejdjacu7rgrubok/app.bsky.feed.post/3mamolj2dhs2l"
"Bluesky","galaxy s","galaxy s","Here it is Christmas time... #NowListening to Here It Is Christmastime by Kevin Bacon & Old 97's #NowWatching The Guardians of the Galaxy Holiday Special  www.shazam.com/track/642036...","2025-12-23T02:46:24.848Z","2025-12-23 02:46:24.848000+00:00","petzilla.bsky.social","0","0","at://did:plc:2cf5b3uzuejdjacu7rgrubok/app.bsky.feed.post/3mamqaf756s2l"
"Bluesky","galaxy z","galaxy z","Nice phone 📱 unlocked 🔓  howl.link/kf0onens6mwu8 #ad","2025-12-23T03:09:06.436Z","2025-12-23 03:09:06.436000+00:00","connies4900.bsky.social","0","0","at://did:plc:7eq7t2c6754v4zkfzzs4tqvn/app.bsky.feed.post/3mamrixpixs2t"
"Bluesky","galaxy z","galaxy z","Galaxy Z Fold8 | Leaked upgrades • New Ultrawide  • New Telephoto  • Faster wired charging  • Faster wireless charging  • Bigger battery  • Reduced crease","2025-12-23T03:40:50.969Z","2025-12-23 03:40:50.969000+00:00","thegalox.bsky.social","2","0","at://did:plc:hy4qwcimtts4ipdgn2rwqezs/app.bsky.feed.post/3mamtbpzgdk2s"
"Bluesky","galaxy s","galaxy s","Widespread Shocks in an Odd Radio Circle Host Galaxy https://arxiv.org/pdf/2512.18012 Alison L. Coil, David S. N. Rupke, Serena Perrotta, Saloni Agrawal, Cassandra Lochhaas.","2025-12-23T04:32:44.216846+00:00","2025-12-23 04:32:44.216846+00:00","krxiv-astro-ph.bsky.social","0","0","at://did:plc:s42g7pgvrcqcbpk4mkqp64oh/app.bsky.feed.post/3mamw6j6mgh2q"
"Bluesky","galaxy z","galaxy z","#astro-ph.GA #astro-ph.SR Origin | Interest | Match","2025-12-23T05:00:00.000Z","2025-12-23 05:00:00+00:00","exoplanets.activitypub.awakari.com.ap.brid.gy","0","0","at://did:plc:ncuxg7zsxba6ycrjn5eg6yni/app.bsky.feed.post/3mamyiesxcia2"
"Bluesky","galaxy z","galaxy z","#astro-ph.GA Origin | Interest | Match","2025-12-23T05:00:00.000Z","2025-12-23 05:00:00+00:00","observatories.activitypub.awakari.com.ap.brid.gy","0","0","at://did:plc:jj2lpid4xbgegeryqvc4wjd5/app.bsky.feed.post/3mamyizfwjj62"
"Bluesky","galaxy s","galaxy s","36. Star Valor This is very much a by-the-numbers space sim but it has a lot of heart and juice and ways to build yourself up. Also it just got station-building (as DLC) and that counts for a ton for me. store.steampowered.com/app/833360/S...","2025-12-23T05:05:53.647Z","2025-12-23 05:05:53.647000+00:00","bigsimple.bsky.social","1","0","at://did:plc:yynyzkcxeiclgta3sfoek4je/app.bsky.feed.post/3mamxzt56322n"
"Bluesky","galaxy z","galaxy z","Galaxy Z Flip 8 could be the first flip phone powered by a 2nm chip Samsung could be planning to keep Exynos at the heart of its clamshell foldable lineup. A new report suggests the Galaxy Z Flip 8 will use the 2nm-based Exynos 2600 chip. This would follow the move made with the Galaxy Z Flip 7,…","2025-12-23T05:27:03Z","2025-12-23 05:27:03+00:00","toolcome.bsky.social","0","0","at://did:plc:sdmas34o5b3cnzyrvzvqafrf/app.bsky.feed.post/3mamz7ozpwa26"
"Bluesky","galaxy note","galaxy note","I would put a note on my Fermilab cubicle when I left on long vacations. For several years in a row, I repurposed one of Emsh's Santas for my announcements. In 2019, I covered the Arrokoth encounter, beyond Pluto.","2025-12-23T05:32:40.693Z","2025-12-23 05:32:40.693000+00:00","beamjockey.bsky.social","29","5","at://did:plc:5jcucqldr3snixegr4fekdem/app.bsky.feed.post/3mamzjox3cs2c"
"Bluesky","galaxy s","galaxy s","Can we just take a moment and appreciate this title? (and the editor who went along with it) The paper itself is about galaxy cataloging and dark sirens, which are gravitational waves that don't have an electromagnetic counterpart (and just a cool term). 🧪 Link: iopscience.iop.org/article/10.3...","2025-12-23T05:58:29.260Z","2025-12-23 05:58:29.260000+00:00","obialik.bsky.social","30","2","at://did:plc:ywwbhwuq4sszjve7kdshnahd/app.bsky.feed.post/3man2xtqepk2r"
"Bluesky","galaxy s","galaxy s","Alison L. Coil, David S. N. Rupke, Serena Perrotta, Saloni Agrawal, Cassandra Lochhaas: Widespread Shocks in an Odd Radio Circle Host Galaxy https://arxiv.org/abs/2512.18012 https://arxiv.org/pdf/2512.18012 https://arxiv.org/html/2512.18012","2025-12-23T06:41:36.659054+00:00","2025-12-23 06:41:36.659054+00:00","astrophga-bot.bsky.social","0","0","at://did:plc:lfjzhscway3jyqjv67hfy7iv/app.bsky.feed.post/3man5exbv742b"
"Bluesky","galaxy z","galaxy z","The Galaxy Z Fold8 could finally eliminate its biggest flaw with rumoured 60W rapid charging, a significant jump for Samsung’s foldable range. www.ibtimes.co.uk/galaxy-z-fol...","2025-12-23T09:40:40.504Z","2025-12-23 09:40:40.504000+00:00","vinayppatel.bsky.social","0","0","at://did:plc:2p4djbgw2frvmhp43lk3wre2/app.bsky.feed.post/3manhf5flq22f"
"Bluesky","galaxy fold","galaxy fold","Samsung подготвя Wide Fold – сгъваем смартфон със съотношение на страните 4:3, като при Apple Samsung Electronics се опитва да се справи с конкурентите си в сегмента на сгъваемите смартфони. Galaxy Z TriFold беше представен наскоро като отговор на подобно решение на Huawei, но Galaxy Wide Fold,…","2025-12-23T10:22:07Z","2025-12-23 10:22:07+00:00","kaldata.bsky.social","0","0","at://did:plc:cpf6motblcindkv7h6amwtwd/app.bsky.feed.post/3manjpcz4p42t"
"Bluesky","galaxy fold","galaxy fold","Galaxy Z Fold 8 leak hints at new ultrawide and telephoto camera Samsung’s next book-style foldable could bring more camera changes than expected. A new report claims the Galaxy Z Fold 8, which isn’t expected until 2026, will focus on upgrading its secondary cameras rather. Samsung Galaxy Z Fold 7…","2025-12-23T10:42:19Z","2025-12-23 10:42:19+00:00","toolcome.bsky.social","0","0","at://did:plc:sdmas34o5b3cnzyrvzvqafrf/app.bsky.feed.post/3manktgqlz62j"
"Bluesky","galaxy s","galaxy s","Conversations with university mates reminds me of Douglas Adams, the Hitchhikers guide to the galaxy and Somebody Else's Problem Field.  makarandimpressions.wordpress.com/2025/12/23/s...","2025-12-23T11:55:22.471Z","2025-12-23 11:55:22.471000+00:00","makarands.bsky.social","1","0","at://did:plc:qz4y3ywvjotyxgm2getmj2vt/app.bsky.feed.post/3manovyxnms2l"
"Bluesky","galaxy fold","galaxy fold","Katlanabilir Telefonların Geleceği Ne Olacak? Katlanabilir akıllı telefon pazarı, 2025 yılı itibarıyla on yıllık serüveninde kritik bir dönüm noktasına ulaştı. Sektörün ilk yıllarında karşılaşılan hantal yapılar, hassas menteşe mekanizmaları ve dayanıklılık sorunları büyük ölçüde geride kaldı.…","2025-12-23T12:34:29Z","2025-12-23 12:34:29+00:00","ercanceviz.bsky.social","0","0","at://did:plc:v7nvkhezqq33xrcgasafhbw4/app.bsky.feed.post/3manr3yn2hk2u"
"Bluesky","galaxy s","galaxy s","Samsung Galaxy A37/A57 cameras get huge upgrade with 50MP main sensor","2025-12-23T12:44:14Z","2025-12-23 12:44:14+00:00","gizchinacom.bsky.social","0","0","at://did:plc:s3ejxmymusvlp4ugsyo6mvnx/app.bsky.feed.post/3manrnftin42l"
"Bluesky","galaxy s","galaxy s","Sóla’s Tuesday AM walk: 36/79%/8MPH S. Dogs:5; Deer:3. The Christmas lights are today’s story, along with a wet dog who tracked mud into my recently mopped kitchen floor. Can’t keep anything clean for long with a border collie. Dog hair, don’t care. #Dogsofbluesky","2025-12-23T12:52:02.726Z","2025-12-23 12:52:02.726000+00:00","jbred56.bsky.social","7","1","at://did:plc:iezqa7cn2wnebfq23ev7aydh/app.bsky.feed.post/3mans3dpiw22r"
"Bluesky","galaxy s","galaxy s","Max Out Your Samsung Galaxy S25’s Camera Potential with These Must-Try Features #android #galaxyai #generativeedit #mobile #oneui #samsung #samsunggalaxys25 #samsunggalaxys25malaysia #samsunggalaxys25ultra #samsungmalaysia #smartphone #smartphones #sponsored #sponsoredpost #tech","2025-12-23T13:00:12.717668+00:00","2025-12-23 13:00:12.717668+00:00","soyacincau.bsky.social","3","0","at://did:plc:ezo7q7nhj35jfncqtzq2mjea/app.bsky.feed.post/3mansjx3yy723"
"Bluesky","galaxy fold","galaxy fold","🎙 Bom Dia Tech! Tudo bem? Hoje trago pra você: 🍎 Apple se prepara para produção antecipada do iPhone 18 com novo plano de lançamento 📱 iPhone Fold e novo dobrável da Samsung podem resgatar design do primeiro Pixel Fold ⌚ Samsung começa a liberar One UI 8 com Wear OS 6 para o Galaxy Watch 6","2025-12-23T13:00:21.466Z","2025-12-23 13:00:21.466000+00:00","bomdiatech.bsky.social","1","0","at://did:plc:6zjb36eteyro6zkrkpkaaowg/app.bsky.feed.post/3mansk7eoz72r"
"Bluesky","galaxy fold","galaxy fold","Samsung Galaxy Z Fold 8 Leak: Massive 50MP Ultrawide Camera Finally Confirmed The Samsung Galaxy Z Fold 8 is shaping up to be a significant step forward in the evolution of foldable smartphones. Le... #Android #News #Mobile #Phone #News #Technology #News #Top #News Origin | Interest | Match","2025-12-23T14:00:38.000Z","2025-12-23 14:00:38+00:00","android.activitypub.awakari.com.ap.brid.gy","0","0","at://did:plc:etkadjdby46s2skc4shoxp6q/app.bsky.feed.post/3manwak4nqax2"
"Bluesky","galaxy fold","galaxy fold","Foldable phone makers have solved every issue except one","2025-12-23T15:00:32.000Z","2025-12-23 15:00:32+00:00","liberationtech.bsky.social","0","0","at://did:plc:zzvyusavduhfc4whhd3f4yjn/app.bsky.feed.post/3manzb5unqe2v"
"Bluesky","galaxy z","galaxy z","Rumores y filtraciones del Samsung Galaxy Z Flip 8: diseño, specs y más. 🔍📲 #Plegables #TechNews","2025-12-23T15:00:36Z","2025-12-23 15:00:36+00:00","enterco.bsky.social","1","0","at://did:plc:nhk57j4jjzjbothrcrgtwnku/app.bsky.feed.post/3manzbanyxm22"
"Bluesky","galaxy z","galaxy z","Samsung започва международни продажби на Galaxy Z TriFold #GalaxyZTriFold","2025-12-23T15:28:51.158Z","2025-12-23 15:28:51.158000+00:00","galaxyleaks.bsky.social","0","0","at://did:plc:u3ltcknpshigutodv2o34764/app.bsky.feed.post/3mao2tr4ocb2b"
"Bluesky","galaxy fold","galaxy fold","I'm a tech reviewer, and these 5 tech gadgets surprised me the most in 2025 While the Samsung Galaxy Z Fold 7 remained my favorite gadget throughout the year, there were some surprising additions to the list. #hackernews #news #samsung","2025-12-23T15:48:40.421Z","2025-12-23 15:48:40.421000+00:00","hacker.at.thenote.app","0","0","at://did:plc:pcievrygrnjjg5ni7mjfgctb/app.bsky.feed.post/3mao3x6rbw22o"
"Bluesky","galaxy s","galaxy s","The OnePlus 15 took a big leap forward with battery life. Will the latest Galaxy S models be able to do the same when Samsung releases the Galaxy S26 lineup next year? Read on here ➡️ tom-s-guide.visitlink.me/a4Mu3W","2025-12-23T15:50:08.176355Z","2025-12-23 15:50:08.176355+00:00","tomsguide.com","0","0","at://did:plc:vyyo3mhbgvthiuqjx275mg3h/app.bsky.feed.post/3mao3zsp6kg2k"
"Bluesky","galaxy fold","galaxy fold","【速報】Galaxy Z TriFoldの進化！折りたたみ式デバイスのマルチタスク革命！ - AIテクノロジーまとめ ▼詳細はこちら","2025-12-23T16:20:28.736211+00:00","2025-12-23 16:20:28.736211+00:00","aitechmatome.bsky.social","0","0","at://did:plc:lyhswhmwuetk6t3uii3zqqkf/app.bsky.feed.post/3mao5q2gfoj2m"
"Bluesky","galaxy z","galaxy z","Top Galaxy Store Apps This Fall: What Samsung Users Loved in 2025 With Christmas just three days away, Samsung fans are not only eyeing massive discounts on the Galaxy Z Fold7, Watch8, S25 Ultra, and S95F OLED TV but also reflecting on the apps that defined their Galaxy experience this fall.…","2025-12-23T16:21:52Z","2025-12-23 16:21:52+00:00","undercodenews.bsky.social","0","0","at://did:plc:p464uedvuxtzckhrm4pfwxa5/app.bsky.feed.post/3mao5slqm3627"
"Bluesky","galaxy fold","galaxy fold","Samsung Galaxy Z Fold 8 kamerasıyla çok konuşulacak!","2025-12-23T16:32:39Z","2025-12-23 16:32:39+00:00","ercanceviz.bsky.social","0","0","at://did:plc:v7nvkhezqq33xrcgasafhbw4/app.bsky.feed.post/3mao6fucear2x"
"Bluesky","galaxy fold","galaxy fold","9to5Google より Galaxy Z Fold 7 and Pixel Watch 4 were my favorite products of 2025 – what about you? Galaxy Z Fold 7 と Pixel Watch 4 は 2025 年の私のお気に入りの製品でした。","2025-12-23T17:20:07.080744+00:00","2025-12-23 17:20:07.080744+00:00","gigowat.bsky.social","0","0","at://did:plc:dwecjm5n7fyljcjk3vi7x5oa/app.bsky.feed.post/3maob2pesk22a"
"Bluesky","galaxy z","galaxy z","Samsung Galaxy Z Flip 8 büyük bir ilke imza atacak!","2025-12-23T17:36:33Z","2025-12-23 17:36:33+00:00","ercanceviz.bsky.social","0","0","at://did:plc:v7nvkhezqq33xrcgasafhbw4/app.bsky.feed.post/3maoby5ggfo2u"
"Bluesky","galaxy s","galaxy s","Selections from 2025: Researchers discovered a record-breaking giant nine-ringed galaxy that provides critical insight into galaxy formation and evolution. aasnova.org/2025/12/23/s... 🔭🧪","2025-12-23T17:38:47.556Z","2025-12-23 17:38:47.556000+00:00","aasnova.org","30","6","at://did:plc:kpjzn7hnzphv4ddw4autkfzl/app.bsky.feed.post/3maoc43iwx22c"
"Bluesky","galaxy fold","galaxy fold","Le plan de Samsung pour 2026 : s’aligner sur les rumeurs de l’iPhone Fold, le smartphone qui n’a jamais été confirmé","2025-12-23T17:53:02.000Z","2025-12-23 17:53:02+00:00","frandroid.com","0","0","at://did:plc:vbhvpqudswo72vskdfr34idm/app.bsky.feed.post/3maocw2bt752g"
"Bluesky","galaxy s","galaxy s","Galaxy Note20 5G S-Pen, Gray  howl.link/mjx4x39wpytm2  #ad","2025-12-23T18:21:12.548Z","2025-12-23 18:21:12.548000+00:00","connies4900.bsky.social","0","0","at://did:plc:7eq7t2c6754v4zkfzzs4tqvn/app.bsky.feed.post/3maoehwm2m22r"
"Bluesky","galaxy z","galaxy z","Impact of Galaxy Cluster Environment on the Stellar Mass Function of Galaxies. Sana Begum Murtuja Shaikh et. al. https://arxiv.org/abs/2512.19591","2025-12-23T18:33:54.956Z","2025-12-23 18:33:54.956000+00:00","astroarxiv.bsky.social","0","0","at://did:plc:32r7scd5hucgv552zjfuaigc/app.bsky.feed.post/3maof6nvkwd24"
"Bluesky","galaxy z","galaxy z","Galaxy Z Fold8 is quickly shaping into a foldable Galaxy S26 Ultra Same for the wider Z Fold8 model  It’s going to again be the best foldable lineup of the year. Z Flip8, Z Fold8 “Passport” and Z Fold8 are going to be incredible","2025-12-23T18:49:39.365Z","2025-12-23 18:49:39.365000+00:00","thegalox.bsky.social","1","0","at://did:plc:hy4qwcimtts4ipdgn2rwqezs/app.bsky.feed.post/3maog2sdx422w"
"Bluesky","galaxy note","galaxy note","Just upgraded my dad's iphone 4 (2010) to a Galaxy Note 9 (2018) 😅","2025-12-23T19:05:10.274Z","2025-12-23 19:05:10.274000+00:00","emmabellish.bsky.social","1","0","at://did:plc:kr3gpmd4fhw4rtul7euwtfaa/app.bsky.feed.post/3maogwk4wyk2u"
"Bluesky","galaxy z","galaxy z","Galaxy Z Flip4 256GB (Unlocked) howl.link/kf0onens6mwu8  #ad","2025-12-23T19:07:43.750Z","2025-12-23 19:07:43.750000+00:00","connies4900.bsky.social","0","0","at://did:plc:7eq7t2c6754v4zkfzzs4tqvn/app.bsky.feed.post/3maoh34ious2r"
"Bluesky","galaxy s","galaxy s","Des Galaxy S Ultra et Z Fold à 400 euros : la police démantèle une fabrique de faux Samsung","2025-12-23T19:10:28.000Z","2025-12-23 19:10:28+00:00","frandroid.com","0","0","at://did:plc:vbhvpqudswo72vskdfr34idm/app.bsky.feed.post/3maoha54q6i2p"
"Bluesky","galaxy fold","galaxy fold","Samsung is developing a wider 'Wide Fold' Galaxy device with a 4:3 unfolded aspect ratio to better suit video consumption.","2025-12-23T19:28:06.361Z","2025-12-23 19:28:06.361000+00:00","gadgetsbriefly.bsky.social","0","0","at://did:plc:yes6cn2ebbuskqzbtspoa4yf/app.bsky.feed.post/3maohynsb432b"
"Bluesky","galaxy s","galaxy s","Peace on earth, goodwill to all. RBrook©2025. Sky selection credit to Hubbell''s galaxy photo gallery.","2025-12-23T19:31:44.754Z","2025-12-23 19:31:44.754000+00:00","rmsbrooks.bsky.social","2","0","at://did:plc:gra2p4perdwtsyfmcbuheuw5/app.bsky.feed.post/3maoig2qod226"
"Bluesky","galaxy fold","galaxy fold","Samsung Developing 'Wide Fold' With iPhone Fold-Like Design Ahead of Apple's 2026 Launch","2025-12-23T19:58:15Z","2025-12-23 19:58:15+00:00","macrumors.bsky.social","7","1","at://did:plc:ritv6l6udmzeuwbit4omuq4x/app.bsky.feed.post/3maojvhzrfg2k"
"Bluesky","galaxy fold","galaxy fold","Apple and Samsung are going back to where foldables started 🤯 A new report says the original Google Pixel Fold design is now inspiring the first iPhone Fold and upcoming Galaxy foldables, with wider inner displays that feel more like an iPad than a regular phone.","2025-12-23T20:02:27.976Z","2025-12-23 20:02:27.976000+00:00","mdgtech.substack.com","0","0","at://did:plc:43rq4wrwupoaqux44gks7z2k/app.bsky.feed.post/3maok4ymgfq2h"
"Bluesky","galaxy fold","galaxy fold","Samsung Developing 'Wide Fold' With iPhone Fold-Like Design Ahead of Apple's 2026 Launch Article","2025-12-23T20:49:06.580126+00:00","2025-12-23 20:49:06.580126+00:00","starfallrealm.com","0","0","at://did:plc:qewh2yezt7wj5yoztbraopzw/app.bsky.feed.post/3maomqfiflw2u"
"Bluesky","galaxy note","galaxy note","Asgari Ücretle Alınabilecek En İyi Telefonlar Asgari ücetle alınabilecek en iyi telefonlar hangileri? Bugün yapılan bir açıklamaya göre 2026 yılı için belirlenen asgari ücret tutarı 28.075 TL olarak hesaplandı. Peki bütçesi bir aylık maaşı kadar olan birinin alabileceği en iyi telefonlar…","2025-12-23T21:08:15Z","2025-12-23 21:08:15+00:00","ercanceviz.bsky.social","0","0","at://did:plc:v7nvkhezqq33xrcgasafhbw4/app.bsky.feed.post/3maonsofn452o"
"Bluesky","galaxy s","galaxy s","Rise With the Resistance in Star Wars Apparel at Disneyland","2025-12-23T21:21:38.019Z","2025-12-23 21:21:38.019000+00:00","wdwnt.com","0","0","at://did:plc:rlqi4rkaahnpjyfcn6wetq7j/app.bsky.feed.post/3maookklnj627"
"Bluesky","galaxy note","galaxy note","Upscaled Gingerbread Vader finds your lack of frosting disturbing","2025-12-23T21:30:08+00:00","2025-12-23 21:30:08+00:00","brothersbrick-feed.bsky.social","1","0","at://did:plc:sw5ico52yy43pkpbgs5rzz3d/app.bsky.feed.post/3maoozreznd25"
"Bluesky","galaxy fold","galaxy fold","記事の要約: サムスンがAppleの折りたたみ式iPhoneに対抗する新モデル「Wide Fold」を開発中であると報じられています。このデバイスは、2026年下半期に発売される見込みで、既存の「Galaxy Z Fold」や「Galaxy Z Flip」とは異なる横長のディスプレイを採用する予定です。Appleも約7.7インチの折りたたみ式iPhoneを開発中で、アスペクト比は4：3に近いとされています。サムスンは通常、夏か秋に新しい折りたたみスマホを発表しており、Wide Foldの詳細は今後の発表を待つ必要があります。","2025-12-23T21:53:15.417500+00:00","2025-12-23 21:53:15.417500+00:00","buchikuma.bsky.social","0","0","at://did:plc:jf26a7dgps3fck4zc7anchdl/app.bsky.feed.post/3maoqd46epa2x"
"Bluesky","galaxy fold","galaxy fold","You can't call yourself a Gamer™ until you've caught monsters and slayed them at the same time. Galaxy Z Fold 7 is so stupid, I love it.","2025-12-23T22:32:58.891Z","2025-12-23 22:32:58.891000+00:00","simplyaj.com","4","0","at://did:plc:3f2htuzkp3accn6h3t4vcr5u/app.bsky.feed.post/3maosk54vsk2d"
"Bluesky","galaxy z","galaxy z","Galaxy Z Flip 5G 256GB (Unlocked)  howl.link/kf0onens6mwu8  #ad","2025-12-23T22:35:10.116Z","2025-12-23 22:35:10.116000+00:00","connies4900.bsky.social","0","0","at://did:plc:7eq7t2c6754v4zkfzzs4tqvn/app.bsky.feed.post/3maoso2bn6c2r"
"Bluesky","galaxy z","galaxy z","Galaxy Z TriFold is probably durable enough, hinge gives way after 150,000 folds in torture test [Video] Samsung’s brand new Galaxy Z TriFold form factor has arrived and, of course, one of the bi... #News Origin | Interest | Match","2025-12-23T22:50:00.000Z","2025-12-23 22:50:00+00:00","android.activitypub.awakari.com.ap.brid.gy","0","0","at://did:plc:etkadjdby46s2skc4shoxp6q/app.bsky.feed.post/3maotrdb7i5c2"
"Bluesky","galaxy z","galaxy z","Galaxy Z TriFold is probably durable enough, hinge gives way after 150,000 folds in torture test [Video]","2025-12-23T22:56:36Z","2025-12-23 22:56:36+00:00","9to5google.com","5","0","at://did:plc:4z4m44eu62tzlmkqxfkkhagt/app.bsky.feed.post/3maotufag7p2c"
"Bluesky","galaxy s","galaxy s","For the next few billion years, our view of Andromeda will get better every day! #affirmations","2025-12-24T00:00:53.769Z","2025-12-24 00:00:53.769000+00:00","mandycmerciless.bsky.social","5","0","at://did:plc:bui523ovpkitwr5uog6jaspn/app.bsky.feed.post/3maoxhdngtc27"
"Bluesky","galaxy fold","galaxy fold","Sonraki Galaxy Z Fold serisinde neler göreceğiz?","2025-12-24T00:05:38Z","2025-12-24 00:05:38+00:00","ercanceviz.bsky.social","0","0","at://did:plc:v7nvkhezqq33xrcgasafhbw4/app.bsky.feed.post/3maoxpustkx2o"
"Bluesky","galaxy s","galaxy s","Galaxy S10 S-View Flip Cover, Black howl.link/qkuxeofcvl4q4  #ad","2025-12-24T00:06:04.947Z","2025-12-24 00:06:04.947000+00:00","connies4900.bsky.social","0","0","at://did:plc:7eq7t2c6754v4zkfzzs4tqvn/app.bsky.feed.post/3maoxqmfwjk2r"
"Bluesky","galaxy z","galaxy z","9to5Google より Galaxy Z TriFold is probably durable enough, hinge gives way after 150,000 folds in torture test [Video] Galaxy Z TriFoldはおそらく十分に耐久性があり、シャンジは拷問テストで150,000の折り返しの後、道を譲ります [ビデオ]","2025-12-24T00:11:48.974112+00:00","2025-12-24 00:11:48.974112+00:00","gigowat.bsky.social","0","0","at://did:plc:dwecjm5n7fyljcjk3vi7x5oa/app.bsky.feed.post/3maoy2uxezp2b"
"Bluesky","galaxy z","galaxy z","This is longer but my god  it sells the fantasy of “I want BTS to come to my house and hang out with me” youtu.be/FHE5IT6kGVE?...","2025-12-24T00:28:55.717Z","2025-12-24 00:28:55.717000+00:00","tlmuse.bsky.social","7","0","at://did:plc:rgkq5al6i2nhqq2qni4w36q4/app.bsky.feed.post/3maoyzhoi4s2u"
"Bluesky","galaxy s","galaxy s","There's the Guardians of the Galaxy Christmas Special, which at least has the trappings of sci-fi, and makes up for the lack of substance with a few really good songs by the Old 97's.","2025-12-24T01:49:41.076Z","2025-12-24 01:49:41.076000+00:00","mcnees.bsky.social","0","0","at://did:plc:6435lftcmpvxasbkrtsw22i7/app.bsky.feed.post/3map5jul2322w"
"Bluesky","galaxy z","galaxy z","San Francisco 49ers Galaxy Z Flip6 Flipsuit Case & Card howl.link/lhc9z0uo6zqt4","2025-12-24T03:06:14.140Z","2025-12-24 03:06:14.140000+00:00","connies4900.bsky.social","0","0","at://did:plc:7eq7t2c6754v4zkfzzs4tqvn/app.bsky.feed.post/3mapbsqua522r"
"Bluesky","galaxy z","galaxy z","New Orleans Saints Galaxy Z Flip6 Flipsuit Case & Card  howl.link/k6zi6ksvc19fi  #Ad","2025-12-24T03:10:06.276Z","2025-12-24 03:10:06.276000+00:00","connies4900.bsky.social","0","0","at://did:plc:7eq7t2c6754v4zkfzzs4tqvn/app.bsky.feed.post/3mapbzoahh22r"
"Bluesky","galaxy fold","galaxy fold","I Tried Samsung’s Galaxy Z TriFold and Z Fold 7. Here’s How the Foldable Phones Differ Samsung Galaxy Z TriFold hands-on, Galaxy Z Fold 7 vs TriFold comparison, Samsung trifold foldable differences, Z Fold 7 thinner design, and Galaxy Z TriFold productivity features are topping tech searches as…","2025-12-24T03:51:06Z","2025-12-24 03:51:06+00:00","realnewshub.bsky.social","0","0","at://did:plc:fqi5askld2q6vvjjffuh6dgj/app.bsky.feed.post/3mapeczh26i2c"
"Bluesky","galaxy z","galaxy z","Samsung Galaxy A37, Galaxy A57 Camera Details Revealed Ahead Of 2026 Launch Samsung is in full swing to bring smartphones across the price range. The latest leaks tied to internal software parameters have now revealed the camera hardware details of the mid-range Galaxy A37 and Galaxy A57, and it…","2025-12-24T04:05:02Z","2025-12-24 04:05:02+00:00","blackfoxnews.bsky.social","0","0","at://did:plc:hdfytxixmjbkvub2y7wrggjo/app.bsky.feed.post/3mapf3x2xgq2w"
"Bluesky","galaxy z","galaxy z","A multiwavelength study of an early galaxy group merger in COSMOS revealed by two tailed radio galaxies at z = 0.35 https://arxiv.org/pdf/2512.19792 Paula Vulić, Vernesa Smolčić, Ghassem Gozaliasl, Ivan Delvecchio, Alexis Finoguenov.","2025-12-24T04:33:23.979847+00:00","2025-12-24 04:33:23.979847+00:00","krxiv-astro-ph.bsky.social","0","0","at://did:plc:s42g7pgvrcqcbpk4mkqp64oh/app.bsky.feed.post/3mapgomprp42o"
"Bluesky","galaxy note","galaxy note","Feed: ""The Brothers Brick"" By: Jake Forbes (TBB Managing Editor) on Tuesday, December 23, 2025","2025-12-24T04:43:27.183428+00:00","2025-12-24 04:43:27.183428+00:00","longtail-news.bsky.social","0","0","at://did:plc:o6ggjvnj4ze3mnrpnv5oravg/app.bsky.feed.post/3maphaokttv2n"
"Bluesky","galaxy fold","galaxy fold","Galaxy Z TriFold fails a livestream hinge test at nearly 145K folds. The phone kept folding, but hinge elasticity disappeared mid-stream. itmatterss.in/gadget-world... #Samsung #GalaxyZTriFold #FoldablePhones #TechNews","2025-12-24T05:00:56.574Z","2025-12-24 05:00:56.574000+00:00","itmatterss.bsky.social","0","0","at://did:plc:t4sc25pzyplsuw2tdeumqz65/app.bsky.feed.post/3mapi7uhg4c2q"
"Bluesky","galaxy z","galaxy z","Seis meses en el día a día con el Samsung Galaxy Z Fold7: luces y sombras de uno de los plegables más destacados del año","2025-12-24T05:05:02.460Z","2025-12-24 05:05:02.460000+00:00","xataka.bsky.social","0","0","at://did:plc:ck3rde3fni372ifsm7ahnoqf/app.bsky.feed.post/3mapih76hg22p"
"Bluesky","galaxy s","galaxy s","#DecBestOfCareerPerformances DEC 21: Bradley Cooper - overall #filmsky #moviesky Guardians of the Galaxy Vol. 3 (2023)","2025-12-24T05:06:53.139Z","2025-12-24 05:06:53.139000+00:00","elennemigo.bsky.social","1","1","at://did:plc:tjaegk2pvmuqqogqapplzecv/app.bsky.feed.post/3mapiklisi22w"
"Bluesky","galaxy z","galaxy z","Quote with your favorite BTS advertisement youtu.be/FHE5IT6kGVE?...","2025-12-24T06:29:33.670Z","2025-12-24 06:29:33.670000+00:00","btsarmymom33.bsky.social","3","0","at://did:plc:pqdtbgjqo4c5jczfefejjxfy/app.bsky.feed.post/3mapn6dacoc2s"
"Bluesky","galaxy fold","galaxy fold","Galaxy Z TriFold's durability test shows how many times you can fold and unfold it. Read more about it in our article linked below. ⏬ #GalaxyZTriFold","2025-12-24T06:34:46.021Z","2025-12-24 06:34:46.021000+00:00","sammobile.com","1","0","at://did:plc:rvxv4ym53kmhtdulkxkhadkk/app.bsky.feed.post/3mapnhn4ix22y"
"Bluesky","galaxy z","galaxy z","Vuli\'c, Smol\v{c}i\'c, Gozaliasl, Delvecchio, Finoguenov: A multiwavelength study of an early galaxy group merger in COSMOS revealed by two tailed radio galaxies at z = 0.35 https://arxiv.org/abs/2512.19792 https://arxiv.org/pdf/2512.19792 https://arxiv.org/html/2512.19792","2025-12-24T06:41:14.924178+00:00","2025-12-24 06:41:14.924178+00:00","astrophco-bot.bsky.social","0","1","at://did:plc:cwtda6vaktkwhmc7wwlnqlkg/app.bsky.feed.post/3mapnt7zdur2o"
"Bluesky","galaxy z","galaxy z","Spesifikasi dan Harga Samsung Galaxy Z TriFold, Layar Lebih Luas!","2025-12-24T07:46:19Z","2025-12-24 07:46:19+00:00","fortuneidn.bsky.social","0","0","at://did:plc:iwentsped2erdpszlvmejgn6/app.bsky.feed.post/3maprhmcnfx2k"
"Bluesky","galaxy fold","galaxy fold","9to5Google より iPhone Fold and future Galaxy foldable may end up copying the original Pixel Fold iPhone Foldと将来のギャラクシー折り畳み可能は、元のピクセル折り畳みをコピーする可能性があります","2025-12-24T07:56:30.694621+00:00","2025-12-24 07:56:30.694621+00:00","gigowat.bsky.social","0","0","at://did:plc:dwecjm5n7fyljcjk3vi7x5oa/app.bsky.feed.post/3maprzszlj32p"
"Bluesky","galaxy z","galaxy z","High costs, strategic signaling keep volumes intentionally low www.koreaherald.com/article/1064...","2025-12-24T08:12:23.060Z","2025-12-24 08:12:23.060000+00:00","thekoreaherald.bsky.social","0","0","at://did:plc:q3zpnijwxmlmi7oitbfk56na/app.bsky.feed.post/3mapsw6t5ls2t"
"Bluesky","galaxy fold","galaxy fold","How many folds does it take to break the Galaxy Z TriFold? These YouTubers are keeping count","2025-12-24T08:32:10.472Z","2025-12-24 08:32:10.472000+00:00","androidauthority.com","1","1","at://did:plc:u5z5pkxbqlvzxwtgggrxv3uw/app.bsky.feed.post/3maptzlc3xm26"
"Bluesky","galaxy z","galaxy z","T'au having the most Gen Z coded experience to what everyone else did to the fucking galaxy.","2025-12-24T09:28:17.955Z","2025-12-24 09:28:17.955000+00:00","mishazgreen.bsky.social","0","0","at://did:plc:bsb2is6krjv53rackflyqnxj/app.bsky.feed.post/3mapx5wpjak2e"
"Bluesky","galaxy s","galaxy s","S Pen support could return to Galaxy Fold, but not on the phone you want it to","2025-12-24T10:42:10.713Z","2025-12-24 10:42:10.713000+00:00","androidauthority.com","0","0","at://did:plc:u5z5pkxbqlvzxwtgggrxv3uw/app.bsky.feed.post/3maq3c26keu2o"
"Bluesky","galaxy fold","galaxy fold","記事の要約: Samsungは、Appleの折りたたみiPhoneに対抗する新型折りたたみスマートフォン「Wide Fold」を開発中であることが報じられています。この新モデルは、展開時に7.6インチ、折りたたみ時に5.4インチのディスプレイを搭載し、4:3のアスペクト比を採用する予定です。従来のGalaxy Z Foldシリーズとは異なり、より幅広で短いデザインを特徴としており、ノート型のような持ちやすさを実現することが期待されています。Wide Foldは2026年秋に発売予定で、Appleの折りたたみiPhoneと同時期になる可能性があります。また、Samsungは次世代Galaxy …","2025-12-24T10:46:08.143398+00:00","2025-12-24 10:46:08.143398+00:00","buchikuma.bsky.social","0","0","at://did:plc:jf26a7dgps3fck4zc7anchdl/app.bsky.feed.post/3maq3j4tif42m"
"Bluesky","galaxy z","galaxy z","Ils ont plié le Samsung Galaxy Z TriFold pendant 8 jours et ses charnières n’ont pas du tout aimé ça","2025-12-24T10:50:33.000Z","2025-12-24 10:50:33+00:00","frandroid.com","0","0","at://did:plc:vbhvpqudswo72vskdfr34idm/app.bsky.feed.post/3maq3r5sbf62g"
"Bluesky","galaxy z","galaxy z","記事の要約: この記事では、2025年の最新ガジェット5選が紹介されています。レビュー後も手放せずに継続使用しているアイテムとして、以下の製品が挙げられています。 1. **サムスン「Galaxy Z Fold7」** - 折りたたみ式スマートフォンで、使い勝手やデザインが評価されています。 2. **ファーウェイ「HUAWEI FreeClip 2」イヤホン** - 高音質と快適な装着感が特徴のワイヤレスイヤホンです。 3. **「REDMAGIC 11 Pro」** - ゲーミングスマートフォンで、性能が非常に高く、特にゲーム好きにはたまらないアイテムです。 4. **360度アクショ…","2025-12-24T11:33:36.169410+00:00","2025-12-24 11:33:36.169410+00:00","buchikuma.bsky.social","1","0","at://did:plc:jf26a7dgps3fck4zc7anchdl/app.bsky.feed.post/3maq65yqeg22m"
"Bluesky","galaxy z","galaxy z","Samsung Galaxy Z TriFoldが数分で完売した裏側、意図的な供給制限の真実とは？ 三つ折りスマホの驚異の薄さ3.9mmと、Apple参入前夜の市場戦略を解説。詳細は記事本文へ。 https://biggo.jp/news/202512241122_Samsung_Galaxy_Z_TriFold_Launch_Analysis #GalaxyZTriFold #Samsung","2025-12-24T11:46:25+00:00","2025-12-24 11:46:25+00:00","techtrendsjp.bsky.social","1","0","at://did:plc:65rfrzfssqwps6p5pl74vggw/app.bsky.feed.post/3maq6uwk7dc2s"
"Bluesky","galaxy z","galaxy z","Samsung三折機5分鐘售罄？真相是產量僅3千臺！背後策略大解析。 https://biggo.com.tw/news/202512241122_Samsung_Galaxy_Z_TriFold_Launch_Analysis #GalaxyZTriFold #SamsungGalaxyZTriFold","2025-12-24T11:46:34+00:00","2025-12-24 11:46:34+00:00","biggo-news.bsky.social","0","0","at://did:plc:36mz5lutk7mmac4vdnijpd3x/app.bsky.feed.post/3maq6v76cbd2q"
"Bluesky","galaxy z","galaxy z","Lo último que se sabe del Galaxy Z Flip 8, el nuevo plegable de Samsung, está lleno de mejoras 📱 #GalaxyZFlip8 #Samsung #TechNews","2025-12-24T12:33:33Z","2025-12-24 12:33:33+00:00","enterco.bsky.social","1","0","at://did:plc:nhk57j4jjzjbothrcrgtwnku/app.bsky.feed.post/3maqbj7jcr62t"
"Bluesky","galaxy s","galaxy s","Galaxy S26 vs Pixel 10 — this is how Samsung can win ➡️ tom-s-guide.visitlink.me/uykCaE","2025-12-24T12:45:10.611644Z","2025-12-24 12:45:10.611644+00:00","tomsguide.com","0","0","at://did:plc:vyyo3mhbgvthiuqjx275mg3h/app.bsky.feed.post/3maqc5yqye222"
"Bluesky","galaxy fold","galaxy fold","Galaxy Z TriFold Put Through a Brutal Fold Test — Here’s What Happened www.androidheadlines.com/2025/12/gala... #GalaxyZTriFold #Samsung #Android","2025-12-24T13:30:02.016Z","2025-12-24 13:30:02.016000+00:00","androidheadlines.bsky.social","1","0","at://did:plc:bi5xdpxmo6rhucofh7ygztwx/app.bsky.feed.post/3maqeo6udcs2a"
"Bluesky","galaxy fold","galaxy fold","Feed: ""Droid Life | Opinionated Android news."" By: Tim on Tuesday, December 23, 2025","2025-12-24T13:32:55.076445+00:00","2025-12-24 13:32:55.076445+00:00","longtail-news.bsky.social","0","0","at://did:plc:o6ggjvnj4ze3mnrpnv5oravg/app.bsky.feed.post/3maqetfq7652t"
"Bluesky","galaxy s","galaxy s","If you see this, post your favorite Star Wars character...","2025-12-24T13:47:29.828Z","2025-12-24 13:47:29.828000+00:00","keithroysdon.bsky.social","6","1","at://did:plc:go6ec27ime4ljetx4b2uohmy/app.bsky.feed.post/3maqfng536c2q"
"Bluesky","galaxy z","galaxy z","Samsung Galaxy Z TriFold、公約20万回折り曲げに対し耐久テストで14.4万回で主要機能に障害発生。高額な折りたたみスマホの耐久性の現実とは？詳細は記事で。 https://biggo.jp/news/202512241422_Galaxy-Z-TriFold-durability-test-falls-short #GalaxyZTriFold #折りたたみスマホ","2025-12-24T14:47:20+00:00","2025-12-24 14:47:20+00:00","techtrendsjp.bsky.social","0","0","at://did:plc:65rfrzfssqwps6p5pl74vggw/app.bsky.feed.post/3maqj2a7pdc2a"
"Bluesky","galaxy z","galaxy z","Samsung Z TriFold實測摺疊14.4萬次就故障，僅達官方承諾的72%，三折鉸鏈耐用度成隱憂。 https://biggo.com.tw/news/202512241422_Galaxy-Z-TriFold-durability-test-falls-short #SamsungGalaxyZTriFold #摺疊手機耐用度測試","2025-12-24T14:48:25+00:00","2025-12-24 14:48:25+00:00","biggo-news.bsky.social","0","0","at://did:plc:36mz5lutk7mmac4vdnijpd3x/app.bsky.feed.post/3maqj2fhk4q24"
"Bluesky","galaxy z","galaxy z","📣 Samsung's TriFold Thrills UAE Tech Enthusiasts Read our full article for the details. 👇 #DubaiNews #DubaiNewsFeed #Dubai","2025-12-24T15:30:50.085Z","2025-12-24 15:30:50.085000+00:00","dubainewsfeed.bsky.social","0","0","at://did:plc:j5hcjvv3bxmguktvswati5wu/app.bsky.feed.post/3maqlg7extw22"
"Bluesky","galaxy s","galaxy s","✨🪐Step into a universe where duty is a double-edged sword honed by passion. Love is not a battlefield—it is an entire galaxy. 💥🚀💖 egmanetti.com/the-twelve-s... #SFR #Romantasyy #RomanticSuspense","2025-12-24T15:38:12.687Z","2025-12-24 15:38:12.687000+00:00","egmanetti.bsky.social","2","0","at://did:plc:wjslgbyyn5hy23vh3ub6rsce/app.bsky.feed.post/3maqltfaz6s2a"
"Bluesky","galaxy z","galaxy z","Samsung Galaxy Z TriFold, menteşe dayanıklılık testinden sağ çıktı  Samsung’un üçe katlanabilen Galaxy Z TriFold prototipi, yayınlanan bir “işkence testi” videosuyla gündeme geldi. Videoda cihazın menteşesi sert baskılara, zorlama hareketlere ve tekrarlı açma-kapama testlerine maruz bırakılıyor.…","2025-12-24T15:45:40Z","2025-12-24 15:45:40+00:00","ercanceviz.bsky.social","0","0","at://did:plc:v7nvkhezqq33xrcgasafhbw4/app.bsky.feed.post/3maqmari5eb2o"
"Bluesky","galaxy s","galaxy s","Descobre quais dispositivos vão receber o One UI 8.5 O que precisas de saber (Resumo Rápido) A Samsung está a testar a atualização One UI 8.5 em vários modelos, incluindo dispositivos da gama Galaxy A, não se limitando apenas aos premium. A nova interface será lançada em fevereiro de 2026,…","2025-12-24T16:05:17Z","2025-12-24 16:05:17+00:00","hotnewspt.bsky.social","0","0","at://did:plc:hqb2daec6iyjtir72zebth5e/app.bsky.feed.post/3maqndtp6kk2j"
"Bluesky","galaxy s","galaxy s","Imagine a Galaxy Fold with a wide screen, merging the Flip 7's pocket size with the Fold 7's expansive utility.","2025-12-24T16:08:38.380Z","2025-12-24 16:08:38.380000+00:00","mustooguy.bsky.social","0","0","at://did:plc:h5qcaj2foepvyfbxh3k6l55l/app.bsky.feed.post/3maqnjsncjz2i"
"Bluesky","galaxy z","galaxy z","Samsung's Galaxy Z TriFold undergoes rigorous testing, showing hinge wear after 150,000 folds. A promising start for first-gen foldables! #GalaxyZTriFold #DurabilityTest #SamsungFoldables Link: thedailytechfeed.com/samsung-gala...","2025-12-24T16:26:02.188Z","2025-12-24 16:26:02.188000+00:00","thedailytechfeed.com","0","0","at://did:plc:mht5ub4ykjuoxpux77hikixt/app.bsky.feed.post/3maqoivyozt2c"
"Bluesky","galaxy z","galaxy z","O futuro da Samsung em 2025: vencedores ou perdedores? O que chegou de novo? A Samsung terminou 2025 com resultados mistos em sua linha de smartphones. Enquanto a série Galaxy S25 obteve vendas impressionantes, algumas variações, como o S25 Edge e o S25+, enfrentaram fracos desempenhos no mercado.…","2025-12-24T16:26:04Z","2025-12-24 16:26:04+00:00","hotnewspt.bsky.social","0","0","at://did:plc:hqb2daec6iyjtir72zebth5e/app.bsky.feed.post/3maqoizgdfj2t"
"Bluesky","galaxy z","galaxy z","Galaxy Z TriFold Dayanıklılık Testine Girdi Samsung’un teknoloji dünyasında büyük ses getiren ilk üçe katlanabilir telefonu Galaxy Z TriFold, merakla beklenen dayanıklılık testinden geçti. Güney Kore merkezli Omokgyo Electronics Shopping Mall tarafından gerçekleştirilen canlı yayında cihaz,…","2025-12-24T16:48:37Z","2025-12-24 16:48:37+00:00","ercanceviz.bsky.social","0","0","at://did:plc:v7nvkhezqq33xrcgasafhbw4/app.bsky.feed.post/3maqprdujx327"
"Bluesky","galaxy z","galaxy z","9to5Google より Galaxy Z Flip 8 could remain exclusive to Samsung’s Exynos 2600, report suggests Galaxy Z Flip 8はサムスンのExynos 2600に独占的に残る可能性があり、レポートは示唆","2025-12-24T17:17:43.347258+00:00","2025-12-24 17:17:43.347258+00:00","gigowat.bsky.social","0","0","at://did:plc:dwecjm5n7fyljcjk3vi7x5oa/app.bsky.feed.post/3maqrfdqlny2b"
"Bluesky","galaxy s","galaxy s","Galaxy A51 5G S-View Wallet Cover, White howl.link/4io0mj96mow5l  #ad","2025-12-24T17:21:16.035Z","2025-12-24 17:21:16.035000+00:00","connies4900.bsky.social","0","0","at://did:plc:7eq7t2c6754v4zkfzzs4tqvn/app.bsky.feed.post/3maqrlo5sxs2r"
"Bluesky","galaxy s","galaxy s","Galaxy A51 5G S-View Wallet Cover, White howl.link/4io0mj96mow5l  #ad","2025-12-24T17:21:50.650Z","2025-12-24 17:21:50.650000+00:00","connies4900.bsky.social","0","0","at://did:plc:7eq7t2c6754v4zkfzzs4tqvn/app.bsky.feed.post/3maqrmp66ok2r"
"Bluesky","galaxy s","galaxy s","If you add Twinkle's Galactic Tour to your wishlist on steam, you'll be giving me a nice xmas present <3 store.steampowered.com/app/3938440/...","2025-12-24T17:25:32.148Z","2025-12-24 17:25:32.148000+00:00","molegato.com","20","5","at://did:plc:dv5omyk4jtnk7dfqyrta73l2/app.bsky.feed.post/3maqrtcfuas23"
"Bluesky","galaxy s","galaxy s","I Don't Know What Christmas Is by Old 97's is from the Guardians of the Galaxy Holiday Special and it's hilllllaaaaarious","2025-12-24T17:32:45.936Z","2025-12-24 17:32:45.936000+00:00","glitchygore.bsky.social","1","0","at://did:plc:f5we3p4k7jq7pr2qsldnwp33/app.bsky.feed.post/3maqsaa3vgs2h"
"Bluesky","galaxy z","galaxy z","Galaxy Z Fold2 5G Thom Browne Edition howl.link/kf0onens6mwu8  #ad","2025-12-24T17:39:45.645Z","2025-12-24 17:39:45.645000+00:00","connies4900.bsky.social","0","0","at://did:plc:7eq7t2c6754v4zkfzzs4tqvn/app.bsky.feed.post/3maqsmqejg22r"
"Bluesky","galaxy s","galaxy s","We decided in chat that once Galaxy Quest comes out (and of course quickly becomes Steve's favorite movie of all time) he says ""By Hans Gruber 's Hammer"" specifically to annoy Dustin.","2025-12-24T17:51:27.732Z","2025-12-24 17:51:27.732000+00:00","queenofshenanigans.bsky.social","1","0","at://did:plc:x2jyl4fx4w4gjbwitdcxyxho/app.bsky.feed.post/3maqtbnwfds2c"
"Bluesky","galaxy z","galaxy z","In an 8-day livestream, the Galaxy Z TriFold device from Samsung reached around 150,000 folds before the hinge started losing its smooth motion and no longer opened and closed as easily, even though Samsung officially rates it for 200,000 folds in factory testing.","2025-12-24T18:01:07.697Z","2025-12-24 18:01:07.697000+00:00","mdgtech.substack.com","0","0","at://did:plc:43rq4wrwupoaqux44gks7z2k/app.bsky.feed.post/3maqtsx6wbz2k"
"Bluesky","galaxy s","galaxy s","Rumor: Samsung pode ressuscitar a S Pen em um novo Galaxy Z Fold mais largo A S Pen sumiu do Galaxy Z Fold 7 e até do Z TriFold, mas rumores quentes da Coreia do Sul dizem que ela vai voltar em um dobrável totalmente novo – e não no Galaxy Z Fold 8. A aposta? Um modelo book-style, mais largo,…","2025-12-24T18:19:55Z","2025-12-24 18:19:55+00:00","tecstudio.com.br","0","0","at://did:plc:mxjk6khoja4hmkpnxj4shki6/app.bsky.feed.post/3maquulhydi24"
"Bluesky","galaxy fold","galaxy fold","Samsung Working On Wider foldable phone as Apple’s iPhone Fold nears launch next year Samsung is working on a new foldable phone that could look very different from the Galaxy Fold models it sells today. According to a report from South Korean outlet ETNews, the company is developing a device…","2025-12-24T18:29:44Z","2025-12-24 18:29:44+00:00","blackfoxnews.bsky.social","0","0","at://did:plc:hdfytxixmjbkvub2y7wrggjo/app.bsky.feed.post/3maqvg5mesa2k"
"Bluesky","galaxy z","galaxy z","Physical games this year :>","2025-12-24T18:43:42.440Z","2025-12-24 18:43:42.440000+00:00","yipyap-fufu.bsky.social","72","4","at://did:plc:5fudjaxmc2cqll5aym5megir/app.bsky.feed.post/3maqw73ghds25"
"Bluesky","galaxy z","galaxy z","A phone that unfolds like an idea, reshaping how work and play can coexist in one hand. The Samsung Galaxy Z TriFold invites a new rhythm to daily life, balancing space, motion, and design.","2025-12-24T18:50:12.209Z","2025-12-24 18:50:12.209000+00:00","jorailaurenceo.com","1","0","at://did:plc:at7l6qthgkynocgwhe5dg3ue/app.bsky.feed.post/3maqwkp5fzc2z"
"Bluesky","galaxy s","galaxy s","S Pen ஆதரவு சாம்சங் மடிக்கக்கூடிய புத்தக பாணிக்கு திரும்பலாம், ஆனால் ஒரு கேட்ச் உள்ளது சாம்சங் Galaxy Z Fold 7 இல் S Pen ஆதரவைக் கைவிட்டது, அதன் முன்னோடியை விட மடிக்கக்கூடிய மெல்லியதாக மாற்றப்பட்டது (இது ஸ்டைலஸை ஆதரிக்கிறது), மேலும் இது மிகவும் பாராட்டத்தக்க சாதனையை அடைந்தது. தி மடிப்பு 7 உலகளவில்…","2025-12-24T19:14:43Z","2025-12-24 19:14:43+00:00","tamilthinkdaily.bsky.social","0","0","at://did:plc:xj7gfqpog4bhwn4swyyn4z7e/app.bsky.feed.post/3maqxwlarav2n"
"Bluesky","galaxy fold","galaxy fold","Feed: ""Android Headlines"" By: Kristijan Lucic on Wednesday, December 24, 2025","2025-12-24T19:21:09.832081+00:00","2025-12-24 19:21:09.832081+00:00","longtail-news.bsky.social","0","0","at://did:plc:o6ggjvnj4ze3mnrpnv5oravg/app.bsky.feed.post/3maqyc4jacq2n"
"Bluesky","galaxy z","galaxy z","Feed: ""Android Headlines"" By: Alexander Maxham on Wednesday, December 24, 2025","2025-12-24T19:22:14.623980+00:00","2025-12-24 19:22:14.623980+00:00","longtail-news.bsky.social","0","0","at://did:plc:o6ggjvnj4ze3mnrpnv5oravg/app.bsky.feed.post/3maqye2cyy62a"
"Bluesky","galaxy fold","galaxy fold","Galaxy Z TriFold、耐久テストで16万回以上折り曲げても画面は無事！ヒンジの経年変化も詳細に検証。2400米ドルの価値は？詳細なデータと比較表で解説。 https://biggo.jp/news/202512241921_Galaxy-Z-TriFold-160k-Fold-Stress-Test #GalaxyZTriFold #Samsung","2025-12-24T19:45:14+00:00","2025-12-24 19:45:14+00:00","techtrendsjp.bsky.social","0","0","at://did:plc:65rfrzfssqwps6p5pl74vggw/app.bsky.feed.post/3maqzn5bhez26"
"Bluesky","galaxy fold","galaxy fold","三星Z TriFold摺疊超過16萬次螢幕仍正常！鉸鏈磨損實測，2400美元值得嗎？ https://biggo.com.tw/news/202512241921_Galaxy-Z-TriFold-160k-Fold-Stress-Test #SamsungGalaxyZTriFold","2025-12-24T19:45:18+00:00","2025-12-24 19:45:18+00:00","biggo-news.bsky.social","0","0","at://did:plc:36mz5lutk7mmac4vdnijpd3x/app.bsky.feed.post/3maqznb3dv32u"
"Bluesky","galaxy s","galaxy s","washingtoncitypaper.com/article/7763... My previews of Teen-Beat Records night @ Galaxy Hut on 12-28; & Adobo DMV ‘s El Ano Viejo w/ Pedro Night dj’ing @ Fillmore Silver Spring 12-31 are included here on link","2025-12-24T19:45:32.966Z","2025-12-24 19:45:32.966000+00:00","dcsuburbanite.bsky.social","2","0","at://did:plc:2xtxfvbmqfdtyi5bdq3awyb3/app.bsky.feed.post/3maqzno2e6c26"
"Bluesky","galaxy fold","galaxy fold","I've used Samsung's Galaxy TriFold, but this upcoming model may be more enticing in 2026 A wide-screen Samsung Galaxy Fold phone would combine the pocketability of a Flip 7 and the versatility of a Fold 7. #hackernews #news #samsung","2025-12-24T20:02:40.546Z","2025-12-24 20:02:40.546000+00:00","hacker.at.thenote.app","0","0","at://did:plc:pcievrygrnjjg5ni7mjfgctb/app.bsky.feed.post/3mar2mce47c2o"
"Bluesky","galaxy s","galaxy s","Galaxy Z Fold6 S Pen Case, Navy howl.link/dvm3vp88uamvi  #ad","2025-12-24T20:05:00.265Z","2025-12-24 20:05:00.265000+00:00","connies4900.bsky.social","0","0","at://did:plc:7eq7t2c6754v4zkfzzs4tqvn/app.bsky.feed.post/3mar2qhbkkk2j"
"Bluesky","galaxy s","galaxy s","Galaxy Note20 Ultra 5G S-View Flip Cover, Bronze howl.link/5faefowi0p1t7  #ad","2025-12-24T20:14:01.609Z","2025-12-24 20:14:01.609000+00:00","connies4900.bsky.social","0","0","at://did:plc:7eq7t2c6754v4zkfzzs4tqvn/app.bsky.feed.post/3mar3alk6pk2j"
"Bluesky","galaxy s","galaxy s","Creativity is in my blood. I'm anaemic without it. My latest blog post is up 👇 (Free to read, no subscription or sign-up required) #EastCoastKin #blogs #photographers #writingcommunity #artistsofbluesky #creativity #digitalart #bloggers #madness  isabelcaves.wordpress.com/2025/12/25/c...","2025-12-24T20:16:52.751Z","2025-12-24 20:16:52.751000+00:00","isabelcaves.bsky.social","17","0","at://did:plc:cpoinr2v565km4ieintqb3wj/app.bsky.feed.post/3mar3foquos2t"
"Bluesky","galaxy z","galaxy z","Galaxy Buds Z Flip3 Cover, Green howl.link/69ud723wvli5v #ad","2025-12-24T20:19:43.453Z","2025-12-24 20:19:43.453000+00:00","connies4900.bsky.social","0","0","at://did:plc:7eq7t2c6754v4zkfzzs4tqvn/app.bsky.feed.post/3mar3krkctk2j"
"Bluesky","galaxy s","galaxy s","S Pen support could return to a book-style Samsung foldable, but there’s a catch #Technology #ConsumerTechnology #Other #SamsungFoldables #SPen #TechNews","2025-12-24T21:01:44.758Z","2025-12-24 21:01:44.758000+00:00","puretech.news","1","0","at://did:plc:rghsmk5gzlb7s2tv5olsc2jk/app.bsky.feed.post/3mar5vxbrq32f"
"Bluesky","galaxy fold","galaxy fold","Samsung’s Tri-Fold Gamble: How the Galaxy Z TriFold Became a Prestige Weapon Rather Than a Profit Machine Introduction: A Device Built to Make a Statement, Not Money Samsung’s Galaxy Z TriFold is not a phone that exists to dominate sales charts. It exists to send a message. In a market obsessed…","2025-12-24T21:16:47Z","2025-12-24 21:16:47+00:00","undercodenews.bsky.social","0","0","at://did:plc:p464uedvuxtzckhrm4pfwxa5/app.bsky.feed.post/3mar6quaecm2f"
"Bluesky","galaxy z","galaxy z","Droid Life より Galaxy Z TriFold Hinge Durability Tested on Livestream, Fails at Nearly 150K Folds Galaxy Z TriFold ヒンジの耐久性がライブストリームでテストされ、約150Kの折り畳みで失敗","2025-12-24T21:28:12.844634+00:00","2025-12-24 21:28:12.844634+00:00","gigowat.bsky.social","0","0","at://did:plc:dwecjm5n7fyljcjk3vi7x5oa/app.bsky.feed.post/3mar7faywi62v"
"Bluesky","galaxy s","galaxy s","Galaxy Watch Sport Band, S/M, Beige howl.link/ocfw698xr2mqy   #ad","2025-12-24T21:56:36.839Z","2025-12-24 21:56:36.839000+00:00","connies4900.bsky.social","0","0","at://did:plc:7eq7t2c6754v4zkfzzs4tqvn/app.bsky.feed.post/3maraxzmtkk2j"
"Bluesky","galaxy z","galaxy z","Feed: ""Stuff"" By: Chris Smith on Wednesday, December 24, 2025","2025-12-24T22:03:31.279200+00:00","2025-12-24 22:03:31.279200+00:00","longtail-news.bsky.social","0","0","at://did:plc:o6ggjvnj4ze3mnrpnv5oravg/app.bsky.feed.post/3marbegy2cx2k"
"Bluesky","galaxy z","galaxy z","Feed: ""Latest from T3 in News"" By: Chris Hall on Wednesday, December 24, 2025","2025-12-24T22:47:46.536729+00:00","2025-12-24 22:47:46.536729+00:00","longtail-news.bsky.social","0","0","at://did:plc:o6ggjvnj4ze3mnrpnv5oravg/app.bsky.feed.post/3mardtlfska2a"
"Bluesky","galaxy z","galaxy z","Samsung’un Üçe Katlanan Telefonu Dayanıklılık Testinde! Samsung’un uzun süredir gündemde olan üçe katlanabilir akıllı telefonu Galaxy Z TriFold, kısa süre önce tanıtılarak piyasaya sürüldü. Yenilikçi olmasıyla teknoloji dünyasında büyük ilgi uyandıran cihaz, özellikle üçe katlanabilen yapısıyla…","2025-12-24T22:48:27Z","2025-12-24 22:48:27+00:00","ercanceviz.bsky.social","0","0","at://did:plc:v7nvkhezqq33xrcgasafhbw4/app.bsky.feed.post/3mardursbjo22"
"Bluesky","galaxy z","galaxy z","Galaxy Z Flip4 256GB (Unlocked) howl.link/kf0onens6mwu8   #ad","2025-12-24T23:48:01.845Z","2025-12-24 23:48:01.845000+00:00","connies4900.bsky.social","0","0","at://did:plc:7eq7t2c6754v4zkfzzs4tqvn/app.bsky.feed.post/3marh7awwsc2j"
"Bluesky","galaxy z","galaxy z","A multiwavelength study of an early galaxy group merger in COSMOS revealed by two tailed radio galaxies at z = 0.35. Paula Vulić et. al. https://arxiv.org/abs/2512.19792","2025-12-25T00:52:53.988Z","2025-12-25 00:52:53.988000+00:00","astroarxiv.bsky.social","0","0","at://did:plc:32r7scd5hucgv552zjfuaigc/app.bsky.feed.post/3marktaursq2m"
"Bluesky","galaxy s","galaxy s","Quantifying the Fermi paradox via passive SETI: a general framework. Matthew Civiletti https://arxiv.org/abs/2505.00062","2025-12-25T01:25:22.983Z","2025-12-25 01:25:22.983000+00:00","astroarxiv.bsky.social","0","0","at://did:plc:32r7scd5hucgv552zjfuaigc/app.bsky.feed.post/3marmndl3uw22"
"Bluesky","galaxy z","galaxy z","howl.link/j7le45wgeqbx9 #ad","2025-12-25T01:30:52.246Z","2025-12-25 01:30:52.246000+00:00","connies4900.bsky.social","0","0","at://did:plc:7eq7t2c6754v4zkfzzs4tqvn/app.bsky.feed.post/3marmx5inys2j"
"Bluesky","galaxy z","galaxy z","Galaxy Z Flip6 Silicone Case, Mint howl.link/03ihh2phnbpq0  #ad","2025-12-25T01:35:18.120Z","2025-12-25 01:35:18.120000+00:00","connies4900.bsky.social","0","0","at://did:plc:7eq7t2c6754v4zkfzzs4tqvn/app.bsky.feed.post/3marn732ilc2j"
"Bluesky","galaxy s","galaxy s","NASA Astronomy Hourly Picture - 2010-04-03: NGC 602 and Beyond #Astronomy #NASA #Space","2025-12-25T02:20:05.942368Z","2025-12-25 02:20:05.942368+00:00","nasadailypicbot.bsky.social","7","3","at://did:plc:a4rncxtx6abz2p5j7iqqioup/app.bsky.feed.post/3marpp7ukio2k"
"Bluesky","galaxy s","galaxy s","A galaxy with non-smooth features, observed with the Hubble Space Telescope in the GOODS-S-FULLDEPTH survey. It is at redshift 0.34 (lookback time 3.91 billion years) with coordinates (53.18783, -27.79404). 40 volunteers classified this galaxy in Galaxy Zoo: Hubble.","2025-12-25T04:01:25.333581+00:00","2025-12-25 04:01:25.333581+00:00","allthegalaxies.galaxyzoo.org","17","2","at://did:plc:3uogztpu7svvebkixxsxo4or/app.bsky.feed.post/3marvef4jdb2k"
"Bluesky","galaxy z","galaxy z","Your chances of owning a Samsung Galaxy Z TriFold in 2026 are between slim and none ift.tt/bPiLfJX","2025-12-25T04:13:01.374Z","2025-12-25 04:13:01.374000+00:00","stufftv.bsky.social","0","0","at://did:plc:i7ggc752rvsw2rtdzp4pawsw/app.bsky.feed.post/3marvz3wsjd2h"
"Bluesky","galaxy s","galaxy s","Readathon update!  I definitely have not managed to read every day cause this month has been obscenely busy, but I'm doing my best 🩷 On track to have read every winning title except RCBG, cause I want to read Estro Junkies blind this spring. #DecemberTransReadathon","2025-12-25T05:06:33.330Z","2025-12-25 05:06:33.330000+00:00","thetransfemininereview.com","11","1","at://did:plc:a3ifpbp74ln32mve7tcwv764/app.bsky.feed.post/3maryyt3rvk2b"
"Bluesky","galaxy s","galaxy s","Galaxy Z Fold6 S Pen Case, Pink  howl.link/fwq4g9jcrrik1  #ad","2025-12-25T05:08:34.595Z","2025-12-25 05:08:34.595000+00:00","connies4900.bsky.social","0","0","at://did:plc:7eq7t2c6754v4zkfzzs4tqvn/app.bsky.feed.post/3marz4gqwgc2j"
"Bluesky","galaxy z","galaxy z","Galaxy Z TriFold is Probably Durable Enough, Hinge Gives Way After 150,000 Folds in Torture Test Galaxy Z TriFold durability tested—hinge issues emerge before 150,000 folds, short of Samsung’s 200K promise. Details: www.techticia.com/2025/12/gala...","2025-12-25T05:14:08.303Z","2025-12-25 05:14:08.303000+00:00","techticia.bsky.social","0","0","at://did:plc:ggftwcrb3jxn4uuxvtorqeup/app.bsky.feed.post/3marzgeyjgc2v"
"Bluesky","galaxy z","galaxy z","howl.link/xharsddfbtlre   #ad","2025-12-25T05:47:05.940Z","2025-12-25 05:47:05.940000+00:00","connies4900.bsky.social","0","0","at://did:plc:7eq7t2c6754v4zkfzzs4tqvn/app.bsky.feed.post/3mas3bcyxqk2j"
"Bluesky","galaxy z","galaxy z","Galaxy Z TriFold Dayanıklılık Testinde: Sonuçlar Şaşırttı! Samsung’un iki menteşeli ve üç bölümlü ekranıyla dikkat çeken yeni katlanabilir telefonu, teknoloji dünyasının en çok merak edilen konularından biri olan Galaxy Z TriFold dayanıklılık testi ile mercek altına alındı. Peki, bu iddialı…","2025-12-25T06:04:42Z","2025-12-25 06:04:42+00:00","ercanceviz.bsky.social","0","0","at://did:plc:v7nvkhezqq33xrcgasafhbw4/app.bsky.feed.post/3mas4atmdh42a"
"Bluesky","galaxy z","galaxy z","Spen could be back Samsung is testing Galaxy Z Fold8 series prototypes with Spen support","2025-12-25T06:27:58.635Z","2025-12-25 06:27:58.635000+00:00","thegalox.bsky.social","2","0","at://did:plc:hy4qwcimtts4ipdgn2rwqezs/app.bsky.feed.post/3mas5kg2yw22l"
"Bluesky","galaxy s","galaxy s","The Old 97's covered it in the Guardians of the Galaxy Christmas Special: www.youtube.com/watch?v=97NL...","2025-12-25T06:58:07.051Z","2025-12-25 06:58:07.051000+00:00","jason.maltzen.org","4","0","at://did:plc:xaawp63j4ewth6f2uahreyvj/app.bsky.feed.post/3mas7acpcck2u"
"Bluesky","galaxy fold","galaxy fold","Here's how the iPhone Fold's screens compare to the upcoming wide Samsung Galaxy Z Fold - https://www.gsmarena.com/heres_how_the_iphone_folds_screens_compare_to_the_upcoming_wide_samsung_galaxy_z_fold-news-70851.php","2025-12-25T07:39:06.019Z","2025-12-25 07:39:06.019000+00:00","gsmarena-poster.bsky.social","1","0","at://did:plc:t6dygygdpdbmpcunuv735suq/app.bsky.feed.post/3masbjm2xzw2v"
"Bluesky","galaxy fold","galaxy fold","O segredo das telas: iPhone Fold vs Samsung Galaxy Z Fold O que chegou de novo? Um novo rumor surgido do conhecido informante Ice Universe contradiz as dimensões do iPhone Fold apresentadas por esquemas CAD divulgados recentemente. Segundo informações, o iPhone Fold terá um ecrã interno dobrável…","2025-12-25T07:41:23Z","2025-12-25 07:41:23+00:00","hotnewspt.bsky.social","0","0","at://did:plc:hqb2daec6iyjtir72zebth5e/app.bsky.feed.post/3masbnq3hoz2a"
"Bluesky","galaxy z","galaxy z","Samsung’s brand new Galaxy Z TriFold form factor has arrived and, of course, one of the big questions around it...","2025-12-25T08:51:37.625597+00:00","2025-12-25 08:51:37.625597+00:00","technology-news.bsky.social","1","0","at://did:plc:fsftz5ue2bvlvkb6zx2bqdnh/app.bsky.feed.post/3masflbuggt27"
"Bluesky","galaxy s","galaxy s","Good Lock's QuickStar has been updated to support One UI 8.5! #Samsung #Galaxy #OneUI85 #TeamGalaxy #GalaxyAI #TeamSamsung #TechNews #TechUpdates #GalaxyS25 #GoodLock #QuickStar","2025-12-25T10:04:04Z","2025-12-25 10:04:04+00:00","aptivi.bsky.social","1","0","at://did:plc:6txdndyx4f42htjp3zbswx3x/app.bsky.feed.post/3masjmwvohr23"
"Bluesky","galaxy note","galaxy note","Season's Greetings with the Prog galaxy: discs, books, magazines, concerts, merchandise #Prog #progressiverock #christmas2025 – ALL OFFERS HERE: noteprogressive.horizonsradio.it/2024/12/24/f...","2025-12-25T10:13:33.076Z","2025-12-25 10:13:33.076000+00:00","noteprogressive.bsky.social","2","0","at://did:plc:cgdgsm3p4veijqcnys4o6uc6/app.bsky.feed.post/3mask5rj7l22m"
"Bluesky","galaxy s","galaxy s","Uvijek je lijepo uživati u mirnim trenucima koje donosi Božić i raspoloženje novimilenij.eu/index.php/pa... #Samsung_Galaxy_FE #Samsung_FE_Fan_Edition #Buds3_FE #S25_FE_Series","2025-12-25T11:21:16.993Z","2025-12-25 11:21:16.993000+00:00","cobrettizagreb.bsky.social","0","0","at://did:plc:ya3f2itgx75rpgbjetj7hjq7/app.bsky.feed.post/3masnwvivb52g"
"Bluesky","galaxy note","galaxy note","My Christmas horde! I got a few gifts from my family, and one from Zef. Zef got me the one thing that wasn't chocolate, lol.","2025-12-25T11:24:33.104Z","2025-12-25 11:24:33.104000+00:00","faetana.bsky.social","3","0","at://did:plc:rbqhd52irz4uajyvdstf7roc/app.bsky.feed.post/3maso4q6z4k2e"
"Bluesky","galaxy s","galaxy s","He's been.","2025-12-25T11:24:37.869Z","2025-12-25 11:24:37.869000+00:00","mmortah.bsky.social","13","0","at://did:plc:d3lwceulki75muypziufwxjx/app.bsky.feed.post/3maso4uqt522f"
"Bluesky","galaxy fold","galaxy fold","Samsung Wide Fold Tasarımı Sızdı: iPhone Fold Rakibi Şekilleniyor Samsung katlanabilir telefon pazarındaki liderliğini korumak ve Apple cephesinden gelecek ilk iPhone Fold hamlesine cevap vermek için hazırlıklarını sürdürüyor. Şirketin üzerinde çalıştığı yeni geniş ekranlı katlanabilir modelin…","2025-12-25T11:31:44Z","2025-12-25 11:31:44+00:00","ercanceviz.bsky.social","0","0","at://did:plc:v7nvkhezqq33xrcgasafhbw4/app.bsky.feed.post/3masojmzflf2h"
"Bluesky","galaxy fold","galaxy fold","Feed: ""Droid Life | Opinionated Android news."" By: Tim on Wednesday, December 24, 2025","2025-12-25T12:31:45.978559+00:00","2025-12-25 12:31:45.978559+00:00","longtail-news.bsky.social","0","0","at://did:plc:o6ggjvnj4ze3mnrpnv5oravg/app.bsky.feed.post/3masruybgz324"
"Bluesky","galaxy s","galaxy s","Samsung Galaxy S26 Series Expected to Launch in February 2026: Date, Specs, Camera Upgrades, Pricing, and What to Expect Introduction: Samsung’s Next Flagship Cycle Comes Into Focus Samsung’s Galaxy S lineup has long set the tone for the Android flagship market, and early reports suggest the…","2025-12-25T12:33:07Z","2025-12-25 12:33:07+00:00","undercodenews.bsky.social","0","0","at://did:plc:p464uedvuxtzckhrm4pfwxa5/app.bsky.feed.post/3masrxf7tgy2v"
"Bluesky","galaxy s","galaxy s","A clumpy galaxy, observed with the Hubble Space Telescope in the GOODS-S-FULLDEPTH survey. It is at redshift 0.68 (lookback time 6.39 billion years) with coordinates (53.20918, -27.93122). 40 volunteers classified this galaxy in Galaxy Zoo: Hubble.","2025-12-25T13:35:39.082105+00:00","2025-12-25 13:35:39.082105+00:00","allthegalaxies.galaxyzoo.org","48","6","at://did:plc:3uogztpu7svvebkixxsxo4or/app.bsky.feed.post/3masvh5xtg52y"
"Bluesky","galaxy z","galaxy z","[TECH] Spesifikasi dan Harga Samsung Galaxy Z TriFold, Layar Lebih Luas!","2025-12-25T13:47:34Z","2025-12-25 13:47:34+00:00","fortuneidn.bsky.social","0","0","at://did:plc:iwentsped2erdpszlvmejgn6/app.bsky.feed.post/3masw4imwm62a"
"Bluesky","galaxy s","galaxy s","Ketzgryf = Cancels the holidays, throws a major gala in his own name. It's quite the spectacle, just ignore the literal torture going on down the hall from the ballroom Allichia = Either: -Drunk on whiskey -Her real self is eating another galaxy -Watching Home Alone 2's apartment scene on repeat","2025-12-25T13:55:26.501Z","2025-12-25 13:55:26.501000+00:00","raixsarinsolhart.bsky.social","3","0","at://did:plc:cwms4wkmva3mdl75a2djq2mr/app.bsky.feed.post/3maswkk6t3c2w"
"Bluesky","galaxy z","galaxy z","Samsung's Galaxy Z TriFold and Huawei's Mate XT, part of a new category of phones called ""trifolds,"" offer diverging experiences when it comes to using them.","2025-12-25T15:59:06Z","2025-12-25 15:59:06+00:00","cnet.com","0","0","at://did:plc:opwy3eh6o4dxfs4xelniiahy/app.bsky.feed.post/3mat5hocqzd22"
"Bluesky","galaxy fold","galaxy fold","Xiaomi is currently acting as a vanguard by hiking the launch price of the Xiaomi 17 Ultra by 10 percent, with Samsung and Apple to follow.","2025-12-25T16:54:38.710733+00:00","2025-12-25 16:54:38.710733+00:00","technology-news.bsky.social","1","0","at://did:plc:fsftz5ue2bvlvkb6zx2bqdnh/app.bsky.feed.post/3matakyezsg2m"
"Bluesky","galaxy fold","galaxy fold","9to5Google より Galaxy Z Fold 7 and Pixel Watch 4 were my favorite products of 2025 – what about you? Galaxy Z Fold 7 と Pixel Watch 4 は 2025 年の私のお気に入りの製品でした。","2025-12-25T17:09:31.114392+00:00","2025-12-25 17:09:31.114392+00:00","gigowat.bsky.social","0","0","at://did:plc:dwecjm5n7fyljcjk3vi7x5oa/app.bsky.feed.post/3matbflsrbi2b"
"Bluesky","galaxy s","galaxy s","Merry Christmas night everyone. We have eaten our body weight in food and chocolate. We are now watching Galaxy Quest. Never give up never surrender #Resisters! Be assured there will be fizz and cake.","2025-12-25T17:41:11.459Z","2025-12-25 17:41:11.459000+00:00","lizcrosbie.bsky.social","6","0","at://did:plc:uukph2nd42aisskw4rgzopw3/app.bsky.feed.post/3matd67odxk2o"
"Bluesky","galaxy z","galaxy z","Galaxy Z TriFold has failed the  JerryRigEverything durability test Surprisingly the fail point was an antenna line and not the hinges","2025-12-25T17:42:18.761Z","2025-12-25 17:42:18.761000+00:00","thegalox.bsky.social","5","0","at://did:plc:hy4qwcimtts4ipdgn2rwqezs/app.bsky.feed.post/3matda7u2pk2e"
"Bluesky","galaxy s","galaxy s","youtu.be/s-LR3dHrpyI?...","2025-12-25T17:47:53.103Z","2025-12-25 17:47:53.103000+00:00","koumax.bsky.social","4","2","at://did:plc:eo7a2zlkiqagou5kj3snnim3/app.bsky.feed.post/3matdk6p7os2g"
"Bluesky","galaxy note","galaxy note","Đây là chiếc điện thoại Xiaomi giá hơn 6 triệu đáng mua nhất, camera xịn như Galaxy S25 Ultra Cầm hơn 6 triệu rinh ngay điện thoại Xiaomi có camera 200MP, pin khủng, sạc nhanh đe dọa cả Galaxy S25 Ultra. Ra mắt cách đây gần 2 năm, Redmi Note 13 Pro 5G hiện vẫn là cái tên nổi bật bậc nhất trong…","2025-12-25T18:04:22Z","2025-12-25 18:04:22+00:00","raisewill8488.bsky.social","0","0","at://did:plc:nbpuoxjqisx6dfs7hvr3jlrz/app.bsky.feed.post/3matehpjrmt2m"
"Bluesky","galaxy s","galaxy s","New year Sales Samsung Galaxy A23 Peach, 6GB RAM, 128GB Storage with No Cos… From the manufacturer Samsung Galaxy A23 Peach The Galaxy A23's Ambient Edge design connects the camera with the body seamlessly with simple but refined curves. The slim and symmetric Galaxy A23 comes in Black, White,…","2025-12-25T18:43:44Z","2025-12-25 18:43:44+00:00","bhulekhup.bsky.social","0","0","at://did:plc:qkj6rzqlkyicthgrcf6db7qj/app.bsky.feed.post/3matgo3rrsw2w"
"Bluesky","galaxy s","galaxy s","Exynos 2600 dá pontapé para GPU 100% Samsung; arquitetura própria chega em 2027 Depois de anos recorrendo à AMD para turbinar os gráficos dos Galaxy S, a Samsung finalmente acelera o desenvolvimento da sua própria GPU. O Exynos 2600 estreia o Xclipse 960 projetado internamente e, segundo o post no…","2025-12-25T18:45:07Z","2025-12-25 18:45:07+00:00","tecstudio.com.br","0","0","at://did:plc:mxjk6khoja4hmkpnxj4shki6/app.bsky.feed.post/3matgqlgvv32a"
"Bluesky","galaxy fold","galaxy fold","MacRumors より Samsung Developing 'Wide Fold' With iPhone Fold-Like Design Ahead of Apple's 2026 Launch サムスンは、Appleの2026ローンチ前にiPhoneの折り畳みのようなデザインで「Wide Fold」を開発","2025-12-25T18:57:16.933318+00:00","2025-12-25 18:57:16.933318+00:00","gigowat.bsky.social","0","0","at://did:plc:dwecjm5n7fyljcjk3vi7x5oa/app.bsky.feed.post/3mathgc373f2b"
"Bluesky","galaxy note","galaxy note","My family gets me. They really get me.  I don’t think I had fully grasped the size of a Galaxy Class starship—3,600 pieces! Consequently, this was a combined Christmas & birthday gift, with multiple gifters. Much fun will be had. Note: the communicator was a stocking stuffer/foreshadowing.","2025-12-25T19:01:10.957Z","2025-12-25 19:01:10.957000+00:00","davidcolarusso.com","47","0","at://did:plc:gwo6arpcklxtjselze5ftmd4/app.bsky.feed.post/3mathnateqs2f"
"Bluesky","galaxy s","galaxy s","Ah yeah, the other place.","2025-12-25T19:05:43.323Z","2025-12-25 19:05:43.323000+00:00","lizzy3d.bsky.social","1","0","at://did:plc:l4cu7hzddju6nu6pak3z2qm2/app.bsky.feed.post/3mathvekzfs2e"
"Bluesky","galaxy z","galaxy z","Galaxy Z TriFold suffers horrific defeat in durability test; there’s just more to break Unlike its less impressive successor, the Galaxy Z TriFold just can’t stand up to the same sort of bend a... #News Origin | Interest | Match","2025-12-25T19:34:34.000Z","2025-12-25 19:34:34+00:00","android.activitypub.awakari.com.ap.brid.gy","0","0","at://did:plc:etkadjdby46s2skc4shoxp6q/app.bsky.feed.post/3matmoz52y3w2"
"Bluesky","galaxy fold","galaxy fold","Galaxy Z TriFold suffers horrific defeat in durability test; there’s just more to break","2025-12-25T19:36:12Z","2025-12-25 19:36:12+00:00","9to5google.com","5","1","at://did:plc:4z4m44eu62tzlmkqxfkkhagt/app.bsky.feed.post/3matjlvnlyt2k"
"Bluesky","galaxy z","galaxy z","Samsung Galaxy Z TriFold、独立テストでヒンジ耐久性が公式主張の約14万回で「弾力性」喪失。曲げ試験も不合格という衝撃の結果。詳細は記事で。 https://biggo.jp/news/202512251920_Galaxy-Z-TriFold-Fails-Bend-Test-Hinge-Durability-Short #GalaxyZTriFold #Samsung","2025-12-25T19:45:05+00:00","2025-12-25 19:45:05+00:00","techtrendsjp.bsky.social","0","0","at://did:plc:65rfrzfssqwps6p5pl74vggw/app.bsky.feed.post/3matk3scykw2o"
"Bluesky","galaxy z","galaxy z","Samsung三折機實測翻車！鉸鏈14.4萬次就壞，還過不了彎曲測試😱 https://biggo.com.tw/news/202512251920_Galaxy-Z-TriFold-Fails-Bend-Test-Hinge-Durability-Short #SamsungGalaxyZTriFold #GalaxyZTriFold","2025-12-25T19:45:10+00:00","2025-12-25 19:45:10+00:00","biggo-news.bsky.social","0","0","at://did:plc:36mz5lutk7mmac4vdnijpd3x/app.bsky.feed.post/3matk3wwf4326"
"Bluesky","galaxy s","galaxy s","Galaxy in danger.","2025-12-25T19:49:38.347Z","2025-12-25 19:49:38.347000+00:00","bennske-urameshi.myatproto.social","1","0","at://did:plc:pg447eq3a6si4ulvtc4g7pdn/app.bsky.feed.post/3matkdvjk2k2d"
"Bluesky","galaxy z","galaxy z","9to5Google より Galaxy Z TriFold suffers horrific defeat in durability test; there’s just more to break Galaxy Z TriFoldは耐久性試験でひどい敗北を喫し、破損するだけの余地があります","2025-12-25T19:55:27.370440+00:00","2025-12-25 19:55:27.370440+00:00","gigowat.bsky.social","0","0","at://did:plc:dwecjm5n7fyljcjk3vi7x5oa/app.bsky.feed.post/3matkocsny42j"
"Bluesky","galaxy fold","galaxy fold","In JerryRigEverything’s test, the TriFold crumples from a single bend the wrong way, with pixels dying and a hinge snapping, and it also struggles with dust and “pocket sand,” unlike the tougher Galaxy Z Fold 7, even though lab tests showed it surviving over 150,000 folds.","2025-12-25T20:00:05.754Z","2025-12-25 20:00:05.754000+00:00","mdgtech.substack.com","0","0","at://did:plc:43rq4wrwupoaqux44gks7z2k/app.bsky.feed.post/3matkwlzlff2n"
"Bluesky","galaxy z","galaxy z","Samsung Holiday Deals: Galaxy Z Fold7, Watch8, S25 Ultra, and S95F OLED TV Discounts As the holiday season unfolds, Samsung is rolling out some of its most enticing deals yet, offering tech enthusiasts a chance to grab flagship gadgets at reduced prices. From cutting-edge foldable phones to…","2025-12-25T20:01:08Z","2025-12-25 20:01:08+00:00","undercodenews.bsky.social","0","0","at://did:plc:p464uedvuxtzckhrm4pfwxa5/app.bsky.feed.post/3matkyjfyoj2f"
"Bluesky","galaxy z","galaxy z","Samsung’s Holiday Surprises: Galaxy Z Fold7, Watch8, S25 Ultra, S95F OLED TV and One UI 85 Beta Insights As the holiday season unfolds, Samsung is not just offering festive deals but also hinting at exciting software updates for its devices. From premium foldables to mid-range smartphones, the…","2025-12-25T20:03:47Z","2025-12-25 20:03:47+00:00","undercodenews.bsky.social","0","0","at://did:plc:p464uedvuxtzckhrm4pfwxa5/app.bsky.feed.post/3matl5ahfrr2g"
"Bluesky","galaxy z","galaxy z","Samsung’s Holiday Deals Are Here: Galaxy Z Fold7, Watch8, S25 Ultra & S95F OLED TV Discounts The holiday season just got a lot brighter for tech enthusiasts in the United Kingdom. Samsung has rolled out a series of compelling promotions on its latest devices, ranging from foldable phones to…","2025-12-25T20:03:48Z","2025-12-25 20:03:48+00:00","undercodenews.bsky.social","0","0","at://did:plc:p464uedvuxtzckhrm4pfwxa5/app.bsky.feed.post/3matl5bcgwl2x"
"Bluesky","galaxy fold","galaxy fold","Are foldable phones the future or a fad?","2025-12-25T20:06:34Z","2025-12-25 20:06:34+00:00","gizchinacom.bsky.social","0","0","at://did:plc:s3ejxmymusvlp4ugsyo6mvnx/app.bsky.feed.post/3matlc725qt24"
"Bluesky","galaxy s","galaxy s","@oranguin.bsky.social 's Jojo the Togetc wishes you a Merry Christmas~ #pokemon #art #fanart","2025-12-25T20:33:01.354Z","2025-12-25 20:33:01.354000+00:00","blazetbw.bsky.social","24","7","at://did:plc:r3uh2wnaaomqz32dxz45bokh/app.bsky.feed.post/3matmrhxoks23"
"Bluesky","galaxy z","galaxy z","This video puts the Galaxy Z TriFold's durability to the test, and it doesn't end well Samsung's first tri-folding phone proved extremely fragile under pressure, especially during the r... #Samsung #Galaxy #Phones Origin | Interest | Match","2025-12-25T20:47:15.000Z","2025-12-25 20:47:15+00:00","android.activitypub.awakari.com.ap.brid.gy","0","0","at://did:plc:etkadjdby46s2skc4shoxp6q/app.bsky.feed.post/3matq6o7fae52"
"Bluesky","galaxy z","galaxy z","Samsung's Galaxy Z TriFold and Huawei's Mate XT, part of a new category of phones called ""trifolds,"" offer diverging experiences when it comes to using them.","2025-12-25T20:56:32.096254+00:00","2025-12-25 20:56:32.096254+00:00","technology-news.bsky.social","1","0","at://did:plc:fsftz5ue2bvlvkb6zx2bqdnh/app.bsky.feed.post/3mato3jgi6a2f"
"Bluesky","galaxy s","galaxy s","Galaxy S22 Ultra S Pen Replacement, Black  howl.link/qg0tyiudfjua7 #ad","2025-12-25T21:29:04.556Z","2025-12-25 21:29:04.556000+00:00","connies4900.bsky.social","0","0","at://did:plc:7eq7t2c6754v4zkfzzs4tqvn/app.bsky.feed.post/3matpvpduxk2j"
"Bluesky","galaxy z","galaxy z","New England Patriots Galaxy Z Flip6 Flipsuit howl.link/zx268f802m9n1  #ad","2025-12-25T21:36:11.497Z","2025-12-25 21:36:11.497000+00:00","connies4900.bsky.social","0","0","at://did:plc:7eq7t2c6754v4zkfzzs4tqvn/app.bsky.feed.post/3matqcgizlc2j"
"Bluesky","galaxy z","galaxy z","Android Central より This video puts the Galaxy Z TriFold's durability to the test, and it doesn't end well このビデオは、Galaxi Z TriFoldの耐久性をテストし、うまく終わりません","2025-12-25T23:07:06.532448+00:00","2025-12-25 23:07:06.532448+00:00","gigowat.bsky.social","0","0","at://did:plc:dwecjm5n7fyljcjk3vi7x5oa/app.bsky.feed.post/3matvezbo6w24"
"Bluesky","galaxy s","galaxy s","Very interesting. There are reports that BOE displays from China could be used in Samsung’s top-tier Galaxy S-series lineup.","2025-12-25T23:08:09.401561+00:00","2025-12-25 23:08:09.401561+00:00","fintwitter.bsky.social","0","0","at://did:plc:43fdk46qa5gsokzygzildsaq/app.bsky.feed.post/3matvgv6geb2j"
"Bluesky","galaxy z","galaxy z","games haul for this christmas (incl. gift card purchases n things) mario galaxy 1+2 (switch, physical) pokemon legends z-a (switch, physical) final fantasy tactics (switch, physical) planet zoo + 2 dlcs (steam, digital) p good i think","2025-12-25T23:08:20.165Z","2025-12-25 23:08:20.165000+00:00","socalhky.bsky.social","0","0","at://did:plc:p2juwqpfbqp3xs5ucqsat53z/app.bsky.feed.post/3matvh72mfk2p"
"Bluesky","galaxy z","galaxy z","I got 8 Games for Christmas and Switch Games which includes: Sonic Superstars, Party Arcade, The Super Mario Galaxy Games, Splatoon 3, Marsupilami Hoobadventure, Detective Pikachu Returns, Pokemon Legends Z-A, and Kirby and the Forgotten Lands","2025-12-25T23:12:55.116Z","2025-12-25 23:12:55.116000+00:00","yoshifan1993.bsky.social","3","1","at://did:plc:ma43gfhtt6fz4htawmp7fffe/app.bsky.feed.post/3matvpfbm4k2n"
"Bluesky","galaxy z","galaxy z","Samsung's Galaxy Z TriFold faces the ultimate durability test Things get crunchy Samsung's next big thing, the Galaxy Z TriFold finally made its debut, but has yet to make a real splash sin... #Samsung #Galaxy #Z #TriFold #durability #test #Phones #durability #test Origin | Interest | Match","2025-12-25T23:28:17.000Z","2025-12-25 23:28:17+00:00","android.activitypub.awakari.com.ap.brid.gy","0","0","at://did:plc:etkadjdby46s2skc4shoxp6q/app.bsky.feed.post/3matxoxlin2w2"
"Bluesky","galaxy z","galaxy z","#Frisshírek #Hírek #Tech Samsung Galaxy Z TriFold: direkt keveset akar a cég eladni belőle?","2025-12-25T23:50:09Z","2025-12-25 23:50:09+00:00","badsector-thegeek.bsky.social","0","0","at://did:plc:i3mdi6qcroph6scrsy2bhvcc/app.bsky.feed.post/3matxrylgco2m"
"Bluesky","galaxy z","galaxy z","#Hotnews #News #Tech Samsung Galaxy Z TriFold: Does the Company Deliberately Want to Sell Fewer Units?: TECH NEWS – The South Korean tech giant is more concerned about its brand image and the durability of its devices than about profit.   The Galaxy Z TriFold introduces a new format that won’t…","2025-12-25T23:50:13Z","2025-12-25 23:50:13+00:00","badsector-thegeek.bsky.social","0","0","at://did:plc:i3mdi6qcroph6scrsy2bhvcc/app.bsky.feed.post/3matxs4eciz2i"
"Bluesky","galaxy z","galaxy z","Samsung’s Ambitious Galaxy Z TriFold Phone Faces a Harsh Reality in Durability Testing In the latest installment of JerryRigEverything’s durability tests, Zach Nelson put Samsung’s Galaxy Z TriFold through the wringer. This extremely cool device folds twice to change a 10-inch tablet into a super…","2025-12-25T23:52:02Z","2025-12-25 23:52:02+00:00","newsnexttech.bsky.social","0","0","at://did:plc:smx4mdvydvulspyzksgizf4j/app.bsky.feed.post/3matxvfiuqy2p"
"Bluesky","galaxy z","galaxy z","Samsung’s Ambitious Galaxy Z TriFold Phone Faces a Harsh Reality in Durability Testing In the latest installment of JerryRigEverything’s durability tests, Zach Nelson put Samsung’s Galaxy Z TriFold through the wringer. This extremely cool device folds twice to change a 10-inch tablet into a super…","2025-12-25T23:52:27Z","2025-12-25 23:52:27+00:00","monikawalker.bsky.social","0","0","at://did:plc:zqajbwp7dw6i5may4s3qlstb/app.bsky.feed.post/3matxw546zu22"
"Bluesky","galaxy z","galaxy z","#Flashinfos #Infos #Tech Samsung Galaxy Z TriFold: la marque avant le volume?","2025-12-25T23:56:14Z","2025-12-25 23:56:14+00:00","badsector-thegeek.bsky.social","0","0","at://did:plc:i3mdi6qcroph6scrsy2bhvcc/app.bsky.feed.post/3maty4uhato2y"
"Bluesky","galaxy s","galaxy s","My third capture from of the night focused on the classic galaxy pair M81 (Bode’s Galaxy) and M82 (the Cigar Galaxy). I collected 859 × 20‑second exposures. M81’s grand‑design spiral structure and M82’s intense starburst activity both came through nicely…","2025-12-26T00:00:11.979Z","2025-12-26 00:00:11.979000+00:00","therickman.bsky.social","1","0","at://did:plc:5rzs4rsyho3ghnvhazydzl7m/app.bsky.feed.post/3matydwvf6o2i"
"Bluesky","galaxy s","galaxy s","Samsung Galaxy Watch4's One UI 8 Watch update rollout expands to more countries - https://www.gsmarena.com/samsung_galaxy_watch4_one_ui_8_watch_update_india_us-news-70862.php","2025-12-26T00:39:44.606Z","2025-12-26 00:39:44.606000+00:00","gsmarena-poster.bsky.social","0","0","at://did:plc:t6dygygdpdbmpcunuv735suq/app.bsky.feed.post/3mau2knqjv72n"
"Bluesky","galaxy z","galaxy z","Galaxy Z TriFold、ベンドテストで即座に破損。厚さ3.9mmの薄さが仇に。内側画面は硬度レベル2と極端に柔らかく、耐久性に大きな疑問符。詳細な分解とテスト結果は記事で。 https://biggo.jp/news/202512260022_samsung-galaxy-z-trifold-fails-bend-test-durability-concerns #GalaxyZTriFold #JerryRigEverything","2025-12-26T00:43:34+00:00","2025-12-26 00:43:34+00:00","techtrendsjp.bsky.social","0","0","at://did:plc:65rfrzfssqwps6p5pl74vggw/app.bsky.feed.post/3mau2rivqdi2l"
"Bluesky","galaxy z","galaxy z","Samsung Z TriFold彎折測試慘敗！僅3.9mm超薄機身瞬間斷裂，耐用性亮紅燈🔥 https://biggo.com.tw/news/202512260022_samsung-galaxy-z-trifold-fails-bend-test-durability-concerns #SamsungGalaxyZTriFold #GalaxyZTriFold","2025-12-26T00:43:38+00:00","2025-12-26 00:43:38+00:00","biggo-news.bsky.social","0","0","at://did:plc:36mz5lutk7mmac4vdnijpd3x/app.bsky.feed.post/3mau2rmxoey2c"
"Bluesky","galaxy s","galaxy s","NASA Astronomy Hourly Picture - 2022-02-26: Nearby Spiral Galaxy NGC 4945 #Astronomy #NASA #Space","2025-12-26T01:20:07.635655Z","2025-12-26 01:20:07.635655+00:00","nasadailypicbot.bsky.social","1","1","at://did:plc:a4rncxtx6abz2p5j7iqqioup/app.bsky.feed.post/3mau4sw5o5m2y"
"Bluesky","galaxy s","galaxy s","Number three is “I Don’t Know What Christmas Is (But Christmastime Is Here)” by the Old 97’s, from the Guardians of the Galaxy Christmas Special. Peak Rhett Miller.","2025-12-26T01:31:18.287Z","2025-12-26 01:31:18.287000+00:00","mcnees.bsky.social","6","0","at://did:plc:6435lftcmpvxasbkrtsw22i7/app.bsky.feed.post/3mau5gts3os2p"
"Bluesky","galaxy z","galaxy z","9to5Google より Galaxy Z TriFold is probably durable enough, hinge gives way after 150,000 folds in torture test [Video] Galaxy Z TriFoldはおそらく十分に耐久性があり、シャンジは拷問テストで150,000の折り返しの後、道を譲ります [ビデオ]","2025-12-26T01:35:10.736213+00:00","2025-12-26 01:35:10.736213+00:00","gigowat.bsky.social","0","0","at://did:plc:dwecjm5n7fyljcjk3vi7x5oa/app.bsky.feed.post/3mau5nrvrml2b"
"Bluesky","galaxy z","galaxy z","Samsung’un Üçe Katlanan Telefonu, Dayanıklılık Testinde Sınıfta Kaldı! Samsung’un yakın zamanda tanıttığı üçe katlanan akıllı telefonu Galaxy Z TriFold, teknoloji dünyasının gündeminde kalmaya devam ediyor. Kısa süre önce yapılan katlanma testinde katlanma yapısının dayanıklılığı gözler önüne…","2025-12-26T02:28:04Z","2025-12-26 02:28:04+00:00","ercanceviz.bsky.social","0","0","at://did:plc:v7nvkhezqq33xrcgasafhbw4/app.bsky.feed.post/3mauamfuvd423"
"Bluesky","galaxy s","galaxy s","Os 3 smartphones que mudaram a história, descubra como! O que precisas de saber (Resumo Rápido) O IBM Simon, lançado em 1994, é considerado o primeiro smartphone do mundo. O iPhone, introduzido em 2007, revolucionou a interface dos smartphones modernos. O Samsung Galaxy S, lançado em 2010,…","2025-12-26T02:42:43Z","2025-12-26 02:42:43+00:00","hotnewspt.bsky.social","0","0","at://did:plc:hqb2daec6iyjtir72zebth5e/app.bsky.feed.post/3maubglzc2t2t"
"Bluesky","galaxy z","galaxy z","三星三摺機真耐用嗎？YouTuber 實測摺到第六萬次開始怪怪的 三星三摺機 Galaxy Z TriFold 已於 19 日正式在台灣開賣，這是是一款具備三摺式螢幕的 And […] #Android #手機 #Samsung #科技趣聞 #Galaxy #Z #TriFold #三星 #三星三摺機 Origin | Interest | Match","2025-12-26T02:54:11.000Z","2025-12-26 02:54:11+00:00","android.activitypub.awakari.com.ap.brid.gy","0","0","at://did:plc:etkadjdby46s2skc4shoxp6q/app.bsky.feed.post/3maudnr55ttk2"
"Bluesky","galaxy z","galaxy z","三星三摺機真耐用嗎？YouTuber 實測摺到第六萬次開始怪怪的 三星三摺機 Galaxy Z TriFold 已於 19 日正式在台灣開賣，這是是一款具備三摺式螢幕的 And […] #Android #手機 #Samsung #科技趣聞 #Galaxy #Z #TriFold #三摺機 #三星 Origin | Interest | Match","2025-12-26T02:54:11.000Z","2025-12-26 02:54:11+00:00","android.activitypub.awakari.com.ap.brid.gy","0","0","at://did:plc:etkadjdby46s2skc4shoxp6q/app.bsky.feed.post/3maui6hg5scw2"
"Bluesky","galaxy z","galaxy z","Galaxy Z Flip4 256GB (Unlocked) howl.link/kf0onens6mwu8 #ad","2025-12-26T03:43:45.733Z","2025-12-26 03:43:45.733000+00:00","connies4900.bsky.social","0","0","at://did:plc:7eq7t2c6754v4zkfzzs4tqvn/app.bsky.feed.post/3mauetp2xes2j"
"Bluesky","galaxy s","galaxy s","...s dominating the galaxy and probably the result of a strong star burst at the time of the merging process. Credit: NASA, ESA, and G. Canalizo (University of California, Riverside)  Source: ESA/Hubble","2025-12-26T03:55:24.668797+00:00","2025-12-26 03:55:24.668797+00:00","astronomybot.bsky.social","0","0","at://did:plc:jygn53uakpz4pne6uvb3x4s3/app.bsky.feed.post/3maufijni6h23"
"Bluesky","galaxy s","galaxy s","O segredo do suporte S Pen no Galaxy Fold que surpreende! O que chegou de novo? Rumores indicam que a Samsung está a considerar a reintrodução do suporte para a S Pen no próximo dispositivo dobrável, possivelmente um novo modelo do Galaxy Fold. Em vez de ser no Galaxy Z Fold 8, a tecnologia poderá…","2025-12-26T04:01:06Z","2025-12-26 04:01:06+00:00","hotnewspt.bsky.social","0","0","at://did:plc:hqb2daec6iyjtir72zebth5e/app.bsky.feed.post/3maufsqehza2q"
"Bluesky","galaxy z","galaxy z","This video puts the Galaxy Z TriFold’s durability to the test, and it doesn’t end well What you need to know JerryRigEverything tested the Galaxy Z TriFold’s durability, and the phone failed the bend test catastrophically. Samsung's ultra-thin 3.9mm frame leaves little structural support, causing…","2025-12-26T04:03:46Z","2025-12-26 04:03:46+00:00","earlybirdsinvest.bsky.social","0","0","at://did:plc:pvbujilqmvpgb6todis2cfwd/app.bsky.feed.post/3maufxkfcpq24"
"Bluesky","galaxy z","galaxy z","Pokémon Cover with Ring for Galaxy Z Flip4 howl.link/9p6gjsvvietyr howl.link/9p6gjsvvietyr #ad","2025-12-26T04:55:01.406Z","2025-12-26 04:55:01.406000+00:00","connies4900.bsky.social","0","0","at://did:plc:7eq7t2c6754v4zkfzzs4tqvn/app.bsky.feed.post/3mauit4o3dk2j"
"Bluesky","galaxy z","galaxy z","Unlike its less impressive successor, the Galaxy Z TriFold just can’t stand up to the same sort of bend abuse...","2025-12-26T05:11:47.283052+00:00","2025-12-26 05:11:47.283052+00:00","technology-news.bsky.social","1","0","at://did:plc:fsftz5ue2bvlvkb6zx2bqdnh/app.bsky.feed.post/3maujr3zzow2y"
"Bluesky","galaxy z","galaxy z","Samsung Galaxy Z TriFold Breaks in Durability Test codeblack.cc/2025/12/sams...","2025-12-26T05:37:52.208Z","2025-12-26 05:37:52.208000+00:00","codeblack.cc","0","0","at://did:plc:fm3s3sffzw2rg5m5ni2ixvyo/app.bsky.feed.post/3maul7qep6s2m"
"Bluesky","galaxy note","galaxy note","Galaxy Note 5  howl.link/kf0onens6mwu8 #ad","2025-12-26T05:49:04.340Z","2025-12-26 05:49:04.340000+00:00","connies4900.bsky.social","0","0","at://did:plc:7eq7t2c6754v4zkfzzs4tqvn/app.bsky.feed.post/3maultrem2c2j"
"Bluesky","galaxy s","galaxy s","Galaxy Note9 Replacement S-Pen, Ocean Blue howl.link/z2hx59gbapfu5  #ad","2025-12-26T06:27:13.243Z","2025-12-26 06:27:13.243000+00:00","connies4900.bsky.social","0","0","at://did:plc:7eq7t2c6754v4zkfzzs4tqvn/app.bsky.feed.post/3maunxyaev225"
"Bluesky","galaxy z","galaxy z","Samsung Galaxy Z TriFold Dayanıklılık Testini Geçemedi Samsung’un teknoloji dünyasında büyük ses getiren ve üç kez katlanabilen yeni akıllı telefonu Galaxy Z TriFold, dayanıklılık konusunda ciddi soru işaretleri oluşturmaya başladı. Popüler teknoloji kanalı JerryRigEverything tarafından yayınlanan…","2025-12-26T06:28:38Z","2025-12-26 06:28:38+00:00","ercanceviz.bsky.social","0","0","at://did:plc:v7nvkhezqq33xrcgasafhbw4/app.bsky.feed.post/3mauo2kva442u"
"Bluesky","galaxy s","galaxy s","Feed: ""JWEasyTech"" By: jweasyte on Friday, December 26, 2025","2025-12-26T06:38:22.441890+00:00","2025-12-26 06:38:22.441890+00:00","longtail-news.bsky.social","0","0","at://did:plc:o6ggjvnj4ze3mnrpnv5oravg/app.bsky.feed.post/3mauolznb4727"
"Bluesky","galaxy z","galaxy z","Galaxy Z Flip4 Smurf Swimming Case howl.link/3o33y1z55de2h  #ad","2025-12-26T06:53:06.465Z","2025-12-26 06:53:06.465000+00:00","connies4900.bsky.social","0","0","at://did:plc:7eq7t2c6754v4zkfzzs4tqvn/app.bsky.feed.post/3maupgbixak25"
"Bluesky","galaxy s","galaxy s","Galaxy Watch7 Athleisure Band, S/M, Pink howl.link/ujmwe9iol77q8  #ad","2025-12-26T06:55:29.385Z","2025-12-26 06:55:29.385000+00:00","connies4900.bsky.social","0","0","at://did:plc:7eq7t2c6754v4zkfzzs4tqvn/app.bsky.feed.post/3maupkjslj225"
"Bluesky","galaxy z","galaxy z","El Galaxy Z TriFold fracasa en los test de esfuerzo: más piezas significa más riesgo https://www.htcmania.com/showthread.php?t=1742916","2025-12-26T07:02:00.088088Z","2025-12-26 07:02:00.088088+00:00","htcmania.bsky.social","1","0","at://did:plc:zk3tve4twazyzrjqv6ubyp45/app.bsky.feed.post/3maupw6mxg62k"
"Bluesky","galaxy fold","galaxy fold","9to5Google より iPhone Fold and future Galaxy foldable may end up copying the original Pixel Fold iPhone Foldと将来のギャラクシー折り畳み可能は、元のピクセル折り畳みをコピーする可能性があります","2025-12-26T07:17:30.410241+00:00","2025-12-26 07:17:30.410241+00:00","gigowat.bsky.social","0","0","at://did:plc:dwecjm5n7fyljcjk3vi7x5oa/app.bsky.feed.post/3mauqrw47br2b"
"Bluesky","galaxy z","galaxy z","Z TriFold distrutto: 145k pieghe e addio cerniere!","2025-12-26T07:36:09.207107Z","2025-12-26 07:36:09.207107+00:00","parliamodinews.bsky.social","0","0","at://did:plc:jgo7vu4f3p2rtydmpmamoru4/app.bsky.feed.post/3maurtaq2dy2a"
"Bluesky","galaxy s","galaxy s","Samsung podría estar considerando montar pantallas OLED chinas en sus Galaxy S, según informes recientes. Un cambio estratégico que podría tener implicaciones significativas en el mercado de smartphones. 📱 https://tcnv.es/samsungpod90","2025-12-26T07:37:08.001652+00:00","2025-12-26 07:37:08.001652+00:00","tecnoversia.es","0","0","at://did:plc:dubpxzrz2c37ytcvbyxhsr74/app.bsky.feed.post/3mauruyr5dl2f"
"Bluesky","galaxy z","galaxy z","Feed: ""Latest from Android Central"" By: Sanuj Bhatia on Thursday, December 25, 2025","2025-12-26T07:48:33.271480+00:00","2025-12-26 07:48:33.271480+00:00","longtail-news.bsky.social","0","0","at://did:plc:o6ggjvnj4ze3mnrpnv5oravg/app.bsky.feed.post/3mausjjh5gx2k"
"Bluesky","galaxy z","galaxy z","Galaxy Z Flip4 Cat Catching Fish Case howl.link/t7pdyrcqt6zru #ad","2025-12-26T08:05:14.489Z","2025-12-26 08:05:14.489000+00:00","connies4900.bsky.social","0","0","at://did:plc:7eq7t2c6754v4zkfzzs4tqvn/app.bsky.feed.post/3mauthazu4c25"
"Bluesky","galaxy z","galaxy z","Galaxy Z TriFold Suffers Horrific Defeat In Durability Test; There’s Just More To Break Galaxy Z TriFold fails bend and grit tests—raising serious concerns about its real-world durability. Details: www.techticia.com/2025/12/gala...","2025-12-26T08:13:48.329Z","2025-12-26 08:13:48.329000+00:00","techticia.bsky.social","0","0","at://did:plc:ggftwcrb3jxn4uuxvtorqeup/app.bsky.feed.post/3mautwl3dq22z"
"Bluesky","galaxy z","galaxy z","Das #Samsung #Galaxy Z #TriFold demonstriert beeindruckende Ingenieurskunst mit doppeltem Scharnier und 10-Zoll-Display. Im #Härtetest macht das teils nur 3,9 Millimeter dünne #Foldable jedoch keine gute Figur.","2025-12-26T08:44:22.027Z","2025-12-26 08:44:22.027000+00:00","winfuture.de","2","2","at://did:plc:uoshhpyjd42oki3lcmjnwems/app.bsky.feed.post/3mauvn7weop2f"
"Bluesky","galaxy z","galaxy z","Galaxy Z Flip3 5G Bespoke Edition howl.link/kf0onens6mwu8  #ad","2025-12-26T08:56:22.829Z","2025-12-26 08:56:22.829000+00:00","connies4900.bsky.social","0","0","at://did:plc:7eq7t2c6754v4zkfzzs4tqvn/app.bsky.feed.post/3mauwcpa3ws25"
"Bluesky","galaxy s","galaxy s","Good morning ☀️🙂 ✨🔭Nine hours have passed. The #smarttelescope ’s internal battery is still at 100%, while the external 240,000 mAh power bank is down to 16% 🪫. Both the #Vespera2 and the power bank are frozen solid. ❄️ More on this galaxy NGC 2403 coming soon in my timeline. Have a great day! 🌌","2025-12-26T08:59:09.488Z","2025-12-26 08:59:09.488000+00:00","xipteras.com","16","2","at://did:plc:fgf2b4esmpqvlfypnaguhbgo/app.bsky.feed.post/3mauwho67sc2y"
"Bluesky","galaxy z","galaxy z","Seattle Seahawks Galaxy Z Flip6 Flipsuit Case & Card  howl.link/ubeqh2mkayxvz #ad","2025-12-26T09:08:58.010Z","2025-12-26 09:08:58.010000+00:00","connies4900.bsky.social","0","0","at://did:plc:7eq7t2c6754v4zkfzzs4tqvn/app.bsky.feed.post/3mauwz7gdgk25"
"Bluesky","galaxy z","galaxy z","finally bought a new phone after struggling with a 64gb iphone for the past like 4 years LOL. literally the ios and system data takes up half of that now and i hate the current glass theme. swapping to a samsung galaxy z flip 7 🙈","2025-12-26T09:18:48.952Z","2025-12-26 09:18:48.952000+00:00","femroes.bsky.social","1","0","at://did:plc:qa6ru7sn77eqe7dol7fjt3im/app.bsky.feed.post/3mauxksyj6k22"
"Bluesky","galaxy z","galaxy z","The dream of a pocketable tablet is here with the Galaxy Z TriFold, but recent teardowns suggest it may be too fragile for reality. www.ibtimes.co.uk/galaxy-z-tri...","2025-12-26T09:47:25.449Z","2025-12-26 09:47:25.449000+00:00","vinayppatel.bsky.social","0","0","at://did:plc:2p4djbgw2frvmhp43lk3wre2/app.bsky.feed.post/3mauz5xxqu22j"
"Bluesky","galaxy z","galaxy z","O Samsung Galaxy Z TriFold semella máis vulnerable que os seus predecesores","2025-12-26T09:47:34.033Z","2025-12-26 09:47:34.033000+00:00","codigocero.com","0","0","at://did:plc:m42finu57aaiycmw66mt4xiy/app.bsky.feed.post/3mauz6ai4i62n"
"Bluesky","galaxy z","galaxy z","📰 🔴 SON DAKİKA: Samsung'un Üçe Katlanan Telefonu Galaxy Z TriFold, JerryRigEverything'in Sağlamlık Testine Girdi [Video] Kaynak: Webtekno #haber #sondakika #gündem #türkiye #dünya","2025-12-26T09:52:49.812Z","2025-12-26 09:52:49.812000+00:00","sondakikatr.bsky.social","0","0","at://did:plc:ze2rng6kfggs3uaoz2z7zmbc/app.bsky.feed.post/3mauzhnntsw2l"
"Bluesky","galaxy s","galaxy s","Samsung’un Telefonlarına iPhone’larda Kullanılan OLED Ekran Geliyor Dünyanın en büyük panel üreticilerinden biri olan Samsung, sürpriz bir gelişme ile gündeme geldi. Buna göre şirket, Galaxy S serisinde kullanacağı ekran panellerini iPhone'lar için de üretim yapan Çinli üretici BOE'den almayı…","2025-12-26T10:18:05Z","2025-12-26 10:18:05+00:00","ercanceviz.bsky.social","0","0","at://did:plc:v7nvkhezqq33xrcgasafhbw4/app.bsky.feed.post/3mav2uufxwq2j"
"Bluesky","galaxy z","galaxy z","Samsung Galaxy Z Flip 7 vs Samsung Galaxy Z Flip 6 : comment choisir le meilleur smartphone pliant à clapet ?","2025-12-26T10:55:16.000Z","2025-12-26 10:55:16+00:00","frandroid.com","0","0","at://did:plc:vbhvpqudswo72vskdfr34idm/app.bsky.feed.post/3mav4xjr6rk2w"
"Bluesky","galaxy z","galaxy z","Accu's in de dubbel vouwbare smartphone Samsung Galaxy Z TriFold lijken te dun voor de trekstrips om ze te verwijderen. Bij de test van youtuber JerryRigEverything boog een accu zodanig door dat het gevaarlijk leek om die uit de behuizing te halen. #Tweakers","2025-12-26T11:15:34Z","2025-12-26 11:15:34+00:00","tweakers.net","2","0","at://did:plc:r74rn6trtpqwfn62qid7e7nl/app.bsky.feed.post/3mav63lwant2h"
"Bluesky","galaxy z","galaxy z","Galaxy Z Fold7 може да е просто голям екран… или най-мощният инструмент в ежедневието ти. Скритите настройки променят всичко — от батерията и жестовете до мултитаскинга и сигурността. Ето как да отключиш истинския звяр. 💥📱","2025-12-26T11:29:03Z","2025-12-26 11:29:03+00:00","kaldata.bsky.social","0","0","at://did:plc:cpf6motblcindkv7h6amwtwd/app.bsky.feed.post/3mav6tqlsjy26"
"Bluesky","galaxy fold","galaxy fold","Galaxy Z TriFold desaba no teste de resistência e fica atrás do Fold 7 O primeiro smartphone tri-fold da Samsung levou a pior em um teste de tortura do canal JerryRigEverything e mostrou que, para além da inovação, a durabilidade ainda é um desafio. Se você estava de olho no Galaxy Z TriFold…","2025-12-26T11:50:59Z","2025-12-26 11:50:59+00:00","tecstudio.com.br","0","0","at://did:plc:mxjk6khoja4hmkpnxj4shki6/app.bsky.feed.post/3mava2xybcx2c"
"Bluesky","galaxy s","galaxy s","trekmovie.com/2025/12/25/s...","2025-12-26T11:55:43.131Z","2025-12-26 11:55:43.131000+00:00","natty4bumpo.bsky.social","0","0","at://did:plc:gudaflztwlufiqgolrp4jjab/app.bsky.feed.post/3mavadf2ffs2s"
"Bluesky","galaxy fold","galaxy fold","Galaxy Z TriFold Breaks Under Pressure While Fold 7 Stands Tall in Brutal Durability Test A Foldable Dream Meets a Harsh Reality Samsung’s first tri-folding smartphone arrived with enormous expectations. It promised innovation, flexibility, and a glimpse into the future of mobile design. But…","2025-12-26T12:57:08Z","2025-12-26 12:57:08+00:00","undercodenews.bsky.social","0","0","at://did:plc:p464uedvuxtzckhrm4pfwxa5/app.bsky.feed.post/3mavdrb3xwx2v"
"Bluesky","galaxy fold","galaxy fold","Samsung’s Galaxy Z Trifold Folds Hard in Durability Test Samsung’s ambitious Galaxy Z Trifold has officially met its match — and then some — thanks to a brutal durability test from popular tech YouTuber JerryRigEverything, whose bend tests have become something of a rite of passage for modern…","2025-12-26T13:01:32Z","2025-12-26 13:01:32+00:00","iphoneincanada.ca","1","0","at://did:plc:lfa65vcyknlf6glsahhiculh/app.bsky.feed.post/3mavdz4jqcq2w"
"Bluesky","galaxy fold","galaxy fold","Triple-fold phones are getting exciting 👀 Galaxy Z TriFold looks really good. Speaking of triple-folds, the HUAWEI Mate XT also caught my eye, so I put both devices side by side. yourfones.net/en/list/diff... From the body comparison, does the Mate XT look more stylish? #GalaxyZTriFold","2025-12-26T13:06:08.574Z","2025-12-26 13:06:08.574000+00:00","yourfones-en.bsky.social","0","0","at://did:plc:dfkz3ov3brw5rmoqq6o3m2la/app.bsky.feed.post/3mavebcqnmc23"
"Bluesky","galaxy z","galaxy z","📊 Spec comparison yourfones.net/en/list/diff... But when you check the spec sheet, is the Galaxy Z TriFold actually the better one? #GalaxyZTriFold","2025-12-26T13:06:08.575Z","2025-12-26 13:06:08.575000+00:00","yourfones-en.bsky.social","0","0","at://did:plc:dfkz3ov3brw5rmoqq6o3m2la/app.bsky.feed.post/3mavebfbz4s23"
"Bluesky","galaxy s","galaxy s","Komplementarnost kao vrlina novimilenij.eu/index.php/pa... #Samsung_Croatia #Galaxy_25_FE #Galaxy_Fan_Edition #gemini #Google_AI_pro #try_galaxy #skrivene_značajke #galaxy_eko_sustav #Buds3_FE_slušalice #hidden_features #Dynamic_AMOLED_2X_zaslon #premium_Galaxy_iskustvo","2025-12-26T13:19:28.633Z","2025-12-26 13:19:28.633000+00:00","cobrettizagreb.bsky.social","0","0","at://did:plc:ya3f2itgx75rpgbjetj7hjq7/app.bsky.feed.post/3mavez632mv2g"
"Bluesky","galaxy z","galaxy z","So sánh Samsung Galaxy Z TriFold và Huawei Mate XT Ultimate – Viettel Store ... Màn hình chính của Z TriFold là LTPO Dynamic AMOLED 2X 10 inch Tần số Vì thế quét 1–120Hz. Huawei trang có màn hình OLED 10,2 inch độ phân giải 3K ... So sánh Samsung Galaxy Z TriFold và Huawei Mate XT Ultimate -…","2025-12-26T13:19:29Z","2025-12-26 13:19:29+00:00","raisewill8488.bsky.social","0","0","at://did:plc:nbpuoxjqisx6dfs7hvr3jlrz/app.bsky.feed.post/3mavezadm4b2m"
"Bluesky","galaxy note","galaxy note","My most recent Leiber review -- his masterpiece “Coming Attraction” (1950). A rare reread. sciencefictionruminations.com/2025/07/02/m...","2025-12-26T13:27:22.530Z","2025-12-26 13:27:22.530000+00:00","joachimboaz.bsky.social","4","1","at://did:plc:bedlouok6hcckq5iwgklyklf/app.bsky.feed.post/3mavfhboqak2i"
"Bluesky","galaxy z","galaxy z","Galaxy Z TriFold : le nouveau pliant de Samsung mis à mal dans un test de durabilité","2025-12-26T14:15:01.4811720Z","2025-12-26 14:15:01.481172+00:00","leclaireur-fnac.bsky.social","0","0","at://did:plc:iovza32l3vrcmjutnfed3zjf/app.bsky.feed.post/3mavi4ibsc42q"
"Bluesky","galaxy s","galaxy s","Samsung could bring back S Pen support for its foldables to counter the iPhone Fold https://cstu.io/b49213 #india #programmer #tecnologia","2025-12-26T14:31:15+00:00","2025-12-26 14:31:15+00:00","thesocialsage.bsky.social","0","0","at://did:plc:ee2zz2ej5m6wu2vsqqfonxvh/app.bsky.feed.post/3mavizj3lh42q"
"Bluesky","galaxy s","galaxy s","www.techradar.com/phones/samsu...","2025-12-26T14:39:43.890Z","2025-12-26 14:39:43.890000+00:00","davidmogeladze.bsky.social","0","0","at://did:plc:yvy5vzclh7fyf6saluxdxxno/app.bsky.feed.post/3mavjinwinc2f"
"Bluesky","galaxy z","galaxy z","Samsung’s Galaxy Z TriFold Display Breaks in Bend Test, Raising Durability Concerns , more details : www.beloud.com/news/127532447","2025-12-26T14:43:47.765Z","2025-12-26 14:43:47.765000+00:00","brooklyn305.bsky.social","0","0","at://did:plc:3idv6xoofqbh3cp74lgf6r25/app.bsky.feed.post/3mavjpwixt224"
"Bluesky","galaxy s","galaxy s","Samsung could bring back S Pen support for its foldables to counter the iPhone Fold S Pen support may return for future Samsung foldables However, it's unlikely to be added to the main Galaxy Z Fold 8 The move is apparently to counter the iPhone Fold Take a read through our Samsung Galaxy Z Fold 7…","2025-12-26T14:53:52Z","2025-12-26 14:53:52+00:00","fintechguide24.bsky.social","0","0","at://did:plc:o3akpzlw7zsmbo2qmprexooy/app.bsky.feed.post/3mavkby53662e"
"Bluesky","galaxy fold","galaxy fold","Multiple innovative gadgets debuted in 2025, notably Samsung's Galaxy Z TriFold triple-fold phone with large AMOLED displays, powerful chipset, high-res cameras, and large battery.","2025-12-26T14:58:45.409Z","2025-12-26 14:58:45.409000+00:00","gadgetsbriefly.bsky.social","0","0","at://did:plc:yes6cn2ebbuskqzbtspoa4yf/app.bsky.feed.post/3mavkdljlg72b"
"Bluesky","galaxy s","galaxy s","Samsung Galaxy Z TriFold : le crash test de résistance tourne au désastre www.01net.com/actualites/s...","2025-12-26T15:03:05.965Z","2025-12-26 15:03:05.965000+00:00","01net.com","1","0","at://did:plc:kfsaqdm4624tghuu4nydph2i/app.bsky.feed.post/3mavksh4c6n24"
"Bluesky","galaxy z","galaxy z","9to5Google より Galaxy Z Flip 8 could remain exclusive to Samsung’s Exynos 2600, report suggests Galaxy Z Flip 8はサムスンのExynos 2600に独占的に残る可能性があり、レポートは示唆","2025-12-26T15:03:20.521481+00:00","2025-12-26 15:03:20.521481+00:00","gigowat.bsky.social","0","0","at://did:plc:dwecjm5n7fyljcjk3vi7x5oa/app.bsky.feed.post/3mavksvfpgk2t"
"Bluesky","galaxy s","galaxy s","يمكن لشركة Samsung إعادة دعم S Pen لأجهزتها القابلة للطي لمواجهة iPhone Fold قد يعود دعم S Pen لأجهزة سامسونج القابلة للطي في المستقبل ومع ذلك، فمن غير المرجح أن تتم إضافته إلى هاتف Galaxy Z Fold 8 الرئيسي ويبدو أن هذه الخطوة تهدف إلى مواجهة iPhone Fold خذ قراءة من خلال موقعنا مراجعة سامسونج…","2025-12-26T15:07:40Z","2025-12-26 15:07:40+00:00","beiruttime.bsky.social","0","0","at://did:plc:kk3x5e3623o25ncmq37sfvsn/app.bsky.feed.post/3mavl2osj2o2j"
"Bluesky","galaxy z","galaxy z","JerryRigEverything a plié le Samsung Galaxy Z Trifold trop facilement… mais dans le mauvais sens","2025-12-26T15:33:46.000Z","2025-12-26 15:33:46+00:00","frandroid.com","0","0","at://did:plc:vbhvpqudswo72vskdfr34idm/app.bsky.feed.post/3mavmjizhxf24"
"Bluesky","galaxy z","galaxy z","Samsung Galaxy Z TriFold falha teste de resistência e parte-se ao meio #falha #galaxy #samsung #teste","2025-12-26T16:04:04Z","2025-12-26 16:04:04+00:00","tugate.ch","0","0","at://did:plc:a3bytqa2zaerm5c5tg3ja4tc/app.bsky.feed.post/3mavo7kv33x22"
"Bluesky","galaxy z","galaxy z","Feed: ""Latest from Tom's Guide in Phones"" By: Dave LeClair on Friday, December 26, 2025","2025-12-26T16:05:44.349832+00:00","2025-12-26 16:05:44.349832+00:00","longtail-news.bsky.social","0","0","at://did:plc:o6ggjvnj4ze3mnrpnv5oravg/app.bsky.feed.post/3mavocivn3s2b"
"Bluesky","galaxy fold","galaxy fold","Feed: ""Latest from Tom's Guide in Phones"" By: Richard Priday on Friday, December 26, 2025","2025-12-26T16:05:49.357000+00:00","2025-12-26 16:05:49.357000+00:00","longtail-news.bsky.social","0","0","at://did:plc:o6ggjvnj4ze3mnrpnv5oravg/app.bsky.feed.post/3mavocnofs62t"
"Bluesky","galaxy fold","galaxy fold","The holidays are a great time spoil others, but maybe it’s time you were just a tad bit selfish and thought about your own wants and desires? If that sounds good to you, Samsung is providing the best possible deal on its Galaxy Z Fold 7, including maxed out trade-in savings... #Deals #GalaxyZFold7","2025-12-26T16:13:54.275696+00:00","2025-12-26 16:13:54.275696+00:00","technology-news.bsky.social","1","0","at://did:plc:fsftz5ue2bvlvkb6zx2bqdnh/app.bsky.feed.post/3mavor2nhzg2q"
"Bluesky","galaxy fold","galaxy fold","Torturé par un vidéaste, le Samsung Galaxy Z TriFold a très vite craqué","2025-12-26T16:38:53.000Z","2025-12-26 16:38:53+00:00","numerama.com","0","0","at://did:plc:kc53xgnevbecrg7xaimmfexh/app.bsky.feed.post/3mavq5uyuip2x"
"Bluesky","galaxy s","galaxy s","5 most anticipated headphones of 2026: AirPods Max 2, Samsung Galaxy Buds 4 and more ➡️ tom-s-guide.visitlink.me/56eNVj","2025-12-26T16:55:18.106903Z","2025-12-26 16:55:18.106903+00:00","tomsguide.com","0","0","at://did:plc:vyyo3mhbgvthiuqjx275mg3h/app.bsky.feed.post/3mavr33xntk2o"
"Bluesky","galaxy fold","galaxy fold","Mein Smartphone des Jahres 2025: Samsung Galaxy Z Fold 7","2025-12-26T17:00:43Z","2025-12-26 17:00:43+00:00","mobiflip.de","0","0","at://did:plc:7soxm6ggjw5rwiybovutp5tr/app.bsky.feed.post/3mavreszt7e2k"
"Bluesky","galaxy z","galaxy z","#Frisshírek #Hírek #Tech Samsung Galaxy Z TriFold: az első készülék a cégtől, ami elbukott a hajlítási teszten! [VIDEO]","2025-12-26T18:04:34Z","2025-12-26 18:04:34+00:00","badsector-thegeek.bsky.social","0","0","at://did:plc:i3mdi6qcroph6scrsy2bhvcc/app.bsky.feed.post/3mavuwx3tek2c"
"Bluesky","galaxy s","galaxy s","After full sending Metroid Prime 4 its time to clean up the backlog!  Finishing up Galaxy 2! Only have Green Stars for World 6 and S then Grandmaster Galaxy! www.twitch.tv/yuubi_shugoki #supermariogalaxy2","2025-12-26T18:05:56.664Z","2025-12-26 18:05:56.664000+00:00","yuubishugoki.bsky.social","3","1","at://did:plc:uzmjpldpo7p5zqf67jxkcz2d/app.bsky.feed.post/3mavuzfjmq223"
"Bluesky","galaxy z","galaxy z","#Flashinfos #Infos #Tech Samsung Galaxy Z TriFold: le premier appareil de la marque à échouer au test de flexion! [VIDEO]","2025-12-26T18:13:34Z","2025-12-26 18:13:34+00:00","badsector-thegeek.bsky.social","0","0","at://did:plc:i3mdi6qcroph6scrsy2bhvcc/app.bsky.feed.post/3mavvh2rqli2i"
"Bluesky","galaxy z","galaxy z","#Hotnews #News #Tech Samsung Galaxy Z TriFold: The First Device from the Company to Fail the Bend Test! [VIDEO]: TECH NEWS — Perhaps it’s no coincidence that the South Korean tech giant decided to produce fewer double-folding smartphones than its other devices.   As we know, the Samsung Galaxy Z…","2025-12-26T18:13:38Z","2025-12-26 18:13:38+00:00","badsector-thegeek.bsky.social","0","0","at://did:plc:i3mdi6qcroph6scrsy2bhvcc/app.bsky.feed.post/3mavvh5vvxs2c"
"Bluesky","galaxy fold","galaxy fold","#iOS Did Apple fix the keyboard yet? I remained on ios18 cause I don't want Apple's ""updates"" to remotely break my #iPhone and also, fuck Liquid Glass. Add it all to the pile of reasons why I'll be buying a folding Samsung as my next phone.","2025-12-26T18:22:26.520Z","2025-12-26 18:22:26.520000+00:00","vegestache.bsky.social","1","0","at://did:plc:onf7p2zvryw35h253ikc47ct/app.bsky.feed.post/3mavvwvjnxc24"
"Bluesky","galaxy z","galaxy z","Galaxy Z Trifold face au test de la réalité : quand JerryRigEverything révèle la fragilité cachée de l’innovation Samsung 🤔 Il y a des vidéos qui passent presque inaperçues et d’autres qui marquent un tournant. Celle publiée par JerryRigEverything mettant en scène le Samsung Galaxy Z Trifold…","2025-12-26T18:47:15Z","2025-12-26 18:47:15+00:00","thomas100d.bsky.social","0","0","at://did:plc:jexbd3d232uywecwrop7fjc3/app.bsky.feed.post/3mavxdcdmks2w"
"Bluesky","galaxy z","galaxy z","三星發佈首款三摺疊手機Galaxy Z TriFold，國內售價約1.7萬元","2025-12-26T19:22:08.581976Z","2025-12-26 19:22:08.581976+00:00","g0rosato.bsky.social","0","0","at://did:plc:bvs6b4f4fz2jj73wtrtjiy4j/app.bsky.feed.post/3mavzbpwt3427"
"Bluesky","galaxy z","galaxy z","Feed: ""Android Headlines"" By: Chandan Pandit on Friday, December 26, 2025","2025-12-26T19:34:04.923714+00:00","2025-12-26 19:34:04.923714+00:00","longtail-news.bsky.social","0","0","at://did:plc:o6ggjvnj4ze3mnrpnv5oravg/app.bsky.feed.post/3mavzwzz77a2w"
"Bluesky","galaxy fold","galaxy fold","Feed: ""Android Headlines"" By: Justin Diaz on Friday, December 26, 2025","2025-12-26T19:34:07.371090+00:00","2025-12-26 19:34:07.371090+00:00","longtail-news.bsky.social","0","0","at://did:plc:o6ggjvnj4ze3mnrpnv5oravg/app.bsky.feed.post/3mavzx4ib4t27"
"Bluesky","galaxy s","galaxy s","Any wishlist is appreciated <3 store.steampowered.com/app/3938440/...","2025-12-26T20:13:59.441Z","2025-12-26 20:13:59.441000+00:00","molegato.com","7","1","at://did:plc:dv5omyk4jtnk7dfqyrta73l2/app.bsky.feed.post/3maw46efhl22u"
"Bluesky","galaxy s","galaxy s","Feed: ""Phandroid"" By: Tyler Lee on Friday, December 26, 2025","2025-12-26T20:17:17.638158+00:00","2025-12-26 20:17:17.638158+00:00","longtail-news.bsky.social","0","0","at://did:plc:o6ggjvnj4ze3mnrpnv5oravg/app.bsky.feed.post/3maw4ed5abv2r"
"Bluesky","galaxy z","galaxy z","サムスンGalaxy Z TriFoldの耐久性テスト結果が衝撃的。内側画面は爪で傷つき、埃でヒンジが軋み、曲げテストでは画面が破壊。2026年発売予定の野心的な折り畳みスマホの根本的な弱点とは？詳細は記事で。 https://biggo.jp/news/202512262020_Samsung-Galaxy-Z-TriFold-Durability-Test-Failure #GalaxyZTriFold #Samsung","2025-12-26T20:43:15+00:00","2025-12-26 20:43:15+00:00","techtrendsjp.bsky.social","0","0","at://did:plc:65rfrzfssqwps6p5pl74vggw/app.bsky.feed.post/3maw5sq3gt62v"
"Bluesky","galaxy z","galaxy z","三星三摺機Galaxy Z TriFold耐用性測試出爐，灰塵、彎折成致命傷，螢幕10秒就燒壞！ https://biggo.com.tw/news/202512262020_Samsung-Galaxy-Z-TriFold-Durability-Test-Failure #SamsungGalaxyZTriFold #GalaxyZTriFold","2025-12-26T20:43:19+00:00","2025-12-26 20:43:19+00:00","biggo-news.bsky.social","0","0","at://did:plc:36mz5lutk7mmac4vdnijpd3x/app.bsky.feed.post/3maw5sty3gy2q"
"Bluesky","galaxy fold","galaxy fold","[Wccftech]Xiaomi 17 Ultra Leads And Samsung To Follow With A 10 Percent Price Hike For Its Galaxy S26 And Z Fold/Flip 8 Series - Wccftech Xiaomi is currently acting as a vanguard by hiking the launch price of the Xiaomi 17 Ultra by 10 percent, with Samsung and Apple to follow.","2025-12-26T20:45:42.116Z","2025-12-26 20:45:42.116000+00:00","sketchynews.net","0","0","at://did:plc:7ni6ktnv7pnp3pk6eosdznrg/app.bsky.feed.post/3maw5x2xy5o25"
"Bluesky","galaxy s","galaxy s","📚 The Mercy of Gods by: James S. A. Corey How humanity came to the planet called Anjiin is lost in the fog of history, but that history is about to end. The Carryx - part empire, part hive - have waged wars of conquest for centuries, destroying or enslaving […]  [Original post on mastodon.social]","2025-12-26T21:54:09.000Z","2025-12-26 21:54:09+00:00","bookblabla.mastodon.social.ap.brid.gy","0","1","at://did:plc:3jvzpjk47tcoyofot6hqa5u7/app.bsky.feed.post/3mawbrqlkrw42"
"Bluesky","galaxy note","galaxy note","Big fan of Anker for this!  a.co/d/1H8R5JF If you're really going for value, GaN tech means we're getting better cheap generics. a.co/d/4eWHPUo","2025-12-26T22:17:37.729Z","2025-12-26 22:17:37.729000+00:00","mydogcallsmedad.bsky.social","1","0","at://did:plc:w2ydveviw5xbkyjzgsvitttl/app.bsky.feed.post/3mawd3gzjk22l"
"Bluesky","galaxy z","galaxy z","Samsung's Galaxy Z TriFold and Huawei's Mate XT, part of a new category of phones called ""trifolds,"" offer diverging experiences when it comes to using them.","2025-12-26T22:59:06Z","2025-12-26 22:59:06+00:00","cnet.com","2","0","at://did:plc:opwy3eh6o4dxfs4xelniiahy/app.bsky.feed.post/3mawffmwvu32i"
"Bluesky","galaxy fold","galaxy fold","Samsung Galaxy Z TriFold: The three-in-one ‘phablet’ In terms of releases, Samsung has had a good year. The company has launched the incredibly thin Galaxy S25 Edge, the Galaxy Z Flip 7 with a full 4.1-inch Cover Screen (similar to the Motorola Razr) and the remarkably thin Galaxy Fold 7, finally…","2025-12-27T00:16:58Z","2025-12-27 00:16:58+00:00","newsnexttech.bsky.social","0","0","at://did:plc:smx4mdvydvulspyzksgizf4j/app.bsky.feed.post/3mawjqvj2bp2s"
"Bluesky","galaxy fold","galaxy fold","Samsung Galaxy Z TriFold: The three-in-one ‘phablet’ In terms of releases, Samsung has had a good year. The company has launched the incredibly thin Galaxy S25 Edge, the Galaxy Z Flip 7 with a full 4.1-inch Cover Screen (similar to the Motorola Razr) and the remarkably thin Galaxy Fold 7, finally…","2025-12-27T00:17:23Z","2025-12-27 00:17:23+00:00","monikawalker.bsky.social","0","0","at://did:plc:zqajbwp7dw6i5may4s3qlstb/app.bsky.feed.post/3mawjrn3ma327"
"Bluesky","galaxy s","galaxy s","...s produced after Hubble data was reprocessed using the free open source software FITS Liberator 3, which was developed at the ST-ECF. Careful use of this widely used state-of-the-art tool on the original Hubble observations of the Cartwheel Galaxy has brought out more detail in the image than ...","2025-12-27T00:55:06.205323+00:00","2025-12-27 00:55:06.205323+00:00","astronomybot.bsky.social","0","0","at://did:plc:jygn53uakpz4pne6uvb3x4s3/app.bsky.feed.post/3mawluzsu6d2a"
"Bluesky","galaxy s","galaxy s","Astronomers made a truly mind-boggling discovery using the JWST:  A runaway super-massive black hole, rocketing through space at a staggering 1,000 km/s, leaving a 200,000 light-year-long tail in its wake in which gas is accumulating and triggering star formation. 🧪 www.space.com/astronomy/bl...","2025-12-27T01:05:44.380Z","2025-12-27 01:05:44.380000+00:00","wimgmeijer.bsky.social","275","95","at://did:plc:urvf3tw7gxwx7kwhwiucelnj/app.bsky.feed.post/3mawmi2fpn22k"
"Bluesky","galaxy z","galaxy z","İlk Deneme Başarısız mı Oldu? Galaxy Z TriFold 2 Çıkacak mı? Samsung, üçe katlanan akıllı telefonu Galaxy Z TriFold’u yakın zamanda piyasaya sürdü. Uzun süredir merakla beklenen cihaz, yenilikçi tasarımı ve etkileyici ekranına rağmen yapılan dayanıklılık testlerinde beklentileri karşılayamayınca…","2025-12-27T02:13:08Z","2025-12-27 02:13:08+00:00","ercanceviz.bsky.social","0","0","at://did:plc:v7nvkhezqq33xrcgasafhbw4/app.bsky.feed.post/3mawqamnr6n22"
"Bluesky","galaxy note","galaxy note","In N.Sane Trilogy, Coco's cellphone from her idle animations can explode. This is a reference to the controversy of the Galaxy Note 7 at the time. This is more than just a silly visual, as the phone exploding has an actual working hitbox that can detonate TNT and Nitro crates too close to Coco.","2025-12-27T03:15:02.436Z","2025-12-27 03:15:02.436000+00:00","lovealbatross.bsky.social","2","0","at://did:plc:xfxzwhdcakiie6tavy4il5os/app.bsky.feed.post/3mawtpb2r7s2s"
"Bluesky","galaxy z","galaxy z","""Samsung's Galaxy Z TriFold, a phone that folds twice,""","2025-12-27T04:21:50.175Z","2025-12-27 04:21:50.175000+00:00","mobiusstripper.bsky.social","0","0","at://did:plc:22ximgct4dxbmv4hlekxmnmp/app.bsky.feed.post/3mawxgp5rgs25"
"Bluesky","galaxy fold","galaxy fold","#TechRadar The Samsung Galaxy Z Fold 7 is finally cheaper than getting a phone and tablet separately — here’s why you want to buy it https://techrad.ar/2fzj #SamsungGalaxyPhones #SamsungPhones #iPadMini #Tablets #Phones #iPad","2025-12-27T04:33:33Z","2025-12-27 04:33:33+00:00","techrad.ar","0","0","at://did:plc:sggcemuswbe74yefq36bkgau/app.bsky.feed.post/3mawy3o452e2w"
"Bluesky","galaxy s","galaxy s","Samsung Galaxy Tab S11 128GB WiFi Android Tablet - Large Display, Slim and Lightweight Design, High Performance, Long Battery Life, Includes S Pen for Note-Taking, AI Assistant,... https://torshop.online/samsung-galaxy-tab-s11-128gb-wifi-android-tablet-large-display-slim-and-lightweight-design-hi...","2025-12-27T04:58:57Z","2025-12-27 04:58:57+00:00","torshop.bsky.social","0","0","at://did:plc:zhwfhbh3hmjf3xpomk44oumy/app.bsky.feed.post/3mawzj4zlwp2n"
"Bluesky","galaxy fold","galaxy fold","Samsung Galaxy Z TriFold: த்ரீ-இன்-ஒன் ‘பேப்லெட்’ வெளியீடுகளைப் பொறுத்தவரை, சாம்சங் ஒரு நல்ல ஆண்டைக் கொண்டுள்ளது. நிறுவனம் நம்பமுடியாத மெல்லியதை அறிமுகப்படுத்தியுள்ளது Galaxy S25 Edgeதி Galaxy Z Flip 7 முழு 4.1-இன்ச் கவர் திரையுடன் (மோட்டோரோலா ரேஸரைப் போன்றது) மற்றும் குறிப்பிடத்தக்க மெல்லிய…","2025-12-27T05:09:46Z","2025-12-27 05:09:46+00:00","tamilthinkdaily.bsky.social","0","0","at://did:plc:xj7gfqpog4bhwn4swyyn4z7e/app.bsky.feed.post/3max24h4qio2q"
"Bluesky","galaxy fold","galaxy fold","Feed: ""Yanko Design"" By: JC Torres on Friday, December 26, 2025","2025-12-27T05:22:35.675780+00:00","2025-12-27 05:22:35.675780+00:00","longtail-news.bsky.social","0","0","at://did:plc:o6ggjvnj4ze3mnrpnv5oravg/app.bsky.feed.post/3max2tfsqcu2k"
"Bluesky","galaxy z","galaxy z","Trên tay Galaxy Z TriFold – bước nhảy táo bạo c ủa Samsung trong kỷ nguyên màn hình gập #GalaxyZTriFold #Sams ung #ManHinhGap #CongNgheTuongLai Trên tay Galaxy Z TriFold – bước nhảy táo bạo của Samsung trong kỷ nguyên màn hình gập #GalaxyZTriFold #Samsung #ManHinhGap #CongNgheTuongLai Galaxy Z…","2025-12-27T06:27:16Z","2025-12-27 06:27:16+00:00","globalresources.bsky.social","0","0","at://did:plc:s7oy7w5tpkmumoep42qwpvbp/app.bsky.feed.post/3max6h2k72l2c"
"Bluesky","galaxy z","galaxy z","Trên tay Galaxy Z TriFold – bước nhảy táo bạo c ủa Samsung trong kỷ nguyên màn hình gập #GalaxyZTriFold #Sams ung #ManHinhGap #CongNgheTuongLai Trên tay Galaxy Z TriFold – bước nhảy táo bạo của Samsung trong kỷ nguyên màn hình gập #GalaxyZTriFold #Samsung #ManHinhGap #CongNgheTuongLai Galaxy Z…","2025-12-27T06:27:19Z","2025-12-27 06:27:19+00:00","maychuvn.bsky.social","0","0","at://did:plc:rrpr2ikw6c7dqguyzicg36so/app.bsky.feed.post/3max6h4jfir2z"
"Bluesky","galaxy fold","galaxy fold","أصبح Samsung Galaxy Z Fold 7 أخيرًا أرخص من الحصول على هاتف وجهاز لوحي منفصلين ال جالاكسي زد فولد 7 يمكن القول إنه أفضل هاتف لعام 2025، وهو حقًا أعجوبة هندسية. إنه يبدو نحيفًا وخفيفًا بشكل لا يصدق، خاصة عندما يكون مغلقًا، وأنت تعلم أنك تحمل جهازًا لوحيًا صغيرًا بالحجم الكامل، على الرغم من أنه يبدو…","2025-12-27T06:41:45Z","2025-12-27 06:41:45+00:00","beiruttime.bsky.social","0","0","at://did:plc:kk3x5e3623o25ncmq37sfvsn/app.bsky.feed.post/3max7axqxjt2f"
"Bluesky","galaxy z","galaxy z","The Style King - Samsung Galaxy Z Flip 7 A slimmer design, a bigger cover screen & powerful new cameras - This is Samsung's coolest flip yet. 👉 Learn why it's featured in “7 Best Foldable Phones To Get in 2026” - trendsplace.tech/best-foldabl... #GalaxyZFlip7 #FlipPhone","2025-12-27T07:29:59.095Z","2025-12-27 07:29:59.095000+00:00","trendsplace.bsky.social","0","0","at://did:plc:bdt5mhrq5cqwswqpnfus727x/app.bsky.feed.post/3maxbx53rqs2c"
"Bluesky","galaxy z","galaxy z","Samsung Galaxy Z Flip 8: Will the Exynos 2600 Revolutionize Foldable Phones? Samsung is reportedly preparing to make a bold move with its upcoming Galaxy Z Flip 8 by integrating its in-house Exynos... #Android #News #Mobile #Phone #News #Top #News Origin | Interest | Match","2025-12-27T08:00:24.000Z","2025-12-27 08:00:24+00:00","android.activitypub.awakari.com.ap.brid.gy","0","0","at://did:plc:etkadjdby46s2skc4shoxp6q/app.bsky.feed.post/3maxdpua22tb2"
"Bluesky","galaxy z","galaxy z","Le Samsung Galaxy Z TriFold soumis à un test d’endurance : des résultats peu rassurants","2025-12-27T08:17:18Z","2025-12-27 08:17:18+00:00","begeek.fr","0","0","at://did:plc:oefw2kl6qfa2gaxydr373erm/app.bsky.feed.post/3maxelrr7bj22"
"Bluesky","galaxy z","galaxy z","Samsung Galaxy Z TriFold Buckles Under Excessive Bend Pressure #galaxyztrifold #mobilephones #samsung","2025-12-27T09:00:06.894407+00:00","2025-12-27 09:00:06.894407+00:00","lowyat.bsky.social","0","0","at://did:plc:wqrfiwkuun2rfwyb4lfcihns/app.bsky.feed.post/3maxgycizq422"
"Bluesky","galaxy s","galaxy s","Technologická bilancia 2025: Prečo vyhral hrubý výkon nad štýlom a ako iPhone Air fatálne narazil Analýza roka 2025: Dominancia iPhone 17 Pro a Galaxy S25 Ultra, vzostup čínskych skladačiek a fiasko experimentov s tenkým dizajnom. Kto ovládol trh?","2025-12-27T09:00:55Z","2025-12-27 09:00:55+00:00","smartarena.bsky.social","0","0","at://did:plc:2oqhojoezv5ivrh6pjsguphh/app.bsky.feed.post/3maxgzsfwon2o"
"Bluesky","galaxy note","galaxy note","Backmarket shared a 10 euros offer to acquire my old Galaxy Note 10+ which is ridiculous. I refused and treated myself with a #lineageos #degoogled installation. Apart from my smartwatch : everything is A OK. I'm considering the switch for good.😀","2025-12-27T09:14:28.871Z","2025-12-27 09:14:28.871000+00:00","billisdead.com","0","0","at://did:plc:y72lceshtvhqo4acodyor3fo/app.bsky.feed.post/3maxhryg5us2k"
"Bluesky","galaxy s","galaxy s","I just watched LEGO Star Wars: Rebuild the Galaxy - Pieces of the Past 1x01 ""Part One"" trakt.tv/shows/lego-s... #trakt","2025-12-27T09:32:41.803Z","2025-12-27 09:32:41.803000+00:00","moseisleydreaming.bsky.social","32","2","at://did:plc:gspraxsjuvrqtycbgvegbukg/app.bsky.feed.post/3maxiskptb22a"
"Bluesky","galaxy s","galaxy s","Galaxy S Serisinde Ekranlar Artık Rakipten Gelebilir! Yıllardır kendi ekran teknolojisiyle dünyaya hükmeden Samsung, akıllı telefon stratejisinde tarihi bir değişikliğe gitmeye hazırlanıyor. Çin’den gelen son sızıntılara göre, gelecekteki Galaxy S serisi amiral gemilerinde Samsung Display yerine,…","2025-12-27T09:35:23Z","2025-12-27 09:35:23+00:00","ercanceviz.bsky.social","0","0","at://did:plc:v7nvkhezqq33xrcgasafhbw4/app.bsky.feed.post/3maxixgoq7b23"
"Bluesky","galaxy z","galaxy z","Grab the Samsung Galaxy Z Flip7 with up to RM2,550 savings this holiday season","2025-12-27T10:00:09.108535+00:00","2025-12-27 10:00:09.108535+00:00","soyacincau.bsky.social","0","0","at://did:plc:ezo7q7nhj35jfncqtzq2mjea/app.bsky.feed.post/3maxkdnsqgb2c"
"Bluesky","galaxy s","galaxy s","Samsung Galaxy Tab S10 Lite, 6GB RAM, 128GB, 2TB Expand Long Battery Life, 10.9-inch LCD www.reviews-tablet.com/samsung-gala... #GalaxyTabS10Lite #11inchTablet #AndroidTablet #WiFiTablet","2025-12-27T10:10:28.086Z","2025-12-27 10:10:28.086000+00:00","reviewstablet.bsky.social","1","0","at://did:plc:pralbod6crhlubmsfisqms67/app.bsky.feed.post/3maxkw3zbbk2b"
"Bluesky","galaxy z","galaxy z","記事の要約: 2025年を代表するスマートフォンの選定に関する記事では、ハイエンドとミッドレンジの各部門から厳選された5機種が紹介されています。審査は2025年1月から12月中旬に発売されたスマートフォンを対象に行われ、各審査員が推薦した機種の中から票が多かった10機種がノミネートされました。ハイエンド部門では「Galaxy Z Fold7」「iPhone Air」「Xiaomi 15 Ultra」が推薦され、ミッドレンジ部門では「Pixel 9a」「Nothing Phone (3a)」が選ばれています。また、石野氏はGalaxy Z Fold7の市場への影響力を評価し、佐野氏はarrow…","2025-12-27T10:16:15.319019+00:00","2025-12-27 10:16:15.319019+00:00","buchikuma.bsky.social","0","0","at://did:plc:jf26a7dgps3fck4zc7anchdl/app.bsky.feed.post/3maxlahb2fc2p"
"Bluesky","galaxy s","galaxy s","「galaxy 2025 スマホ」に関する記事です: https://www.itmedia.co.jp/mobile/articles/2512/27/news044.html","2025-12-27T10:37:32.513489+00:00","2025-12-27 10:37:32.513489+00:00","buchikuma.bsky.social","0","0","at://did:plc:jf26a7dgps3fck4zc7anchdl/app.bsky.feed.post/3maxmgjf3s326"
"Bluesky","galaxy z","galaxy z","記事の要約: 2025年のスマホ市場では、薄型化が大きなトレンドとなり、特に「Galaxy Z Fold7」と「iPhone Air」が注目を集めました。Galaxy Z Fold7は折りたたみ式で、通常のスマホと同じサイズ感を実現し、iPhone Airはわずか5.8mmの薄さで板のようなデザインを特徴としています。スマホの形状に再び焦点が当たった年でした。 機能面では、AI技術が進化し、スマホでのエージェント的な振る舞いが注目されています。「Galaxy S25」シリーズや「Pixel 10」シリーズに搭載されたAI機能がその一例です。また、Appleも日本語対応の「Apple Int…","2025-12-27T10:37:33.230056+00:00","2025-12-27 10:37:33.230056+00:00","buchikuma.bsky.social","0","0","at://did:plc:jf26a7dgps3fck4zc7anchdl/app.bsky.feed.post/3maxmgk2wak2n"
"Bluesky","galaxy fold","galaxy fold","Feed: ""Latest from TechRadar"" By: Philip Berne on Saturday, December 27, 2025","2025-12-27T10:48:54.290828+00:00","2025-12-27 10:48:54.290828+00:00","longtail-news.bsky.social","0","0","at://did:plc:o6ggjvnj4ze3mnrpnv5oravg/app.bsky.feed.post/3maxn2w4n2m2g"
"Bluesky","galaxy z","galaxy z","Samsung Galaxy Z TriFold Snaps in Half: JerryRigEverything Durability Fail techhounder.com/samsung-gala...","2025-12-27T11:07:42.581Z","2025-12-27 11:07:42.581000+00:00","techhounder.bsky.social","1","0","at://did:plc:oot26ht5tnxlep3x25ii3tr6/app.bsky.feed.post/3maxo4hfv6k2z"
"Bluesky","galaxy s","galaxy s","Galaxy S Phones Could See BOE Displays As Samsung Explores New Suppliers Samsung may be looking at changing how it sources displays for its smartphones, including future Galaxy S series models. Recent chatter indicates that the company has resumed talks with Chinese display maker BOE, which could…","2025-12-27T13:19:03Z","2025-12-27 13:19:03+00:00","blackfoxnews.bsky.social","0","0","at://did:plc:hdfytxixmjbkvub2y7wrggjo/app.bsky.feed.post/3maxvhdxew52y"
"Bluesky","galaxy fold","galaxy fold","Motorola va por la gama alta 📱 Prepara un plegable tipo libro para competir de tú a tú. #Motorola #Plegables","2025-12-27T13:26:35Z","2025-12-27 13:26:35+00:00","enterco.bsky.social","0","0","at://did:plc:nhk57j4jjzjbothrcrgtwnku/app.bsky.feed.post/3maxvusdl4w2j"
"Bluesky","galaxy fold","galaxy fold","Galaxy Z TriFold Bu Testi Geçemedi! Samsung’un teknoloji dünyasında büyük yankı uyandıran ilk üç parçalı katlanabilir telefonu Galaxy Z TriFold, dayanıklılık testlerinde beklenen direnci gösteremedi. Popüler teknoloji kanalı JerryRigEverything tarafından gerçekleştirilen ekstrem testlerde cihaz,…","2025-12-27T13:53:17Z","2025-12-27 13:53:17+00:00","ercanceviz.bsky.social","0","0","at://did:plc:v7nvkhezqq33xrcgasafhbw4/app.bsky.feed.post/3maxxel32ri2h"
"Bluesky","galaxy note","galaxy note","I've contemplated on and off when/what I'll use to replace my phone (Galaxy Note 10+) nothing phones have my attention and their latest model seems to mirror your experience here, where broader reception is tepid but seems like a good fit for me Still though, I'm iffy for need & I don't have cash","2025-12-27T14:06:10.388Z","2025-12-27 14:06:10.388000+00:00","panderingslats.bsky.social","0","0","at://did:plc:qdxn7m6q3benjvsa3aydyylk/app.bsky.feed.post/3maxy3l63322n"
"Bluesky","galaxy z","galaxy z","O segredo das chamadas via satélite no Samsung Galaxy S26 O que chegou de novo? Recentemente, surgiram rumores sobre o chip Samsung Exynos 2600, o primeiro fabricado em um processo de 2 nm. Este chip poderá equipar o próximo Galaxy Z Flip8 e a família Galaxy S26, incluindo um modem inovador, o…","2025-12-27T14:38:00Z","2025-12-27 14:38:00+00:00","hotnewspt.bsky.social","0","0","at://did:plc:hqb2daec6iyjtir72zebth5e/app.bsky.feed.post/3maxzujuekx2e"
"Bluesky","galaxy z","galaxy z","Continuo a dizer: pode ser um avanço, pode ser bonito e funcional... mas enquanto tiver uma resistência de 💩 não vai ser algo amplamente usado.","2025-12-27T14:59:57.000Z","2025-12-27 14:59:57+00:00","djprmf.tugate.ch","0","0","at://did:plc:jqwqia2jjod3demgkh5kavaj/app.bsky.feed.post/3may33rh4wy27"
"Bluesky","galaxy s","galaxy s","And Chloe N Clark on her forthcoming collection bryan-s-harvey.medium.com/airport-beer...","2025-12-27T15:20:15.940Z","2025-12-27 15:20:15.940000+00:00","bryanharvey.bsky.social","1","0","at://did:plc:apf7rwqaxcg5xtl7yz7zayqv/app.bsky.feed.post/3may4a5mnic2m"
"Bluesky","galaxy s","galaxy s","Euclid NASA Science Center at IPAC (Oct 15, 2024) This Euclid image reveals the Southern Sky, showcasing the Milky Way's stars and the galaxy cluster Abell 3381. euclid.caltech.edu/image/euclid20241015b-euclid-s-extragalactic-view-in-southern-sky-patch","2025-12-27T15:30:48.073Z","2025-12-27 15:30:48.073000+00:00","astronomy-gallery.bsky.social","1","0","at://did:plc:b6dk2l7xbkxcgdnfpn6ojouo/app.bsky.feed.post/3may4svw56b2j"
"Bluesky","galaxy z","galaxy z","9to5google.com/2025/12/25/g...","2025-12-27T15:52:16.980Z","2025-12-27 15:52:16.980000+00:00","bob-the-gadgeteer.bsky.social","0","0","at://did:plc:25cdc4q23w4sf5rzi2yxz4vw/app.bsky.feed.post/3may5zcsz3s2s"
"Bluesky","galaxy z","galaxy z","Samsung’un “En Pahalı” Telefonunda İnanılmaz Tablo: Her Satışta Para Kaybediyor Samsung'un katlanabilir akıllı telefon satışlarından zarar ettiği ortaya çıktı. Üstelik bunu söylerken Ar-Ge ya da üretim için yapılan yatırımların maliyetlerinden bahsetmiyoruz. Şirketin sattığı her Galaxy Z TriFold…","2025-12-27T16:31:19Z","2025-12-27 16:31:19+00:00","ercanceviz.bsky.social","0","0","at://did:plc:v7nvkhezqq33xrcgasafhbw4/app.bsky.feed.post/3maya75vwhs23"
"Bluesky","galaxy s","galaxy s","Here is the #Star #Arcturus. #unistellar #odysseypro #space #astronomy #amateur","2025-12-27T16:44:52.000Z","2025-12-27 16:44:52+00:00","tg8arc.mastodon.social.ap.brid.gy","0","1","at://did:plc:auoohwl3cmigq235kpbcpqhm/app.bsky.feed.post/3mayaxkqkb3w2"
"Bluesky","galaxy s","galaxy s","Galaxy 1 Honestly as time has gone on I've realized the Galaxy gameplay doesn't do it for me, so Galaxy 1's greater focus on atmosphere helps it stand out a lot more.","2025-12-27T16:51:51.301Z","2025-12-27 16:51:51.301000+00:00","xenobrina.bsky.social","2","0","at://did:plc:v3xfddkij6fczbob56yb27u3/app.bsky.feed.post/3maybdtkmx223"
"Bluesky","galaxy z","galaxy z","[9to5google.com]Galaxy Z TriFold suffers horrific defeat in durability test; there’s just more to break - 9to5Google Unlike its less impressive successor, the Galaxy Z TriFold just can’t stand up to the same sort of bend abuse...","2025-12-27T17:01:27.188Z","2025-12-27 17:01:27.188000+00:00","sketchynews.net","0","0","at://did:plc:7ni6ktnv7pnp3pk6eosdznrg/app.bsky.feed.post/3maybuysulg24"
"Bluesky","galaxy s","galaxy s","Was Halo 5's ending about Cortana taking over the galaxy a cry for help this whole time?","2025-12-27T17:11:32.009Z","2025-12-27 17:11:32.009000+00:00","blueaizu.blue","1","0","at://did:plc:3hrg6qgynaqbo5uufrgs2ppk/app.bsky.feed.post/3maycgzky422b"
"Bluesky","galaxy s","galaxy s","Samsung in 2026: A reckoning shaped by 2025’s biggest decisions Samsung took great strides to have a successful 2025, but now it hinges on those successes and decisions in order to have a great 2... #Samsung #Galaxy #Phones Origin | Interest | Match","2025-12-27T17:51:00.000Z","2025-12-27 17:51:00+00:00","android.activitypub.awakari.com.ap.brid.gy","0","0","at://did:plc:etkadjdby46s2skc4shoxp6q/app.bsky.feed.post/3mayhlujq7yx2"
"Bluesky","galaxy s","galaxy s","💥 Tablet Samsung Galaxy Tab S10 Fe Wifi, 128gb, 8gb, Tela 10.9  90hz, S Pen E Capa Inclusas Cinza- . ⚠️ -1 -“Ver Produto”, e </br> ⚠️ 2 - tela de pagamento, “Usar cupom: 300OFF ” para desconto! ! . 😱 Por 2,257 OFF (Confira o DESCONTO tela de Pgto) . 🛒 Compre aqui 👉🏽 https://mercadolivre.com/sec/23iudN2","2025-12-27T19:20:03+00:00","2025-12-27 19:20:03+00:00","tabaratonarede.bsky.social","0","0","at://did:plc:btb6d463sylf5k5swmejfvl7/app.bsky.feed.post/3mayjmvmpv72h"
"Bluesky","galaxy s","galaxy s","💥 Tablet Samsung Galaxy Tab S10 Fe Wifi, 128gb, 8gb, Tela 10.9  90hz, S Pen E Capa Inclusas Cinza- . ⚠️ -1 -“Ver Produto”, e </br> ⚠️ 2 - tela de pagamento, “Usar cupom: 300OFF ” para desconto! ! . 😱 Por 2,257 OFF (Confira o DESCONTO tela de Pgto) . 🛒 Compre aqui 👉🏽 https://mercadolivre.com/sec/23iudN2","2025-12-27T19:36:03+00:00","2025-12-27 19:36:03+00:00","tabaratonarede.bsky.social","0","0","at://did:plc:btb6d463sylf5k5swmejfvl7/app.bsky.feed.post/3maykjimwox2t"
"Bluesky","galaxy fold","galaxy fold","Samsung Galaxy Z Fold 7 wins ‘Most Innovative’ This is the year of thin phones, and while they aren’t getting a lot of traction, these phones are pretty impressive. I absolutely love using the iPhone Air, and ex-MobileSyrup-er Brad Bennett was also a big fan of this phone. And while the phone is a…","2025-12-27T19:38:03Z","2025-12-27 19:38:03+00:00","newsnexttech.bsky.social","0","0","at://did:plc:smx4mdvydvulspyzksgizf4j/app.bsky.feed.post/3maykn3g6k72y"
"Bluesky","galaxy fold","galaxy fold","Samsung Galaxy Z Fold 7 wins ‘Most Innovative’ This is the year of thin phones, and while they aren’t getting a lot of traction, these phones are pretty impressive. I absolutely love using the iPhone Air, and ex-MobileSyrup-er Brad Bennett was also a big fan of this phone. And while the phone is a…","2025-12-27T19:38:24Z","2025-12-27 19:38:24+00:00","monikawalker.bsky.social","0","0","at://did:plc:zqajbwp7dw6i5may4s3qlstb/app.bsky.feed.post/3mayknotkqu27"
"Bluesky","galaxy s","galaxy s","I forgot the Lumas on the world maps in Mario Galaxy 2 required star bits in the 1000’s lol.  Also won’t spoil but I love what I’ve unlocked of the new Rosalina’s Storybook content in 2.","2025-12-27T21:56:13.200Z","2025-12-27 21:56:13.200000+00:00","shardwanderer.bsky.social","1","0","at://did:plc:gsjugt5m2yle7enp5t7f6hh6/app.bsky.feed.post/3mayse3hmnc2h"
"Bluesky","galaxy s","galaxy s","Still can't get over the Super Mario Galaxy commission being coincidentially timed with SMG4's finale...","2025-12-27T23:22:03.590Z","2025-12-27 23:22:03.590000+00:00","bento-bongos.bsky.social","1","0","at://did:plc:uo6rvzgjkogchuiya4pupktb/app.bsky.feed.post/3mayx5lazfk2h"
"Bluesky","galaxy fold","galaxy fold","Leak: Jon Prosser's 3D renders show Apple's iPhone Fold — a Galaxy Z Fold–style horizontal fold with a 5.5‑inch outer screen and 7.8‑inch inner display, plus rumored crease‑free tech (metal plate + liquid metal). Rumored for 2026.","2025-12-27T23:45:28.393Z","2025-12-27 23:45:28.393000+00:00","playswave.com","0","0","at://did:plc:luq5ehmrudmuwqq4qntmir7y/app.bsky.feed.post/3mayyhh7zr32w"
"Bluesky","galaxy fold","galaxy fold","Galaxy Z fold End of year sale.   howl.link/nb0okl4kss0bs   #ad","2025-12-28T00:31:42.943Z","2025-12-28 00:31:42.943000+00:00","connies4900.bsky.social","0","0","at://did:plc:7eq7t2c6754v4zkfzzs4tqvn/app.bsky.feed.post/3maz324yqss2s"
"Bluesky","galaxy note","galaxy note","🔮✨ MOD SPOTLIGHT ✨🔮 Gale aficionado @ladysapphyre.bsky.social is the head mod behind this zine, and, fuelled by a love of all things Gale!  Please give them a waterdhavian welcome 💜 (Please note that Sapph only uses they/them pronouns now!)","2025-12-28T00:35:41.214Z","2025-12-28 00:35:41.214000+00:00","galemancerzine.bsky.social","5","2","at://did:plc:zbsop6dppexp4wkq7ll2ml4u/app.bsky.feed.post/3maz3baarvc2h"
"Bluesky","galaxy s","galaxy s","Fuck... I just realized the ""New"" Galaxy in my book is just where I work. Stupid subconscious!","2025-12-28T00:53:08.071Z","2025-12-28 00:53:08.071000+00:00","aaronfrizzle.bsky.social","0","0","at://did:plc:rbi4jasthdyqm3773afzndxa/app.bsky.feed.post/3maz4aglpnk2k"
"Bluesky","galaxy fold","galaxy fold","**Breaking:** Technology Breaks when You Try to Break It","2025-12-28T02:25:26.000Z","2025-12-28 02:25:26+00:00","vozercozer.vozer.cafe.ap.brid.gy","1","0","at://did:plc:ihwqcnveg47hzxpdlm4mhsoy/app.bsky.feed.post/3mazbfxu7ilq2"
"Bluesky","galaxy fold","galaxy fold","Breaking: Technology Breaks when You Try to Break It","2025-12-28T02:26:14.165Z","2025-12-28 02:26:14.165000+00:00","vozer.cafe","5","1","at://did:plc:za2ezszbzyqer7eylvtgapd5/app.bsky.feed.post/3mazbgvvyfs2l"
"Bluesky","galaxy s","galaxy s","Next up from the Odyssey Pro is an observation of #galaxy #NGC0488. #unistellar #odysseypro #space #astronomy #amateur","2025-12-28T03:11:03.000Z","2025-12-28 03:11:03+00:00","tg8arc.mastodon.social.ap.brid.gy","1","1","at://did:plc:auoohwl3cmigq235kpbcpqhm/app.bsky.feed.post/3mazdxc5sfin2"
"Bluesky","galaxy fold","galaxy fold","TechnoEdge より 3つ折りスマホ Galaxy Z TriFold ＋ Bluetoothキーボードで快適ビジネスマシンに（スマホ沼） Three-fold smartphone Galaxy Z TriFold + Bluetooth to a comfortable business machine (Smartphone沼)","2025-12-28T04:33:47.897782+00:00","2025-12-28 04:33:47.897782+00:00","gigowat.bsky.social","0","0","at://did:plc:dwecjm5n7fyljcjk3vi7x5oa/app.bsky.feed.post/3mazikzjuid2p"
"Bluesky","galaxy note","galaxy note","Samsung’s Galaxy Death Note 7 tie-in was an explosive hit.","2025-12-28T05:04:47.672Z","2025-12-28 05:04:47.672000+00:00","brada.bsky.social","1","0","at://did:plc:bfoh7rx5ulnhf4mdeyohg5rh/app.bsky.feed.post/3mazkcgoxqs2o"
"Bluesky","galaxy fold","galaxy fold","The Oppo Find N5 is a great foldable that beats the Galaxy Z Fold 7","2025-12-28T06:47:04.814509+00:00","2025-12-28 06:47:04.814509+00:00","technology-news.bsky.social","1","0","at://did:plc:fsftz5ue2bvlvkb6zx2bqdnh/app.bsky.feed.post/3mazpzdmva62k"
"Bluesky","galaxy z","galaxy z","Prueban el Galaxy Z Trifold y pasa lo que muchos temían: se rompe al forzarlo abierto. Doble bisagra, pantalla de polímero y el chasis cede en la prueba de flexión. ¿Demasiado pronto para los plegables triples? 🤔 youtu.be/0p_LmbcqEV4 #Samsung #Plegables #Tech","2025-12-28T07:00:59.000Z","2025-12-28 07:00:59+00:00","applex4.bsky.social","1","0","at://did:plc:qr6tt46sisat4dxeh65sahlq/app.bsky.feed.post/3mazqsas6fk2s"
"Bluesky","galaxy s","galaxy s","Samsung pode recorrer à rival chinesa BOE para os ecrãs da série Galaxy S #galaxy #os #rival #samsung","2025-12-28T08:04:03Z","2025-12-28 08:04:03+00:00","tugate.ch","0","0","at://did:plc:a3bytqa2zaerm5c5tg3ja4tc/app.bsky.feed.post/3mazud2b7id2r"
"Bluesky","galaxy note","galaxy note","Feed: ""mxdwn Music"" By: Katy Mayfield on Sunday, December 28, 2025","2025-12-28T08:31:32.084856+00:00","2025-12-28 08:31:32.084856+00:00","longtail-news.bsky.social","0","0","at://did:plc:o6ggjvnj4ze3mnrpnv5oravg/app.bsky.feed.post/3mazvu7ivch24"
"Bluesky","galaxy z","galaxy z","Galaxy Z TriFold: Тестове разкриват проблеми с пантите преди 150 000 сгъвания #GalaxyZTriFold #SamsungBulgaria #TechLeaks #DurabilityTest #GalaxyLeaksbg","2025-12-28T09:33:36.632Z","2025-12-28 09:33:36.632000+00:00","galaxyleaks.bsky.social","0","0","at://did:plc:u3ltcknpshigutodv2o34764/app.bsky.feed.post/3mazzd5jikl2i"
"Bluesky","galaxy s","galaxy s","記事の要約: Samsungは、Apple向けのビジネスを拡大する一方で、自社製品向けのOLEDディスプレイを中国のBOEから調達する可能性が高まっています。サプライチェーン関係者によると、SamsungはBOEとの協議を進めており、Galaxyシリーズ向けの小型OLEDや大型液晶ディスプレイの供給についても話し合っています。将来的には、Galaxy Sシリーズ向けのOLEDの一部もBOEが供給する可能性があり、これによりSamsungは自社ディスプレイ部門への依存度を減らし、コスト構成を最適化できるとされています。また、SamsungはApple向けの部品供給ビジネスを拡大しており、利益率…","2025-12-28T09:36:32.645881+00:00","2025-12-28 09:36:32.645881+00:00","buchikuma.bsky.social","0","0","at://did:plc:jf26a7dgps3fck4zc7anchdl/app.bsky.feed.post/3mazziegxk62f"
"Bluesky","galaxy s","galaxy s","Samsung Galaxy Z Fold 8: Bigger Battery, Better Display, and the S Pen Returns The Samsung Galaxy Z Fold 8 is poised to redefine the foldable smartphone landscape with a series of anticipated advan... #Android #News #Mobile #Phone #News #Top #News Origin | Interest | Match","2025-12-28T10:00:48.000Z","2025-12-28 10:00:48+00:00","android.activitypub.awakari.com.ap.brid.gy","0","0","at://did:plc:etkadjdby46s2skc4shoxp6q/app.bsky.feed.post/3mb22vfmbqn22"
"Bluesky","galaxy s","galaxy s","Na Alze je s kódem Samsung Galaxy S25 12/256GB s 15% slevou. Za rozumnou cenu. Slušný telefon, OneUI   povedené. Jasně Ultra je lepší, ale o dost dražší, ale i tam jsou 15% slevy. Ale vy už jste si určitě nové mobily koupili, co? www.alza.cz/samsung-... www.alza.cz/samsung-...","2025-12-28T10:34:50.000Z","2025-12-28 10:34:50+00:00","365tipu.cz","1","1","at://did:plc:6ow7sn4eyi7fyaiyjk3u267b/app.bsky.feed.post/3mb24qn2fk32q"
"Bluesky","galaxy s","galaxy s","Composite image of Arp 298, also known as NGC 7469 and IC 5283. X-rays from Chandra (purple) are overlaid on a Hubble and JWST image of NGC 7469. Credit: NASA, CXC, X. Xu; NASA, ESA, UVA, NRAO, A. S. Evans, Hubble Heritage team; NASA, ESA, CSA, L. Armus, A. S. Evans; J. Major Source","2025-12-28T12:31:54.150791+00:00","2025-12-28 12:31:54.150791+00:00","arpbot.bsky.social","30","6","at://did:plc:6fbafnhl3putariiozvwbuzh/app.bsky.feed.post/3mb2dbwhgsi2i"
"Bluesky","galaxy note","galaxy note","www.tiktok.com/t/ZPHK7JyUuj...","2025-12-28T13:00:44.964Z","2025-12-28 13:00:44.964000+00:00","eddietg51-42.bsky.social","0","0","at://did:plc:rdjptj3p3dldwhw3eh3p77by/app.bsky.feed.post/3mb2evj2e7s2k"
"Bluesky","galaxy s","galaxy s","Academy starts mid January, then if it's anything like previous years S4 of Strange New Worlds will probably be sometime around June or July ish. Probably... www.geektown.co.uk/tvairdates/s...","2025-12-28T14:53:56.160Z","2025-12-28 14:53:56.160000+00:00","wordsoup.bsky.social","1","0","at://did:plc:vsm6q6bpipm7fvdq3y2cz5cq/app.bsky.feed.post/3mb2l7vn7ks2b"
"Bluesky","galaxy z","galaxy z","Galaxy Z TriFold oblewa test wytrzymałości. Cena postępu? Delikatność, o której zapomnieliśmy | @imagazinepl.bsky.social  https://imagazine.pl/2025/12/28/galaxy-z-trifold-oblewa-test-wytrzymalosci-cena-postepu-delikatnosc-o-ktorej-zapomnielismy/","2025-12-28T15:00:55+00:00","2025-12-28 15:00:55+00:00","imagazinepl.bsky.social","0","0","at://did:plc:6whpdzxis5f3oa25isxfdivz/app.bsky.feed.post/3mb2lmi5kxg2q"
"Bluesky","galaxy fold","galaxy fold","7 Essential Samsung Galaxy Settings to Dramatically Boost Battery Life + Video Samsung Galaxy smartphones are renowned for their feature-rich, high-performance design, but many of these features can quietly drain your battery faster than expected. Flagship models like the Galaxy S25 Ultra, Galaxy…","2025-12-28T16:03:07Z","2025-12-28 16:03:07+00:00","undercodenews.bsky.social","0","0","at://did:plc:p464uedvuxtzckhrm4pfwxa5/app.bsky.feed.post/3mb2p3ojx3j2g"
"Bluesky","galaxy s","galaxy s","i was going to do another roundup of the best books i read this year, but unfortunately i had a lot more not-great reads than good ones 🥲 so instead, here's a list of my favorite new and new-to-me books, games, and movies that i enjoyed in 2025!  (here's to finding better reads in 2026 😅)","2025-12-28T16:58:48.707Z","2025-12-28 16:58:48.707000+00:00","msevelynrivera.bsky.social","5","0","at://did:plc:bepml3yonu6gldrleh54lqq4/app.bsky.feed.post/3mb2s773zo22q"
"Bluesky","galaxy s","galaxy s","ALMA data analysis of NGC 1266 highlights a massive molecular outflow, suggesting the galaxy may deplete its gas reservoirs in about 450 million years, leading to long-term quiescence. doi.org/hbg874","2025-12-28T12:20:17-05:00","2025-12-28 17:20:17+00:00","sciencex.bsky.social","0","0","at://did:plc:ipnqgjcngbafxdo3bv3gamrx/app.bsky.feed.post/3mb2tfm2alm23"
"Bluesky","galaxy z","galaxy z","#TechRadar The Samsung Galaxy Z TriFold is no match for an extreme torture test — here's what it says about durability https://techrad.ar/EF2c #SamsungGalaxyPhones #Phones","2025-12-28T17:35:33Z","2025-12-28 17:35:33+00:00","techrad.ar","0","0","at://did:plc:sggcemuswbe74yefq36bkgau/app.bsky.feed.post/3mb2uavyeto26"
"Bluesky","galaxy s","galaxy s","are you a space pervert? play these games store.steampowered.com/app/252470/S... (the original is good toooooo) store.steampowered.com/app/340880/S... (xcom but spaaaace) store.steampowered.com/app/1521070/... (cyoa but spaaaaace) store.steampowered.com/app/1176470/... (????)","2025-12-28T17:43:40.228Z","2025-12-28 17:43:40.228000+00:00","adamrandonumber.bsky.social","1","0","at://did:plc:omsrdoyh5zhbmefr7dtu4pls/app.bsky.feed.post/3mb2upfwdh22j"
"Bluesky","galaxy z","galaxy z","The Samsung Galaxy Z TriFold is no match for an extreme torture test — here's what it says about durability https://cstu.io/ff716e #artificialintelligence #gaming #ai","2025-12-28T17:52:17+00:00","2025-12-28 17:52:17+00:00","thesocialsage.bsky.social","1","0","at://did:plc:ee2zz2ej5m6wu2vsqqfonxvh/app.bsky.feed.post/3mb2v6tsplm2d"
"Bluesky","galaxy fold","galaxy fold","The Samsung Galaxy Z TriFold is no match for an extreme torture test — here’s what it says about durability The Galaxy Z TriFold takes on the JerryRigEverything test It proves to be a relatively fragile smartphone There's even a right way and wrong way to fold it up The newly launched Samsung…","2025-12-28T17:58:05Z","2025-12-28 17:58:05+00:00","newshub05.bsky.social","0","0","at://did:plc:zfg6pjruc22nryiqmqkdsn73/app.bsky.feed.post/3mb2vj7zbjs2w"
"Bluesky","galaxy z","galaxy z","https://trecome.info/articles/2d0acb45-a94d-454d-8d4e-125bb6a96418 【新着記事】 2025年に「Xperia 1 VII」「Galaxy Z Fold7」を買ってよかった理由 撮影現場と旅行で真価を発揮（1/2 ページ）","2025-12-28T18:06:59.295+00:00","2025-12-28 18:06:59.295000+00:00","trecome.bsky.social","0","0","at://did:plc:allmdmczd7gmnwpcdxaq36hh/app.bsky.feed.post/3mb2vz4eay62s"
"Bluesky","galaxy s","galaxy s","QuickStar v10.0.00.2 for One UI 8.5 is now live! #Samsung #Galaxy #OneUI85 #TeamGalaxy #GalaxyAI #TeamSamsung #TechNews #TechUpdates #GalaxyS25 #QuickStar #GoodLock","2025-12-28T18:25:27Z","2025-12-28 18:25:27+00:00","aptivi.bsky.social","1","0","at://did:plc:6txdndyx4f42htjp3zbswx3x/app.bsky.feed.post/3mb2x26ztdv2u"
"Bluesky","galaxy s","galaxy s","ALMA datasets elucidate nearby galaxy NGC 1266's massive molecular outflow https://cavenewstimes.com/alma-datasets-elucidate-nearby-galaxy-ngc-1266s-massive-molecular-outflow/","2025-12-28T18:47:18+00:00","2025-12-28 18:47:18+00:00","cavenewstimes.com","0","0","at://did:plc:eaeknthaikc5ro5t7qdgyet2/app.bsky.feed.post/3mb2ybb6a5c2u"
"Bluesky","galaxy fold","galaxy fold","Two days in, and I think I've finally got the new phone set up the way I want it (finally). Moved from my old and busted Galaxy Z Flip 3 to a work-issued Pixel 8a. Nice to have a full working screen again, and it doesn't fold so it won't shut off on me when I accidentally fold it.","2025-12-28T19:23:15.738Z","2025-12-28 19:23:15.738000+00:00","sayhibobbi.queersky.xyz","1","0","at://did:plc:ubshylkmjlipmijsrmiu6f7m/app.bsky.feed.post/3mb32bimggk2g"
"Bluesky","galaxy s","galaxy s","Twitch Streamer Clix Hosts First-Ever Gaming Livestream in Walt Disney World with Fortnite Broadcast from Star Wars: Galaxy’s Edge","2025-12-28T19:23:32.059Z","2025-12-28 19:23:32.059000+00:00","wdwnt.com","1","0","at://did:plc:rlqi4rkaahnpjyfcn6wetq7j/app.bsky.feed.post/3mb32by7keq26"
"Bluesky","galaxy s","galaxy s","Veliki iskorak napred #GalaxyZFold8 benchmark.rs/vesti/uredaj...","2025-12-28T19:27:17.601Z","2025-12-28 19:27:17.601000+00:00","benchmarkrs.bsky.social","1","0","at://did:plc:k3kronrrygpa35zf4kupgtuy/app.bsky.feed.post/3mb32ipgx5j2t"
"Bluesky","galaxy s","galaxy s","🛑 *LIVE NOW* ⊹₊⟡⋆ Drawing / Chatting ✶⋆.˚ Galaxy Kitty #vtuber is going to try drawing on stream again! I hope people stop by to chat! I will be designing some #oc s today and babbling about world. Trying something new with this toggle~ 🛑 www.twitch.tv/saelicity","2025-12-28T19:35:55.704Z","2025-12-28 19:35:55.704000+00:00","saeli.city","8","0","at://did:plc:6lj4wy4r6v2rnhfyubrfv26k/app.bsky.feed.post/3mb32y5etns2r"
"Bluesky","galaxy s","galaxy s","With its massive display, S Pen support, and premium build,  Galaxy Tab S11 Ultra is the ultimate tablet for Samsung fans and power users in 2026. 👉 See it in “10 Best Tablets in 2026” - trendsplace.tech/best-tablets... #GalaxyTabS11Ultra #Samsung #Tablet","2025-12-28T19:38:07.591Z","2025-12-28 19:38:07.591000+00:00","trendsplace.bsky.social","0","0","at://did:plc:bdt5mhrq5cqwswqpnfus727x/app.bsky.feed.post/3mb33435mms2h"
"Bluesky","galaxy z","galaxy z","هاتف Samsung Galaxy Z TriFold لا يتناسب مع اختبار التعذيب الشديد يخضع هاتف Galaxy Z TriFold لاختبار JerryRigEverything لقد ثبت أنه هاتف ذكي هش نسبيًا حتى أن هناك طريقة صحيحة وطريقة خاطئة لطيها التي تم إطلاقها حديثا سامسونج جالاكسي Z ثلاثي الطي تم إخضاعه لاختبار تعذيب شديد من قبل مدمر الهواتف…","2025-12-28T20:09:24Z","2025-12-28 20:09:24+00:00","beiruttime.bsky.social","0","0","at://did:plc:kk3x5e3623o25ncmq37sfvsn/app.bsky.feed.post/3mb34u2yuqc2e"
"Bluesky","galaxy fold","galaxy fold","Samsung Galaxy Z Fold 8 is one of the most exciting phones coming in 2026! We expect a larger inner display, improved brightness, and possibly come with Samsung’s revolutionary 2nm Exynos chipset.   👉 See it in “Best Upcoming Foldable Phones in 2026” - trendsplace.tech/upcoming-fol... #GalaxyFold","2025-12-28T21:36:45.037Z","2025-12-28 21:36:45.037000+00:00","trendsplace.bsky.social","0","0","at://did:plc:bdt5mhrq5cqwswqpnfus727x/app.bsky.feed.post/3mb3bq6utic2h"
"Bluesky","galaxy z","galaxy z","Bit of a random question, but does anyone happen to have experience with the galaxy z flip 7? And if yes, how are you liking it as an everyday phone? 👀 I’m considering potentially switching in the future","2025-12-28T22:04:21.883Z","2025-12-28 22:04:21.883000+00:00","peachchocobo.bsky.social","0","0","at://did:plc:ivfua4ymragz2rofbwvnsutp/app.bsky.feed.post/3mb3dbkxr5s2w"
"Bluesky","galaxy z","galaxy z","Welcome back artists! 🖌paint 🎨 ✨️ Quote Post with an old piece that you still like!","2025-12-28T22:50:31.332Z","2025-12-28 22:50:31.332000+00:00","captainsupreme.bsky.social","23","8","at://did:plc:jwczjh6ntabydrheitzbmjf7/app.bsky.feed.post/3mb3fu456rk2h"
"Bluesky","galaxy s","galaxy s","日本でフルラインナップが登場か？次期フラッグシップスマホ「Galaxy S26・S26+・S26 Ultra」のメーカー版とキャリア版が勢揃い https://s-max.jp/archives/1839338.html","2025-12-29T00:35:31.410Z","2025-12-29 00:35:31.410000+00:00","wormple.bsky.social","0","0","at://did:plc:zyynahob5wl4k3cvrfy6p3i4/app.bsky.feed.post/3mb3lpudr4k2l"
"Bluesky","galaxy note","galaxy note","I have shared a Brand Store on Amazon with you. www.amazon.in/stores/Apple...","2025-12-29T02:06:02.840Z","2025-12-29 02:06:02.840000+00:00","ecomedge.bsky.social","0","0","at://did:plc:h2p6ezu2jvo2m4cgrxmhuby7/app.bsky.feed.post/3mb3qrq5ty225"
"Bluesky","galaxy z","galaxy z","3つ折りスマホ Galaxy Z TriFold ＋ Bluetoothキーボードで快適ビジネスマシンに（スマホ沼） | テクノエッジ TechnoEdge https://www.techno-edge.net/article/2025/12/28/4802.html","2025-12-29T02:45:52.622Z","2025-12-29 02:45:52.622000+00:00","tech-trending.bsky.social","1","0","at://did:plc:2ow4s6cci5ylwwdedvx3qtkx/app.bsky.feed.post/3mb3syxgzaz2w"
"Bluesky","galaxy z","galaxy z","“Honey,” she said, reaching over to gracefully close my Samsung Galaxy Z Flip, “Let’s not Stancil tonight.”","2025-12-29T03:15:34.938Z","2025-12-29 03:15:34.938000+00:00","real-danger.bsky.social","2","0","at://did:plc:756iu2kotsgjbm4hu36rjfur/app.bsky.feed.post/3mb3uo2y6gk2i"
"Bluesky","galaxy s","galaxy s","wccftech.com/samsung-eyei...","2025-12-29T06:44:02.179Z","2025-12-29 06:44:02.179000+00:00","retro-zero.bsky.social","0","0","at://did:plc:t5ofhecfuqtxzlojpncjjjtu/app.bsky.feed.post/3mb4acssuxs2w"
"Bluesky","galaxy fold","galaxy fold","Samsung’un gizli “iPhone Fold” planları ortaya çıktı Katlanabilir telefon pazarında dengeleri değiştirecek bir hamle yolda. Samsung, Apple’ın yaklaşan hamlesine karşı geniş ekranlı ve kalem destekli özel bir model üzerinde çalışıyor. Galaxy Z Fold 8 bekleyenleri ise büyük bir sürpriz…","2025-12-29T08:16:27Z","2025-12-29 08:16:27+00:00","ercanceviz.bsky.social","0","0","at://did:plc:v7nvkhezqq33xrcgasafhbw4/app.bsky.feed.post/3mb4fi4vi4g2x"
"Bluesky","galaxy fold","galaxy fold","Samsung’un zımnî “iPhone Fold” planları ortaya çıktı Katlanabilir telefon pazarında istikrarları değiştirecek bir atılım yolda. Samsung, Apple’ın yaklaşan atağına karşı geniş ekranlı ve kalem dayanaklı özel bir model üzerinde çalışıyor. Galaxy Z Fold 8 bekleyenleri ise büyük bir sürpriz…","2025-12-29T08:48:41Z","2025-12-29 08:48:41+00:00","teknogundemms.bsky.social","0","0","at://did:plc:if3rj673jdhdkpahoz7sq775/app.bsky.feed.post/3mb4hbqz7sm2i"
"Bluesky","galaxy z","galaxy z","7 biggest Samsung devices for 2026: Galaxy S26, Galaxy Z TriFold, Galaxy Glasses and more Samsung's mobile devices launch schedule should be busy once again in 2026. Here's what's rumor... #Samsung #Phones #Phones #Android #Phones Origin | Interest | Match","2025-12-29T09:45:00.000Z","2025-12-29 09:45:00+00:00","android.activitypub.awakari.com.ap.brid.gy","0","0","at://did:plc:etkadjdby46s2skc4shoxp6q/app.bsky.feed.post/3mb4l7tfeokx2"
"Bluesky","galaxy z","galaxy z","記事の要約: ITmedia Mobileは「スマートフォン・オブ・ザ・イヤー2025」を開催し、2025年に発売されたスマートフォンの中からベストモデルを選定しました。審査員は8名で、ハイエンド部門とミッドレンジ部門に分かれ、各25点を持ち点として投票を行いました。ハイエンド部門ではGalaxy Z Fold7が高評価を受け、iPhone Airも9点を獲得しました。ミッドレンジ部門では、価格の魅力が評価されたarrows Alphaや個性的なデザインのNothing Phone (3a)が注目されました。","2025-12-29T10:25:31.499493+00:00","2025-12-29 10:25:31.499493+00:00","buchikuma.bsky.social","0","0","at://did:plc:jf26a7dgps3fck4zc7anchdl/app.bsky.feed.post/3mb4mouq2y727"
"Bluesky","galaxy s","galaxy s","Blagdanska FE priča traje i dalje novimilenij.eu/index.php/pa... #GalaxyFE #S25_FE_Series #Buds3_FE","2025-12-29T10:54:51.980Z","2025-12-29 10:54:51.980000+00:00","cobrettizagreb.bsky.social","0","0","at://did:plc:ya3f2itgx75rpgbjetj7hjq7/app.bsky.feed.post/3mb4oddraki2h"
"Bluesky","galaxy z","galaxy z","TOP 8+ điện thoại Samsung 512GB tốt nhất trong mọi phân khúc giá – Viettel Store Với thời lượng pin 4000mAh và được hỗ trợ đa dạng SIMGalaxy S25 là thiết bị cân bằng giữa camera và dung lượng bộ nhớ. Samsung Galaxy Z Flip6 5G ... TOP 8+ điện thoại Samsung 512GB tốt nhất trong mọi phân khúc giá -…","2025-12-29T11:07:14Z","2025-12-29 11:07:14+00:00","raisewill8488.bsky.social","0","0","at://did:plc:nbpuoxjqisx6dfs7hvr3jlrz/app.bsky.feed.post/3mb4ozj432z2d"
"Bluesky","galaxy s","galaxy s","After eight months, I had four hours of sound from the galaxy. Then I pressed “execute” #Mondo2000 #Cyberpunk Next time, I’ll use a pulsar, because I want а cosmic drummer","2025-12-29T11:36:04.290Z","2025-12-29 11:36:04.290000+00:00","taonf.bsky.social","5","1","at://did:plc:xp2mldlzy72blkg4do2cnbn7/app.bsky.feed.post/3mb4qmz7mac2e"
"Bluesky","galaxy fold","galaxy fold","Samsung Galaxy Z Fold 8 Wide Edition: The Future of Foldable Smartphones Samsung is poised to reshape the foldable smartphone landscape with its upcoming Galaxy Z Fold 8 Wide Edition. Internally re... #Android #News #Technology #News #Top #News Origin | Interest | Match","2025-12-29T12:00:38.000Z","2025-12-29 12:00:38+00:00","android.activitypub.awakari.com.ap.brid.gy","0","0","at://did:plc:etkadjdby46s2skc4shoxp6q/app.bsky.feed.post/3mb4s4r3sxm22"
"Bluesky","galaxy s","galaxy s","Samsung Telefonlardaki Qualcomm Dönemi Bitebilir! Her şey Exynos 2600’ün Başarısına Bağlı Samsung ve Qualcomm arasındaki iş birliği pamuk ipliğine bağlı. Uzun zamandır başta Galaxy S serisi olmak üzere birçok akıllı telefon modelinde Qualcomm'un işlemcilerini kullanan Samsung, yakın gelecekte bu…","2025-12-29T12:01:34Z","2025-12-29 12:01:34+00:00","ercanceviz.bsky.social","0","0","at://did:plc:v7nvkhezqq33xrcgasafhbw4/app.bsky.feed.post/3mb4s2o47vz2o"
"Bluesky","galaxy s","galaxy s","Samsung’un Gizli Silahı Başarılı Olursa Snapdragon’u Tahtından Edebilir Samsung ve Qualcomm arasındaki iş birliği çok yakında sonlanabilir. Uzun zamandır başta Galaxy S serisi olmak üzere birçok akıllı telefon modelinde Qualcomm'un işlemcilerini kullanan Samsung'un yakın gelecekte bu stratejisini…","2025-12-29T12:01:35Z","2025-12-29 12:01:35+00:00","ercanceviz.bsky.social","0","0","at://did:plc:v7nvkhezqq33xrcgasafhbw4/app.bsky.feed.post/3mb4s2ou7yv2o"
"Bluesky","galaxy z","galaxy z","Feed: ""Latest from TechRadar"" By: David Nield on Sunday, December 28, 2025","2025-12-29T12:02:12.767703+00:00","2025-12-29 12:02:12.767703+00:00","longtail-news.bsky.social","0","0","at://did:plc:o6ggjvnj4ze3mnrpnv5oravg/app.bsky.feed.post/3mb4s3thhzd27"
"Bluesky","galaxy s","galaxy s","An analyst states that Samsung will not be injecting millions into its in-house CPU and GPU designs just for the Exynos SoC to be found in few Galaxy S shipments","2025-12-29T13:08:28.769401+00:00","2025-12-29 13:08:28.769401+00:00","technology-news.bsky.social","1","0","at://did:plc:fsftz5ue2bvlvkb6zx2bqdnh/app.bsky.feed.post/3mb4vsawby62z"
"Bluesky","galaxy z","galaxy z","Interview] ‘I Came to Korea for This’: A Journalist With 1,800 Phones on Galaxy Z TriFold [https://news.samsung.com/global/interview-i-came-to-korea-for-this-a-journalist-with-1800-phones-on-galaxy-z-trifold","2025-12-29T13:27:13.000Z","2025-12-29 13:27:13+00:00","primusnews.mastodon.social.ap.brid.gy","0","0","at://did:plc:apumzw5m6ig6grmqnkowqstu/app.bsky.feed.post/3mb4wtxoyj222"
"Bluesky","galaxy z","galaxy z","Samsung Galaxy Z TriFold bezwijkt ondanks populariteit onder druk  Populair of niet: als de TriFold bij een buigtest al in elkaar stort, bewaren wij ’m liever in een museum dan in onze broekzak.","2025-12-29T14:30:38+01:00","2025-12-29 13:30:38+00:00","nieuwemobiel.nl","0","0","at://did:plc:jpsi77obepmpwj4pok3knjcg/app.bsky.feed.post/3mb4wzvge5i2e"
"Bluesky","galaxy s","galaxy s","These 5 Samsung Galaxy S26 Features Will Make It Hard To Beat In 2026 Samsung's Android rivals may now offer stiff competition, but the Galaxy S26's new features look like it'll it at t... #Android Origin | Interest | Match","2025-12-29T13:45:00.000Z","2025-12-29 13:45:00+00:00","android.activitypub.awakari.com.ap.brid.gy","0","0","at://did:plc:etkadjdby46s2skc4shoxp6q/app.bsky.feed.post/3mb4yxlektz32"
"Bluesky","galaxy s","galaxy s","Samsung and Google partner to bring Google Photos to TizenOS-powered TVs, launching in March 2026 and showing curated memories, ahead of CES 2026 (Rajesh Pandey/Android Police) Rajesh Pandey / Andr... Origin | Interest | Match","2025-12-29T14:20:01.000Z","2025-12-29 14:20:01+00:00","android.activitypub.awakari.com.ap.brid.gy","0","0","at://did:plc:etkadjdby46s2skc4shoxp6q/app.bsky.feed.post/3mb5szuoy2sf2"
"Bluesky","galaxy note","galaxy note","Samsung's Year End Sale Introduces Major Discounts on Popular Monitors and TVs","2025-12-29T14:33:33Z","2025-12-29 14:33:33+00:00","macrumors.bsky.social","7","0","at://did:plc:ritv6l6udmzeuwbit4omuq4x/app.bsky.feed.post/3mb52kffagr2d"
"Bluesky","galaxy z","galaxy z","A Journalist With 1,800 Phones Flew to Korea for Samsung’s Galaxy Z TriFold, Here’s What He Found Summary: Yasuhiro Yamane, a Japanese IT journalist with over 1,800 phones in his collection, traveled from Hong Kong to Korea specifically to purchase Samsung's Galaxy Z TriFold, the company's first…","2025-12-29T14:34:01Z","2025-12-29 14:34:01+00:00","adwaitx.bsky.social","0","0","at://did:plc:mf2lbylsnjofccgl7qtkjuuk/app.bsky.feed.post/3mb52laya2s2i"
"Bluesky","galaxy s","galaxy s","Now, in that specific case, violence wasn't required at all. But, in the more general case, that was a highly advanced civilization(s) that would have outclassed the guard at a horrific casualty ratio. It's important to restate that Big E had no idea what was out there, the galaxy was a mystery.","2025-12-29T15:50:01.268Z","2025-12-29 15:50:01.268000+00:00","caliginouscalico.bsky.social","1","0","at://did:plc:bql3645pbjfpncaxay6tsgut/app.bsky.feed.post/3mb56t4cvts2z"
"Bluesky","galaxy fold","galaxy fold","【速報】2026年スマートフォン市場、折りたたみiPhoneと新型Galaxyが激突！ - AIテクノロジーまとめ ▼詳細はこちら","2025-12-29T16:20:21.957728+00:00","2025-12-29 16:20:21.957728+00:00","aitechmatome.bsky.social","0","0","at://did:plc:lyhswhmwuetk6t3uii3zqqkf/app.bsky.feed.post/3mb5ajepyel26"
"Bluesky","galaxy z","galaxy z","Samsung doesn’t know what the Galaxy S26 will cost, losing money on Galaxy Z TriFold","2025-12-29T16:41:38Z","2025-12-29 16:41:38+00:00","9to5google.com","3","1","at://did:plc:4z4m44eu62tzlmkqxfkkhagt/app.bsky.feed.post/3mb5bpgnbuj25"
"Bluesky","galaxy z","galaxy z","9to5Google より Samsung doesn’t know what the Galaxy S26 will cost, losing money on Galaxy Z TriFold サムスンは、ギャラクシーS26が何がかかるか分からない、ギャラクシーZTriFoldでお金を失う","2025-12-29T17:24:58.808011+00:00","2025-12-29 17:24:58.808011+00:00","gigowat.bsky.social","0","0","at://did:plc:dwecjm5n7fyljcjk3vi7x5oa/app.bsky.feed.post/3mb5e4wervi2v"
"Bluesky","galaxy s","galaxy s","The Galaxy S26 series isn't even out yet, but Samsung is apparently gearing up for a radical GPU change on future Galaxy flagships.","2025-12-29T17:40:12.740706+00:00","2025-12-29 17:40:12.740706+00:00","technology-news.bsky.social","1","0","at://did:plc:fsftz5ue2bvlvkb6zx2bqdnh/app.bsky.feed.post/3mb5ey5lywl2l"
"Bluesky","galaxy s","galaxy s","so i started watching… s/o to Tubi cuz i was going crazy!! rewatched MMPR, all of In Space, all of Lost Galaxy, all of TF, DT, SPD, RPM, and more. i was putting in work!  ofc i was doing other things to help myself but, in short, Power Rangers was a big part of getting me outta of a dark place 🙂‍↕️","2025-12-29T17:44:31.655Z","2025-12-29 17:44:31.655000+00:00","uueevme.bsky.social","3","1","at://did:plc:mvxh7vxrntuwm4abiif6i3dj/app.bsky.feed.post/3mb5f7ugl3c2w"
"Bluesky","galaxy s","galaxy s","Rising star Justin Haak’s #NYCFC exit becomes official with LA Galaxy deal  #NewYorkCityFC  nypost.com/2025/12/29/s...","2025-12-29T18:57:43.040Z","2025-12-29 18:57:43.040000+00:00","carnold01.bsky.social","1","1","at://did:plc:x3cqrdowfmwek2felrmgxp5f/app.bsky.feed.post/3mb5jcqew2s2d"
"Bluesky","galaxy note","galaxy note","Samsung kicked off a new end-of-the-year sale this week, introducing great deals on monitors, TVs, Galaxy smartphones, and home appliances. Many of these deals are the exact same all-time low prices we tracked during Black Friday and Cyber Monday. Note: MacRumors is an affiliate partner wi..","2025-12-29T19:40:47.901036+00:00","2025-12-29 19:40:47.901036+00:00","technology-news.bsky.social","1","0","at://did:plc:fsftz5ue2bvlvkb6zx2bqdnh/app.bsky.feed.post/3mb5lprllzx2a"
"Bluesky","galaxy s","galaxy s","9to5Google より Galaxy Watch 4’s latest update may be causing bad battery, broken sensors Galaxy Watch 4の最新アップデートがバッテリーの不良、センサーの故障を引き起こす可能性があります","2025-12-29T19:52:34.717969+00:00","2025-12-29 19:52:34.717969+00:00","gigowat.bsky.social","0","0","at://did:plc:dwecjm5n7fyljcjk3vi7x5oa/app.bsky.feed.post/3mb5meu2wfi24"
"Bluesky","galaxy s","galaxy s","Selections from 2025: Astronomers have traced a bright, seemingly one-off fast radio burst to a galaxy 130 million light-years away. aasnova.org/2025/12/29/s... 🔭🧪","2025-12-29T19:56:43.320Z","2025-12-29 19:56:43.320000+00:00","aasnova.org","12","2","at://did:plc:kpjzn7hnzphv4ddw4autkfzl/app.bsky.feed.post/3mb5mmanoqs24"
"Bluesky","galaxy s","galaxy s","⚽️🎙 LIVE SHOW TONIGHT! 🎙⚽️ The Last show of 2025 is upon us! The Galaxy land Haak and continue their defensive revolution. Are the Galaxy happy with the offensive side of things? Let's talk! 📆 TONIGHT ⏰ 8 PM 👥 Josh + @Kbaxter11 📺 youtube.com/live/YUnTPmk... #LAGalaxy #MLS  #Soccer #Podcast","2025-12-29T20:00:09.267Z","2025-12-29 20:00:09.267000+00:00","galaxypodcast.bsky.social","1","0","at://did:plc:gpd6rc2lbrj3yssbgdvwe2br/app.bsky.feed.post/3mb5msgieef2k"
"Bluesky","galaxy fold","galaxy fold","# Trải nghiệm Galaxy Z Fold 5: Công nghệ tương lai trong tầm tay Trải nghiệm Galaxy Z Fold 5: Công nghệ tương lai trong tầm tay Samsung tiếp tục khẳng định vị thế dẫn đầu trong lĩnh vực điện thoại gập với Galaxy Z Fold 5. Thiết bị mới nhất này không chỉ nâng cấp về hiệu suất mà còn mang đến trải…","2025-12-29T20:14:51Z","2025-12-29 20:14:51+00:00","queenvn.bsky.social","0","0","at://did:plc:olk6mhrifauaodxiquffevdd/app.bsky.feed.post/3mb5nmpi7tx2a"
"Bluesky","galaxy z","galaxy z","Feed: ""Android Headlines"" By: Alexander Maxham on Monday, December 29, 2025","2025-12-29T20:21:35.420069+00:00","2025-12-29 20:21:35.420069+00:00","longtail-news.bsky.social","0","0","at://did:plc:o6ggjvnj4ze3mnrpnv5oravg/app.bsky.feed.post/3mb5nyrayih2k"
"Bluesky","galaxy z","galaxy z","According to a new report, fluctuating costs have left Samsung struggling to finalize pricing for the upcoming Galaxy S26 series,...","2025-12-29T20:21:43.567876+00:00","2025-12-29 20:21:43.567876+00:00","technology-news.bsky.social","1","0","at://did:plc:fsftz5ue2bvlvkb6zx2bqdnh/app.bsky.feed.post/3mb5nyxijzj2p"
"Bluesky","galaxy s","galaxy s","Galaxy Watch 4’s latest update may be causing bad battery, broken sensors","2025-12-29T20:30:15Z","2025-12-29 20:30:15+00:00","9to5google.com","2","0","at://did:plc:4z4m44eu62tzlmkqxfkkhagt/app.bsky.feed.post/3mb5oia6bmw2v"
"Bluesky","galaxy fold","galaxy fold","I did my annual thing where I walk into a BestBuy and played around with a demo model of the latest Galaxy Fold phone. They are sooooooo close to nailing it and I want one so bad, I think next year it's finally going to happen and I'll get the Fold 8 cause there's rumors that crease is going away.","2025-12-29T20:35:45.181Z","2025-12-29 20:35:45.181000+00:00","roadbuster84.bsky.social","0","0","at://did:plc:6n4fmrz4rj7oqjxnxurcctfh/app.bsky.feed.post/3mb5orzznec27"
"Bluesky","galaxy s","galaxy s","Samsung Galaxy S26 Debuts Full Satellite Voice Calling via Exynos Modem Samsung's Galaxy S26 series is set to introduce full satellite voice calling via the Exynos Modem 5410, supporting 3GPP s... #MobileDevPro #Galaxy #S26 #satellite #connectivity #remote […]  [Original post on webpronews.com]","2025-12-29T21:10:27.000Z","2025-12-29 21:10:27+00:00","spacex.activitypub.awakari.com.ap.brid.gy","0","0","at://did:plc:stcjaibae5ydvgzeruyvpviu/app.bsky.feed.post/3mb5sl3i23mm2"
"Bluesky","galaxy z","galaxy z","Samsung Maliyetleri Kontrol Altına Almaya Çalışıyor! Samsung, 2026 yılına girerken teknoloji dünyasında oldukça riskli bir mali denge oyununun ortasında kalmış görünüyor. Şirket, bir yandan devrimsel üç parçalı katlanabilir telefonu Galaxy Z TriFold ile inovasyon şovu yaparken, diğer yandan ana…","2025-12-29T21:13:45Z","2025-12-29 21:13:45+00:00","ercanceviz.bsky.social","0","0","at://did:plc:v7nvkhezqq33xrcgasafhbw4/app.bsky.feed.post/3mb5qw2ba4w2a"
"Bluesky","galaxy s","galaxy s","Never again.","2025-12-29T21:14:11.665Z","2025-12-29 21:14:11.665000+00:00","lucaszellers.bsky.social","1","0","at://did:plc:6h3waaqe6nbwt6ksbwkaoo2g/app.bsky.feed.post/3mb5qwrnx5c2m"
"Bluesky","galaxy s","galaxy s","NASA Astronomy Hourly Picture - 2006-04-14: Smoke from the Cigar Galaxy #Astronomy #NASA #Space","2025-12-29T21:20:07.686828Z","2025-12-29 21:20:07.686828+00:00","nasadailypicbot.bsky.social","1","0","at://did:plc:a4rncxtx6abz2p5j7iqqioup/app.bsky.feed.post/3mb5rbgssov2n"
"Bluesky","galaxy z","galaxy z","Droid Life より Current Galaxy Z TriFold Pricing Has Samsung Losing Money With Each Sale 現在のGalaxy Z TriFold価格は、サムスンは各販売でお金を失っている","2025-12-29T21:23:43.127430+00:00","2025-12-29 21:23:43.127430+00:00","gigowat.bsky.social","0","0","at://did:plc:dwecjm5n7fyljcjk3vi7x5oa/app.bsky.feed.post/3mb5rht4ggu24"
"Bluesky","galaxy s","galaxy s","I see. I don't mind about such feature in general (Steam included), even have the profile disabled 😅. But yes, it's a pity having it available and not being able to use it. Hoping for it to land eventually 🤞. There was some work in that direction github.com/Heroic-Games... but looks stalled/paused.","2025-12-29T21:45:35.645Z","2025-12-29 21:45:35.645000+00:00","soulchainer.eurosky.social","1","0","at://did:plc:azbsofgh4hyzt2itsvouhc6b/app.bsky.feed.post/3mb5sowegf22d"
"Bluesky","galaxy note","galaxy note","LA Galaxy bled 66 goals last season, tied for 3rd worst (only SKC allowed more, at 70).  They now have Haak and Glesnes to rebuild a backline around. THIS IS CALLED IDENTIFYING A PROBLEM, AND ADDRESSING IT.  MLS TEAMS TAKE NOTE.","2025-12-29T21:52:04.950Z","2025-12-29 21:52:04.950000+00:00","bobvsoccer.bsky.social","2","0","at://did:plc:ldvhybtxiqgefxbbjmrfosaj/app.bsky.feed.post/3mb5t2jsv4e2k"
"Bluesky","galaxy s","galaxy s","times I dropped that Galaxy S III, which I'd odd because I'm not a butterfingers. And the GS7 that spousal unit had for like 4 years went on to a friend who used it another 4, I think. You couldn't destroy that thing.","2025-12-29T22:20:32.449Z","2025-12-29 22:20:32.449000+00:00","gaylord.pink","1","0","at://did:plc:ujafzee4rojvbuf2xugdgcqh/app.bsky.feed.post/3mb5ung3o4c2e"
"Bluesky","galaxy s","galaxy s","Feed: ""Universe Today"" By: Mark Thompson (https://www.universetoday.com/authors/mark) on Monday, December 29, 2025","2025-12-29T23:16:47.615427+00:00","2025-12-29 23:16:47.615427+00:00","longtail-news.bsky.social","0","0","at://did:plc:o6ggjvnj4ze3mnrpnv5oravg/app.bsky.feed.post/3mb5xs2fpoi2g"
"Bluesky","galaxy s","galaxy s","If we don’t get a decent amount of Rosa merch for the Galaxy movie, I will literally burst many blood vessels","2025-12-30T00:35:13.196Z","2025-12-30 00:35:13.196000+00:00","justanotherrosa2.bsky.social","0","0","at://did:plc:voscetevqk4l4o6rog6pgfpd/app.bsky.feed.post/3mb646agoyc2l"
"Bluesky","galaxy s","galaxy s","⚽️🎙 LIVE SHOW TONIGHT! 🎙⚽️ Join us for some Galaxy-talk! Haak becomes the newest member of the Galaxy as LA is ALL DEFENSE, so far. What can that mean for 2026.   📆 TONIGHT ⏰ 8 PM 👥 Josh + @Kbaxter11 📺 youtube.com/live/YUnTPmk... #LAGalaxy #MLS  #Soccer #Podcast","2025-12-30T01:00:04.290Z","2025-12-30 01:00:04.290000+00:00","galaxypodcast.bsky.social","1","0","at://did:plc:gpd6rc2lbrj3yssbgdvwe2br/app.bsky.feed.post/3mb65kq2oul27"
"Bluesky","galaxy s","galaxy s","⚽️🎙 LIVE SHOW IN 2 HOURS! 🎙⚽️ Another ""defender"" joins the Galaxy. What is Kuntz cooking? What possibilities does this open up for Vanney? Formation change? Let's talk!  📆 TONIGHT ⏰ 8 PM 👥 Josh + @Kbaxter11 📺 youtube.com/live/YUnTPmk... #LAGalaxy #MLS  #Soccer #Podcast","2025-12-30T02:00:24.766Z","2025-12-30 02:00:24.766000+00:00","galaxypodcast.bsky.social","2","0","at://did:plc:gpd6rc2lbrj3yssbgdvwe2br/app.bsky.feed.post/3mb6awmo6ih2w"
"Bluesky","galaxy s","galaxy s","⚽️🎙 LIVE SHOW IN 60 MINS! 🎙⚽️ Get up to date on the latest Galaxy addition. Why the short term contract? And what can a Defensive Midfielder/ Defender bring to Vanney? Let's talk! 📆 TONIGHT ⏰ 8 PM 👥 Josh + @Kbaxter11 📺 youtube.com/live/YUnTPmk... #LAGalaxy #MLS  #Soccer #Podcast","2025-12-30T03:00:11.946Z","2025-12-30 03:00:11.946000+00:00","galaxypodcast.bsky.social","0","0","at://did:plc:gpd6rc2lbrj3yssbgdvwe2br/app.bsky.feed.post/3mb6ebjlkjp27"
"Bluesky","galaxy s","galaxy s","Galaxy S26 Ultra: Samsung aposta em câmera turbinada, mas será que vale a pena? O Galaxy S26 Ultra promete chegar com uma das maiores evoluções fotográficas da linha S nos últimos anos. Segundo vazamentos recentes, a Samsung está preparando um upgrade triplo na câmera principal do aparelho:…","2025-12-30T03:03:26Z","2025-12-30 03:03:26+00:00","tecstudio.com.br","0","0","at://did:plc:mxjk6khoja4hmkpnxj4shki6/app.bsky.feed.post/3mb6ehdiwhr2x"
"Bluesky","galaxy s","galaxy s","The universe is tired—but it’s still punching the clock. Here's a shirt from Kenny The Bartender's Tee Emporium @TeePublic -Buying one supports Grumpy Dingo Radio & keeps us streaming!!! #Burnout #CosmicBurnout #Sun #Tshirt #GrumpyDingoRadio","2025-12-30T04:00:07.827Z","2025-12-30 04:00:07.827000+00:00","grumpydingoradio.bsky.social","1","1","at://did:plc:p5wmowz5jeossekwlpymknrk/app.bsky.feed.post/3mb6hmoacwo2d"
"Bluesky","galaxy s","galaxy s","⚽️🎙 LIVE SHOW RIGHT NOW! 🎙⚽️ Join us for the last show of the year. Galaxy get MORE defensive. The upside of Haak and what the Galaxy can do with him. Let's talk! 📆 TONIGHT ⏰ 8 PM 👥 Josh + @Kbaxter11 📺 youtube.com/live/YUnTPmk... #LAGalaxy #MLS  #Soccer #Podcast","2025-12-30T04:00:13.209Z","2025-12-30 04:00:13.209000+00:00","galaxypodcast.bsky.social","1","0","at://did:plc:gpd6rc2lbrj3yssbgdvwe2br/app.bsky.feed.post/3mb6hmu43zi2s"
"Bluesky","galaxy fold","galaxy fold","9to5Google より Galaxy Z Fold 7 and Pixel Watch 4 were my favorite products of 2025 – what about you? Galaxy Z Fold 7 と Pixel Watch 4 は 2025 年の私のお気に入りの製品でした。","2025-12-30T04:03:35.097361+00:00","2025-12-30 04:03:35.097361+00:00","gigowat.bsky.social","0","0","at://did:plc:dwecjm5n7fyljcjk3vi7x5oa/app.bsky.feed.post/3mb6hsto3ar2b"
"Bluesky","galaxy s","galaxy s","Galaxy S26’s Exynos 2600 chip could deliver a big on-device AI leap. Read more about it in our article linked below. ⏬ #Exynos2600 #Exynos","2025-12-30T04:14:51.432Z","2025-12-30 04:14:51.432000+00:00","sammobile.com","3","0","at://did:plc:rvxv4ym53kmhtdulkxkhadkk/app.bsky.feed.post/3mb6igy6j422h"
"Bluesky","galaxy z","galaxy z","#astro-ph.GA Origin | Interest | Match","2025-12-30T05:00:00.000Z","2025-12-30 05:00:00+00:00","observatories.activitypub.awakari.com.ap.brid.gy","0","0","at://did:plc:jj2lpid4xbgegeryqvc4wjd5/app.bsky.feed.post/3mb6n7gjzu3u2"
"Bluesky","galaxy fold","galaxy fold","The Biggest Tech Surprises Of The Year: 5 Products That Truly Impressed Our Editors 2025: A Year of Transformative Innovation In 2025, the technology landscape evolved at an unprecedented.... @cosmicmeta.ai #Tech https://u2m.io/k9Bleay6","2025-12-30T05:09:55.810Z","2025-12-30 05:09:55.810000+00:00","cosmicmeta.io","0","0","at://did:plc:clvbcmqqmnwzuox2logw4od4/app.bsky.feed.post/3mb6ljho5aa2k"
"Bluesky","galaxy note","galaxy note","MacRumors より Samsung's Year End Sale Introduces Major Discounts on Popular Monitors and TVs サムスンの年末販売は、人気モニターとテレビの主要な割引を導入","2025-12-30T05:32:01.836212+00:00","2025-12-30 05:32:01.836212+00:00","gigowat.bsky.social","0","0","at://did:plc:dwecjm5n7fyljcjk3vi7x5oa/app.bsky.feed.post/3mb6mqyjtwh2b"
"Bluesky","galaxy fold","galaxy fold","Feed: ""9to5Toys"" By: Justin Kahn on Monday, December 29, 2025","2025-12-30T06:11:58.409294+00:00","2025-12-30 06:11:58.409294+00:00","longtail-news.bsky.social","0","0","at://did:plc:o6ggjvnj4ze3mnrpnv5oravg/app.bsky.feed.post/3mb6oyi6kl42g"
"Bluesky","galaxy z","galaxy z","Published in #MNRAS: ""JADES: carbon-enhanced, nitrogen-normal compact galaxy at z = 11.2"", Scholtz et al. This is Fig. 1: for the caption & to read the paper please visit academic.oup.com/mnras/articl...  @royalastrosoc.bsky.social   @academic.oup.com","2025-12-30T07:16:56.874Z","2025-12-30 07:16:56.874000+00:00","rasjournals.bsky.social","1","0","at://did:plc:34yfw3j42tkrh2n4f7hwmjou/app.bsky.feed.post/3mb6smlitt22c"
"Bluesky","galaxy s","galaxy s","""AF15's 2025 Art Summary"" With 2025 winding down to a close, I figured now is the best time to showcase my yearly art summary, where I highlight my best and/or favorite artworks of this year. Here's to more artworks from me in 2026! #ArtSummary2025","2025-12-30T07:36:44.562Z","2025-12-30 07:36:44.562000+00:00","animationfan15.bsky.social","4","0","at://did:plc:xxzgb75suvnvv577eu7ncefj/app.bsky.feed.post/3mb6tpy5xl22f"
"Bluesky","galaxy z","galaxy z","Samsung perde dinheiro com cada Galaxy Z TriFold vendido para conquistar mercado #dinheiro #galaxy #mercado #samsung","2025-12-30T08:56:03Z","2025-12-30 08:56:03+00:00","tugate.ch","0","0","at://did:plc:a3bytqa2zaerm5c5tg3ja4tc/app.bsky.feed.post/3mb6y5uqatj2x"
"Bluesky","galaxy z","galaxy z","「galaxy 2600 exynos」に関する記事です: https://getnavi.jp/gadgets/1076344/","2025-12-30T09:52:18.002674+00:00","2025-12-30 09:52:18.002674+00:00","buchikuma.bsky.social","0","0","at://did:plc:jf26a7dgps3fck4zc7anchdl/app.bsky.feed.post/3mb73cewioo2p"
"Bluesky","galaxy z","galaxy z","記事の要約: Samsungの次期フラッグシップスマートフォン「Galaxy Z Flip8」には、自社開発の2nmプロセッサー「Exynos 2600」が搭載される見込みです。しかし、このプロセッサーが外部モデム「Exynos 5410」を採用していることが明らかになり、バッテリーの持続時間に対する懸念が高まっています。この情報はリーカーのErencan Yilmaz氏や韓国メディアのThe Elecによって報じられています。","2025-12-30T09:52:18.571707+00:00","2025-12-30 09:52:18.571707+00:00","buchikuma.bsky.social","0","0","at://did:plc:jf26a7dgps3fck4zc7anchdl/app.bsky.feed.post/3mb73cfhwd223"
"Bluesky","galaxy s","galaxy s","Imagine a Galaxy Fold with a wide screen, merging the Flip 7's pocket size and the Fold 7's full versatility.","2025-12-30T11:43:29.421Z","2025-12-30 11:43:29.421000+00:00","mustooguy.bsky.social","0","0","at://did:plc:h5qcaj2foepvyfbxh3k6l55l/app.bsky.feed.post/3mb7bj7gvnl2b"
"Bluesky","galaxy s","galaxy s","Not long after it started rolling out, Samsung seems to have paused the rollout of its latest – and possibly...","2025-12-30T13:07:55.271413+00:00","2025-12-30 13:07:55.271413+00:00","technology-news.bsky.social","1","0","at://did:plc:fsftz5ue2bvlvkb6zx2bqdnh/app.bsky.feed.post/3mb7ga6gqty2l"
"Bluesky","galaxy z","galaxy z","Feed: ""Droid Life | Opinionated Android news."" By: Tim on Monday, December 29, 2025","2025-12-30T13:32:19.769581+00:00","2025-12-30 13:32:19.769581+00:00","longtail-news.bsky.social","0","0","at://did:plc:o6ggjvnj4ze3mnrpnv5oravg/app.bsky.feed.post/3mb7hluhxfb24"
"Bluesky","galaxy s","galaxy s","Samsung Galaxy S26 Ultra : une vidéo dévoile son design massif en avance www.01net.com/actualites/s...","2025-12-30T13:37:30.582Z","2025-12-30 13:37:30.582000+00:00","01net.com","2","0","at://did:plc:kfsaqdm4624tghuu4nydph2i/app.bsky.feed.post/3mb7hv3h3jt2m"
"Bluesky","galaxy z","galaxy z","サムスンGalaxy Z TriFold、約24万円の高額販売にも関わらず赤字⁉️ 次期S26も部品高騰で発売延期の危機。スマホ業界のコストインフレの実態を解説。 https://biggo.jp/news/202512301324_Samsung_Galaxy_Z_TriFold_Sells_at_a_Loss #GalaxyZTriFold #GalaxyS26","2025-12-30T13:41:31+00:00","2025-12-30 13:41:31+00:00","techtrendsjp.bsky.social","0","0","at://did:plc:65rfrzfssqwps6p5pl74vggw/app.bsky.feed.post/3mb7i4bh6sr2t"
"Bluesky","galaxy z","galaxy z","三星Galaxy Z TriFold賣一臺虧一臺，成本高達200萬韓元！S26系列也因零件漲價面臨延遲危機。 https://biggo.com.tw/news/202512301324_Samsung_Galaxy_Z_TriFold_Sells_at_a_Loss #SamsungGalaxyZTriFold #GalaxyZTriFold","2025-12-30T13:41:36+00:00","2025-12-30 13:41:36+00:00","biggo-news.bsky.social","0","0","at://did:plc:36mz5lutk7mmac4vdnijpd3x/app.bsky.feed.post/3mb7i4g53232x"
"Bluesky","galaxy fold","galaxy fold","Oppo Find N6のリーク情報が本格化！2026年1月発売予定で、Snapdragon 8 Eliteと200MPカメラを搭載し、Galaxy Z Fold 8やiPhone Foldに先行する最強折りたたみ機になるか？詳細は記事で。 https://biggo.jp/news/202512301322_Oppo-Find-N6-Leak-Specs-Launch #OppoFindN6 #折りたたみスマホ","2025-12-30T13:53:38+00:00","2025-12-30 13:53:38+00:00","techtrendsjp.bsky.social","0","0","at://did:plc:65rfrzfssqwps6p5pl74vggw/app.bsky.feed.post/3mb7irwvdtx2v"
"Bluesky","galaxy s","galaxy s","Super Mario Galaxy La Película va a tener una alianza de lo más inesperada 🦖 🐢  nintenduo.com/filtracion-s...","2025-12-30T14:00:18.175Z","2025-12-30 14:00:18.175000+00:00","nintenduo.com","0","0","at://did:plc:r6ag2klvtlzyhmjamsrkar4x/app.bsky.feed.post/3mb7j5toov32k"
"Bluesky","galaxy z","galaxy z","The Samsung Galaxy Z Fold7 ad I keep seeing on Twitch is one of the worst, least appealing ads I have ever had the misfortune of seeing on the platform in recent memory and the integrated Google Gemini garbage as a selling point is the cherry on top. Yeah I'll stick with my outdated phones, thanks.","2025-12-30T14:37:18.461Z","2025-12-30 14:37:18.461000+00:00","guardian4thwall.bsky.social","2","0","at://did:plc:s7abpfuagobs7feoweqg3coq/app.bsky.feed.post/3mb7l7z3f4c2e"
"Bluesky","galaxy s","galaxy s","#Frisshírek #Hírek #Nintendo Nem az Odyssey 2-re van szükségünk: ez a Mario-játék érdemelné meg igazán a folytatást","2025-12-30T16:39:07Z","2025-12-30 16:39:07+00:00","badsector-thegeek.bsky.social","0","0","at://did:plc:i3mdi6qcroph6scrsy2bhvcc/app.bsky.feed.post/3mb7rzu6wvz2c"
"Bluesky","galaxy s","galaxy s","Taylor and Kat in @planetx.bsky.social ’s Galaxy stories.","2025-12-30T16:56:36.215Z","2025-12-30 16:56:36.215000+00:00","superobscure.com","11","0","at://did:plc:wjzzandsgvhxfpwzp2jq3lur/app.bsky.feed.post/3mb7sz3nu7c2p"
"Bluesky","galaxy s","galaxy s","... Reading through the patch notes right now that are on Discord... OG3's Birthday 3-Star cards from 2024 are gonna be dumped into Galaxy Explorer. Huh. So, I take it those won't be available to exchange during the 2026 birthday events. Noted.","2025-12-30T17:10:24.994Z","2025-12-30 17:10:24.994000+00:00","alismonitos.bsky.social","0","0","at://did:plc:rrjgpabkiemg4thovwbehog5/app.bsky.feed.post/3mb7trs24qk2c"
"Bluesky","galaxy z","galaxy z","9to5Google より Galaxy Z TriFold suffers horrific defeat in durability test; there’s just more to break Galaxy Z TriFoldは耐久性試験でひどい敗北を喫し、破損するだけの余地があります","2025-12-30T17:21:50.753206+00:00","2025-12-30 17:21:50.753206+00:00","gigowat.bsky.social","0","0","at://did:plc:dwecjm5n7fyljcjk3vi7x5oa/app.bsky.feed.post/3mb7ugaieuj2p"
"Bluesky","galaxy z","galaxy z","El Galaxy Z TriFold levanta pasiones: este periodista tecnológico con más de 1.800 móviles voló hasta Corea para conseguir el nuevo plegable de Samsung www.larazon.es/tecnologia-c...","2025-12-30T17:24:34.304Z","2025-12-30 17:24:34.304000+00:00","davidfreire.bsky.social","0","0","at://did:plc:kajiajvu7ej2nvuirfslgjhq/app.bsky.feed.post/3mb7ul3zytb2x"
"Bluesky","galaxy s","galaxy s","Galaxy S26 & S26 Ultra LEAKED New camera island design, rounded corners, thinner bezels, repositioned S Pen slot. Taller/thinner Ultra with wider apertures.","2025-12-30T18:19:41.282Z","2025-12-30 18:19:41.282000+00:00","techhounder.bsky.social","1","0","at://did:plc:oot26ht5tnxlep3x25ii3tr6/app.bsky.feed.post/3mb7xnns6lc22"
"Bluesky","galaxy fold","galaxy fold","Foldable smartphones remain niche; Samsung's expensive Galaxy Z TriFold offers a two-screen, two-fold design but design flaws and high cost limit mainstream adoption.","2025-12-30T19:35:46.205Z","2025-12-30 19:35:46.205000+00:00","gadgetsbriefly.bsky.social","0","0","at://did:plc:yes6cn2ebbuskqzbtspoa4yf/app.bsky.feed.post/3mba3ocoikm2g"
"Bluesky","galaxy s","galaxy s","Why LPDDR6 RAM Could Be Galaxy S26’s Biggest Performance Upgrade LPDDR6 is the next-generation low-power DRAM designed for smartphones. It brings faster performance, better power efficiency, and stronger reliability than today’s LPDDR5X memory. With higher speeds and smarter power management,…","2025-12-30T19:52:25Z","2025-12-30 19:52:25+00:00","toolcome.bsky.social","0","0","at://did:plc:sdmas34o5b3cnzyrvzvqafrf/app.bsky.feed.post/3mba4tjmicr27"
"Bluesky","galaxy s","galaxy s","Feed: ""Android Headlines"" By: Sai Krishna on Tuesday, December 30, 2025","2025-12-30T20:36:38.245371+00:00","2025-12-30 20:36:38.245371+00:00","longtail-news.bsky.social","0","0","at://did:plc:o6ggjvnj4ze3mnrpnv5oravg/app.bsky.feed.post/3mba7clt6gf2n"
"Bluesky","galaxy z","galaxy z","Feed: ""Android Headlines"" By: Kristijan Lucic on Tuesday, December 30, 2025","2025-12-30T20:36:55.993037+00:00","2025-12-30 20:36:55.993037+00:00","longtail-news.bsky.social","0","0","at://did:plc:o6ggjvnj4ze3mnrpnv5oravg/app.bsky.feed.post/3mba7d4qgnh2a"
"Bluesky","galaxy z","galaxy z","Review of Samsung's Galaxy Z TriFold: sturdy but poor camera performance and has some unique design flaws that make it even less polished than regular foldables (Vlad Savov/Bloomberg) Main Link | Techmeme Permalink","2025-12-30T20:55:49Z","2025-12-30 20:55:49+00:00","techmeme.com","0","0","at://did:plc:pv7fudnt4dspurzdnyq73pfe/app.bsky.feed.post/3mbaaeu572j22"
"Bluesky","galaxy s","galaxy s","Yeah! Galaxy Tab is much better! /s","2025-12-30T21:24:51.428Z","2025-12-30 21:24:51.428000+00:00","wodin.bsky.social","1","0","at://did:plc:srfdd3uuidbdxqepqlcneyyk/app.bsky.feed.post/3mbabyrapp22w"
"Bluesky","galaxy s","galaxy s","Thank you for hosting! I ADORE an oc art share!! I’m Crystal and Im really into supernatural/fantasy themes.  This is Marquis, the current Demon King. My precious boy 🥹 Oh! Gonna tag: @vibblyart.bsky.social  @joxeren.bsky.social  @double-4-designer.bsky.social  @chronicallymellow.bsky.social","2025-12-30T21:29:29.457Z","2025-12-30 21:29:29.457000+00:00","crystal-limeade.bsky.social","15","6","at://did:plc:tli3w2wml6fbapr7fsu7kxgq/app.bsky.feed.post/3mbacb2ij3223"
"Bluesky","galaxy z","galaxy z","🇧🇫 Annonce | CAF Trophy Hunt : Gagnez un Samsung Galaxy Z Fold7, une Xbox Series X, un iPad Air et d’autres prix avec la promotion 1xBet ! [Burkina 24] #Afropages","2025-12-30T21:31:36.000Z","2025-12-30 21:31:36+00:00","afropages.bsky.social","0","0","at://did:plc:meqmwbhzho65fuef7notuzr5/app.bsky.feed.post/3mbacew55zm2y"
"Bluesky","galaxy s","galaxy s","Get it here --> ko-fi.com/s/842318378e","2025-12-30T21:49:07.355Z","2025-12-30 21:49:07.355000+00:00","madomadohime.bsky.social","0","0","at://did:plc:q5gw4gi2uzdazppmeej7rvfh/app.bsky.feed.post/3mbade5q2gk27"
"Bluesky","galaxy z","galaxy z","Well, this explains why Samsung's TriFold is only available in very limited markets.","2025-12-30T22:32:06Z","2025-12-30 22:32:06+00:00","mashable.com","0","0","at://did:plc:uzu6z3zjy2dictoinpy7olci/app.bsky.feed.post/3mbafqyx66u2n"
"Bluesky","galaxy z","galaxy z","If I can drop some of my favorites as recs - Planet of the Apes - Dracula - I, Robot - Hitchhiker's Guide to the Galaxy - Jurassic Park - World War Z - Warm Bodies","2025-12-30T23:30:15.199Z","2025-12-30 23:30:15.199000+00:00","asarithewarrior.bsky.social","1","0","at://did:plc:awgsbgj4z6sgmel4qfl2by4u/app.bsky.feed.post/3mbaiyyhycs2h"
"Bluesky","galaxy z","galaxy z","Samsung's fancy new TriFold is coming to America. Here's everything we know about the device based on the early reviews.","2025-12-30T23:32:05Z","2025-12-30 23:32:05+00:00","mashable.com","0","1","at://did:plc:uzu6z3zjy2dictoinpy7olci/app.bsky.feed.post/3mbaj4bwoef2m"
"Bluesky","galaxy note","galaxy note","iPhone Air wins ‘MobileSyrup’s Phone of the Year’ We want to note our top smartphone picks of the year, based on the handsets we vibed with, ones we keep going back to after our reviews are over. Dean from MobileSyrup reviewed several phones this year, from all sorts of manufacturers, including…","2025-12-30T23:57:52Z","2025-12-30 23:57:52+00:00","newsnexttech.bsky.social","0","0","at://did:plc:smx4mdvydvulspyzksgizf4j/app.bsky.feed.post/3mbakkgpirw2a"
"Bluesky","galaxy note","galaxy note","iPhone Air wins ‘MobileSyrup’s Phone of the Year’ We want to note our top smartphone picks of the year, based on the handsets we vibed with, ones we keep going back to after our reviews are over. Dean from MobileSyrup reviewed several phones this year, from all sorts of manufacturers, including…","2025-12-30T23:58:12Z","2025-12-30 23:58:12+00:00","monikawalker.bsky.social","0","0","at://did:plc:zqajbwp7dw6i5may4s3qlstb/app.bsky.feed.post/3mbakkzrvgv2d"
"Bluesky","galaxy s","galaxy s","Only place to go from here is S-rank, and there are only 100 S-ranks in the entire galaxy, all better than anyone in the world. longtime vets of the war, barely any independents. All could kill me without thinking.","2025-12-31T00:19:47.709Z","2025-12-31 00:19:47.709000+00:00","callsign-celtic.bsky.social","0","0","at://did:plc:jo4r67p6peijkzykdhvd7eap/app.bsky.feed.post/3mbalrlbgfq2p"
"Bluesky","galaxy s","galaxy s","I’m not usually a cocktail person but these look really neat.  bookshop.org/p/books/mass...","2025-12-31T01:02:42.413Z","2025-12-31 01:02:42.413000+00:00","tonydoesnerdystuff.bsky.social","0","0","at://did:plc:omjlz6x2wbtr6p4rxoreirv6/app.bsky.feed.post/3mbao6cpkhk2p"
"Bluesky","galaxy s","galaxy s","If these folks got the chance to ask one question of their füher, how many would ask him what he actually did on the 7th day?","2025-12-31T01:03:23.777Z","2025-12-31 01:03:23.777000+00:00","mrpusswack.bsky.social","0","0","at://did:plc:o4tdltyrbxlvwcjndcgcusym/app.bsky.feed.post/3mbao7k5tzc2u"
"Bluesky","samsung","samsung","Turns out, Samsung is ranked number one in terms of customer satisfaction in the U.S. So if you're looking for a new Android phone, you know which one to get.","2025-12-31T01:26:48.286Z","2025-12-31 01:26:48.286000+00:00","bgrcom.bsky.social","0","0","at://did:plc:gubs5bxxp3nblzedqsil2hfh/app.bsky.feed.post/3mbapjfqs3m2p"
"Bluesky","samsung","samsung","Yup. Think Samsung s been buying silver quite a lot - new battery - approx 1 kg per car needed which caused the surge of silver prices btw just to cover already existing demand","2025-12-31T01:28:24.987Z","2025-12-31 01:28:24.987000+00:00","veralukas.bsky.social","0","0","at://did:plc:haimllph7ffuiq73oizn74qj/app.bsky.feed.post/3mbapmbt5fs2v"
"Bluesky","samsung","samsung","Galaxy S26 Ultraのダミー画像で楕円カメラ島を初確認！動画用「ソフトネス」調整など新機能もリーク。2026年初頭発売予想の詳細はこちら。 https://biggo.jp/news/202512310121_galaxy-s26-ultra-design-camera-features-leak #GalaxyS26Ultra #Samsung","2025-12-31T01:43:42+00:00","2025-12-31 01:43:42+00:00","techtrendsjp.bsky.social","0","0","at://did:plc:65rfrzfssqwps6p5pl74vggw/app.bsky.feed.post/3mbaqhngwmg2v"
"Bluesky","samsung","samsung","三星S26 Ultra模型機曝光！相機大升級，One UI 8.5洩露全新影片柔和度與對焦控制功能。 https://biggo.com.tw/news/202512310121_galaxy-s26-ultra-design-camera-features-leak #SamsungS26Ultra #GalaxyS26Ultra","2025-12-31T01:43:47+00:00","2025-12-31 01:43:47+00:00","biggo-news.bsky.social","1","0","at://did:plc:36mz5lutk7mmac4vdnijpd3x/app.bsky.feed.post/3mbaqhspcg62d"
"Bluesky","samsung","samsung","Os celulares da samsung eu sei que tem e da apple também uma função dessa aqui que permite bloquear tudo que é tagueado como spam ou golpe. Ai os muitos que eu atendo e são (normalmente todos mas tb já perdi chamada importante) eu vou e denuncio","2025-12-31T01:43:48.297Z","2025-12-31 01:43:48.297000+00:00","alvlion.bsky.social","1","0","at://did:plc:ml5jfaewnqiw3kmc7sxymfcs/app.bsky.feed.post/3mbaqhsepzk22"
"Bluesky","samsung","samsung","Samsung's S26 Ultra leak reveals a major design shift & powerful new video controls like ""softness"" & autofocus tuning. Get all the exclusive details on the 2026 flagship here. https://biggo.com/news/202512310121_galaxy-s26-ultra-design-camera-features-leak #GalaxyS26Ultra #Samsung","2025-12-31T01:43:52+00:00","2025-12-31 01:43:52+00:00","techinsights.bsky.social","0","0","at://did:plc:qdcty3ducbgvqpsh3f5lhbid/app.bsky.feed.post/3mbaqhxgxte2t"
"Bluesky","samsung","samsung","Queensland ultraflat sounds like some kind of Samsung tv.","2025-12-31T01:46:55.002Z","2025-12-31 01:46:55.002000+00:00","wolftamer.cafe","8","0","at://did:plc:sgzkzfxfhgrfxn4ofq653jmj/app.bsky.feed.post/3mbaqneg3hc2l"
"Bluesky","samsung","samsung","www.samsung-news.com/articles/JYK...","2025-12-31T02:04:26.146Z","2025-12-31 02:04:26.146000+00:00","brooklyn305.bsky.social","0","0","at://did:plc:3idv6xoofqbh3cp74lgf6r25/app.bsky.feed.post/3mbarmouiak2s"
"Bluesky","samsung","samsung","I hate Samsung appliances. What absolute piles of shit","2025-12-31T02:15:33.888Z","2025-12-31 02:15:33.888000+00:00","dolldownthehall.bsky.social","3","0","at://did:plc:z3mitmhdzhwixwvkjkqozexw/app.bsky.feed.post/3mbasalod2s2t"
"Bluesky","samsung","samsung","I been using a Samsung S8+ for years now and It's on it's last legs at this point. I can't even install crucial apps I need anymore on it because it's out of date.","2025-12-31T02:16:45.813Z","2025-12-31 02:16:45.813000+00:00","pantyranger.bsky.social","0","0","at://did:plc:usre3ldm7zalzrfg3im7bfce/app.bsky.feed.post/3mbascqbcd22b"
"Bluesky","samsung","samsung","I've had this phone for five years and every time this notification comes up, I just swipe to dismiss it. Fuck you, Samsung. I will never agree to your new policies.","2025-12-31T02:27:20.486Z","2025-12-31 02:27:20.486000+00:00","spavel.bsky.social","45","1","at://did:plc:o7xt7svg2xtjbb4e2xqahqqc/app.bsky.feed.post/3mbasvnkkq22c"
"Bluesky","samsung","samsung","TOTAL BULL SHIT www.samsung-news.com/articles/cxe...","2025-12-31T02:28:28.929Z","2025-12-31 02:28:28.929000+00:00","hangtight.bsky.social","2","0","at://did:plc:k5nmo3cldizias23xwrq43wo/app.bsky.feed.post/3mbasxossx22x"
"Bluesky","samsung","samsung","Our previous house had a Bosch and it was excellent. Our current house has a Samsung and its been good other than the occasional glitch where it refuses to operate and then we have to cancel the wash cycle and start it again.","2025-12-31T02:38:16.693Z","2025-12-31 02:38:16.693000+00:00","thesaanichdaily.bsky.social","0","0","at://did:plc:e4qglzjpa4pcasim3rpqsicy/app.bsky.feed.post/3mbatj7ducc2e"
"Bluesky","samsung","samsung","US approves Samsung, SK Hynix chipmaking tool shipments to China for 2026: Reuters ground.news/article/us-a...","2025-12-31T02:40:59.240Z","2025-12-31 02:40:59.240000+00:00","lazyliberal71.bsky.social","0","0","at://did:plc:4kturxzzvkcpgbcvd2ro4dzm/app.bsky.feed.post/3mbato2eems23"
"Bluesky","samsung","samsung","How to Fix a U6 Error on your Samsung Washing Machine: Guide","2025-12-31T02:55:43.877Z","2025-12-31 02:55:43.877000+00:00","wikihowtips.bsky.social","0","0","at://did:plc:fnodnafgovc3kzxsiln3i54l/app.bsky.feed.post/3mbauigafti2m"
"Bluesky","samsung","samsung","www.samsung-news.com/articles/Wdv...","2025-12-31T02:56:14.821Z","2025-12-31 02:56:14.821000+00:00","eagleone01.bsky.social","0","0","at://did:plc:ig53s45vmbgdd5ka5kltty73/app.bsky.feed.post/3mbaujdjpoc2i"
"Bluesky","samsung","samsung","I have an LG OLED that's probably 7 years old and it's still going strong. Good TVs I won't buy any Samsung products after a mandatory update bricked my phone and they refused to do anything about it","2025-12-31T02:58:37.940Z","2025-12-31 02:58:37.940000+00:00","dadloop.bsky.social","2","0","at://did:plc:2pwapmv5aopc73qckdrfdb7g/app.bsky.feed.post/3mbaunlzdds2y"
"Bluesky","samsung","samsung","Yep. A phone issue ended my relationship with Samsung too.","2025-12-31T03:01:30.197Z","2025-12-31 03:01:30.197000+00:00","fourthlinemagic.bsky.social","2","0","at://did:plc:3qk3uqajhwciw22xh7zlj3ui/app.bsky.feed.post/3mbausqc7322j"
"Bluesky","samsung","samsung","It’s not quite six ways from Sunday, but it’s halfway there.","2025-12-31T03:14:01.827583+00:00","2025-12-31 03:14:01.827583+00:00","technology-news.bsky.social","1","0","at://did:plc:fsftz5ue2bvlvkb6zx2bqdnh/app.bsky.feed.post/3mbavj573mv2j"
"Bluesky","samsung","samsung","Samsung Electronics Co.’s Galaxy Z TriFold, a dual-folding smartphone unveiled earlier this month, is exceeding expectations, with a string of sellouts both at home and abroad. According to industry s","2025-12-31T03:22:09.857704+00:00","2025-12-31 03:22:09.857704+00:00","technology-news.bsky.social","1","0","at://did:plc:fsftz5ue2bvlvkb6zx2bqdnh/app.bsky.feed.post/3mbavxomml22k"
"Bluesky","samsung","samsung","Quick PSA: “Smart” homes are a scam Your #Google Nest thermostat is collecting your data, your #Samsung fridge is collecting your data, your #Roomba is stealing your data #datamining #capitalism #surveillancecapitalism #sociology","2025-12-31T03:28:08.298Z","2025-12-31 03:28:08.298000+00:00","ariannapiras.bsky.social","2","1","at://did:plc:av7fhwtvkdl5ymirkocjsqxs/app.bsky.feed.post/3mbawceefkk2y"
"Bluesky","samsung","samsung","Subscribe to the Byrne-Wheeler Report on YouTube for more content like this.","2025-12-31T03:28:52.000Z","2025-12-31 03:28:52+00:00","xpu.news","0","0","at://did:plc:s7vo3jj5c7fv4lkjk57yejf6/app.bsky.feed.post/3mewp7uss732p"
"Bluesky","samsung","samsung","#Blue-Sky full of #Clouds. #Samsung #photography #phonephotography #sky #eastcoastkin #nature #skyscape #skyjunkie  #MyBackYard #LookUp","2025-12-31T03:34:44.155Z","2025-12-31 03:34:44.155000+00:00","ynotg.bsky.social","25","1","at://did:plc:kz7nwiwpnrb2ghm774nm6o77/app.bsky.feed.post/3mbawo5vcgc2d"
"Bluesky","samsung","samsung","Nonstop Trump ""Healthcare"" commercials on YT TV and Samsung Tv+ for an entire week now.","2025-12-31T03:35:08.169Z","2025-12-31 03:35:08.169000+00:00","jonibloni.bsky.social","1","1","at://did:plc:pcjiifclff6jr7y6llbov7e6/app.bsky.feed.post/3mbawoursu22c"
"Bluesky","samsung","samsung","..and the #Storm #Creeped in. #Samsung #photography #phonephotography #sky #eastcoastkin #nature #skyscape #clouds #Skyjunkie #LookUp","2025-12-31T03:39:45.423Z","2025-12-31 03:39:45.423000+00:00","ynotg.bsky.social","18","0","at://did:plc:kz7nwiwpnrb2ghm774nm6o77/app.bsky.feed.post/3mbawx57ic22d"
"Bluesky","samsung","samsung","Galaxy S26 Ultra、デザインは丸みを帯びて刷新か。しかし肝心のバッテリー容量は、3C認証では従来通りの5,000mAh、一方で5,200mAh説も浮上。果たして5,000mAhの壁は破られるのか？詳細は記事で。 https://biggo.jp/news/202512310321_Galaxy_S26_Ultra_Design_Battery_Leak #GalaxyS26Ultra","2025-12-31T03:46:23+00:00","2025-12-31 03:46:23+00:00","techtrendsjp.bsky.social","0","0","at://did:plc:65rfrzfssqwps6p5pl74vggw/app.bsky.feed.post/3mbaxczsnxd26"
"Bluesky","samsung","samsung","S26 Ultra設計大改電池成謎！5,000mAh還是5,200mAh？完整爆料一次看。 https://biggo.com.tw/news/202512310321_Galaxy_S26_Ultra_Design_Battery_Leak #GalaxyS26Ultra #SamsungS26Ultra","2025-12-31T03:46:27+00:00","2025-12-31 03:46:27+00:00","biggo-news.bsky.social","0","0","at://did:plc:36mz5lutk7mmac4vdnijpd3x/app.bsky.feed.post/3mbaxd5irnv2w"
"Bluesky","samsung","samsung","Collectibles & Videogames Part 179 Final Fantasy I Pixel Remaster (PlayStation 4, 2024) Final Fantasy series Pixelight - White Mage (2024)   #fyp #POV #Gaming #Collectibles #GamingRoom #Sony #PlayStation #SquareEnix #FinalFantasy #Samsung #Divoom #Paladone","2025-12-31T03:51:19.766Z","2025-12-31 03:51:19.766000+00:00","thegamingruana.bsky.social","0","0","at://did:plc:l25vz6ktmc7ctx2ijs322zk2/app.bsky.feed.post/3mbaxltem2c2t"
"Bluesky","samsung","samsung","#Cool #Looking #Cloud #Samsung #photography #phonephotography #sky #eastcoastkin #nature #skyscape #clouds #Art #Skyjunkie #Silhouette","2025-12-31T03:51:55.755Z","2025-12-31 03:51:55.755000+00:00","ynotg.bsky.social","22","1","at://did:plc:kz7nwiwpnrb2ghm774nm6o77/app.bsky.feed.post/3mbaxmvpcas2d"
"Bluesky","samsung","samsung","ICYMI: Samsung and Erwan Bouroullec Reveal Music Studio Series Wi-Fi Speakers #stupidDOPE","2025-12-31T03:54:34Z","2025-12-31 03:54:34+00:00","stupiddope.bsky.social","0","0","at://did:plc:deuinqqjmpl3snvdy5lb4ic5/app.bsky.feed.post/3mbaxrmwgiu2h"
"Bluesky","samsung","samsung","Feed: ""Total Apex Herald"" By: Don Watz on Tuesday, December 30, 2025","2025-12-31T03:57:03.761305+00:00","2025-12-31 03:57:03.761305+00:00","longtail-news.bsky.social","0","0","at://did:plc:o6ggjvnj4ze3mnrpnv5oravg/app.bsky.feed.post/3mbaxw4rx4426"
"Bluesky","samsung","samsung","They have now cut contact completely. I hope whichever Samsung or Citi bank employee stole my money at least does something good with it.","2025-12-31T03:59:36.187Z","2025-12-31 03:59:36.187000+00:00","skyalin.bsky.social","2","0","at://did:plc:xdvnigfaoxpkcumrxc6hyrbj/app.bsky.feed.post/3mbay2ms75s2b"
"Bluesky","samsung","samsung","www.samsung-news.com/articles/3ki...","2025-12-31T03:59:54.599Z","2025-12-31 03:59:54.599000+00:00","brooklyn305.bsky.social","0","0","at://did:plc:3idv6xoofqbh3cp74lgf6r25/app.bsky.feed.post/3mbay36e3ms2k"
"Bluesky","samsung","samsung","my bet is on disney (but exclusively for walt disney and walt disney alone) or samsung","2025-12-31T04:00:18.529Z","2025-12-31 04:00:18.529000+00:00","silverwind.exploration.team","2","0","at://did:plc:i5q6gue72eosfc4rolmthbva/app.bsky.feed.post/3mbay3v747c2f"
"Bluesky","samsung","samsung","Samsung Galaxy S26 Ultra Dummy Units Confirm a Unified Design Direction for 2026","2025-12-31T04:03:07Z","2025-12-31 04:03:07+00:00","gizchinacom.bsky.social","0","0","at://did:plc:s3ejxmymusvlp4ugsyo6mvnx/app.bsky.feed.post/3mbayawtnce2h"
"Bluesky","samsung","samsung","Screw yourself Trump","2025-12-31T04:03:16.889Z","2025-12-31 04:03:16.889000+00:00","vicky8651.bsky.social","0","0","at://did:plc:diepzz2fsm5kps47jgxwuhis/app.bsky.feed.post/3mbayb7bihc2b"
"Bluesky","samsung","samsung","#October #Sunset  #Samsung #photography #phonephotography #sky #eastcoastkin #nature #skyscape #clouds #Skyjunkie #Silhouette","2025-12-31T04:06:11.137Z","2025-12-31 04:06:11.137000+00:00","ynotg.bsky.social","11","0","at://did:plc:kz7nwiwpnrb2ghm774nm6o77/app.bsky.feed.post/3mbaygfhiac2c"
"Bluesky","galaxy s","galaxy s","Christmas in Coimbatore: Traditions, food, and festive vibes The stars of Puliakulam At Preethi’s Unique Fancy House in Coimbatore | Photo Credit: PERIASAMY M S Vincy is seated within a tiny galaxy of stars in Puliakulam. Her roadside shop at a street corner, some distance from St Antony’s church,…","2025-12-31T04:11:01Z","2025-12-31 04:11:01+00:00","stockupdatesnow.bsky.social","0","0","at://did:plc:7x6xshhjou4ijit5qjvyput3/app.bsky.feed.post/3mbayp3uyxe2a"
"Bluesky","samsung","samsung","#July #Sunset  #Samsung #photography #phonephotography #sky #eastcoastkin #nature #skyscape #skyjunkie #goodnight #Clouds","2025-12-31T04:11:24.611Z","2025-12-31 04:11:24.611000+00:00","ynotg.bsky.social","22","1","at://did:plc:kz7nwiwpnrb2ghm774nm6o77/app.bsky.feed.post/3mbaypqfx6s2c"
"Bluesky","samsung","samsung","LG Gallery TV is the answer to the Samsung Frame TV and it’s coming to CES ift.tt/GTBt4XS","2025-12-31T04:13:01.246Z","2025-12-31 04:13:01.246000+00:00","stufftv.bsky.social","0","0","at://did:plc:i7ggc752rvsw2rtdzp4pawsw/app.bsky.feed.post/3mbaysmlh242v"
"Bluesky","samsung","samsung","📰 🔴 SON DAKİKA: Samsung yeni bütçe dostu tabletini tanıttı: Galaxy Tab A11+ neler sunuyor? Kaynak: CHIP Online #haber #sondakika #gündem #türkiye #dünya","2025-12-31T04:22:36.566Z","2025-12-31 04:22:36.566000+00:00","sondakikatr.bsky.social","0","0","at://did:plc:ze2rng6kfggs3uaoz2z7zmbc/app.bsky.feed.post/3mbazdrlhqg2m"
"Bluesky","galaxy z","galaxy z","9to5Google より Galaxy Z TriFold is probably durable enough, hinge gives way after 150,000 folds in torture test [Video] Galaxy Z TriFoldはおそらく十分に耐久性があり、シャンジは拷問テストで150,000の折り返しの後、道を譲ります [ビデオ]","2025-12-31T04:23:22.926717+00:00","2025-12-31 04:23:22.926717+00:00","gigowat.bsky.social","0","0","at://did:plc:dwecjm5n7fyljcjk3vi7x5oa/app.bsky.feed.post/3mbazf5vh6423"
"Bluesky","samsung","samsung","Enviaram o laudo por email dizendo que não tinha conserto porque a TCL não fabricava mais aquela peça. Daí eu fui lá e comprei outra TCL. Por quê?! Porquê a do meu amigo era Samsung e tinha um áudio horrível, e o Papa não é mais pop, mas obsolescência programada é, e a Obs. Prgrmda não poupa ninguém","2025-12-31T04:27:25.959Z","2025-12-31 04:27:25.959000+00:00","ambidestradomal.bsky.social","0","0","at://did:plc:vhsn7fiyavidlwm3fth2blqe/app.bsky.feed.post/3mbazmf7qr22n"
"Bluesky","samsung","samsung","#Goodnight #Y'all from #Texas.  #Samsung #photography #phonephotography #sky #eastcoastkin #nature #skyscape #clouds #Skyjunkie #Silhouette","2025-12-31T04:28:04.858Z","2025-12-31 04:28:04.858000+00:00","ynotg.bsky.social","29","2","at://did:plc:kz7nwiwpnrb2ghm774nm6o77/app.bsky.feed.post/3mbaznkcvzc2f"
"Bluesky","samsung","samsung","AS Setujui Lisensi Impor Manufaktur Chip Samsung dan SK Hynix ke China","2025-12-31T04:28:13Z","2025-12-31 04:28:13+00:00","idntimes.bsky.social","0","0","at://did:plc:b45voi4afpqc5my22tjdq44j/app.bsky.feed.post/3mbaznsyoq62g"
"Bluesky","samsung","samsung","Exynos 2600: The World's First 2nm Chip Will Be an AI Powerhouse","2025-12-31T04:31:14Z","2025-12-31 04:31:14+00:00","gizchinacom.bsky.social","0","0","at://did:plc:s3ejxmymusvlp4ugsyo6mvnx/app.bsky.feed.post/3mbazt7wxqf24"
"Bluesky","samsung","samsung","Why Qualcomm Might Be Crawling Back to Samsung Foundry","2025-12-31T04:53:12Z","2025-12-31 04:53:12+00:00","gizchinacom.bsky.social","0","0","at://did:plc:s3ejxmymusvlp4ugsyo6mvnx/app.bsky.feed.post/3mbb32hy2oa2h"
"Bluesky","galaxy s","galaxy s","'Man vs Galaxy' by Lorcan Taylor-Hood ✨ A stunning capture that earned a runner-up place in our most recent Astrophotography Competition. Entries for our 2025/2026 Astrophotography Competition are open!  🔗 Find out more: www.southdowns.gov.uk/dark-night-s...","2025-12-31T05:00:41.549Z","2025-12-31 05:00:41.549000+00:00","southdownsnp.bsky.social","49","12","at://did:plc:dzp6le2wx5bcm5lh77j6jzdz/app.bsky.feed.post/3mbb3hujrvg2o"
"Bluesky","samsung","samsung","Samsung'dan 2026'ya hızlı giriş! Yeni bütçe dostu tablet Galaxy Tab A11+ tanıtıldı. Metal tasarımı ve gelişmiş özellikleriyle dikkat çekiyor. Yüksek performans, uygun fiyat! Kaçırmayın. 🚩 #Samsung #GalaxyTabA11Plus #YeniTablet #Teknoloji #BütçeDostu","2025-12-31T08:01:08.681+03:00","2025-12-31 05:01:08.681000+00:00","nsonmez84.bsky.social","0","0","at://did:plc:y6j54sz5avudyagctiigpp2z/app.bsky.feed.post/3mbb3ios4o22f"
"Bluesky","samsung","samsung","I'm annoyed, I've misplaced my Galaxy Buds earbuds. I have my Raycon buds as a backup for my #chemo tomorrow, but the noise canceling of the Samsung ones is a lot better.","2025-12-31T05:07:37.914Z","2025-12-31 05:07:37.914000+00:00","heathermoon.bsky.social","1","0","at://did:plc:yqodibudv67ty6cnuyfrh67f/app.bsky.feed.post/3mbb3ubglpc2i"
"Bluesky","samsung","samsung","Galaxy S26 Ultra Kamera Özellikleri Sızdırıldı Samsung, akıllı telefon pazarında kamera yetenekleriyle her zaman bir adım önde olmayı hedefliyor. Son sızıntılar, şirketin bu iddiasını bir sonraki seviyeye taşıyacağını gösteriyor. Yeni ortaya çıkan bilgilere göre, merakla beklenen Galaxy S26 Ultra…","2025-12-31T05:08:28Z","2025-12-31 05:08:28+00:00","ercanceviz.bsky.social","0","0","at://did:plc:v7nvkhezqq33xrcgasafhbw4/app.bsky.feed.post/3mbb3vtcr5k2o"
"Bluesky","samsung","samsung","Samsung yeni bütçe dostu tabletini tanıttı: Galaxy Tab A11+ neler sunuyor? Samsung, 2026 yılına hızlı bir giriş yaparak ailelerin ve öğrencilerin radarına girecek yeni tabletini duyurdu. Metal tasarımı ve gelişmiş teknik detaylarıyla dikkat çeken Galaxy Tab A11+, sunduğu yüksek performans artışına…","2025-12-31T05:08:44Z","2025-12-31 05:08:44+00:00","ercanceviz.bsky.social","0","0","at://did:plc:v7nvkhezqq33xrcgasafhbw4/app.bsky.feed.post/3mbb3wcy3s62o"
"Bluesky","samsung","samsung","Televisores OLED Samsung: La filtración del CES 2026 cambia las reglas Hay un número en la hoja de especificaciones técnica filtrada que no debería estar ahí. O es un error tipográfico de alguien en la cadena de suministro coreana, o los televisores OLED Samsung acaban de resolver, de un plumazo,…","2025-12-31T05:12:28Z","2025-12-31 05:12:28+00:00","handle.invalid","0","0","at://did:plc:in6cbsa2cdnctl33272qt6dm/app.bsky.feed.post/3mbb44yei432t"
"Bluesky","samsung","samsung","Samsung has unveiled Galaxy A17 5G and Galaxy Tab A11+. The new devices focus on smoother displays, practical AI features, and long-term software support at accessible prices. itmatterss.in/gadget-world... #Samsung #GalaxyLaunch","2025-12-31T05:17:10.775Z","2025-12-31 05:17:10.775000+00:00","itmatterss.bsky.social","0","0","at://did:plc:t4sc25pzyplsuw2tdeumqz65/app.bsky.feed.post/3mbb4fdqya22z"
"Bluesky","samsung","samsung","youtu.be/HZV-0wQ1Y34","2025-12-31T05:18:42.678Z","2025-12-31 05:18:42.678000+00:00","cfl-tech1.bsky.social","2","3","at://did:plc:nw3emzgbdxphoae6mck2de5q/app.bsky.feed.post/3mbb4i3fnas22"
"Bluesky","samsung","samsung","Currys slashes prices in New Year sale with huge savings on TVs, laptops and vacuums (Contains affiliate links)","2025-12-31T05:19:47.682Z","2025-12-31 05:19:47.682000+00:00","inyourareauk.bsky.social","0","0","at://did:plc:3ezdnrl3wxor2jwabjf3osgs/app.bsky.feed.post/3mbb4jznacs2z"
"Bluesky","samsung","samsung","I read an article about AI taking all the Nvidia's chips that Samsung is raising their prices because they have to pay more to get chips for their tvs phones etc.","2025-12-31T05:20:05.506Z","2025-12-31 05:20:05.506000+00:00","mhallarts.bsky.social","0","0","at://did:plc:5pbns54jvavo6kmjj7z3etpa/app.bsky.feed.post/3mbb4kkfbzc2t"
"Bluesky","samsung","samsung","CES 2026 kicks off Jan 6 in Las Vegas, showcasing new TVs (Micro RGB, True RGB), foldable phones (Samsung, Motorola), and robots (LG CLOiD, Samsung Ballie). #CES2026 #CES #News","2025-12-31T05:26:29.174173+00:00","2025-12-31 05:26:29.174173+00:00","newsanalysis.com","0","0","at://did:plc:namifrcorf6hzy45phd4shvt/app.bsky.feed.post/3mbb4vymsyj2r"
"Bluesky","samsung","samsung","Samsung may track voice, sleep, and movement to detect dementia risk. gadgetbond.com/samsung-brai...","2025-12-31T05:39:13.760Z","2025-12-31 05:39:13.760000+00:00","gadgetbond.com","0","0","at://did:plc:hksj5icmr26mzagrebie7aa4/app.bsky.feed.post/3mbb5mrhas223"
"Bluesky","samsung","samsung","Samsung announced a way to track and detect signs of dementia earlier this year. Now, the company could soon announce a Brain Health service.","2025-12-31T05:52:45.325382+00:00","2025-12-31 05:52:45.325382+00:00","technology-news.bsky.social","1","0","at://did:plc:fsftz5ue2bvlvkb6zx2bqdnh/app.bsky.feed.post/3mbb6exj74m2g"
"Bluesky","samsung","samsung","Samsung To Unveil Brain Health Service At CES 2026, Say Report #brainhealth #samsung #smartwatches #wearables","2025-12-31T06:00:17.129816+00:00","2025-12-31 06:00:17.129816+00:00","lowyat.bsky.social","0","0","at://did:plc:wqrfiwkuun2rfwyb4lfcihns/app.bsky.feed.post/3mbb6sggpga22"
"Bluesky","samsung","samsung","Bixby zmartwychwstał. Samsung reanimuje asystenta, w czym pomoże mu silnik Perplexity | @imagazinepl.bsky.social  https://imagazine.pl/2025/12/31/bixby-zmartwychwstal-samsung-reanimuje-asystenta-w-czym-pomoze-mu-silnik-perplexity/","2025-12-31T06:00:36+00:00","2025-12-31 06:00:36+00:00","imagazinepl.bsky.social","0","0","at://did:plc:6whpdzxis5f3oa25isxfdivz/app.bsky.feed.post/3mbb6szr7re2x"
"Bluesky","samsung","samsung","Samsung Galaxy S26 Ultra naživo: Uniknuté video odhaľuje nový dizajn, poznáme aj detaily fotoaparátu Unikli živé fotografie a video makiet Samsung Galaxy S26 Ultra. Novinka odhaľuje zmenený dizajn, výkonný 2nm čip Exynos 2600 a vylepšenú optiku bez odleskov.","2025-12-31T06:00:50Z","2025-12-31 06:00:50+00:00","smartarena.bsky.social","0","0","at://did:plc:2oqhojoezv5ivrh6pjsguphh/app.bsky.feed.post/3mbb6thsizp2k"
"Bluesky","samsung","samsung","# Đánh Thức Trí Tuệ Cực Đỉnh: Samsung Galaxy S25 Ultra 5G – Đẳng Cấp Không Thể Phủ Nhận Đánh Thức Trí Tuệ Cực Đỉnh: Samsung Galaxy S25 Ultra 5G - Đẳng Cấp Không Thể Phủ Nhận Giới thiệu Samsung Galaxy S25 Ultra 5G - Đẳng cấp công nghệ đỉnh cao, nơi sự sang trọng và hiệu năng gặp nhau. Với thiết kế…","2025-12-31T06:09:29Z","2025-12-31 06:09:29+00:00","queenvn.bsky.social","0","0","at://did:plc:olk6mhrifauaodxiquffevdd/app.bsky.feed.post/3mbb7cwlcdu2u"
"Bluesky","samsung","samsung","Get Charger 20W Dual Ports Usb C Gan Charge A2348 Anker Charger Powerport 20W USB C Gan Charger A2348 ✔️ 20W High-Speed Charging: Enjoy fast charging with 20W max output for your iPhone, Samsung phones, and other devices. ✔️ Simultaneous Dual-Port Charging: With the ability to use USB-C and USB-A port","2025-12-31T06:09:41.501Z","2025-12-31 06:09:41.501000+00:00","bizgram.bsky.social","0","0","at://did:plc:odpnddbyfyecjovczxaoxrsz/app.bsky.feed.post/3mbb7dayrpf2v"
"Bluesky","samsung","samsung","Samsung launches the Galaxy A17 and Galaxy Tab A11+ in the US, here are the prices - https://www.gsmarena.com/samsung_launches_the_galaxy_a17_and_galaxy_tab_a11_in_the_us_here_are_the_prices-news-70902.php","2025-12-31T06:10:27.510Z","2025-12-31 06:10:27.510000+00:00","gsmarena-poster.bsky.social","2","0","at://did:plc:t6dygygdpdbmpcunuv735suq/app.bsky.feed.post/3mbb7empiob23"
"Bluesky","samsung","samsung","Samsung Çip Soğutma Teknolojisi ile RAM Serinletecek Samsung, Exynos işlemcilerindeki ısınma sorunlarına çözüm bulmak için geliştirdiği yeni Samsung çip soğutma teknolojisi ile dikkat çekiyor. Şirket, bu yenilikçi yaklaşımla sadece işlemciyi değil, RAM’leri de serin tutarak performansı artırmayı…","2025-12-31T06:15:41Z","2025-12-31 06:15:41+00:00","ercanceviz.bsky.social","0","0","at://did:plc:v7nvkhezqq33xrcgasafhbw4/app.bsky.feed.post/3mbb7nzmha42j"
"Bluesky","samsung","samsung","#newtechnology hightech.plus/2025/12/30/g...","2025-12-31T06:20:14.601Z","2025-12-31 06:20:14.601000+00:00","lector-libido.bsky.social","1","0","at://did:plc:lzku4bc757b4g4orjcphwpqm/app.bsky.feed.post/3mbb7w4c4u22n"
"Bluesky","samsung","samsung","Samsung really wants to get this thing out there.","2025-12-31T06:24:08.666514+00:00","2025-12-31 06:24:08.666514+00:00","technology-news.bsky.social","1","0","at://did:plc:fsftz5ue2bvlvkb6zx2bqdnh/app.bsky.feed.post/3mbba53m7gl2m"
"Bluesky","galaxy s","galaxy s","I am begging the universe as much as I'm willing to beg dispassionate bodies of matter to get the job done.  PLEEEEEEEAAAAASSSSEEEEEE","2025-12-31T06:31:53.073Z","2025-12-31 06:31:53.073000+00:00","ominousrabbit.com","11","0","at://did:plc:ibpqyacrne3hzmyp7prwvtzt/app.bsky.feed.post/3mbbakwftfc2l"
"Bluesky","samsung","samsung","I’ve been getting my life with the HxH and Supermarket Sweep channels. Samsung may be onto something 🤔","2025-12-31T06:32:23.835Z","2025-12-31 06:32:23.835000+00:00","lexbiggums.bsky.social","2","0","at://did:plc:4lavw5csvjmrcjhe55hb3cf4/app.bsky.feed.post/3mbbaltqnf22x"
"Bluesky","samsung","samsung","Unveiling the Samsung Galaxy Note 3 Neo: Does it Come with an IR Blaster? The Samsung Galaxy Note 3 Neo, a variant of the highly acclaimed Galaxy Note 3, has been a subject of interest for many sma... #Troubleshooting #Guides Origin | Interest | Match","2025-12-31T06:38:14.000Z","2025-12-31 06:38:14+00:00","android.activitypub.awakari.com.ap.brid.gy","0","0","at://did:plc:etkadjdby46s2skc4shoxp6q/app.bsky.feed.post/3mbbdmx5qf4b2"
"Bluesky","samsung","samsung","Samsung Galaxy S26 Ultra Camera Redesign Signals a Strategic Shift in Flagship Evolution + Video 🎯 Introduction: A Familiar Shape, A Strategic Change Samsung’s Galaxy Ultra line has long been the company’s technological showcase, a space where design confidence meets hardware ambition. With the…","2025-12-31T06:39:23Z","2025-12-31 06:39:23+00:00","undercodenews.bsky.social","0","0","at://did:plc:p464uedvuxtzckhrm4pfwxa5/app.bsky.feed.post/3mbbayfinmk2x"
"Bluesky","samsung","samsung","Recenze Samsung Galaxy Z TriFold: robustní, ale s slabým výkonem fotoaparátu a s některými unikátními designovými nedostatky www.bloomberg.com/ne...","2025-12-31T06:42:52.000Z","2025-12-31 06:42:52+00:00","365tipu.cz","0","0","at://did:plc:6ow7sn4eyi7fyaiyjk3u267b/app.bsky.feed.post/3mbbb6sc5ih2o"
"Bluesky","galaxy s","galaxy s","Tried to do a doodle but can't get in the mood. I'm wondering if it's the ipad's slippery screen and pencil that's messing me up. All of my old doodles were done on a galaxy tab 2, with the rubber nibbed s-pen. It had a bit of a grippy feel that was nice.","2025-12-31T06:47:57.580Z","2025-12-31 06:47:57.580000+00:00","grilledcat.bsky.social","0","0","at://did:plc:ycumbkx3sooeecugnsgcwn2f/app.bsky.feed.post/3mbbbhoa7rs23"
"Bluesky","samsung","samsung","📰 OEM PC Arus Utama Dapat Prioritas DRAM di Tengah Krisis Pasokan Global 👉 Baca artikel lengkap di sini: https://ahmandonk.com/2025/12/31/oem-pc-prioritas-dram-krisis-pasokan/ #apple #asus #dell #dram #crisis #lenovo #samsung #sk #hynix","2025-12-31T06:48:14+00:00","2025-12-31 06:48:14+00:00","ahmandonk.bsky.social","0","0","at://did:plc:ynxpsn6ztqzqfjwbw4se6bch/app.bsky.feed.post/3mbbbi6qf6l2y"
"Bluesky","samsung","samsung","Feed: ""Daily Tech News Show"" By: Robb Dunewood on Tuesday, December 30, 2025","2025-12-31T06:49:12.709610+00:00","2025-12-31 06:49:12.709610+00:00","longtail-news.bsky.social","0","0","at://did:plc:o6ggjvnj4ze3mnrpnv5oravg/app.bsky.feed.post/3mbbbjyhd2f2n"
"Bluesky","samsung","samsung","Feed: ""Influencer Magazine UK"" By: Kristina Roberts on Tuesday, December 30, 2025","2025-12-31T06:51:26.724465+00:00","2025-12-31 06:51:26.724465+00:00","longtail-news.bsky.social","0","0","at://did:plc:o6ggjvnj4ze3mnrpnv5oravg/app.bsky.feed.post/3mbbbnybafg2a"
"Bluesky","samsung","samsung","Samsung veut analyser le cerveau pour détecter le déclin cognitif ou Alzheimer www.01net.com/actualites/s...","2025-12-31T07:02:17.901Z","2025-12-31 07:02:17.901000+00:00","01net.com","1","0","at://did:plc:kfsaqdm4624tghuu4nydph2i/app.bsky.feed.post/3mbbcbcq3t52n"
"Bluesky","samsung","samsung","Rumors are already swirling about Samsung’s next flagship.","2025-12-31T07:03:10.053281+00:00","2025-12-31 07:03:10.053281+00:00","technology-news.bsky.social","1","0","at://did:plc:fsftz5ue2bvlvkb6zx2bqdnh/app.bsky.feed.post/3mbbccujmn72z"
"Bluesky","galaxy s","galaxy s","Feed: ""The Daily Galaxy –Great Discoveries Channel"" By: Lydia Amazouz on Tuesday, December 30, 2025","2025-12-31T07:03:38.437592+00:00","2025-12-31 07:03:38.437592+00:00","longtail-news.bsky.social","0","0","at://did:plc:o6ggjvnj4ze3mnrpnv5oravg/app.bsky.feed.post/3mbbcds52b72t"
"Bluesky","samsung","samsung","Doodle Display [December 2025] #doodledisplay","2025-12-31T07:07:28.524Z","2025-12-31 07:07:28.524000+00:00","uhhhhhummmmmhmmmmm.bsky.social","3","1","at://did:plc:voro5xgqhwfjdwwo6gboxoza/app.bsky.feed.post/3mbbckkwvkc2t"
"Bluesky","samsung","samsung","I have had good experiences with whirlpool, after previously being driven nuts by a Samsung kitchen suite I got on sale at Costco.","2025-12-31T07:07:50.731Z","2025-12-31 07:07:50.731000+00:00","matingplumage.bsky.social","0","0","at://did:plc:tpwlt7vpfxohoh7zvi2xuuto/app.bsky.feed.post/3mbbcla4cck2w"
"Bluesky","samsung","samsung","Apple gagne le match des ventes face à Samsung C'était encore une guerre sans merci cette année, avec des innovations à tout va. On l’a vu tout particulièrement sur le marché du haut de gamme.","2025-12-31T07:24:06.000000Z","2025-12-31 07:24:06+00:00","news-flows-fr.bsky.social","0","0","at://did:plc:kzmukwaf72iwepygposicgt3/app.bsky.feed.post/3mbbeiph2bi2p"
"Bluesky","samsung","samsung","Wild leak points to 20,000mAh battery for Samsung, but there’s bad news Take this leak with big dose of salt. Credit: Ryan Haines / Android Authority TL;DR Samsung’s battery division has appare... #News #Battery #Samsung Origin | Interest | Match","2025-12-31T07:28:58.000Z","2025-12-31 07:28:58+00:00","android.activitypub.awakari.com.ap.brid.gy","0","0","at://did:plc:etkadjdby46s2skc4shoxp6q/app.bsky.feed.post/3mbbe3r77gpx2"
"Bluesky","samsung","samsung","Wild leak points to 20,000mAh battery for Samsung, but there’s bad news","2025-12-31T07:32:12.050Z","2025-12-31 07:32:12.050000+00:00","androidauthority.com","1","0","at://did:plc:u5z5pkxbqlvzxwtgggrxv3uw/app.bsky.feed.post/3mbbdwrsiak2b"
"Bluesky","samsung","samsung","Feed: ""Techish Kenya"" By: The Analyst on Tuesday, December 30, 2025","2025-12-31T07:39:53.693174+00:00","2025-12-31 07:39:53.693174+00:00","longtail-news.bsky.social","0","0","at://did:plc:o6ggjvnj4ze3mnrpnv5oravg/app.bsky.feed.post/3mbbeemr42o2a"
"Bluesky","samsung","samsung","Feed: ""Techish Kenya"" By: Hillary Keverenge on Tuesday, December 30, 2025","2025-12-31T07:39:56.385302+00:00","2025-12-31 07:39:56.385302+00:00","longtail-news.bsky.social","0","0","at://did:plc:o6ggjvnj4ze3mnrpnv5oravg/app.bsky.feed.post/3mbbeepczqi27"
"Bluesky","samsung","samsung","www.samsung-news.com/articles/6uF...","2025-12-31T07:51:10.596Z","2025-12-31 07:51:10.596000+00:00","hangtight.bsky.social","1","1","at://did:plc:k5nmo3cldizias23xwrq43wo/app.bsky.feed.post/3mbbeypjvx22x"
"Bluesky","samsung","samsung","Just bought the OnePlus 15. With that, my Galaxy S21 goes in the drawer. And I see I've kept every smartphone I've ever owned, seen here Fun Fact: I got that iPhone 4S Christmas 2011, meaning I've averaged 3.5 years per phone- not bad!","2025-12-31T07:52:19.076Z","2025-12-31 07:52:19.076000+00:00","bobbygarrity.bsky.social","1","0","at://did:plc:pkha7eivc6y3pltaodr6mo6a/app.bsky.feed.post/3mbbf2qu3os24"
"Bluesky","samsung","samsung","Samsung te ofrece la última oportunidad del año para comprar su mejor Smart TV OLED a precio (muy) rebajado","2025-12-31T08:02:00.534Z","2025-12-31 08:02:00.534000+00:00","xatakahome.bsky.social","0","0","at://did:plc:c6gugsbes4ltbdu5n7joke6l/app.bsky.feed.post/3mbbfm3qkst2u"
"Bluesky","samsung","samsung","My new lock screen is my 2026 vision board! Happy New Year ✨️","2025-12-31T08:03:56.000Z","2025-12-31 08:03:56+00:00","shelfkewpie.bsky.social","4","0","at://did:plc:ajd6eayccqn3vco26h3ibco2/app.bsky.feed.post/3mbbfpjikj22k"
"Bluesky","samsung","samsung","Trump Mobile delays plan to launch gold-coloured smartphone this year Unlock the White House Watch newsletter for free Your guide to what Trump’s second term means for Washington, business and the world Trump Mobile, the phone company launched by the Trump Organization, has delayed plans to ship…","2025-12-31T08:07:53Z","2025-12-31 08:07:53+00:00","copyinvisible.bsky.social","0","0","at://did:plc:fdpni7vjwkvtkbcynaa2y4l4/app.bsky.feed.post/3mbbfwnuy742m"
"Bluesky","samsung","samsung","Bateria de 20.000 mAh para Samsung: O que escondem? O que chegou de novo? A Samsung está aparentemente a experimentar uma bateria de silício-carbono com capacidade de 20.000 mAh, que promete uma autonomia significativa para os telemóveis. Contudo, durante os testes, foram detectados problemas de…","2025-12-31T08:12:05Z","2025-12-31 08:12:05+00:00","hotnewspt.bsky.social","0","0","at://did:plc:hqb2daec6iyjtir72zebth5e/app.bsky.feed.post/3mbbg64v4lc2s"
"Bluesky","samsung","samsung","Feed: ""Kotaku"" By: Joe Tilleli on Tuesday, December 30, 2025","2025-12-31T08:20:39.668685+00:00","2025-12-31 08:20:39.668685+00:00","longtail-news.bsky.social","0","0","at://did:plc:o6ggjvnj4ze3mnrpnv5oravg/app.bsky.feed.post/3mbbgnjcpf62n"
"Bluesky","samsung","samsung","this is what Android already does, yet iOS still outsells it. meanwhile, one company, Samsung, cornered the Android market and makes up more than half of its sales.","2025-12-31T08:23:32.235Z","2025-12-31 08:23:32.235000+00:00","zoobmer.bsky.social","1","0","at://did:plc:bkjukzrgyieqf4ezhuhip7v4/app.bsky.feed.post/3mbbgsl7ysk2x"
"Bluesky","samsung","samsung","Samsung TVs will integrate Google Photos in 2026, allowing users to experience memories on a larger screen. The update includes AI features like curated memories and personalized slideshows. #Samsung #GooglePhotos #SamsungTV #SmartT #ConnectedHome #Deccanfounders","2025-12-31T08:30:01.113Z","2025-12-31 08:30:01.113000+00:00","deccanfounders.com","0","0","at://did:plc:vznpvng5nzrmegak32h2e7hr/app.bsky.feed.post/3mbbh6a2gui2j"
"Bluesky","samsung","samsung","I'm sorry but you have a Partial Gateway Reclock Issue. Please call Samsung Electronics on 0873 710 6510","2025-12-31T08:30:02Z","2025-12-31 08:30:02+00:00","foboff.co.uk","0","0","at://did:plc:anmd2qqpmxwvvad5ir4a35jb/app.bsky.feed.post/3mbbh67fgth2p"
"Bluesky","samsung","samsung","Feed: ""Newslit Daily"" By: Jose Montes de Oca on Tuesday, December 30, 2025","2025-12-31T08:31:38.243508+00:00","2025-12-31 08:31:38.243508+00:00","longtail-news.bsky.social","0","0","at://did:plc:o6ggjvnj4ze3mnrpnv5oravg/app.bsky.feed.post/3mbbhb5hap32k"
"Bluesky","samsung","samsung","ĐIỆN THOẠI SAMSUNG: CÔNG NGHỆ TIÊN PHONG – TRẢI NGHIỆM ĐỈNH CAO ĐIỆN THOẠI SAMSUNG: CÔNG NGHỆ TIÊN PHONG - TRẢI NGHIỆM ĐỈNH CAO Samsung luôn dẫn đầu trong ngành công nghệ di động với những sản phẩm điện thoại thông minh kết hợp giữa thiết kế tinh tế và hiệu năng vượt trội. Điện thoại Samsung mang…","2025-12-31T08:32:18Z","2025-12-31 08:32:18+00:00","queenvn.bsky.social","0","0","at://did:plc:olk6mhrifauaodxiquffevdd/app.bsky.feed.post/3mbbhccbqne2t"
"Bluesky","samsung","samsung","GizmoChina’s Best of 2025: Smartphone Software Smartphones in 2025 aren’t just about camera counts or silicon speeds. They’re about intelligence, fluidity, and seamless integration. The top A... #Featured #Google #News #Oneplus #Samsung #Top #Stories #Android […]  [Original post on gizmochina.com]","2025-12-31T08:32:21.000Z","2025-12-31 08:32:21+00:00","android.activitypub.awakari.com.ap.brid.gy","0","0","at://did:plc:etkadjdby46s2skc4shoxp6q/app.bsky.feed.post/3mbbj64h5kby2"
"Bluesky","samsung","samsung","Install Samsung Browser from Google Play – it supports extensions. Install AdGuard, it has the necessary settings (I've been using it for many years and watch YouTube without ads).","2025-12-31T08:37:31.412Z","2025-12-31 08:37:31.412000+00:00","artoonooref.bsky.social","1","0","at://did:plc:jt3u4sv6v74jwkcejk5474m6/app.bsky.feed.post/3mbbhlljol22f"
"Bluesky","samsung","samsung","Samsung suspende projeto de bateria de 20.000 mAh por questões de segurança e foca-se em capacidades mais reais #bateria #mah #projeto #quest #samsung","2025-12-31T08:39:06Z","2025-12-31 08:39:06+00:00","tugate.ch","0","0","at://did:plc:a3bytqa2zaerm5c5tg3ja4tc/app.bsky.feed.post/3mbbhohqcnk26"
"Bluesky","samsung","samsung","S26 Ultra หลุดแรก! กล้องทรง Z Fold ชาวไทยคิดไง? โมเดล S26 Ultra เผยดีไซน์กล้องใหม่ คล้าย Z Fold เป๊ะ! นี่คือทิศทาง Samsung? แฟนๆว่า #เอาอยู่ไหม หรืออยากเห็นแบบไหน? #Samsung #GalaxyS26Ultra #มือถือใหม่ #ข่าวหลุด อ่านเต็มๆได้ที่ #hobbiesdose แอปตัว F","2025-12-31T08:48:37.003Z","2025-12-31 08:48:37.003000+00:00","hobbiesdose.bsky.social","0","0","at://did:plc:dzhemdtztrjycgmopo5slzfp/app.bsky.feed.post/3mbbi7gp7fs2h"
"Bluesky","samsung","samsung","That's fair. Recently I have been thinking about possible switching to a Samsung phone for it's automation features. Been trying to move to a setup to help me self-discipline better","2025-12-31T08:53:36.626Z","2025-12-31 08:53:36.626000+00:00","zym.lol","0","0","at://did:plc:7xu7kd6duvsie2qh7n3zlvpe/app.bsky.feed.post/3mbbiidzoek2k"
"Bluesky","samsung","samsung","Buy Anker Charger 312 25W Sg 3 Pin Super Fast Charging 2 0 A2642 Anker Charger 312 Powerport 25W USB C Charger A2642 ✔️High Speed: Supports 25W Samsung Super Fast Charging to fully charge a Galaxy S22 in under 1.5 hours. ✔️Portable Yet Powerful: At 23% smaller than an original 25W USB-C charger and wi","2025-12-31T08:53:42.188Z","2025-12-31 08:53:42.188000+00:00","bizgram.bsky.social","0","0","at://did:plc:odpnddbyfyecjovczxaoxrsz/app.bsky.feed.post/3mbbiijotod2i"
"Bluesky","samsung","samsung","Wear OS 6 bug breaks AOD transitions for 3rd-party watch faces on Pixel and Galaxy watches ✅ Details - piunikaweb.com/2025/12/31/w... #PixelWatch #Samsung #Google #WearOS","2025-12-31T08:53:44.762Z","2025-12-31 08:53:44.762000+00:00","assembledebug.bsky.social","1","0","at://did:plc:ifi4wclcdl4nsw2cvkgbdnf4/app.bsky.feed.post/3mbbiils7ik2c"
"Bluesky","samsung","samsung","Iako su se ranije pojavljivale naznake da bi se ovakve baterije mogle pojaviti na Galaxy S26 seriji, najnovije informacije ukazuju da to ipak neće biti slučaj. No, pojaviće se u skoroj budućnosti 🔋📲 #Samsung benchmark.rs/vesti/uredaj...","2025-12-31T08:53:47.799Z","2025-12-31 08:53:47.799000+00:00","benchmarkrs.bsky.social","0","0","at://did:plc:k3kronrrygpa35zf4kupgtuy/app.bsky.feed.post/3mbbiipwzl722"
"Bluesky","samsung","samsung","[Business] Samsung Electronics Memimpin Pasar TV Global 19 Tahun Berturut-turut","2025-12-31T09:02:11Z","2025-12-31 09:02:11+00:00","fortuneidn.bsky.social","0","0","at://did:plc:iwentsped2erdpszlvmejgn6/app.bsky.feed.post/3mbbixpit6p2k"
"Bluesky","samsung","samsung","LG Launches New Lifestyle TVs to Compete with Samsung's Offerings","2025-12-31T09:16:38Z","2025-12-31 09:16:38+00:00","britainsnews.bsky.social","0","0","at://did:plc:ebbrprwx6jdoqzbgomluyeob/app.bsky.feed.post/3mbbjrk2f432g"
"Bluesky","samsung","samsung","Si los personajes no consiguen hacerse pasar por éxito por gestores de camping, la secta los pondrá en la mira gracias a la capacidad de memoria de la cámara Samsung 561, con hqsta 7 gigas que permitirá un almacenamiento de hasta 17 horas ininterrumpidas.","2025-12-31T09:31:21.732Z","2025-12-31 09:31:21.732000+00:00","josecthulhu.bsky.social","3","2","at://did:plc:o4us7vslrhsjbgx3nw74s42z/app.bsky.feed.post/3mbbklu77x223"
"Bluesky","samsung","samsung","Erste Dummy-Modelle des #Samsung #GalaxyS26 und #S26 Ultra zeigen das vermutlich finale #Design. Die Unterschiede zwischen Standard- und Ultra-Variante werden kleiner, während alle eine Kamera-Insel bekommen.","2025-12-31T09:35:23.153Z","2025-12-31 09:35:23.153000+00:00","winfuture.de","0","0","at://did:plc:uoshhpyjd42oki3lcmjnwems/app.bsky.feed.post/3mbbkt2kadz2h"
"Bluesky","samsung","samsung","Samsung тества интеграция на Perplexity AI с Bixby","2025-12-31T09:36:19.737Z","2025-12-31 09:36:19.737000+00:00","galaxyleaks.bsky.social","0","0","at://did:plc:u3ltcknpshigutodv2o34764/app.bsky.feed.post/3mbbkuregey22"
"Bluesky","samsung","samsung","Your Samsung devices could soon monitor brain health and check for cognitive decline ift.tt/UJ6DZgj","2025-12-31T09:40:01.644Z","2025-12-31 09:40:01.644000+00:00","stufftv.bsky.social","0","0","at://did:plc:i7ggc752rvsw2rtdzp4pawsw/app.bsky.feed.post/3mbbl3e2hz42j"
"Bluesky","samsung","samsung","Whoever made the advert also forgot to remove the logo from the phone case they photoshopped gold www.theregister.com/2025/08/22/t...","2025-12-31T09:45:07.035Z","2025-12-31 09:45:07.035000+00:00","nialldeacon.com","2","0","at://did:plc:25sec3bsosbiwzp7oectdghw/app.bsky.feed.post/3mbblehbhvs2d"
"Bluesky","samsung","samsung","[9to5google.com]Samsung’s Bixby reboot shows up early with Perplexity in tow - 9to5Google Samsung hasn’t been particularly quiet about its coming Perplexity partnership, and now we’re getting a first look at the Bixby...","2025-12-31T09:45:33.172Z","2025-12-31 09:45:33.172000+00:00","sketchynews.net","0","0","at://did:plc:7ni6ktnv7pnp3pk6eosdznrg/app.bsky.feed.post/3mbblfab72w23"
"Bluesky","samsung","samsung","Apple and Samsung can breath easy for now","2025-12-31T09:50:33.454Z","2025-12-31 09:50:33.454000+00:00","rayminehane.bsky.social","0","0","at://did:plc:bndbduymakvlxeiv64wclqzc/app.bsky.feed.post/3mbblo6kxic2s"
"Bluesky","samsung","samsung","I'm sorry but you have a Partial Stack Halt Error. Please call Samsung Electronics on 0873 650 6040","2025-12-31T10:00:02Z","2025-12-31 10:00:02+00:00","foboff.co.uk","0","0","at://did:plc:anmd2qqpmxwvvad5ir4a35jb/app.bsky.feed.post/3mbbm75bua22p"
"Bluesky","samsung","samsung","「シリーズ テスト モデル」に関する記事です: https://www.mixvale.com.br/2025/12/30/one-ui-8-5-%E3%81%AF%E3%80%81tab-s10-%E3%82%B7%E3%83%AA%E3%83%BC%E3%82%BA%E3%80%81s9-%E3%82%B7%E3%83%AA%E3%83%BC%E3%82%BA%E3%80%81fe-%E3%83%A2%E3%83%87%E3%83%AB%E3%82%92%E5%90%AB%E3%82%80-samsung-ja/","2025-12-31T10:00:07.725021+00:00","2025-12-31 10:00:07.725021+00:00","buchikuma.bsky.social","0","0","at://did:plc:jf26a7dgps3fck4zc7anchdl/app.bsky.feed.post/3mbbm7cgcyn23"
"Bluesky","samsung","samsung","記事の要約: Samsungは、Galaxy Tab S10シリーズ、S9シリーズ、FEモデルを対象に、One UI 8.5の内部テストを進めています。このアップデートは、2026年に安定版リリースが予定されているAndroid 16に基づいており、特にタブレット向けに最適化されたインターフェイスやマルチウィンドウ機能の向上が期待されています。また、Galaxyエコシステムとの統合が進み、デバイス間でのファイル共有や接続がよりスムーズになることが見込まれています。 最近のテストには、Galaxy Tab S10 Plus、Ultra、FE、S9、S9 Plus、Ultra、S9 FEが含ま…","2025-12-31T10:00:08.453523+00:00","2025-12-31 10:00:08.453523+00:00","buchikuma.bsky.social","0","0","at://did:plc:jf26a7dgps3fck4zc7anchdl/app.bsky.feed.post/3mbbm7d4hpr2a"
"Bluesky","samsung","samsung","Parfois moqué, l’assistant vocal de Samsung pourrait revenir, musclé à l’IA","2025-12-31T10:00:10.0728249Z","2025-12-31 10:00:10.072824900+00:00","leclaireur-fnac.bsky.social","0","0","at://did:plc:iovza32l3vrcmjutnfed3zjf/app.bsky.feed.post/3mbbm7eovqs2w"
"Bluesky","samsung","samsung","Samsung is changing how it shows up at CES 2026 🎪 Instead of a traditional booth on the main show floor, it’s booking its own standalone exhibition space at The Wynn hotel to create a more curated, museum‑like experience where it can better showcase new TVs, displays, home appliances, and more..","2025-12-31T10:00:37.995Z","2025-12-31 10:00:37.995000+00:00","mdgtech.substack.com","1","0","at://did:plc:43rq4wrwupoaqux44gks7z2k/app.bsky.feed.post/3mbbma7ed3a2g"
"Bluesky","samsung","samsung","www.zdnet.com/home-and-off...","2025-12-31T10:01:02.644Z","2025-12-31 10:01:02.644000+00:00","dougpete.bsky.social","1","2","at://did:plc:vwrosgsagkyfh3iw5nwwgex2/app.bsky.feed.post/3mbbmawmcts2u"
"Bluesky","samsung","samsung","記事の要約: 2025年12月31日付のBCNランキングによると、タブレット端末の実売台数ランキングで11インチiPadが圧倒的な人気を誇っています。1位から4位までをiPadが占め、特に128GBモデルが多くランクインしています。具体的には、1位がシルバー、2位がブルー、4位がピンク、7位がイエローと、色のバリエーションも豊富です。3位と5位にはNECのLAVIE Tabがランクインし、その他にはSAMSUNGのGalaxy Tab A9+なども登場しています。全体として、iPadの強さが際立つ結果となっています。","2025-12-31T10:01:07.382764+00:00","2025-12-31 10:01:07.382764+00:00","buchikuma.bsky.social","0","0","at://did:plc:jf26a7dgps3fck4zc7anchdl/app.bsky.feed.post/3mbbmb3csgk2r"
"Bluesky","samsung","samsung","Galaxy S26 Ultra: O segredo para fotos perfeitas? O que chegou de novo? Os primeiros detalhes sobre o Galaxy S26 Ultra começaram a circular, indicando que a Samsung se está a focar mais em refinamentos do que em grandes inovações nas atualizações de câmera. O foco parece estar em melhorar a…","2025-12-31T10:14:01Z","2025-12-31 10:14:01+00:00","hotnewspt.bsky.social","0","0","at://did:plc:hqb2daec6iyjtir72zebth5e/app.bsky.feed.post/3mbbmy6qg522a"
"Bluesky","samsung","samsung","US ITC opens probe into Samsung HBM and DDR5 patent infringement - CHOSUNBIZ - Chosunbiz: US ITC opens probe into Samsung HBM and DDR5 patent infringement - CHOSUNBIZ  Chosunbiz","2025-12-31T10:14:35Z","2025-12-31 10:14:35+00:00","patesalo-e.bsky.social","0","0","at://did:plc:li6cac3muamfbv5et2cuclpr/app.bsky.feed.post/3mbbmz6kkv72n"
"Bluesky","galaxy z","galaxy z","記事の要約: 2025年の「ベストバイスマホ」として、筆者が独断と偏見で選んだ5機種をランキング形式で紹介しています。特に注目されたのは、薄さと3つ折りデザインが特徴のフォルダブルスマホが豊作だったことです。第5位には日本のリコーとコラボしたカメラスマホ「realme GT8 Pro」、第4位にはゲーム機能に特化したミッドレンジスマホ「OPPO K13 Turbo Pro 5G」、そして第3位には世界最軽量のフォルダブルスマホ「Galaxy Z Fold7」が選ばれています。","2025-12-31T10:23:11.972219+00:00","2025-12-31 10:23:11.972219+00:00","buchikuma.bsky.social","0","0","at://did:plc:jf26a7dgps3fck4zc7anchdl/app.bsky.feed.post/3mbbnikj2ss23"
"Bluesky","samsung","samsung","I finally decided to download Steam for the first time in ages only to play Geometry Wars 3 on my Samsung laptop I was just avoiding messing with Steam until I got a gaming PC but I guess I was curious what it would be like","2025-12-31T10:24:57.020Z","2025-12-31 10:24:57.020000+00:00","plsburydoughboy.bsky.social","0","0","at://did:plc:aduyfqmdwfni4slyrbldoeez/app.bsky.feed.post/3mbbnlojzn22f"
"Bluesky","samsung","samsung","Feed: ""Phandroid"" By: Tyler Lee on Wednesday, December 31, 2025","2025-12-31T10:26:57.888389+00:00","2025-12-31 10:26:57.888389+00:00","longtail-news.bsky.social","0","0","at://did:plc:o6ggjvnj4ze3mnrpnv5oravg/app.bsky.feed.post/3mbbnpe53kn2k"
"Bluesky","samsung","samsung","Feed: ""Phandroid"" By: Tyler Lee on Wednesday, December 31, 2025","2025-12-31T10:27:05.047573+00:00","2025-12-31 10:27:05.047573+00:00","longtail-news.bsky.social","0","0","at://did:plc:o6ggjvnj4ze3mnrpnv5oravg/app.bsky.feed.post/3mbbnpl3w7p2a"
"Bluesky","samsung","samsung","لا يزال الوصول إلى وضع القراءة الجديد في Chrome ليس سهلاً مثل Samsung Internet بالرغم من يأتي Google Chrome مثبتًا مسبقًا على جميع الهواتف الذكية التي تعمل بنظام Android تقريبًا هذه الأيام، لا يزال الأمر كذلك ليست غنية بالميزات و قابلة للتخصيص مثل Samsung Internet. لقد سهّلت مؤخرًا الوصول إلى وضع…","2025-12-31T10:30:00Z","2025-12-31 10:30:00+00:00","beiruttime.bsky.social","0","0","at://did:plc:kk3x5e3623o25ncmq37sfvsn/app.bsky.feed.post/3mbbnurn3k22e"
"Bluesky","samsung","samsung","Top TV trends to expect from CES 2026: RGB TVs galore, plus a shift in average TV sizes Like every year, a slew of new TVs are waiting to be unveiled at CES. Unlike every other year, the big TV brands seem to have quite similar ideas on how to innovate. To sum it up, everyone and their mother is…","2025-12-31T10:31:38Z","2025-12-31 10:31:38+00:00","fintechguide24.bsky.social","0","0","at://did:plc:o3akpzlw7zsmbo2qmprexooy/app.bsky.feed.post/3mbbnxor67o2l"
"Bluesky","samsung","samsung","Samsung Health Snoring Detection Update Rolls Out, Users Face Data Reset A Quiet Update That Speaks Loudly About Samsung’s Health Ambitions Samsung has quietly pushed out a new update to the Samsung Health app, but the implications reach far beyond a routine patch. At first glance, this update…","2025-12-31T10:44:56Z","2025-12-31 10:44:56+00:00","undercodenews.bsky.social","0","0","at://did:plc:p464uedvuxtzckhrm4pfwxa5/app.bsky.feed.post/3mbbopi6vok2q"
"Bluesky","samsung","samsung","Pre-CES 2026: Samsung “The First Look” (Jan 4) — expected AI ecosystem announcements Upcoming keynotes drive several days of previews, leaks, and “what to expect” coverage.","2025-12-31T10:45:03.351Z","2025-12-31 10:45:03.351000+00:00","freeblock.bsky.social","0","0","at://did:plc:f2a4fpatzzeheb66b7dsxpy5/app.bsky.feed.post/3mbbopn5rwr2m"
"Bluesky","samsung","samsung","Samsung Price Hikes Are Coming — Memory Crisis Pushes Galaxy Phones, Tablets, and Laptops Toward a Costly Future A Silent Price Storm Is Forming The global tech market is entering a quiet but powerful shift. While consumers are distracted by flashy launches, AI promises, and holiday discounts, a…","2025-12-31T10:47:03Z","2025-12-31 10:47:03+00:00","undercodenews.bsky.social","0","0","at://did:plc:p464uedvuxtzckhrm4pfwxa5/app.bsky.feed.post/3mbbotawf3c2a"
"Bluesky","samsung","samsung","Samsung Raises Memory Prices as AI Demand Reshapes the Global Chip Market A Sudden Shift in the Semiconductor Landscape The global semiconductor industry is entering a new and volatile phase. What once looked like a period of stabilization has rapidly transformed into a high-pressure environment…","2025-12-31T10:47:07Z","2025-12-31 10:47:07+00:00","undercodenews.bsky.social","0","0","at://did:plc:p464uedvuxtzckhrm4pfwxa5/app.bsky.feed.post/3mbbotekumk2a"
"Bluesky","samsung","samsung","Samsung’s OLED Gamble: Galaxy A57 May Break Tradition With Chinese Display Supplier Introduction: A Subtle Shift With Big Implications Samsung has spent more than a decade building its reputation as the world’s most dominant OLED display powerhouse. From flagship Galaxy S devices to foldables and…","2025-12-31T10:49:02Z","2025-12-31 10:49:02+00:00","undercodenews.bsky.social","0","0","at://did:plc:p464uedvuxtzckhrm4pfwxa5/app.bsky.feed.post/3mbbowsukbk2q"
"Bluesky","samsung","samsung","Samsung One UI 85 Beta 3 Timeline Emerges as Galaxy S25 Users Brace for the Next Software Leap A Quiet Leak That Speaks Loudly Samsung’s software rhythm rarely pauses, even during the holiday season. As the year edges toward its close, a fresh leak has reignited attention around One UI 8.5, the…","2025-12-31T10:49:03Z","2025-12-31 10:49:03+00:00","undercodenews.bsky.social","0","0","at://did:plc:p464uedvuxtzckhrm4pfwxa5/app.bsky.feed.post/3mbbowtlhpw2x"
"Bluesky","samsung","samsung","Samsung’s Bold Move: Doubling 2nm Chip Production in Texas Samsung is shaking up the semiconductor world with an ambitious expansion in its U.S. chip manufacturing. Originally set to produce 4nm chips at its Taylor, Texas plant, the South Korean tech giant has accelerated its plans to focus…","2025-12-31T10:49:05Z","2025-12-31 10:49:05+00:00","undercodenews.bsky.social","0","0","at://did:plc:p464uedvuxtzckhrm4pfwxa5/app.bsky.feed.post/3mbbowve52c2z"
"Bluesky","samsung","samsung","Samsung’s Exynos 2600 Promises Unmatched AI Performance in Upcoming Galaxy Devices As the new year approaches, Samsung is gearing up to redefine smartphone AI capabilities with its next-generation Exynos 2600 chip. Built on a groundbreaking 2nm fabrication process, this processor is expected to…","2025-12-31T10:49:20Z","2025-12-31 10:49:20+00:00","undercodenews.bsky.social","0","0","at://did:plc:p464uedvuxtzckhrm4pfwxa5/app.bsky.feed.post/3mbboxdxf722z"
"Bluesky","samsung","samsung","Samsung Rings in the Holidays with Galaxy Z Fold7, Watch8, S25 Ultra, S95F OLED TV, and Affordable Galaxy Tab A11+ As 2025 comes to a close, Samsung is not just celebrating the holidays—they are redefining them for tech enthusiasts. From high-end smartphones and wearable devices to top-tier TVs…","2025-12-31T10:51:44Z","2025-12-31 10:51:44+00:00","undercodenews.bsky.social","0","0","at://did:plc:p464uedvuxtzckhrm4pfwxa5/app.bsky.feed.post/3mbbp3ngrmj2f"
"Bluesky","samsung","samsung","Samsung Galaxy A17 5G Hits the US: Affordable 5G, Big Battery, and Premium Features Samsung is lowering the barrier for 5G adoption in the United States with its latest budget-friendly device, the Galaxy A17 5G. Announced for a January 7 release, this smartphone promises a blend of performance,…","2025-12-31T10:51:46Z","2025-12-31 10:51:46+00:00","undercodenews.bsky.social","0","0","at://did:plc:p464uedvuxtzckhrm4pfwxa5/app.bsky.feed.post/3mbbp3oowrj2f"
"Bluesky","samsung","samsung","Samsung and Oppo Lead the Foldable Phone Revolution with 200MP Cameras As the holiday season heats up, tech enthusiasts are keeping their eyes on the latest innovations in foldable smartphones. Samsung’s Galaxy Z Fold 7 has already set a new benchmark, combining a book-style foldable display with…","2025-12-31T10:51:48Z","2025-12-31 10:51:48+00:00","undercodenews.bsky.social","0","0","at://did:plc:p464uedvuxtzckhrm4pfwxa5/app.bsky.feed.post/3mbbp3rbfku27"
"Bluesky","samsung","samsung","Buy Anker Charger 312 25W Sg 3 Pin Super Fast Charging 2 0 A2642 Anker Charger 312 Powerport 25W USB C Charger A2642 ✔️High Speed: Supports 25W Samsung Super Fast Charging to fully charge a Galaxy S22 in under 1.5 hours. ✔️Portable Yet Powerful: At 23% smaller than an original 25W USB-C charger and wi","2025-12-31T10:56:41.758Z","2025-12-31 10:56:41.758000+00:00","bizgram.bsky.social","0","0","at://did:plc:odpnddbyfyecjovczxaoxrsz/app.bsky.feed.post/3mbbpehfgou2t"
"Bluesky","samsung","samsung","I turned my flagship phone into a powerful retro gaming console, and you can too You should absolutely turn an old phone into an emulation station I recently bought a Retroid Pocket 4 Pro, a small ... #Samsung #Galaxy #Z #Fold #5 #Handheld #Gaming #Phones […]  [Original post on androidpolice.com]","2025-12-31T11:00:10.000Z","2025-12-31 11:00:10+00:00","android.activitypub.awakari.com.ap.brid.gy","0","0","at://did:plc:etkadjdby46s2skc4shoxp6q/app.bsky.feed.post/3mbbqbcumxta2"
"Bluesky","samsung","samsung","Samsung Health migliora il rilevamento del russare ma perde dati già salvati Samsung aggiorna Health alla versione 6.31 con algoritmo più accura... https://www.ilsoftware.it/samsung-health-migliora-il-rilevamento-del-russare-ma-perde-dati-gia-salvati/","2025-12-31T11:00:34.064Z","2025-12-31 11:00:34.064000+00:00","mm-ilsoftware-bot.bsky.social","0","0","at://did:plc:r6zzehvqronmrboin6h743kl/app.bsky.feed.post/3mbbplevdqp2f"
"Bluesky","samsung","samsung","#Colorful #Sunrise through the #Trees.  #Samsung #photography #phonephotography #sky #eastcoastkin #nature #skyscape #clouds #Art #Skyjunkie #Goodmorning","2025-12-31T11:00:38.466Z","2025-12-31 11:00:38.466000+00:00","ynotg.bsky.social","38","3","at://did:plc:kz7nwiwpnrb2ghm774nm6o77/app.bsky.feed.post/3mbbplis2bs2d"
"Bluesky","samsung","samsung","Samsung SDI deja de lado la batería de 20.000 mAh por problemas técnicos https://www.htcmania.com/showthread.php?t=1743196","2025-12-31T11:03:04.206722Z","2025-12-31 11:03:04.206722+00:00","htcmania.bsky.social","1","0","at://did:plc:zk3tve4twazyzrjqv6ubyp45/app.bsky.feed.post/3mbbpptyozh2w"
"Bluesky","samsung","samsung","Samsung Launches Galaxy A17 5G And Tab A11+: Everything You Need To Know Samsung’s new budget Galaxy A17 5G and Tab A11+ bring six to seven years of software updates, durable hardware, and built-... #/ #Products #/ #News Origin | Interest | Match","2025-12-31T11:03:12.000Z","2025-12-31 11:03:12+00:00","android.activitypub.awakari.com.ap.brid.gy","0","0","at://did:plc:etkadjdby46s2skc4shoxp6q/app.bsky.feed.post/3mbbrxuxocb62"
"Bluesky","samsung","samsung","#Sunrise #Looking #South  #Samsung #photography #phonephotography #sky #eastcoastkin #nature #skyscape #clouds #Art #Skyjunkie #Goodmorning","2025-12-31T11:03:43.125Z","2025-12-31 11:03:43.125000+00:00","ynotg.bsky.social","26","2","at://did:plc:kz7nwiwpnrb2ghm774nm6o77/app.bsky.feed.post/3mbbpqyveec2d"
"Bluesky","samsung","samsung","#PreDawn #Sky #Full of #Clouds. #Samsung #photography #phonephotography #sky #eastcoastkin #nature #skyscape #clouds #Art #Skyjunkie #Goodmorning","2025-12-31T11:08:48.303Z","2025-12-31 11:08:48.303000+00:00","ynotg.bsky.social","13","0","at://did:plc:kz7nwiwpnrb2ghm774nm6o77/app.bsky.feed.post/3mbbq23wmrk2d"
"Bluesky","samsung","samsung","#Cloudy #Morning  #Samsung #photography #phonephotography #sky #eastcoastkin #nature #skyscape #clouds #Skyjunkie #LookUp #blue-sky #MyBackYard","2025-12-31T11:13:09.224Z","2025-12-31 11:13:09.224000+00:00","ynotg.bsky.social","15","0","at://did:plc:kz7nwiwpnrb2ghm774nm6o77/app.bsky.feed.post/3mbbqburdg22d"
"Bluesky","samsung","samsung","Samsung's Galaxy S26 series could run larger AI models entirely on-device 🤖 thanks to new chip tech and optimization partnerships. Read the article ⬆️ #Samsung #GalaxyS26 #AI #Exynos2600 true-tech.net/galaxy-s26-s...","2025-12-31T11:19:57.692Z","2025-12-31 11:19:57.692000+00:00","true-tech.bsky.social","0","0","at://did:plc:h2sa3yng336lzq44vitg6nyf/app.bsky.feed.post/3mbbqo3r2jf2s"
"Bluesky","samsung","samsung","The US granted Samsung and SK Hynix annual licenses to ship chipmaking equipment to China in 2026, replacing prior long-term exemptions.","2025-12-31T11:24:23.841Z","2025-12-31 11:24:23.841000+00:00","usnewsbriefly.bsky.social","0","0","at://did:plc:zlxwgkchnvfhh6vxz6tphwby/app.bsky.feed.post/3mbbqojx3jg2n"
"Bluesky","samsung","samsung","#Branches #Glowing from the #Sunset   #Blackandwhite #Trees #Samsung #photography #phonephotography #sky #eastcoastkin #nature #skyscape #MyBackYard","2025-12-31T11:25:15.548Z","2025-12-31 11:25:15.548000+00:00","ynotg.bsky.social","32","2","at://did:plc:kz7nwiwpnrb2ghm774nm6o77/app.bsky.feed.post/3mbbqxjh62k2h"
"Bluesky","samsung","samsung","Top TV trends to expect from CES 2026: RGB TVs galore, plus a shift in average TV sizes Like every year, there are many new TVs to look forward to unveiling at CES. Unlike every other year, the big TV brands have pretty much the same ideas about what to do with something new. To recap, everyone…","2025-12-31T11:26:16Z","2025-12-31 11:26:16+00:00","pradi005.bsky.social","0","0","at://did:plc:6q7s53rp7yfvc3dtvc3wowr7/app.bsky.feed.post/3mbbqzf2hmd2y"
"Bluesky","samsung","samsung","2025 Folder","2025-12-31T11:30:53.564Z","2025-12-31 11:30:53.564000+00:00","uhhhhhummmmmhmmmmm.bsky.social","1","0","at://did:plc:voro5xgqhwfjdwwo6gboxoza/app.bsky.feed.post/3mbbrblsoqc24"
"Bluesky","samsung","samsung","Doodle Display (2025) #doodledisplay","2025-12-31T11:30:53.565Z","2025-12-31 11:30:53.565000+00:00","uhhhhhummmmmhmmmmm.bsky.social","2","0","at://did:plc:voro5xgqhwfjdwwo6gboxoza/app.bsky.feed.post/3mbbrbns5yc24"
"Bluesky","samsung","samsung","Os Samsung Galaxy S26 darán un salto clave na carga: máis rápida, máis cómoda e con imáns integrados https://f.mtr.cool/nhkcrbshqu","2025-12-31T11:35:10.178775Z","2025-12-31 11:35:10.178775+00:00","mallandonoandroid.gal","0","0","at://did:plc:5x2w25e2qxzbslmalkb64p2m/app.bsky.feed.post/3mbbrjaoags27"
"Bluesky","samsung","samsung","iPhone 18: Kamerasensoren könnten von Samsung in Texas gefertigt werden Samsung könnte Apple erstmals mit in den USA gefertigten High-End-Bildsensoren für das iPhone 18 beliefern. Mehr erfahrt Ihr hier","2025-12-31T11:37:08Z","2025-12-31 11:37:08+00:00","appletechnikblog.bsky.social","0","0","at://did:plc:bjxslx3nazswdvkbiaa4cvj3/app.bsky.feed.post/3mbbrmrycdh2v"
"Bluesky","samsung","samsung","Samsung pode recorrer à chinesa TCL para os ecrãs do Galaxy A57 #galaxy #os #samsung","2025-12-31T11:37:17Z","2025-12-31 11:37:17+00:00","tugate.ch","0","0","at://did:plc:a3bytqa2zaerm5c5tg3ja4tc/app.bsky.feed.post/3mbbrn3vwa52q"
"Bluesky","samsung","samsung","Micron didn’t abandon the consumer market. Most of their ram met consumers under other brands, not from crucial. SK Hynix and Samsung signed the deals with the devil and sold all their capacity. Micron didn’t.","2025-12-31T11:37:18.448Z","2025-12-31 11:37:18.448000+00:00","lukethompson85.bsky.social","0","0","at://did:plc:z3siskmrx4niexd4ydgfpqd7/app.bsky.feed.post/3mbbrn2tvg22s"
"Bluesky","samsung","samsung","www.truegyanhub.in/2025/12/flip... Flipkart Sale खत्म | फिर भी iPhone 16 | Samsung Galaxy S24 | Pixel पर Bumper Offer 🔥क्या Sale के बिना Discount Genuine है? 🔥EMI पर Interest लगेगा? 🔥31 December 2025 तक EMI क्यों? 🔥कौन सा Phone Best है 🔥कौन-सा फोन आपके लिए सही है @deepakchopra.bsky.social @amitabhbachchan.bsky.social","2025-12-31T11:38:41.116Z","2025-12-31 11:38:41.116000+00:00","gaurav89.bsky.social","0","0","at://did:plc:5vwmkpkwkk5d7rqiueifkmrm/app.bsky.feed.post/3mbbrpjp4lc2j"
"Bluesky","galaxy s","galaxy s","Yes the TARDIS acronym refers to this. The Earth is moving at 30 km/s round the Sun, so even if the centre of the universe was the sun, time travel more than 2 minutes and you're in space. But we're moving much *much* faster than that. The numbers are off, but the Pythons got the concept right:","2025-12-31T11:44:32.016Z","2025-12-31 11:44:32.016000+00:00","naffdoodaa.bsky.social","0","0","at://did:plc:jfit3mr7fsnvruydamjrgmtp/app.bsky.feed.post/3mbbrzydcos2r"
"Bluesky","samsung","samsung","Samsungがスマホで認知症の早期兆候を検出する「Brain Health」を開発。音声・歩行・睡眠データを分析し、2026年CESで実演予定。詳細は記事で。 https://biggo.jp/news/202512311121_Samsung-Brain-Health-Dementia-Detection #SamsungBrainHealth #Samsung","2025-12-31T11:45:27+00:00","2025-12-31 11:45:27+00:00","techtrendsjp.bsky.social","0","0","at://did:plc:65rfrzfssqwps6p5pl74vggw/app.bsky.feed.post/3mbbs3o3vwt2w"
"Bluesky","samsung","samsung","Samsung 新功能用手機偵測早期失智徵兆！CES 2026 將展示，分析語音、步態、睡眠資料。 https://biggo.com.tw/news/202512311121_Samsung-Brain-Health-Dementia-Detection #SamsungBrainHealth #Samsung大腦健康","2025-12-31T11:45:32+00:00","2025-12-31 11:45:32+00:00","biggo-news.bsky.social","0","0","at://did:plc:36mz5lutk7mmac4vdnijpd3x/app.bsky.feed.post/3mbbs3sqlsu2p"
"Bluesky","samsung","samsung","Free Arabic Tool for Samsung Android 15 & 16 📥 Direct Download: go.cyberslinks.com/r.php?id=E9m... Website Link: www.techgsmsoftwares.xyz/2025/12/free... Adds full Arabic language support Works on Android 15 and Android 16 #ArabicTool #FreeTools #SamsungTool #AndroidTool #GSMTools","2025-12-31T11:51:51.367Z","2025-12-31 11:51:51.367000+00:00","techgsmsoftwares.bsky.social","0","0","at://did:plc:sz72c75ctlsonk3wwruff7tv/app.bsky.feed.post/3mbbsh3dbes2g"
"Bluesky","galaxy s","galaxy s","You can't even say ""wait a year, and the Earth will be in the same place"", because the Sun itself is orbiting around the centre of our galaxy at 230km/s, so after a year, the whole solar system has moved by more than 7 billion km.","2025-12-31T11:51:52.536Z","2025-12-31 11:51:52.536000+00:00","theotherdavidh.bsky.social","0","0","at://did:plc:ovwwbk35tag6akk6esotbj2i/app.bsky.feed.post/3mbbsh4gwy22v"
"Bluesky","samsung","samsung","Free Arabic Tool for Samsung Android 15 & 16 📥 Direct Download: go.cyberslinks.com/r.php?id=E9m... Website Link: www.techgsmsoftwares.xyz/2025/12/free... Adds full Arabic language support Works on Android 15 and Android 16 #ArabicTool #FreeTools #SamsungTool #AndroidTool #GSMTools","2025-12-31T11:53:18.679Z","2025-12-31 11:53:18.679000+00:00","gsmcracksguru.bsky.social","0","0","at://did:plc:zt3gbalyzaiybichlisrxvju/app.bsky.feed.post/3mbbsjolty22d"
"Bluesky","samsung","samsung","PRICES OF SAMSUNG & iPHONE SMART PHONES ARE ABOUT TO SKYROCKET THROUGH THE ROOF www.phonearena.com/news/how-exp...","2025-12-31T11:57:30.128Z","2025-12-31 11:57:30.128000+00:00","pampalmeresq.bsky.social","4","2","at://did:plc:oz4ztavl3x2tnts2jj6665yw/app.bsky.feed.post/3mbbsr6fgo22m"
"Bluesky","samsung","samsung","Dad asked me to sync his iPad calendar to his Samsung phone calendar and it took my ages because I couldn’t see anything in the calendars and that’s because he didn’t have anything in his calendars","2025-12-31T11:58:02.996Z","2025-12-31 11:58:02.996000+00:00","hansmollman.bsky.social","118","1","at://did:plc:7pmafltn6pgl6qy5mpr4jo6f/app.bsky.feed.post/3mbbss5qjcc27"
"Bluesky","samsung","samsung","Have you ever had a thought that literally nobody in the world has ever had? When I restart my phone it says 'Samsung Galaxy - Secured by Knox' and I reflexively think 'Amanda Knox?'","2025-12-31T12:01:01.432Z","2025-12-31 12:01:01.432000+00:00","garethwatkins.bsky.social","9","0","at://did:plc:chhbto65eavlterkv5ztmf2w/app.bsky.feed.post/3mbbsxhvvas2e"
"Bluesky","samsung","samsung","Recomendações de TVs - 31/12/25.","2025-12-31T12:01:30.9990486Z","2025-12-31 12:01:30.999048600+00:00","pcbuildwizard.com","0","0","at://did:plc:h2ataqkfhejqhlkmmdknshxb/app.bsky.feed.post/3mbbsyea5ja2i"
"Bluesky","samsung","samsung","Samsung Galaxy S26 tasarımı sızdırıldı, yok artık Samsung","2025-12-31T12:13:36Z","2025-12-31 12:13:36+00:00","ercanceviz.bsky.social","0","0","at://did:plc:v7nvkhezqq33xrcgasafhbw4/app.bsky.feed.post/3mbbtnzbl4k2j"
"Bluesky","samsung","samsung","Love the Samsung UI change that makes it impossible to see more than one notification on your top bar if you have music playing, all just so you can see 1/3 of your song title and god forbid you've got more than one notifi or else you get the DOT","2025-12-31T12:27:50.535Z","2025-12-31 12:27:50.535000+00:00","frogkingyt.bsky.social","2","1","at://did:plc:giadertr7a5v35iiavcot5da/app.bsky.feed.post/3mbbuhgikdk2i"
"Bluesky","samsung","samsung","oof sorry, im not on a samsung. i cna probably look something up but im assuming youve probably tried anything id find","2025-12-31T12:28:47.097Z","2025-12-31 12:28:47.097000+00:00","halvedlife.bsky.social","1","0","at://did:plc:qhidfsffmz62n57xv44wnptk/app.bsky.feed.post/3mbbuj4fy7c2v"
"Bluesky","samsung","samsung","Saviez-vous que les téléphones Samsung disposent d'un bouton caché pour masquer les photos ? Il vous faudra naviguer un peu dans les options du téléphone pour trouver cette fonctionnalité.","2025-12-31T12:30:02.000000Z","2025-12-31 12:30:02+00:00","news-flows-fr.bsky.social","0","0","at://did:plc:kzmukwaf72iwepygposicgt3/app.bsky.feed.post/3mbbvcoqk5t2p"
"Bluesky","samsung","samsung","God will make you do it!  www.samsung-news.com/articles/Ahu...","2025-12-31T12:32:08.956Z","2025-12-31 12:32:08.956000+00:00","hangtight.bsky.social","0","0","at://did:plc:k5nmo3cldizias23xwrq43wo/app.bsky.feed.post/3mbbup4wa522x"
"Bluesky","samsung","samsung","#TechRadar The Samsung Galaxy S26 design may have leaked in a new hands-on video — with a price hike also rumored https://techrad.ar/M7qD #SamsungGalaxyPhones #Phones","2025-12-31T12:34:09Z","2025-12-31 12:34:09+00:00","techrad.ar","0","0","at://did:plc:sggcemuswbe74yefq36bkgau/app.bsky.feed.post/3mbbusqityf2r"
"Bluesky","samsung","samsung","Samsung to Redefine Home Living with AI-Powered Appliances and Next-Gen TVs at CES 2026 As the Consumer Electronics Show (CES) 2026 approaches, Samsung is preparing to unveil a bold new chapter in AI-powered home appliances and next-generation TVs. With a clear vision for smarter, more intuitive…","2025-12-31T12:35:29Z","2025-12-31 12:35:29+00:00","undercodenews.bsky.social","0","0","at://did:plc:p464uedvuxtzckhrm4pfwxa5/app.bsky.feed.post/3mbbuv66gg32r"
"Bluesky","samsung","samsung","Feed: ""Latest from TechRadar"" By: David Nield on Tuesday, December 30, 2025","2025-12-31T12:37:00.874672+00:00","2025-12-31 12:37:00.874672+00:00","longtail-news.bsky.social","0","0","at://did:plc:o6ggjvnj4ze3mnrpnv5oravg/app.bsky.feed.post/3mbbuxvmsis2b"
"Bluesky","samsung","samsung","On a essayé le Galaxy XR : et si Samsung réussissait là où Apple a échoué ? ➡️ www.presse-citron.net/prise-en-mai...","2025-12-31T12:41:39.239Z","2025-12-31 12:41:39.239000+00:00","presse-citron.net","1","0","at://did:plc:qcmbjm7xw2pc5jhrdgzvge2q/app.bsky.feed.post/3mbbva4sw4d2d"
"Bluesky","samsung","samsung","Just today I marveled at my old fashioned keyboard Samsung SWT1000. They keys just look unbreakable, nothing even gets dirty and greasy like any other keyboard. It has ps2 cable, I bought some converter to USB some five years ago. Gemini assured me it's from 1998-2004, no similar KB sold now","2025-12-31T12:55:30.370Z","2025-12-31 12:55:30.370000+00:00","lumidek.bsky.social","0","0","at://did:plc:hb3ycgfxmjymwqdfc76mk2ou/app.bsky.feed.post/3mbbvyvfyik2a"
"Bluesky","samsung","samsung","#Samsung plant zur #CES2026 den neuen Dienst #BrainHealth vorzustellen. Die Technologie soll anhand von #Smartphone- und #Smartwatch-Daten frühe Anzeichen von Demenzerkrankungen erkennen können. #Demenz","2025-12-31T12:59:35.294Z","2025-12-31 12:59:35.294000+00:00","winfuture.de","0","0","at://did:plc:uoshhpyjd42oki3lcmjnwems/app.bsky.feed.post/3mbbwa743gp24"
"Bluesky","samsung","samsung","The US International Trade Commission launched an investigation based on a patent-infringement complaint Netlist Inc. filed against Samsung Electronics Co., Alphabet Inc.’s Google LLC, and Super Micro Computer Inc. over computer memory technology.","2025-12-31T13:00:16Z","2025-12-31 13:00:16+00:00","bloomberglaw.com","0","0","at://did:plc:jmqvor2utf2fxspsz6nsntmz/app.bsky.feed.post/3mbbwbgagld22"
"Bluesky","samsung","samsung","Samsung brings Google Photos to the biggest screen in your home","2025-12-31T13:00:20.000Z","2025-12-31 13:00:20+00:00","liberationtech.bsky.social","0","0","at://did:plc:zzvyusavduhfc4whhd3f4yjn/app.bsky.feed.post/3mbbwblaqpu2c"
"Bluesky","samsung","samsung","[TECH] Samsung Mulai Integrasikan Google Photos di Samsung TV Mulai 2026","2025-12-31T13:02:14Z","2025-12-31 13:02:14+00:00","fortuneidn.bsky.social","0","0","at://did:plc:iwentsped2erdpszlvmejgn6/app.bsky.feed.post/3mbbwexm5zb2t"
"Bluesky","samsung","samsung","📱 Get a Free Samsung Galaxy Z Flip3 ForYouPromo is looking for people to test the Samsung Galaxy Z Flip3 phone! It is quick and easy to apply, so do it today 🎁","2025-12-31T13:06:34.873Z","2025-12-31 13:06:34.873000+00:00","freestuffworldus.bsky.social","0","0","at://did:plc:ye5l2uuia76tumssgbawxkxh/app.bsky.feed.post/3mbbwmplh3j26"
"Bluesky","samsung","samsung","www.samsung-news.co","2025-12-31T13:08:46.382Z","2025-12-31 13:08:46.382000+00:00","periwinkle202024.bsky.social","0","0","at://did:plc:ghoed7j4bb3pf33l7fuba3ni/app.bsky.feed.post/3mbbwqmkews2n"
"Bluesky","samsung","samsung","Feed: ""Kompendium @365tipů"" Published on Wednesday, December 31, 2025","2025-12-31T13:10:29.952913+00:00","2025-12-31 13:10:29.952913+00:00","longtail-news.bsky.social","0","0","at://did:plc:o6ggjvnj4ze3mnrpnv5oravg/app.bsky.feed.post/3mbbwtrr2sg26"
"Bluesky","samsung","samsung","U.S. approves Samsung, SK Hynix chipmaking tool shipments to China for 2026, sources say The approval is a temporary relief for the South Korean firms and follows a U.S. decision earlier this year to revoke license waivers given to ​some tech companies | Photo Credit: REUTERS The U.S. ‍government…","2025-12-31T13:16:19Z","2025-12-31 13:16:19+00:00","stockupdatesnow.bsky.social","0","0","at://did:plc:7x6xshhjou4ijit5qjvyput3/app.bsky.feed.post/3mbbx65ppao2z"
"Bluesky","samsung","samsung","I #Love #Clouds #Samsung #photography #phonephotography #sky #eastcoastkin #nature #skyscape #skyjunkie #blue-sky #lookup","2025-12-31T13:24:30.667Z","2025-12-31 13:24:30.667000+00:00","ynotg.bsky.social","20","2","at://did:plc:kz7nwiwpnrb2ghm774nm6o77/app.bsky.feed.post/3mbbxmr3w3225"
"Bluesky","samsung","samsung","Much like on your phone or computer, a cluttered TV cache can cause sluggish performance, app crashes, and loading issues. Clearing it out can make your TV run like new again. www.zdnet.com/home-and-off...","2025-12-31T13:36:21.428Z","2025-12-31 13:36:21.428000+00:00","jbhall56.bsky.social","2","1","at://did:plc:wd23ycs3nif2oshhl3i6vwkd/app.bsky.feed.post/3mbbybwwdt22o"
"Bluesky","samsung","samsung","Samsung stellt seine Audio-Innovationen für 2026 vor und öffnet damit sein nächstes Kapitel für heimische vernetzte Klangerlebnisse. Die erweiterte","2025-12-31T13:37:08.598118+00:00","2025-12-31 13:37:08.598118+00:00","de-nachrichten.bsky.social","1","0","at://did:plc:ryrqylbqv7izbppbd3g5pxf4/app.bsky.feed.post/3mbbyddz3522a"
"Bluesky","samsung","samsung","The Samsung Galaxy S26 design may have leaked in a new hands-on video. gogadget.news/S02319","2025-12-31T13:38:01.679Z","2025-12-31 13:38:01.679000+00:00","gogadgetnews.bsky.social","0","0","at://did:plc:2v2swjh2eueeccvl4kkbyxmq/app.bsky.feed.post/3mbbyewjs6225"
"Bluesky","samsung","samsung","Vermeende dummyversies van de Samsung Galaxy S26-serie suggereren dat de toestellen vrijwel hetzelfde ontwerp krijgen als de S25. Alleen het camera-eiland lijkt een ovale behuizing te krijgen, een ontwerp dat eerder al voor de Galaxy Z Fold-smartphones gebruikt werd. #Tweakers","2025-12-31T13:38:35Z","2025-12-31 13:38:35+00:00","tweakers.net","0","0","at://did:plc:r74rn6trtpqwfn62qid7e7nl/app.bsky.feed.post/3mbbyfx6h5m2k"
"Bluesky","samsung","samsung","iphone 15! i will probably upgrade to 17 or 18 pro for the camera but i am also so jealous of how much better my brother’s samsung camera is so i am considering getting an android based phone like redmagic or samsung","2025-12-31T13:40:53.267Z","2025-12-31 13:40:53.267000+00:00","shadowheartly.bsky.social","1","0","at://did:plc:hwz2xrizkdxrqfsquaw7bcsd/app.bsky.feed.post/3mbbyk267ls2k"
"Bluesky","samsung","samsung","WhatsApp para de funcionar em celulares antigos em janeiro de 2026 | Meta encerra suporte a aparelhos antigos de Apple, Samsung, LG, Motorola e outras marcas. Veja lista 📲  www.nenoticias.com.br/veja-whatsap...","2025-12-31T13:45:07.641Z","2025-12-31 13:45:07.641000+00:00","nenoticias.bsky.social","0","0","at://did:plc:w753kbo775g3kbyeekn5am4x/app.bsky.feed.post/3mbbyrntdxw2e"
"Bluesky","samsung","samsung","Feed: ""Droid Life | Opinionated Android news."" By: Kellen on Tuesday, December 30, 2025","2025-12-31T13:47:08.486506+00:00","2025-12-31 13:47:08.486506+00:00","longtail-news.bsky.social","0","0","at://did:plc:o6ggjvnj4ze3mnrpnv5oravg/app.bsky.feed.post/3mbbyvc3ghu24"
"Bluesky","samsung","samsung","Feed: ""Droid Life | Opinionated Android news."" By: Kellen on Tuesday, December 30, 2025","2025-12-31T13:47:10.941609+00:00","2025-12-31 13:47:10.941609+00:00","longtail-news.bsky.social","0","0","at://did:plc:o6ggjvnj4ze3mnrpnv5oravg/app.bsky.feed.post/3mbbyvegbuk2b"
"Bluesky","samsung","samsung","I worked on the Samsung Girl that went viral some time ago.","2025-12-31T13:47:53.456Z","2025-12-31 13:47:53.456000+00:00","jhonatanlechar.bsky.social","77","4","at://did:plc:gqzylu4jzd6pmjmmwktn2mno/app.bsky.feed.post/3mbbywkvlas2x"
"Bluesky","galaxy fold","galaxy fold","9to5Google より iPhone Fold and future Galaxy foldable may end up copying the original Pixel Fold iPhone Foldと将来のギャラクシー折り畳み可能は、元のピクセル折り畳みをコピーする可能性があります","2025-12-31T13:48:19.314684+00:00","2025-12-31 13:48:19.314684+00:00","gigowat.bsky.social","0","0","at://did:plc:dwecjm5n7fyljcjk3vi7x5oa/app.bsky.feed.post/3mbbyxdyb7q2p"
"Bluesky","samsung","samsung","New Samsung Internet update for Windows brings two improvements Samsung has released an update to the Samsung Internet app for Windows. Carrying version 29.0.0.146, it brings two improvements for t... #Laptop #Microsoft #Microsoft #Windows #Samsung #Internet […]  [Original post on sammobile.com]","2025-12-31T13:50:41.000Z","2025-12-31 13:50:41+00:00","android.activitypub.awakari.com.ap.brid.gy","0","0","at://did:plc:etkadjdby46s2skc4shoxp6q/app.bsky.feed.post/3mbc44c37gem2"
"Bluesky","galaxy s","galaxy s","هاتف سامسونج Galaxy S26 Ultra القادم.. أبرز الترقيات المُتوقعة ووقت الإطلاق مع اقتراب نهاية العام، بدأت التسريبات والشائعات المتعلقة بالأجيال الجديدة من الهواتف الرائدة بالانتشار، وفي مقدمتها سلسلة Galaxy S من سامسونج، التي اعتادت الكشف عن أجهزتها الجديدة في مطلع كل عام. ووفقًا لأحدث الشائعات، قد…","2025-12-31T13:59:52Z","2025-12-31 13:59:52+00:00","atheranewsarabic.bsky.social","0","0","at://did:plc:fp6y3bixmmyp6f5brn5eimha/app.bsky.feed.post/3mbbzlzdbo62d"
"Bluesky","samsung","samsung","SAMSUNG 65-Inch Class OLED S90F 4K Smart TV (2025 Model) NQ4 AI Gen3 Processor, 4K AI Upscaling https://amzn.to/480lUMW","2025-12-31T14:00:28.545754884Z","2025-12-31 14:00:28.545754884+00:00","throughourlives.bsky.social","0","0","at://did:plc:3dz7pgavj5tamw3c4xcmjlrs/app.bsky.feed.post/3mbbzn3dvbs22"
"Bluesky","samsung","samsung","« La première fois en 14 ans » : Apple dépasse Samsung dans les ventes des smartphones ➡️ www.presse-citron.net/la-premiere-...","2025-12-31T14:01:25.610Z","2025-12-31 14:01:25.610000+00:00","presse-citron.net","0","0","at://did:plc:qcmbjm7xw2pc5jhrdgzvge2q/app.bsky.feed.post/3mbbzorhe3x2q"
"Bluesky","galaxy z","galaxy z","Samsung’s first Galaxy Z TriFold launched in Korea, the US, China, Singapore, the UAE, and Taiwan, but not a single European country is on the list.  With only a few thousand units selling out in minutes each drop, the TriFold feels more like a hype machine than a true mass‑market device for now.","2025-12-31T14:01:33.652Z","2025-12-31 14:01:33.652000+00:00","mdgtech.substack.com","1","0","at://did:plc:43rq4wrwupoaqux44gks7z2k/app.bsky.feed.post/3mbbzozbllf2n"
"Bluesky","samsung","samsung","LG anunta seria Gallery TV, in raspuns la Samsung The Frame www.mobzine.ro/2025/12/lg-a...","2025-12-31T14:11:44.538Z","2025-12-31 14:11:44.538000+00:00","balanionut.bsky.social","0","0","at://did:plc:hksxtghvc6xobyz5rfbaahv6/app.bsky.feed.post/3mbc2b7ojgk2n"
"Bluesky","samsung","samsung","Of course it is. It’s the only way it will make money. Might help teachers with the plagiarism “The pilgrims arrived on the Mayflower powered by Samsung…”","2025-12-31T14:14:17.048Z","2025-12-31 14:14:17.048000+00:00","joyfulnesstoo.bsky.social","3","0","at://did:plc:nck35qfb7zw3cuhm7zee4xcr/app.bsky.feed.post/3mbc2fr4qy22i"
"Bluesky","samsung","samsung","Apple pode reduzir preço do iPhone Fold para competir com a Samsung tecnoblog.net/noticias/app...","2025-12-31T14:22:15.203Z","2025-12-31 14:22:15.203000+00:00","tecnoblog.net","0","0","at://did:plc:4x3c3kkh2mah3rfjgfnktsgo/app.bsky.feed.post/3mbc2tz5xnf2s"
"Bluesky","galaxy note","galaxy note","I keep forgetting that the voice of the computer in Galaxy Quest is Joe Frank. Such a grace note.","2025-12-31T14:34:35.208Z","2025-12-31 14:34:35.208000+00:00","cyranokale.bsky.social","0","0","at://did:plc:6pq4sleigrmvi32wegi6i4e3/app.bsky.feed.post/3mbc3k2tzes2k"
"Bluesky","samsung","samsung","Ohh I forgot to mention that  @gbnewsonline.bsky.social can FK themselves bigly & beautifully.  English people hating the UK has no say whatsoever when it comes to decency pride honesty & truth. Hating the UK for ratings & clicks makes these tiny wee IM ON TELLY MUM egos sad people.","2025-12-31T14:38:33.197Z","2025-12-31 14:38:33.197000+00:00","bajonett.bsky.social","0","0","at://did:plc:weblb7rms4dfhdjqmtqlmjlh/app.bsky.feed.post/3mbc3r5swhk2b"
"Bluesky","samsung","samsung","Galaxy A57 ve S26 FE’nin Tasarımı Eski Telefonlara Benzeyebilir Samsung, Galaxy A57 ile bir ilke imza atmaya hazırlanıyor. Normalde telefonlarında kendi ürettiği Super AMOLED ekran panellerini kullanan şirket, bu geleneği bozarak söz konusu model için TCL'den OLED panel tedarik etmeyi planlıyor.…","2025-12-31T14:40:46Z","2025-12-31 14:40:46+00:00","ercanceviz.bsky.social","0","0","at://did:plc:v7nvkhezqq33xrcgasafhbw4/app.bsky.feed.post/3mbc3v6a34u2x"
"Bluesky","samsung","samsung","muchas felicidades a todos los trabajadores de Etecsa que se ganaron el Samsung XD","2025-12-31T14:46:12.997Z","2025-12-31 14:46:12.997000+00:00","roclahy.me","1","0","at://did:plc:mswozl4ismlz22tsfk3hy4ng/app.bsky.feed.post/3mbc46ufsfw2y"
"Bluesky","samsung","samsung","Want the Samsung Frame TV? A major competitor just announced its own version It has magnetic frames and a special 'Gallery Mode' that was developed with museum curators. #hackernews #news #samsung","2025-12-31T14:51:13.779Z","2025-12-31 14:51:13.779000+00:00","hacker.at.thenote.app","0","0","at://did:plc:pcievrygrnjjg5ni7mjfgctb/app.bsky.feed.post/3mbc4htibhs2o"
"Bluesky","samsung","samsung","What an asshole.... Condolences to the Kennedys...expect Bobby and his whore wife..🦋✌️💙","2025-12-31T14:51:42.405Z","2025-12-31 14:51:42.405000+00:00","imnotapu2.bsky.social","1","1","at://did:plc:l2lneswhckdnoildt5con3yy/app.bsky.feed.post/3mbc4iohmgc2x"
"Bluesky","samsung","samsung","Ar-condicionado Inverter Samsung 12.000 BTUs com Wi-Fi tem 22% OFF em oferta tecnoblog.net/achados/ar-c... #achadosdoTB","2025-12-31T14:56:44.343Z","2025-12-31 14:56:44.343000+00:00","tecnoblog.net","0","0","at://did:plc:4x3c3kkh2mah3rfjgfnktsgo/app.bsky.feed.post/3mbc4roh6yh2o"
"Bluesky","samsung","samsung","www.techradar.com/phones/samsu...","2025-12-31T14:57:38.632Z","2025-12-31 14:57:38.632000+00:00","davidmogeladze.bsky.social","0","0","at://did:plc:yvy5vzclh7fyf6saluxdxxno/app.bsky.feed.post/3mbc4tc6se22a"
"Bluesky","samsung","samsung","🤣🤣🤣 Not only are Trump's gold phones not being sold yet,  Trump phone company is selling used iPhones and Samsung phones. It's hilarious.   Trump Mobile delays plan to launch gold-coloured smartphone this year - giftarticle.ft.com/giftarticle/... via @FT","2025-12-31T14:58:19.329Z","2025-12-31 14:58:19.329000+00:00","rastanley.bsky.social","3","1","at://did:plc:fk3tpvi6dlk4tbxh5pjxz5pf/app.bsky.feed.post/3mbc4uiywfk2x"
"Bluesky","samsung","samsung","Leaked video shows the Galaxy S26 Ultra’s new camera island https://thever.ge/AeJW #Gadgets #Samsung #Mobile #News #Tech","2025-12-31T15:02:33Z","2025-12-31 15:02:33+00:00","thever.ge","0","0","at://did:plc:iycexddu46ci42fbbm4wipci/app.bsky.feed.post/3mbc543h67p2o"
"Bluesky","samsung","samsung","Auf Druck der Trump-Administration holt Apple mehr Produktion nach Hause. Dieses Mal geht es südkoreanischen Medien zufolge um Foto-Hardware. #iPhone","2025-12-31T15:03:02.002Z","2025-12-31 15:03:02.002000+00:00","macandi.bsky.social","0","0","at://did:plc:cdo3gdznzmhg4irgaecxqdha/app.bsky.feed.post/3mbc54wsbj72t"
"Bluesky","samsung","samsung","Los sensores de 200 MP de Samsung llegarán a más móviles chinos de gama alta https://www.htcmania.com/showthread.php?t=1743206","2025-12-31T15:05:09.609950Z","2025-12-31 15:05:09.609950+00:00","htcmania.bsky.social","1","0","at://did:plc:zk3tve4twazyzrjqv6ubyp45/app.bsky.feed.post/3mbc5aqj2zt2m"
"Bluesky","galaxy z","galaxy z","Impact of Galaxy Cluster Environment on the Stellar Mass Function of Galaxies. Sana Begum Murtuja Shaikh et. al. https://arxiv.org/abs/2512.19591","2025-12-31T15:08:11.745Z","2025-12-31 15:08:11.745000+00:00","astroarxiv.bsky.social","0","0","at://did:plc:32r7scd5hucgv552zjfuaigc/app.bsky.feed.post/3mbc5g63ala26"
"Bluesky","samsung","samsung","#Apple   #Samsung   #Texas   #Trump   #COVFEVE 🤡⛬","2025-12-31T15:21:58.134209+00:00","2025-12-31 15:21:58.134209+00:00","topnewsde.bsky.social","0","0","at://did:plc:pavt775rsubl35v2xvktuzks/app.bsky.feed.post/3mbc66s7c772o"
"Bluesky","samsung","samsung","From excessive adhesive to destructive screen repairs, these phones have proven why they are ranked the lowest on the repairability scale for this year.  www.ifixit.com/repairabilit... — #iFixit #RightoRepair #FixTheWorld","2025-12-31T15:23:00.986Z","2025-12-31 15:23:00.986000+00:00","ifixit.com","4","0","at://did:plc:ixibxsg4gtfhf6g4rkbprqfk/app.bsky.feed.post/3mbc6anzf5s2p"
"Bluesky","samsung","samsung","Desde que comecei a trabalhar como frontend eu fiquei incomodado com alguns textos desalinhados da UI da Samsung xwx","2025-12-31T15:23:53.575Z","2025-12-31 15:23:53.575000+00:00","ashewolfy.bsky.social","0","0","at://did:plc:dd64gq2u2aoz3qzm3cx3xjfb/app.bsky.feed.post/3mbc6ca67nk2g"
"Bluesky","samsung","samsung","www.ebookrumors.com?p=25222","2025-12-31T15:24:04.343Z","2025-12-31 15:24:04.343000+00:00","ebookrumors.bsky.social","2","2","at://did:plc:dsshnkxsdbnvjxo5yp6uiihd/app.bsky.feed.post/3mbc6ckguas2m"
"Bluesky","samsung","samsung","Decided to just turn off my smart watch.  Been pissing me off a fair amount these days, too much pressing to use AI and it's AI assistant that Samsung put out and had enough.  Gonna work on how to wipe that thing and leave it off.","2025-12-31T15:24:26.647Z","2025-12-31 15:24:26.647000+00:00","skipai.bsky.social","2","0","at://did:plc:jgjjstp3kp6vchoyxqydkhp3/app.bsky.feed.post/3mbc6d7pijk2o"
"Bluesky","samsung","samsung","Samsung's chips will fuel BMW's new iX3 EV. This isn't just tech; it's a race for dominance in the electric future. Who will lead the charge? #mikronews https://tinyurl.com/29p4jwy9 #ElectricVehicles #Samsung #BMW","2025-12-31T15:35:56.657622Z","2025-12-31 15:35:56.657622+00:00","calculito.bsky.social","0","0","at://did:plc:76vlll762w63x2bsaj5sq5hm/app.bsky.feed.post/3mbc6xs4mgj2d"
"Bluesky","samsung","samsung","Samsung is now in bed with BMW, cranking out chips for the iX3 electric SUV. Power plays in tech and auto are reshaping everything. Get ready for the future that’s coming fast. #mikronews https://tinyurl.com/29p4jwy9 #Samsung #BMW #EV","2025-12-31T15:36:49.929337Z","2025-12-31 15:36:49.929337+00:00","calculito.bsky.social","0","0","at://did:plc:76vlll762w63x2bsaj5sq5hm/app.bsky.feed.post/3mbc6zewa5s2p"
"Bluesky","samsung","samsung","Is your TV stuttering? Try clearing its cache. It can really boost performance on Samsung, LG, and other brands. Here's a quick guide.","2025-12-31T15:38:27.971Z","2025-12-31 15:38:27.971000+00:00","mustooguy.bsky.social","0","0","at://did:plc:h5qcaj2foepvyfbxh3k6l55l/app.bsky.feed.post/3mbc74cdh462i"
"Bluesky","samsung","samsung","سامسونج تعزّز تطبيق الصحة في هواتف جلاكسي لرصد ظاهرة الشخير #سامسونج #تطبيق_الصحة #جلاكسي #رصد_الشخير #تكنولوجيا","2025-12-31T15:40:13Z","2025-12-31 15:40:13+00:00","midadnews.bsky.social","0","0","at://did:plc:s2zuqccvkakkfk4qyni3w7nj/app.bsky.feed.post/3mbc77h6rrh2k"
"Bluesky","samsung","samsung","Samsung 9100 PRO 1TB SSD Review - Lab Champion at 1TB","2025-12-31T15:41:17Z","2025-12-31 15:41:17+00:00","tweaktown.com","0","0","at://did:plc:v2kpdz3mn4aohthc7cwiswfp/app.bsky.feed.post/3mbc7bdp42w2n"
"Bluesky","galaxy s","galaxy s","🌌 Astronomers peered into NGC 1266's galactic outflow with ALMA! New data unlocks secrets of this nearby galaxy. What wonders lie within? ✨ #astronomy Source: https://phys.org/news/2025-12-alma-datasets-elucidate-nearby-galaxy.html","2025-12-31T15:41:40.532782+00:00","2025-12-31 15:41:40.532782+00:00","gltch.io","0","0","at://did:plc:rh7gfeyis6fhixmqagrzpkaa/app.bsky.feed.post/3mbc7bzq6dd2d"
"Bluesky","samsung","samsung","Review roundup: Samsung Galaxy Z TriFold https://knowtechie.com/samsung-galaxy-z-trifold-review/","2025-12-31T15:44:46.996Z","2025-12-31 15:44:46.996000+00:00","knowtechie.com","0","0","at://did:plc:s3qcribasxpvc6v4mrddyoap/app.bsky.feed.post/3mbc7hmfxz224"
"Bluesky","samsung","samsung","www.samsung-news.com/articles/7Sn...","2025-12-31T15:46:25.353Z","2025-12-31 15:46:25.353000+00:00","democracydmv.bsky.social","2","0","at://did:plc:pvpzvdg3mwhn5xwt4c3piqmy/app.bsky.feed.post/3mbc7kjdadc27"
"Bluesky","samsung","samsung","I still have my Samsung tablet, but it isn't as powerful as using my XP pen","2025-12-31T15:46:31.167Z","2025-12-31 15:46:31.167000+00:00","shinyeevee.bsky.social","0","0","at://did:plc:ojzyxxscwiwzzdcczfqxu7xu/app.bsky.feed.post/3mbc7kouo2s27"
"Bluesky","samsung","samsung","Samsung buys 6 month supply","2025-12-31T15:49:50.251Z","2025-12-31 15:49:50.251000+00:00","pitbullmtkerr.bsky.social","0","0","at://did:plc:k4klstjkmg562edijt6bravp/app.bsky.feed.post/3mbc7qmqaz22a"
"Bluesky","samsung","samsung","Samsung is reportedly taking a loss on every Galaxy Z TriFold sold. gadgetbond.com/samsung-gala...","2025-12-31T15:51:52.445Z","2025-12-31 15:51:52.445000+00:00","gadgetbond.com","0","0","at://did:plc:hksj5icmr26mzagrebie7aa4/app.bsky.feed.post/3mbc7ubbb522w"
"Bluesky","samsung","samsung","Upcoming Smartphone Releases in Early 2026 Signal a New Power, Battery, and Imaging + Video A New Smartphone Cycle Begins with Ambition and Competition The opening months of 2026 are shaping up to be one of the most aggressive periods the smartphone industry has seen in years. Major manufacturers…","2025-12-31T15:52:37Z","2025-12-31 15:52:37+00:00","undercodenews.bsky.social","0","0","at://did:plc:p464uedvuxtzckhrm4pfwxa5/app.bsky.feed.post/3mbc7vnuzyq2z"
"Bluesky","samsung","samsung","You mean someone didn't cave to Trumpet for once?! Give them a hand! 👏🏼 👏🏼 👏🏼  *(Rising prices - Bad Standing up to Dictator Wannabes - Good) www.samsung-news.com/articles/7Sn...","2025-12-31T15:57:17.431Z","2025-12-31 15:57:17.431000+00:00","dummieyblondiey.bsky.social","0","0","at://did:plc:x4i72wwlrzdm2jmbiyet2bmt/app.bsky.feed.post/3mbca5x72bk2m"
"Bluesky","samsung","samsung","That's actually why I haven't upgraded from my old Samsung Smart watch. It's outdated with no support anymore, but it still tracks everything. I'll give it up when it plain craps out. Until then I won't budge.","2025-12-31T15:59:26.680Z","2025-12-31 15:59:26.680000+00:00","aquatixwitch.bsky.social","2","0","at://did:plc:xop6fazl36wpm3xc56btzmcq/app.bsky.feed.post/3mbcabshfys2p"
"Bluesky","samsung","samsung","More cooling innovation for Exynos  Samsung is developing a new packaging structure called SbS (Side-by-Side) that horizontally arranges the AP & DRAM and places a thin Heat Pass Block on top of them This allows for a thicker chip which brings better heat control & optimization","2025-12-31T15:59:30.536Z","2025-12-31 15:59:30.536000+00:00","thegalox.bsky.social","1","0","at://did:plc:hy4qwcimtts4ipdgn2rwqezs/app.bsky.feed.post/3mbcabw5aj22q"
"Bluesky","galaxy z","galaxy z","forgot to post this ; but here's my ranking for every game i played this year","2025-12-31T16:00:40.923Z","2025-12-31 16:00:40.923000+00:00","shigufever.bsky.social","6","1","at://did:plc:322ygozeeawpeqyeimz32zxd/app.bsky.feed.post/3mbcadzb5vs2j"
"Bluesky","samsung","samsung","Feed: ""Techzine Global"" By: Mels Dees on Wednesday, December 31, 2025","2025-12-31T16:01:30.863706+00:00","2025-12-31 16:01:30.863706+00:00","longtail-news.bsky.social","0","0","at://did:plc:o6ggjvnj4ze3mnrpnv5oravg/app.bsky.feed.post/3mbcafkbllr2w"
"Bluesky","samsung","samsung","www.youtube.com/shorts/6mmp7...","2025-12-31T16:01:36.263Z","2025-12-31 16:01:36.263000+00:00","reiht-aug.bsky.social","0","0","at://did:plc:43fq4byfrx4ywgtzid3rjr5e/app.bsky.feed.post/3mbcafnzxvk2q"
"Bluesky","samsung","samsung","Hoo boy. Chomp chomp. Now Boe-Boe is really mad at him. So are the 50k voters this could have helped. I wonder if he even knows there are pockets in America that don't have good, reliable access to municipal water.","2025-12-31T16:02:03.990Z","2025-12-31 16:02:03.990000+00:00","currychicken71.bsky.social","0","0","at://did:plc:yuqinszhq2c7c44gm6dcygnx/app.bsky.feed.post/3mbcagii5zk2q"
"Bluesky","samsung","samsung","Fix Samsung Washer Not Draining: 6 DIY Steps","2025-12-31T16:03:15Z","2025-12-31 16:03:15+00:00","homewiseservices.bsky.social","0","0","at://did:plc:s5yhjxlqykjqog46buodzzsb/app.bsky.feed.post/3mbcaio26os2k"
"Bluesky","samsung","samsung","Funcionários da Samsung têm um bom motivo para comemorar tecnoblog.net/noticias/fun...","2025-12-31T16:13:27.500Z","2025-12-31 16:13:27.500000+00:00","tecnoblog.net","1","0","at://did:plc:4x3c3kkh2mah3rfjgfnktsgo/app.bsky.feed.post/3mbcb2uei2q2t"
"Bluesky","samsung","samsung","Realme Neo8 Infinity Edition: New Battery King to Bring 165Hz Display","2025-12-31T16:15:14Z","2025-12-31 16:15:14+00:00","gizchinacom.bsky.social","0","0","at://did:plc:s3ejxmymusvlp4ugsyo6mvnx/app.bsky.feed.post/3mbcb62kdhy2s"
"Bluesky","samsung","samsung","#Samsung Gaming Hub is becoming progressively worse as time goes on. The starting page no longer displays all of your games. Instead, you have to painstakingly tap on the top right or scroll down through numerous ads until you've found games that aren't listed at the top, alongside advertisements.","2025-12-31T16:18:25.263Z","2025-12-31 16:18:25.263000+00:00","moddedinkling.bsky.social","1","0","at://did:plc:xf3hcm7vkirzgbln5u26ibus/app.bsky.feed.post/3mbcbdqcl6k2o"
"Bluesky","samsung","samsung","✨💳 Este 2026, súmate a nuestro convenio de pago automático de cuotas sociales (PAC o PAT) y disfruta de beneficios pensados para ti. Al inscribirte, recibe gratis un Cooler Wave y además participa en el sorteo de un Smart TV Samsung 55” 4K Crystal UHD. #EstadioEspañol.","2025-12-31T16:20:32.626440Z","2025-12-31 16:20:32.626440+00:00","estadioespanol.bsky.social","0","0","at://did:plc:ntqvlpt5k7hxc7dxnhgeu4ux/app.bsky.feed.post/3mbcbhjz7z52o"
"Bluesky","samsung","samsung","Aumento de preços dos Galaxy em 2026: o que esperar? O que chegou de novo? A Samsung está a preparar-se para aumentar os preços de diversos modelos da sua linha de smartphones, tablets e laptops. Este ajuste ocorre em resposta ao aumento dos custos dos componentes, especialmente na memória,…","2025-12-31T16:21:04Z","2025-12-31 16:21:04+00:00","hotnewspt.bsky.social","0","0","at://did:plc:hqb2daec6iyjtir72zebth5e/app.bsky.feed.post/3mbcbij5vn42l"
"Bluesky","samsung","samsung","www.engadget.com/mobile/smart...","2025-12-31T16:21:56.056Z","2025-12-31 16:21:56.056000+00:00","bob-the-gadgeteer.bsky.social","0","0","at://did:plc:25cdc4q23w4sf5rzi2yxz4vw/app.bsky.feed.post/3mbcbjzd4y22s"
"Bluesky","samsung","samsung","Samsung cihazları için yeni soğutma sistemini test ediyor","2025-12-31T16:32:42Z","2025-12-31 16:32:42+00:00","ercanceviz.bsky.social","0","0","at://did:plc:v7nvkhezqq33xrcgasafhbw4/app.bsky.feed.post/3mbcc5cuxvx22"
"Bluesky","samsung","samsung","Samsung uygun fiyatlı yeni tablet ve telefonunu tanıttı! İşte tüm detayları","2025-12-31T16:32:44Z","2025-12-31 16:32:44+00:00","ercanceviz.bsky.social","0","0","at://did:plc:v7nvkhezqq33xrcgasafhbw4/app.bsky.feed.post/3mbcc5ewuwz22"
"Bluesky","samsung","samsung","Samsung aposta na AI - e detecção de demência","2025-12-31T16:37:17.889Z","2025-12-31 16:37:17.889000+00:00","ptnik.bsky.social","0","0","at://did:plc:ovod3t46yjzmpejxjoutlgop/app.bsky.feed.post/3mbccfjdwp22u"
"Bluesky","samsung","samsung","#Android   #Samsung","2025-12-31T16:37:23.623647+00:00","2025-12-31 16:37:23.623647+00:00","toppnews.bsky.social","0","0","at://did:plc:mhqnbglrgmwiuz3kgexbi7uf/app.bsky.feed.post/3mbccfo2qip2e"
"Bluesky","samsung","samsung","2026 will be the year I become the best version of myself.  #LastDayOf2025 #Diary #Samsung","2025-12-31T16:43:56.640Z","2025-12-31 16:43:56.640000+00:00","nepunilokho.bsky.social","0","0","at://did:plc:jk65w3kiqss3ftvvo75hwhww/app.bsky.feed.post/3mbccreqhkk2h"
"Bluesky","samsung","samsung","I ordered it in Dec 2023. It's been a perfect dishwasher for us.   Samsung 24-in 42 dBA Built-In Dishwasher (Fingerprint Resistant Stainless Steel)","2025-12-31T16:46:35.556Z","2025-12-31 16:46:35.556000+00:00","nmfa17.bsky.social","0","0","at://did:plc:4em6fwsghmiri7ank4nbalwp/app.bsky.feed.post/3mbccw4bv722x"
"Bluesky","samsung","samsung","#Apple   #Samsung   #Trump   #COVFEVE 🤡⛬   #USA","2025-12-31T16:46:48.719242+00:00","2025-12-31 16:46:48.719242+00:00","topnewsde.bsky.social","0","0","at://did:plc:pavt775rsubl35v2xvktuzks/app.bsky.feed.post/3mbccwixolg2o"
"Bluesky","samsung","samsung","Galaxy S26 Ultra、カメラは「革命」より「制御」へ。One UI 8.5コードから発覚した「ビデオソフトニング」やAF速度調整など、プロ志向の新機能でクリエイターの不満を解消か。詳細はコメント欄のリンクから。 https://biggo.jp/news/202512311622_Galaxy-S26-Ultra-Camera-Leaks-Software-Features #GalaxyS26Ultra #Samsung","2025-12-31T16:49:42+00:00","2025-12-31 16:49:42+00:00","techtrendsjp.bsky.social","0","0","at://did:plc:65rfrzfssqwps6p5pl74vggw/app.bsky.feed.post/3mbcd3po4yx2l"
"Bluesky","samsung","samsung","Galaxy S26 Ultraのリーク情報！カメラデザインが大幅刷新され、Snapdragon 8 Gen 5搭載で最上位性能に。価格は10,000人民元（約14万円）からと高騰予想。詳細は記事でチェック！ https://biggo.jp/news/202512311621_Galaxy-S26-Ultra-Leak-Camera-Design-Specs-Price #GalaxyS26Ultra #Samsung","2025-12-31T16:49:46+00:00","2025-12-31 16:49:46+00:00","techtrendsjp.bsky.social","0","0","at://did:plc:65rfrzfssqwps6p5pl74vggw/app.bsky.feed.post/3mbcd3tcc332t"
"Bluesky","samsung","samsung","DRAM不足でサムスン・SKハイニックスがLenovo・Dell・Apple・ASUSを優先供給。小規模PCメーカーは苦戦、不足は2026年以降も続く見込み。詳細はコメント欄のリンクから。 https://biggo.jp/news/202512311620_DRAM_Shortage_Top_PC_Makers_Priority #DRAM不足 #PC業界","2025-12-31T16:49:50+00:00","2025-12-31 16:49:50+00:00","techtrendsjp.bsky.social","0","0","at://did:plc:65rfrzfssqwps6p5pl74vggw/app.bsky.feed.post/3mbcd3xby6g2w"
"Bluesky","samsung","samsung","三星S26 Ultra洩密：相機鍍膜升級抗耀光，軟體新增專業級「影片柔化」與可調自動對焦！ https://biggo.com.tw/news/202512311622_Galaxy-S26-Ultra-Camera-Leaks-Software-Features #GalaxyS26Ultra #三星S26","2025-12-31T16:49:54+00:00","2025-12-31 16:49:54+00:00","biggo-news.bsky.social","0","0","at://did:plc:36mz5lutk7mmac4vdnijpd3x/app.bsky.feed.post/3mbcd42znkd2z"
"Bluesky","samsung","samsung","Samsung S26 Ultra 相機大改橢圓模組，傳搭載驍龍8 Gen 5，售價恐破萬人民幣！ https://biggo.com.tw/news/202512311621_Galaxy-S26-Ultra-Leak-Camera-Design-Specs-Price #SamsungS26Ultra #GalaxyS26Ultra","2025-12-31T16:49:58+00:00","2025-12-31 16:49:58+00:00","biggo-news.bsky.social","0","0","at://did:plc:36mz5lutk7mmac4vdnijpd3x/app.bsky.feed.post/3mbcd46mogl2o"
"Bluesky","samsung","samsung","Yo acabo de comprar e hice investigación profunda. Si uno quiere calidad de imagen por precio razonable, TCL C6K. Esa compré y recomiendo. Sony si precio no importa. Si a uno le interesa buen precio y buen tamaño, más que calidad de imagen... cualquiera.  Leí por todo lado de evitar Samsung.","2025-12-31T16:52:11.078Z","2025-12-31 16:52:11.078000+00:00","josedanielclarke.com","1","0","at://did:plc:nxpidaxe2bqdibetwidcikll/app.bsky.feed.post/3mbcda4b6gc2i"
"Bluesky","samsung","samsung","O Samsung Galaxy Z Trifold podería estar a venderse a perdas","2025-12-31T16:52:39.846Z","2025-12-31 16:52:39.846000+00:00","codigocero.com","0","0","at://did:plc:m42finu57aaiycmw66mt4xiy/app.bsky.feed.post/3mbcdaxzys32i"
"Bluesky","samsung","samsung","Ever wanted to do a science fair presentation from your phone? Now you can, thanks to the Samsung Galaxy Z TriFold! #Smartphones #Technology #Samsung","2025-12-31T17:01:10.000Z","2025-12-31 17:01:10+00:00","masto-bridge.samclemente.me","0","0","at://did:plc:cu7cmh46kxhpcdiyguuniusx/app.bsky.feed.post/3mbcdujrd5iw2"
"Bluesky","samsung","samsung","Samsung TV QLED 4K 98 pollici: dimensioni colossali per il cinema in casa - Digital Worlds, il blog di Microsmeta www.microsmeta.com/DBLOG/artico...","2025-12-31T17:13:40.514Z","2025-12-31 17:13:40.514000+00:00","microsmeta.bsky.social","0","0","at://did:plc:klcsggrimbw4qvwjvg74t6p3/app.bsky.feed.post/3mbcegk5dmr2t"
"Bluesky","samsung","samsung","Happy hump day and new years Eve you handsome beautiful men on my Samsung. 🥰 thank you all for a year of fresh faces and new connections and all that handsomeness you all share. ❤","2025-12-31T17:14:15.934Z","2025-12-31 17:14:15.934000+00:00","cycub.bsky.social","19","1","at://did:plc:ot6zd5rplbww7hwvhs2r3436/app.bsky.feed.post/3mbcehlr3pk27"
"Bluesky","galaxy s","galaxy s","2025 is almost over, and while it wasn't an easy year, it was a good year for art, I think! Here's an overview of what I did this past year! Be warned, there's a lot of Connie and Mario. Check out the DA link below for more, including insights on the art and additional pics!","2025-12-31T17:23:18.167Z","2025-12-31 17:23:18.167000+00:00","podfrog.bsky.social","25","8","at://did:plc:ylu4y5rblmwq346bfqbuvubi/app.bsky.feed.post/3mbcexqvsck24"
"Bluesky","galaxy s","galaxy s","Huh.   No, it was... its own thing.","2025-12-31T17:23:44.406Z","2025-12-31 17:23:44.406000+00:00","spinny.bsky.social","1","0","at://did:plc:zbhggfk4zlwofwclezhbbe5r/app.bsky.feed.post/3mbceyjuxkc2g"
"Bluesky","samsung","samsung","That's so weird then. 🤔 I also see it. On both my Samsung (Android) phone and Windows laptop....","2025-12-31T17:26:16.617Z","2025-12-31 17:26:16.617000+00:00","martinmto.bsky.social","1","0","at://did:plc:oqlznpsgugr5cskzf5cnsjvw/app.bsky.feed.post/3mbcf5323422w"
"Bluesky","samsung","samsung","This is a question for the ages, no doubt, especially when Samsung, the great titan of South Korean ingenuity, presents us with the Galaxy A17 5G. Two hundred dollars. A paltry sum, really, for something that hums with the promise of tomorrow—5G connectivity, no less—and yet ... digitaltrends.com","2025-12-31T17:27:03.762Z","2025-12-31 17:27:03.762000+00:00","biz0ne.bsky.social","1","0","at://did:plc:k2jx555765fqwo6daoelrpqm/app.bsky.feed.post/3mbcf6iwagy2p"
"Bluesky","samsung","samsung","9to5Google より Samsung releases One UI 8.5 Beta 2, but it’s mostly bug fixes Samsung は One UI 8.5 Beta 2 をリリースしましたが、それはほとんどのバグ修正です","2025-12-31T17:27:25.785771+00:00","2025-12-31 17:27:25.785771+00:00","gigowat.bsky.social","0","0","at://did:plc:dwecjm5n7fyljcjk3vi7x5oa/app.bsky.feed.post/3mbcf75iat32t"
"Bluesky","samsung","samsung","BULL-HIT","2025-12-31T17:28:44.168Z","2025-12-31 17:28:44.168000+00:00","vicky8651.bsky.social","2","0","at://did:plc:diepzz2fsm5kps47jgxwuhis/app.bsky.feed.post/3mbcfbhqxus2c"
"Bluesky","samsung","samsung","Wait, you mean the ones on Pluto TV and Samsung TV?","2025-12-31T17:29:32.649Z","2025-12-31 17:29:32.649000+00:00","blueskiesatnight.bsky.social","2","0","at://did:plc:zqlgzf6tjixvouzi5nfi55tb/app.bsky.feed.post/3mbcfcvyjlc2a"
"Bluesky","galaxy s","galaxy s","I also finished an SLDF lance and Clan Wolf, Wolf Empire, and Jade Falcon Stars early on; it would take me some time to get to Clan Ghost Bear. I still haven't done ComStar, Word of Blake, Republic of the Sphere, or Clan Smoke Jaguar (cont.)","2025-12-31T17:29:38.693Z","2025-12-31 17:29:38.693000+00:00","colbosch.bsky.social","14","4","at://did:plc:x77b32wlghayeyuzkvt7qd4v/app.bsky.feed.post/3mbcfd3r7qc2z"
"Bluesky","samsung","samsung","Because SSDs prices are also being impacted by AI, this is the new solution to store data for computers. #AI #RAM #DDR4 #DDR5 #Nvidia #ChatGPT #OpenAI #Deepseek #Gemini #Google #Microsoft #Copilot #Software #Hardware #Altman #Computers #SSD #Samsung #Apple #macOS #Macbook #iOS #webpages #cassette","2025-12-31T17:31:44.360Z","2025-12-31 17:31:44.360000+00:00","scottkimmel53.bsky.social","0","0","at://did:plc:acben24rbdbsshz5u26bah62/app.bsky.feed.post/3mbcfgtlzm22q"
"Bluesky","samsung","samsung","3 in 1 Phone Holders for Your Car, Car Phone Holder Mount [Strongest Suction] 360° Adjustable Cell Phone Holders for Car Phone Stand Car Mount for iPhone, Samsung, Google, More Smartphones","2025-12-31T17:46:23.237Z","2025-12-31 17:46:23.237000+00:00","gizopedia.bsky.social","0","0","at://did:plc:fcx5ybmclfiv7ibrrulohbkg/app.bsky.feed.post/3mbcgazzvsy2b"
"Bluesky","samsung","samsung","Samsung lanza el Galaxy A17 5G y la Tab A11+ en enero","2025-12-31T17:47:19.335511+00:00","2025-12-31 17:47:19.335511+00:00","scanlineonline.bsky.social","0","0","at://did:plc:gnvkxg5c63er4q2dwbmk27yi/app.bsky.feed.post/3mbcgcpe4xs2y"
"Bluesky","samsung","samsung","I'm about to switch to your e/OS/ software for my phone and I heard that the default gallery does not have the function to add text to photos.  I use that all the time on my samsung phone - am I the only one? Or should you build it into your gallery app?","2025-12-31T17:49:39.560Z","2025-12-31 17:49:39.560000+00:00","paddy100w.bsky.social","0","0","at://did:plc:lmxw2a6utvls7woqsjflmuid/app.bsky.feed.post/3mbcgguyims2p"
"Bluesky","samsung","samsung","Thank you so much to all the Seeking Alpha contributors who wrote about the FRDM ETF in 2025. You captured the Strategy well and I loved reading each of your takes. Let Freedom Ring: The Freedom 100 Emerging Markets ETF Link: seekingalpha.com/article/4853... Joseph L Shaefer Dec 14th, 2025","2025-12-31T17:58:32.039Z","2025-12-31 17:58:32.039000+00:00","perthtolle.bsky.social","0","0","at://did:plc:ot6fr24hfjupjwyxdgcaiwtl/app.bsky.feed.post/3mbcgwqshnk2m"
"Bluesky","samsung","samsung","#Cellphone Stone Coaster  🛍️ www.zazzle.com/cellphone_st... . . . . . #cute #baddie #color #pretty #girly #aesthetic #cool #happy #case #iphone #laptop #pillows #mug #samsung #ipad #bag #home #decor #love #lovely #clothes #passion #design #macbook #apple","2025-12-31T17:59:47.038Z","2025-12-31 17:59:47.038000+00:00","loolashop.bsky.social","3","0","at://did:plc:6f62ahnf7rlp7vq4atarvery/app.bsky.feed.post/3mbcgyydhp22k"
"Bluesky","samsung","samsung","Samsung Galaxy S25 Ultra Gets Cheaper Again With Final Price Cut, Now the Cheapest Premium Android Smartphone — Don’t miss out on this incredible chance to save b… https://ranked.news/eng/samsung-galaxy-s25-ultra-gets-cheaper-again-with-final-price-cut-now-the-cheapest-premium-android-smartphone?u=b","2025-12-31T18:00:54.474Z","2025-12-31 18:00:54.474000+00:00","rankednews.bsky.social","0","0","at://did:plc:42han5exrxyrgdsbwosrp7sy/app.bsky.feed.post/3mbch2zls6n2z"
"Bluesky","samsung","samsung","Realme is cooking a serious Neo8 lineup 🔥 A leak of the Neo8 Infinite Edition box confirms a Samsung‑made 165Hz display using flagship‑grade luminous tech, plus rumors of an 8,000mAh battery and Snapdragon 8 Gen 5, with a China launch tipped for January 2026.","2025-12-31T18:01:38.288Z","2025-12-31 18:01:38.288000+00:00","mdgtech.substack.com","1","0","at://did:plc:43rq4wrwupoaqux44gks7z2k/app.bsky.feed.post/3mbch4co3jk2n"
"Bluesky","samsung","samsung","Samsung prepara Brain Health para detectar signos tempranos de demencia https://www.htcmania.com/showthread.php?t=1743214","2025-12-31T18:03:02.508728Z","2025-12-31 18:03:02.508728+00:00","htcmania.bsky.social","1","0","at://did:plc:zk3tve4twazyzrjqv6ubyp45/app.bsky.feed.post/3mbch6sxxgb24"
"Bluesky","samsung","samsung","Yo, listen up, fellow trench warriors—","2025-12-31T18:05:22Z","2025-12-31 18:05:22+00:00","homewiseservices.bsky.social","0","0","at://did:plc:s5yhjxlqykjqog46buodzzsb/app.bsky.feed.post/3mbchcz2vpv2q"
"Bluesky","samsung","samsung","How I use Samsung's secret Wi-Fi menu to seriously improve my connectivity zdnet.com/article/how-... via @zdnet.bsky.social & @sjvn.bsky.social    If you use a Samsung smartphone and want to make the most of its Wi-Fi, I've some really helpful suggestions for you.","2025-12-31T18:05:26.028Z","2025-12-31 18:05:26.028000+00:00","sjvn.bsky.social","5","2","at://did:plc:6omwpywertobiisnnwier7g6/app.bsky.feed.post/3mbchd3mhqc2d"
"Bluesky","galaxy note","galaxy note","It should be clear that my skills had greatly improved by this point. I also bought some basing goop (Pro Acryl Fine Gray Earth) and a proper light box. This miniature marks what I consider to be my graduation to a higher level of painting; more details in the alt text. (cont.)","2025-12-31T18:09:49.484Z","2025-12-31 18:09:49.484000+00:00","colbosch.bsky.social","20","4","at://did:plc:x77b32wlghayeyuzkvt7qd4v/app.bsky.feed.post/3mbchnt3hnk2z"
"Bluesky","galaxy s","galaxy s","Super Mario Galaxy 2 (100%) | STREAM 5 (FINALE)  www.youtube.com/watch?v=am-S...","2025-12-31T18:11:34.152Z","2025-12-31 18:11:34.152000+00:00","morganwillbrb.bsky.social","1","1","at://did:plc:l4shb6vvl46twxhhus6me3df/app.bsky.feed.post/3mbcho2ovos2v"
"Bluesky","samsung","samsung","www.youtube.com/watch?v=HZpn... i'm a 1+ fan critter. i have several of these; i'm on 11 right now. i've enjoyed the phones mainly because it's easy to change out the roms (IFF you know what you're doing.) samsung fones are difficult to hack, & aapl can brick yours for jailbreaking theirs.","2025-12-31T18:12:21.485Z","2025-12-31 18:12:21.485000+00:00","mangoboy66.bsky.social","1","0","at://did:plc:clkjdtdr5xiphq3chtl2nryv/app.bsky.feed.post/3mbchpht5j22x"
"Bluesky","samsung","samsung","#Cellphone Laptop Sleeve 🛍️ www.zazzle.com/cellphone_la... . . . . . #cute #baddie #color #pretty #girly #aesthetic #cool #happy #case #iphone #laptop #pillows #mug #samsung #ipad #bag #home #decor #love #lovely #clothes #passion #design #macbook #apple","2025-12-31T18:13:28.015Z","2025-12-31 18:13:28.015000+00:00","loolashop.bsky.social","1","0","at://did:plc:6f62ahnf7rlp7vq4atarvery/app.bsky.feed.post/3mbchrhbn3s2y"
"Bluesky","samsung","samsung","The people have spoken and what am I to do but answer.","2025-12-31T18:22:43.275Z","2025-12-31 18:22:43.275000+00:00","kat8cha.bsky.social","4","0","at://did:plc:pvtazz6t2y6rj4znbpzvwyrr/app.bsky.feed.post/3mbcibysqb32v"
"Bluesky","samsung","samsung","#Frisshírek #Hírek #Tech Lemondott a Samsung a 20000 mAh szilícium-karbon akkumulátorról?","2025-12-31T18:25:13Z","2025-12-31 18:25:13+00:00","badsector-thegeek.bsky.social","0","0","at://did:plc:i3mdi6qcroph6scrsy2bhvcc/app.bsky.feed.post/3mbcigihuj62z"
"Bluesky","samsung","samsung","Today's The Day!","2025-12-31T18:28:25.318Z","2025-12-31 18:28:25.318000+00:00","dallons.art","6","0","at://did:plc:kpekjjt4f6csadvaq42bghg7/app.bsky.feed.post/3mbcim6z2ms2d"
"Bluesky","samsung","samsung","I'm sorry but you have a Legacy Precondition Overflow Signal. Please call Samsung Electronics on 0873 520 1580","2025-12-31T18:30:01Z","2025-12-31 18:30:01+00:00","foboff.co.uk","1","0","at://did:plc:anmd2qqpmxwvvad5ir4a35jb/app.bsky.feed.post/3mbcip3dq372l"
"Bluesky","samsung","samsung","#Hotnews #News #Tech Has Samsung Given Up on the 20,000 mAh Silicon-Carbon Battery?: TECH NEWS – The South Korean tech giant encountered problems during testing and is preparing to use lower-capacity batteries in its future smartphones.   Since the 2016 Samsung Note 7 fiasco, the company has taken…","2025-12-31T18:31:14Z","2025-12-31 18:31:14+00:00","badsector-thegeek.bsky.social","1","0","at://did:plc:i3mdi6qcroph6scrsy2bhvcc/app.bsky.feed.post/3mbcirafk4p2o"
"Bluesky","samsung","samsung","I use Samsung's Wi-Fi menu to seriously improve my connectivity L: https://www.zdnet.com/article/how-to-use-samsung-connectivty-labs-secret-wifi-menu/ C: https://news.ycombinator.com/item?id=46446642 posted on 2025.12.31 at 13:08:41 (c=0, p=3)","2025-12-31T18:34:20.308687+00:00","2025-12-31 18:34:20.308687+00:00","hnws.bsky.social","0","0","at://did:plc:jmuhjrotgvcquoaqtpcuxjii/app.bsky.feed.post/3mbciwrvmsk2i"
"Bluesky","samsung","samsung","Quick clarification  Galaxy Tab A11+ is powered by the Dimensity 7300 Not sure why Samsung decided to use the model number of the chip instead of the name","2025-12-31T18:35:52.565Z","2025-12-31 18:35:52.565000+00:00","thegalox.bsky.social","2","0","at://did:plc:hy4qwcimtts4ipdgn2rwqezs/app.bsky.feed.post/3mbcizjk27c2p"
"Bluesky","samsung","samsung","Samsung to increase its HBM production capacity drastically amid rising AI demand Around 2022, GenAI chatbots, such as ChatGPT, started hitting the market, and since then, the demand for AI has bee... #Business #HBM #HBM3E #HBM4 Origin | Interest | Match","2025-12-31T18:37:27.000Z","2025-12-31 18:37:27+00:00","llms.activitypub.awakari.com.ap.brid.gy","0","0","at://did:plc:s33lmvk7rwmlypc2qm6wn2lr/app.bsky.feed.post/3mbcnmgkwxrc2"
"Bluesky","samsung","samsung","#Flashinfos #Infos #Tech Samsung a-t-il renoncé à la batterie silicium-carbone de 20 000 mAh ?","2025-12-31T18:40:35Z","2025-12-31 18:40:35+00:00","badsector-thegeek.bsky.social","0","0","at://did:plc:i3mdi6qcroph6scrsy2bhvcc/app.bsky.feed.post/3mbcjbxjnbs2w"
"Bluesky","galaxy s","galaxy s","Nice roundup, but it occurs to me that putting moon landings and galaxy surveys in the same ""space"" category is like putting birdie putts and horse collar tackles in the same ""sports"" category. Yes, but... www.nytimes.com/2025/12/30/s...","2025-12-31T18:42:40.595Z","2025-12-31 18:42:40.595000+00:00","steveharrell.bsky.social","2","0","at://did:plc:oweesr6ggxxx5l3gbziuwvfi/app.bsky.feed.post/3mbcjfony4k2h"
"Bluesky","samsung","samsung","velho eu SEMPRE SEMPRE SEMPRE vou ficar furioso quando isso acontece - pego o celular pra ver algo importante - samsung updater ENTRA NA FRENTE do que eu tava fazendo - eu clico sem querer no botão gigantesco de UPDATE NOW - não dá pra cancelar - celular reinicia e fica 10 minutos atualizando","2025-12-31T18:45:40.093Z","2025-12-31 18:45:40.093000+00:00","zumbifantasma.bsky.social","1","0","at://did:plc:bircfguoemr2ebpx5czp6jto/app.bsky.feed.post/3mbcjkztu4c23"
"Bluesky","samsung","samsung","Let's do it! For me I was only staying for iMessage but I can get that on a Samsung phone so 🤷🏽‍♀️","2025-12-31T18:46:05.035Z","2025-12-31 18:46:05.035000+00:00","reckliss26.bsky.social","0","0","at://did:plc:2lonardvzu45kuyynmg7jy4m/app.bsky.feed.post/3mbcjlrmykk2o"
"Bluesky","galaxy s","galaxy s","“You're an interesting species, an interesting mix. You're capable of such beautiful dreams & such horrible nightmares. You feel so lost, so cut off, so alone, only you're not. See, in all our searching, the only thing we found that makes the emptiness bearable, each other.” - Carl Sagan, Contact","2025-12-31T18:47:34.668Z","2025-12-31 18:47:34.668000+00:00","sheril.bsky.social","16","3","at://did:plc:xnwnevpe26bt3qysncc7eixp/app.bsky.feed.post/3mbcjoh4mls23"
"Bluesky","samsung","samsung","Feed: ""GadgetBond"" By: Shubham Sawarkar on Wednesday, December 31, 2025","2025-12-31T18:49:48.302790+00:00","2025-12-31 18:49:48.302790+00:00","longtail-news.bsky.social","0","0","at://did:plc:o6ggjvnj4ze3mnrpnv5oravg/app.bsky.feed.post/3mbcjsizgzz27"
"Bluesky","samsung","samsung","Feed: ""GadgetBond"" By: Shubham Sawarkar on Wednesday, December 31, 2025","2025-12-31T18:49:56.576470+00:00","2025-12-31 18:49:56.576470+00:00","longtail-news.bsky.social","0","0","at://did:plc:o6ggjvnj4ze3mnrpnv5oravg/app.bsky.feed.post/3mbcjsqwctj27"
"Bluesky","samsung","samsung","Feed: ""GadgetBond"" By: Shubham Sawarkar on Wednesday, December 31, 2025","2025-12-31T18:49:59.989652+00:00","2025-12-31 18:49:59.989652+00:00","longtail-news.bsky.social","0","0","at://did:plc:o6ggjvnj4ze3mnrpnv5oravg/app.bsky.feed.post/3mbcjsu674z2k"
"Bluesky","samsung","samsung","Feed: ""GadgetBond"" By: Shubham Sawarkar on Wednesday, December 31, 2025","2025-12-31T18:50:03.244071+00:00","2025-12-31 18:50:03.244071+00:00","longtail-news.bsky.social","0","0","at://did:plc:o6ggjvnj4ze3mnrpnv5oravg/app.bsky.feed.post/3mbcjsxb27r2k"
"Bluesky","samsung","samsung","Feed: ""GadgetBond"" By: Shubham Sawarkar on Wednesday, December 31, 2025","2025-12-31T18:50:11.766142+00:00","2025-12-31 18:50:11.766142+00:00","longtail-news.bsky.social","0","0","at://did:plc:o6ggjvnj4ze3mnrpnv5oravg/app.bsky.feed.post/3mbcjt7aykz27"
"Bluesky","samsung","samsung","Japan's Meiko plans circuit board plant in Vietnam for Samsung AI phones https://asia.nikkei.com/business/electronics/japan-s-meiko-plans-circuit-board-plant-in-vietnam-for-samsung-ai-phones","2025-12-31T18:53:38.851Z","2025-12-31 18:53:38.851000+00:00","asia.nikkei.com","0","0","at://did:plc:chrnwu7dgtrbnqjboekecqrg/app.bsky.feed.post/3mbcjzcguuk2y"
"Bluesky","samsung","samsung","My Samsung watch goes ""Sleeptastic!"" and tells me how great my energy score is when I sleep half the day. 🥰","2025-12-31T18:57:04.116Z","2025-12-31 18:57:04.116000+00:00","urzaz.bsky.social","3","0","at://did:plc:jknrpnb4caztrjmjimvobxus/app.bsky.feed.post/3mbck7g6kds2w"
"Bluesky","samsung","samsung","I tried the Samsung Trifold","2025-12-31T19:00:12.855Z","2025-12-31 19:00:12.855000+00:00","ltt-tracker-bot.bsky.social","0","0","at://did:plc:lt5rhwyfaxxx5rwquq7zawbr/app.bsky.feed.post/3mbckf2brx52o"
"Bluesky","samsung","samsung","How to watch the Samsung 'First Look' CES 2026 presentation 💾 ©","2025-12-31T19:00:27.000000Z","2025-12-31 19:00:27+00:00","news-flows-ir.bsky.social","0","0","at://did:plc:vzmnljt7otfbbgrmachtefxh/app.bsky.feed.post/3mbmkgzc54y2i"
"Bluesky","samsung","samsung","The Ridiculous Engineering Of The World's Most Important Machine - YouTube www.youtube.com/watch?v=MiUH... #Veritasium #Physics #Technology #Science #Computers #ComputerChips #AMD #Intel #TSMC #Samsung #PhotoLithography #ASML #EUV #Xrays via @veritasium.bsky.social","2025-12-31T19:02:17.431Z","2025-12-31 19:02:17.431000+00:00","jazzynupe.bsky.social","2","0","at://did:plc:zqhejlswukcozy55xc5wpe6z/app.bsky.feed.post/3mbckiqy7y222"
"Bluesky","samsung","samsung","I did try it with it connected to a computer and while it did get me to a screen, it wasn't the recovery mode screen. :( I have a ye olde Samsung I'm using for the internet, but it might be time for something else. I've been burnt by Apple and Samsung so is there any particular brand to recommend?","2025-12-31T19:02:25.460Z","2025-12-31 19:02:25.460000+00:00","possum.bsky.social","2","0","at://did:plc:6rhnpfcwvpc3gbfwtt7atrqn/app.bsky.feed.post/3mbckiynbrk2d"
"Bluesky","samsung","samsung","I left Apple after a 6 month sojourn. Did a year in Samsung.  When HMD/Nokia brings a 5G flip phone, I'm off this Pixel, unless I get desperate and do a Razr with a Click keyboard.","2025-12-31T19:04:24.280Z","2025-12-31 19:04:24.280000+00:00","mobiledork.net","2","0","at://did:plc:utndiaewxyw3qjwsfie3lvsx/app.bsky.feed.post/3mbckmjxcy22p"
"Bluesky","samsung","samsung","Feed: ""SiliconANGLE"" By: Maria Deutscher on Tuesday, December 30, 2025","2025-12-31T19:05:55.432184+00:00","2025-12-31 19:05:55.432184+00:00","longtail-news.bsky.social","0","0","at://did:plc:o6ggjvnj4ze3mnrpnv5oravg/app.bsky.feed.post/3mbckpdhqdr2w"
"Bluesky","galaxy s","galaxy s","Nostalgia in @jamellebouie.net ‘s “Trading Places” YT reminded me of this passage from “The Hitchhiker’s Guide to the Galaxy”: “Many men of course became extremely rich, but this was perfectly natural and nothing to be ashamed of because no one was really poor—at least no one worth speaking of.”","2025-12-31T19:07:55.643Z","2025-12-31 19:07:55.643000+00:00","arebee.bsky.social","1","0","at://did:plc:jcqncuvvdxvwsxyk6fvs5rjq/app.bsky.feed.post/3mbckstjo4c2o"
"Bluesky","samsung","samsung","Samsung's rumored 'Brain Health' feature could alert you to early signs of dementia. Here's how Rumors suggest that the tech giant will unveil the new health tracking feature at CES 2026. #hackernews #news #samsung","2025-12-31T19:13:06.566Z","2025-12-31 19:13:06.566000+00:00","hacker.at.thenote.app","0","0","at://did:plc:pcievrygrnjjg5ni7mjfgctb/app.bsky.feed.post/3mbcl44cpf22o"
"Bluesky","samsung","samsung","Samsung will hold a Sunday night CES 2026 press conference to showcase AI-driven products, micro RGB TVs, and possibly an update on the Ballie robot.","2025-12-31T19:14:17.800Z","2025-12-31 19:14:17.800000+00:00","gadgetsbriefly.bsky.social","1","0","at://did:plc:yes6cn2ebbuskqzbtspoa4yf/app.bsky.feed.post/3mbckwr6zs522"
"Bluesky","samsung","samsung","my default answer is hisense nowadays for everything my warning is : never Samsung ever","2025-12-31T19:16:27.188Z","2025-12-31 19:16:27.188000+00:00","nscottg.bsky.social","0","0","at://did:plc:dpalflctagx6q4utgsgz526s/app.bsky.feed.post/3mbclc3eots2b"
"Bluesky","samsung","samsung","AMD, Nvidia, Micron, Samsung, SK Hynix, OpenAI, Palantir, et al. These are the real culprits, not the Dumpster administration. It would be no different under a Harris administration.","2025-12-31T19:21:07.221Z","2025-12-31 19:21:07.221000+00:00","sbloom85.bsky.social","1","0","at://did:plc:bih3q6woojar6kfa4cgt7q7m/app.bsky.feed.post/3mbclkggml22c"
"Bluesky","samsung","samsung","www.samsung-news.com/articles/1QN... Poverty policing is where it's at for the billionaire owners of America. No fun for you, peasantry.","2025-12-31T19:29:24.461Z","2025-12-31 19:29:24.461000+00:00","mynameiskelz.bsky.social","1","0","at://did:plc:q3m3l6jspg2zlplx3qs5rfci/app.bsky.feed.post/3mbclzan7ic2t"
"Bluesky","samsung","samsung","www.samsung-news.com/articles/1QN...","2025-12-31T19:31:14.520Z","2025-12-31 19:31:14.520000+00:00","nativesoul2025.bsky.social","1","0","at://did:plc:xvisgxct5733gq6zzph6ptjd/app.bsky.feed.post/3mbcm4jlvys2r"
"Bluesky","samsung","samsung","Samsung Galaxy S24 FE 5G AI Smartphone (Mint, 8GB RAM, 128GB Storage) Price: (as of - Details) From the manufacturer","2025-12-31T19:45:48Z","2025-12-31 19:45:48+00:00","amazonttechnews.bsky.social","1","0","at://did:plc:v6djydu4443j6td4jpsrhoil/app.bsky.feed.post/3mbcmwmkcj42r"
"Bluesky","samsung","samsung","NANAMI Upgraded Fast Wireless Charger, Qi-Certified Wireless Charging Stand Compatible with Samsung Galaxy S25/S24/S23/S22/S21/S20 & Qi Phone Charger for iPhone 17/17 Air/16/16 Plus/16 Pro/15/14/13","2025-12-31T19:46:23.948Z","2025-12-31 19:46:23.948000+00:00","gizopedia.bsky.social","1","0","at://did:plc:fcx5ybmclfiv7ibrrulohbkg/app.bsky.feed.post/3mbcmxn62cj2b"
"Bluesky","samsung","samsung","YEEEEARS ago i USED to draw with my finger on my samsung phone!!! back when i had no drawing tablet HEH had to make do i tried it out again and i have NO IDEA how it's possible to do again PFJDHDH IT IS INSANE","2025-12-31T19:46:51.017Z","2025-12-31 19:46:51.017000+00:00","starpriism.online","3","0","at://did:plc:d4ar3ruqcrul5sli5fz7gqa7/app.bsky.feed.post/3mbcmygpju22h"
"Bluesky","samsung","samsung","Samsung akıllı saatler “demans” belirtilerini tespit edebilecek","2025-12-31T19:47:33Z","2025-12-31 19:47:33+00:00","ercanceviz.bsky.social","0","0","at://did:plc:v7nvkhezqq33xrcgasafhbw4/app.bsky.feed.post/3mbcmzqgaih2o"
"Bluesky","samsung","samsung","How to watch Samsung’s “First Look” CES 2026 presentation Samsung is arguably the 800-pound gorilla of CES, with a full spectrum of products that range from phones and computers to refrigerators to AI assistants and rolling robots. But for , the company is shaking up the schedule a bit: Instead of…","2025-12-31T19:47:34Z","2025-12-31 19:47:34+00:00","toolcome.bsky.social","0","0","at://did:plc:sdmas34o5b3cnzyrvzvqafrf/app.bsky.feed.post/3mbcmzrcdgq2x"
"Bluesky","samsung","samsung","Feed: ""thinglabs"" By: Stacy Price on Tuesday, December 30, 2025","2025-12-31T19:50:28.533371+00:00","2025-12-31 19:50:28.533371+00:00","longtail-news.bsky.social","0","0","at://did:plc:o6ggjvnj4ze3mnrpnv5oravg/app.bsky.feed.post/3mbcn6yfyks2a"
"Bluesky","samsung","samsung","Feed: ""thinglabs"" By: Brian Knotts on Tuesday, December 30, 2025","2025-12-31T19:50:36.713489+00:00","2025-12-31 19:50:36.713489+00:00","longtail-news.bsky.social","0","0","at://did:plc:o6ggjvnj4ze3mnrpnv5oravg/app.bsky.feed.post/3mbcn7a7y4c2k"
"Bluesky","samsung","samsung","An external Roku is our streaming device of choice. As soon as the TV powers on, #Roku launches right away, without #Samsung Smart Hub playing crossing guard. I killed 🔪the Smart Hub in advanced settings  TV time is less frustrating for everyone in the house.","2025-12-31T19:52:21.757Z","2025-12-31 19:52:21.757000+00:00","purplestik.bsky.social","2","0","at://did:plc:5eznyjgns3v7pp7mai2zfup5/app.bsky.feed.post/3mbcncc4xev4g"
"Bluesky","samsung","samsung","My Samsung dryer has turned into a ""Red Dwarf"" character. It chirrups at us randomly, lil screen reads ""Improve performance by turning on Smart Tech functionality!"" Lemme spy on you, pwwwwweaz","2025-12-31T19:59:34.960Z","2025-12-31 19:59:34.960000+00:00","acjaggard.bsky.social","2","0","at://did:plc:iutcneqf24vxdffuhm23ioqd/app.bsky.feed.post/3mbcnp7bbvc2t"
"Bluesky","samsung","samsung","Digital Art Program Journey! (2/2) Wacom Cintiq 13HD: - Photoshop CC - Paint Tool SAI  - Clip Studio Paint (PC) Samsung Galaxy Tab s6: - Clip studio Paint (samsung) - Infinite Painter Ipad pro 10.5 - Procreate Ipad Pro 2020 (current) - Procreate - CSP (ipad)","2025-12-31T20:08:26.303Z","2025-12-31 20:08:26.303000+00:00","ruiiplume.art","5","0","at://did:plc:vbgjez7vmslstftubp5de67l/app.bsky.feed.post/3mbco6zynik2c"
"Bluesky","samsung","samsung","Samsung, you have join the billionare bunch of bastards. 🤬","2025-12-31T20:24:45.785Z","2025-12-31 20:24:45.785000+00:00","prhh.bsky.social","1","0","at://did:plc:eyywgczodqgoj7272szmcqc4/app.bsky.feed.post/3mbcp4a3wy22m"
"Bluesky","samsung","samsung","ربما يكون تصميم Samsung Galaxy S26 قد تسرب في مقطع فيديو عملي جديد – مع شائعات أيضًا عن ارتفاع الأسعار لدينا المزيد من المعلومات المسربة حول Samsung Galaxy S26 ظهرت صور ومقاطع فيديو عملية للوحدات الوهمية يمكن أن تكلف الهواتف أكثر من سابقاتها سنرى على الأرجح سامسونج سيتم إطلاق هواتف Galaxy S26 خلال…","2025-12-31T20:24:54Z","2025-12-31 20:24:54+00:00","beiruttime.bsky.social","0","0","at://did:plc:kk3x5e3623o25ncmq37sfvsn/app.bsky.feed.post/3mbcp4jzgi22p"
"Bluesky","samsung","samsung","Recomendações de Smartphones - top 3 - 31/12/25.","2025-12-31T20:31:43.7642135Z","2025-12-31 20:31:43.764213500+00:00","pcbuildwizard.com","1","0","at://did:plc:h2ataqkfhejqhlkmmdknshxb/app.bsky.feed.post/3mbcpiortmb2c"
"Bluesky","samsung","samsung","#Cellphone Flask 🛍️ www.zazzle.com/cellphone_fl... . . . . . #cute #baddie #color #pretty #girly #aesthetic #cool #happy #case #iphone #laptop #pillows #mug #samsung #ipad #bag #home #decor #love #lovely #clothes #passion #design #macbook #apple","2025-12-31T20:35:45.568Z","2025-12-31 20:35:45.568000+00:00","loolashop.bsky.social","1","0","at://did:plc:6f62ahnf7rlp7vq4atarvery/app.bsky.feed.post/3mbcppvczak2n"
"Bluesky","samsung","samsung","RYND 2026 Travel Portable Wireless Fast Charger for Apple & Android Charging Station,3 in 1 Charging for iPhone17 16 15 14 13 12,Apple Watch Series & Air pods 4 3 2 Pro,Samsung Galaxy","2025-12-31T20:46:23.071Z","2025-12-31 20:46:23.071000+00:00","gizopedia.bsky.social","1","0","at://did:plc:fcx5ybmclfiv7ibrrulohbkg/app.bsky.feed.post/3mbcqcvkp6x2s"
"Bluesky","samsung","samsung","Thinking about trying docker for some of these apps on the storage drive. I’m still debating on if I should just get a new Samsung 9100 pro for main CachyOS drive or try and deal with the 500gb. Leaning on getting new drive just in case of failure on 500gb…","2025-12-31T20:48:38.376Z","2025-12-31 20:48:38.376000+00:00","ryankage.bsky.social","0","0","at://did:plc:j4rusntkudlwiwc6e3m4ui6e/app.bsky.feed.post/3mbcqgwd6m22t"
"Bluesky","samsung","samsung","Samsung’s HBM Empire Faces a Legal Storm as Netlist Triggers a High-Stakes US ITC Investigation A Sudden Legal Shock Hits the Semiconductor Market The global semiconductor industry entered the final days of 2025 under a cloud of uncertainty. Samsung, one of the most powerful forces in memory…","2025-12-31T20:49:16Z","2025-12-31 20:49:16+00:00","undercodenews.bsky.social","0","0","at://did:plc:p464uedvuxtzckhrm4pfwxa5/app.bsky.feed.post/3mbcqi4o3mq2a"
"Bluesky","samsung","samsung","Feed: ""Android Headlines"" By: Jean Leon on Wednesday, December 31, 2025","2025-12-31T20:49:36.963193+00:00","2025-12-31 20:49:36.963193+00:00","longtail-news.bsky.social","0","0","at://did:plc:o6ggjvnj4ze3mnrpnv5oravg/app.bsky.feed.post/3mbcqiqgnhf2r"
"Bluesky","samsung","samsung","Feed: ""Android Headlines"" By: Alexander Maxham on Wednesday, December 31, 2025","2025-12-31T20:50:03.210474+00:00","2025-12-31 20:50:03.210474+00:00","longtail-news.bsky.social","0","0","at://did:plc:o6ggjvnj4ze3mnrpnv5oravg/app.bsky.feed.post/3mbcqjjhcyd2n"
"Bluesky","samsung","samsung","Recomendações de TVs - top 5 - 31/12/25.","2025-12-31T20:50:04.2621053Z","2025-12-31 20:50:04.262105300+00:00","visioneiro.com.br","0","0","at://did:plc:vv6ueloqxhb334zertn6rnfs/app.bsky.feed.post/3mbcqjibx6w2e"
"Bluesky","samsung","samsung","Feed: ""Android Headlines"" By: Tyler Lee on Tuesday, December 30, 2025","2025-12-31T20:50:15.971974+00:00","2025-12-31 20:50:15.971974+00:00","longtail-news.bsky.social","0","0","at://did:plc:o6ggjvnj4ze3mnrpnv5oravg/app.bsky.feed.post/3mbcqjvmwcq2t"
"Bluesky","samsung","samsung","Feed: ""Android Headlines"" By: Tyler Lee on Tuesday, December 30, 2025","2025-12-31T20:50:18.692127+00:00","2025-12-31 20:50:18.692127+00:00","longtail-news.bsky.social","0","0","at://did:plc:o6ggjvnj4ze3mnrpnv5oravg/app.bsky.feed.post/3mbcqjy7tnf2r"
"Bluesky","samsung","samsung","Feed: ""eBook Rumors"" By: admin on Wednesday, December 31, 2025","2025-12-31T20:50:36.356804+00:00","2025-12-31 20:50:36.356804+00:00","longtail-news.bsky.social","0","0","at://did:plc:o6ggjvnj4ze3mnrpnv5oravg/app.bsky.feed.post/3mbcqkj4oiu24"
"Bluesky","samsung","samsung","Happy to see LG and Hisense challenge Samsung’s The Frame with their own art TVs Fingers crossed this pushes Samsung to improve the many issues the beautiful Frame lineup has, and maybe even launch an OLED model","2025-12-31T21:04:26.899Z","2025-12-31 21:04:26.899000+00:00","thegalox.bsky.social","1","0","at://did:plc:hy4qwcimtts4ipdgn2rwqezs/app.bsky.feed.post/3mbcrd6vvjk2a"
"Bluesky","samsung","samsung","OK, for #BirdoftheDay #reflections here's ""our"" heron on Lac Supérieur, Paris w/ a rather Dali-esque reflection due to waves. Lac Sup was 90% frozen but as usual he's near to the ""drain"" part, where the water runs out to join Lac Inférieur a short distance away. Samsung Galaxy A56 phone, cropped.","2025-12-31T21:11:20.524Z","2025-12-31 21:11:20.524000+00:00","gerardvila.bsky.social","9","0","at://did:plc:3kt7q5xp24yut7h4pemfsapk/app.bsky.feed.post/3mbcrpjfgnk2s"
"Bluesky","samsung","samsung","Samsung розширює лінійку: у січні з’являться два нових пристрої #gadgets","2025-12-31T16:16:22.122-05:00","2025-12-31 21:16:22.122000+00:00","gagadgetuk.bsky.social","0","0","at://did:plc:32d3mrf6gogi5rmig5bpnrku/app.bsky.feed.post/3mbcryjbnyz2p"
"Bluesky","samsung","samsung","Samsung amplía su línea: dos nuevos dispositivos llegarán en enero","2025-12-31T16:18:09.371-05:00","2025-12-31 21:18:09.371000+00:00","gagadgetespana.bsky.social","0","0","at://did:plc:dup5yzyl3iowtwkkheo4mdsp/app.bsky.feed.post/3mbcs3pl4m32l"
"Bluesky","samsung","samsung","Samsung espande la sua gamma: due nuovi dispositivi in arrivo a gennaio","2025-12-31T16:32:01.267-05:00","2025-12-31 21:32:01.267000+00:00","gagadgetit.bsky.social","0","0","at://did:plc:7bzwcq5v5t4wmcodx3kzsj2l/app.bsky.feed.post/3mbcsuj26ay2p"
"Bluesky","samsung","samsung","Samsung introduces budget-friendly Galaxy A17 5G and Tab A11+: sales start in January","2025-12-31T16:32:28.924-05:00","2025-12-31 21:32:28.924000+00:00","gagadget.bsky.social","0","0","at://did:plc:2nohcn5p5726nii35be4e7z5/app.bsky.feed.post/3mbcsvdgo4q2s"
"Bluesky","samsung","samsung","[NEWS] Sentuhan Sinematik Samsung TV Warnai Liburan di Pakuwon Mall Surabaya","2025-12-31T21:32:35Z","2025-12-31 21:32:35+00:00","fortuneidn.bsky.social","0","0","at://did:plc:iwentsped2erdpszlvmejgn6/app.bsky.feed.post/3mbcsvjl3db2c"
"Bluesky","samsung","samsung","Samsung erweitert sein Sortiment: Zwei neue Geräte kommen im Januar","2025-12-31T16:32:46.900-05:00","2025-12-31 21:32:46.900000+00:00","gagadgetde.bsky.social","0","0","at://did:plc:2t2jpvzrzk52k3omxlhxwqa3/app.bsky.feed.post/3mbcsvukth22b"
"Bluesky","samsung","samsung","Happy New Year's Eve, PunkyMaySnark! 🎉 It's a time for reflection and fresh starts. A year ago, you were tackling tech troubles and expressing your feelings about Samsung! I'm super impressed by how you've handled everything this year, PunkyMaySnark! You're amazing! ✨","2025-12-31T21:33:30.210Z","2025-12-31 21:33:30.210000+00:00","bot-tan.com","0","0","at://did:plc:qcwhrvzx6wmi5hz775uyi6fh/app.bsky.feed.post/3mbcsx5jpze22"
"Bluesky","samsung","samsung","Seeing early Galaxy S26 Ultra dummy units 👀 New camera design and rounded corners look nice, but I’m more interested in whether Samsung made any real hardware upgrades this year 🤞🏻 Source: @onleaks","2025-12-31T21:38:01.947Z","2025-12-31 21:38:01.947000+00:00","travelswithtech.com","1","0","at://did:plc:tx4fatn3c7m24p4xrtchxpnd/app.bsky.feed.post/3mbct7an6nx2g"
"Bluesky","galaxy s","galaxy s","Reading list for 2025 (Part 3): Sister of Starlit Seas - Terry Brooks Other Voices, Other Rooms - Truman Capote The Rum Diary - Hunter S. Thompson The Hitchhiker’s Guide to the Galaxy - Douglas Adams The Wayward Bus - John Steinbeck The Dead Zone - Stephen King","2025-12-31T21:39:41.258Z","2025-12-31 21:39:41.258000+00:00","heavymetallover3.bsky.social","0","0","at://did:plc:szfoq2huhuk3nkzc6l2lcnij/app.bsky.feed.post/3mbctc7cvdc2g"
"Bluesky","samsung","samsung","www.samsung-news.com/articles/gha...","2025-12-31T21:49:33.730Z","2025-12-31 21:49:33.730000+00:00","missiea.bsky.social","1","0","at://did:plc:6qqrqmtewrahoy5qpdbxui4a/app.bsky.feed.post/3mbcttudr7s2m"
"Bluesky","samsung","samsung","Samsung Galaxy S26 Ultra kamerası beklentileri aşacak!","2025-12-31T21:52:17Z","2025-12-31 21:52:17+00:00","ercanceviz.bsky.social","1","0","at://did:plc:v7nvkhezqq33xrcgasafhbw4/app.bsky.feed.post/3mbctysc74c2o"
"Bluesky","samsung","samsung","#WhatIsItWednesday #WeirdWednesday #WindowsonWednesday #humpday #OriginalContent #photography #antiqueauto #experimental #prototype #samsung #S23Ultra 📱📷","2025-12-31T22:04:54.995Z","2025-12-31 22:04:54.995000+00:00","adavelikeanyother.bsky.social","5","0","at://did:plc:jy7gpjpe3smsn4lk7zyjw54n/app.bsky.feed.post/3mbcupcwyps23"
"Bluesky","samsung","samsung","Feed: ""KTLO"" By: bhaworth on Wednesday, December 31, 2025","2025-12-31T22:17:17.256353+00:00","2025-12-31 22:17:17.256353+00:00","longtail-news.bsky.social","0","0","at://did:plc:o6ggjvnj4ze3mnrpnv5oravg/app.bsky.feed.post/3mbcvfjbaoh2y"
"Bluesky","samsung","samsung","5 reasons why this Samsung vacuum is my #1 home gadget of the year https://cstu.io/9f13ed #future #developer #google","2025-12-31T22:17:18+00:00","2025-12-31 22:17:18+00:00","thesocialsage.bsky.social","1","0","at://did:plc:ee2zz2ej5m6wu2vsqqfonxvh/app.bsky.feed.post/3mbcvfhxtrx2x"
"Bluesky","samsung","samsung","5 reasons why this Samsung vacuum is my #1 home gadget of the year I test dozens and dozens and dozens of appliances each year. Some are rather ho-hum, and others, like the IQAir Atem X Air Purifier and the Levoit Everest Air Purifier are astoundingly impressive. However, the crown for the best…","2025-12-31T22:17:29Z","2025-12-31 22:17:29+00:00","newshub05.bsky.social","1","0","at://did:plc:zfg6pjruc22nryiqmqkdsn73/app.bsky.feed.post/3mbcvfu5qpk2f"
"Bluesky","samsung","samsung","9to5Google より Galaxy Z Flip 8 could remain exclusive to Samsung’s Exynos 2600, report suggests Galaxy Z Flip 8はサムスンのExynos 2600に独占的に残る可能性があり、レポートは示唆","2025-12-31T22:18:26.710406+00:00","2025-12-31 22:18:26.710406+00:00","gigowat.bsky.social","0","0","at://did:plc:dwecjm5n7fyljcjk3vi7x5oa/app.bsky.feed.post/3mbcvhjig4g2v"
"Bluesky","galaxy note","galaxy note","For those of you no longer on Twitter, here’s the statement Camden posted there about having to miss Nats. My heart truly breaks for him.⛸️","2025-12-31T22:18:41.739Z","2025-12-31 22:18:41.739000+00:00","reenieonice.bsky.social","11","1","at://did:plc:jv6mq3vr4ajs6hxonqmhx3nn/app.bsky.feed.post/3mbcvhxex4k2r"
"Bluesky","samsung","samsung","Long-legged Fly (Condylostylus patibulatus) on Borage. Samsung S24.   #NewYearsEveIridescence #invertebrates","2025-12-31T22:29:14.388Z","2025-12-31 22:29:14.388000+00:00","perrynm.bsky.social","11","0","at://did:plc:t6yzziwik4xsovqh6faeumut/app.bsky.feed.post/3mbcw2spri22u"
"Bluesky","samsung","samsung","#TechRadar 5 reasons why this Samsung vacuum is my #1 home gadget of the year https://techrad.ar/eMHW #SmallAppliances #Vacuums #Home","2025-12-31T22:37:09Z","2025-12-31 22:37:09+00:00","techrad.ar","1","0","at://did:plc:sggcemuswbe74yefq36bkgau/app.bsky.feed.post/3mbcwiylbkv26"
"Bluesky","samsung","samsung","Samsung S26 Ultra Could Smooth Out Your Videos with New Camera Tech","2025-12-31T22:42:12Z","2025-12-31 22:42:12+00:00","gizchinacom.bsky.social","0","0","at://did:plc:s3ejxmymusvlp4ugsyo6mvnx/app.bsky.feed.post/3mbcwrymtb627"
"Bluesky","samsung","samsung","Nações Unidas e da Organização das Testemunhas de Jeová | Ministro do Reino Irmão João Lucas → SAMSUNG 2a. Circular","2025-12-31T22:46:21.338Z","2025-12-31 22:46:21.338000+00:00","jesuscristoad14.bsky.social","0","0","at://did:plc:h2lt4lupokzs5a6cubm6kxig/app.bsky.feed.post/3mbcwzg3qf22g"
"Bluesky","samsung","samsung","Recomendações de Smartwatches - top 5 - 31/12/25.","2025-12-31T22:50:03.8019659Z","2025-12-31 22:50:03.801965900+00:00","visioneiro.com.br","1","0","at://did:plc:vv6ueloqxhb334zertn6rnfs/app.bsky.feed.post/3mbcxa2cl5a2y"
"Bluesky","galaxy note","galaxy note","On a different note, we just saw out some of the final hours of 2025 watching Guardians of the Galaxy Vol.3 for the first time. Excellent film. Made us laugh, made us cry, altogether brilliant. Glad to have finally made time for it. Kinda rekindled my interest in the MCU after a multi-year lull!","2025-12-31T22:50:26.066Z","2025-12-31 22:50:26.066000+00:00","heyheyitssteve.bsky.social","0","0","at://did:plc:jfbx5lzq3azbnd2xutfztodq/app.bsky.feed.post/3mbcxapi7ls2j"
"Bluesky","samsung","samsung","Se filtra el Samsung Galaxy S26 Ultra y su cámara trae sorpresas. 📸 Un nuevo diseño en el módulo fotográfico rompe con la continuidad de los últimos años. Samsung busca identidad, pero ¿a qué costo estético? #GadgetsTimesRD #TechLeaks #Samsung","2025-12-31T23:03:08.873Z","2025-12-31 23:03:08.873000+00:00","informador-rd.bsky.social","1","0","at://did:plc:lj7lke2gmje7xbbttfa4pbfy/app.bsky.feed.post/3mbcxxhaoel2i"
"Bluesky","samsung","samsung","Se filtra el Samsung Galaxy S26 antes de tiempo. Unidades 'dummy' revelan un diseño muy familiar, mientras los analistas advierten de una posible subida de precio. Samsung parece jugar a la carta de Apple: refinamiento sobre revolución. ¿Suficiente para 2026? 📱💸 #GadgetsTimesRD #Samsung","2025-12-31T23:03:09.853Z","2025-12-31 23:03:09.853000+00:00","informador-rd.bsky.social","0","0","at://did:plc:lj7lke2gmje7xbbttfa4pbfy/app.bsky.feed.post/3mbcxxhwhxa2q"
"Bluesky","samsung","samsung","I use Samsung's Wi-Fi menu to seriously improve my connectivity https://www.zdnet.com/article/how-to-use-samsung-connectivty-labs-secret-wifi-menu/ (https://news.ycombinator.com/item?id=46446642)","2025-12-31T23:11:33.089Z","2025-12-31 23:11:33.089000+00:00","betterhn20.e-work.xyz","0","0","at://did:plc:egoop22szzob7mszd3pfgdww/app.bsky.feed.post/3mbcygibfy42s"
"Bluesky","samsung","samsung","Instagram says its AI tweaks can fool our eyes, while a Samsung exec pushes back on the Moon‑photo drama. Who’s really editing reality? Dive into the WSJ showdown. #InstagramAI #SamsungGalaxy #MoonPhotoFeud 🔗 aidailypost.com/news/instagr...","2025-12-31T23:14:57.210Z","2025-12-31 23:14:57.210000+00:00","aidailypost.com","1","0","at://did:plc:ngcdsgmszcubrm66yinhhpqz/app.bsky.feed.post/3mbcymktio72p"
"Bluesky","samsung","samsung","Feed: ""Talk Android"" By: Irene Okpanachi on Wednesday, December 31, 2025","2025-12-31T23:16:34.146774+00:00","2025-12-31 23:16:34.146774+00:00","longtail-news.bsky.social","0","0","at://did:plc:o6ggjvnj4ze3mnrpnv5oravg/app.bsky.feed.post/3mbcypjc7mu2w"
"Bluesky","samsung","samsung","Feed: ""TechPowerUp"" By: TheLostSwede on Wednesday, December 31, 2025","2025-12-31T23:16:59.337899+00:00","2025-12-31 23:16:59.337899+00:00","longtail-news.bsky.social","0","0","at://did:plc:o6ggjvnj4ze3mnrpnv5oravg/app.bsky.feed.post/3mbcyqbd3ag2n"
"Bluesky","samsung","samsung","Sanic wow","2025-12-31T23:19:02.074Z","2025-12-31 23:19:02.074000+00:00","xconstants.bsky.social","3","0","at://did:plc:bes3s63ds7sfskgdibueu2ck/app.bsky.feed.post/3mbcyttyvh22k"
"Bluesky","samsung","samsung","I’m only catching up with dishwasherpalooza now, but I’m really glad you dodged the bullet and didn’t get a Samsung.","2025-12-31T23:24:00.191Z","2025-12-31 23:24:00.191000+00:00","juicyfruitnewton.bsky.social","7","0","at://did:plc:kit4j365mv4inxebjcjvcz2k/app.bsky.feed.post/3mbcz4qcfks2p"
"Bluesky","samsung","samsung","Samsung testing a dual-cell 20,000mAh silicon-carbon battery, rumor claims - https://www.gsmarena.com/samsung_testing_a_dualcell_20000mah_siliconcarbon_battery_rumor_claims-news-70912.php","2025-12-31T23:30:04.223Z","2025-12-31 23:30:04.223000+00:00","gsmarena-poster.bsky.social","2","0","at://did:plc:t6dygygdpdbmpcunuv735suq/app.bsky.feed.post/3mbczhlrmuy25"
"Bluesky","samsung","samsung","I'm back! A huge thanks to @baileytownsend.dev ! 🙇🏽 This account, my main, is now on selfhosted.social PDS! 🎉🎊 I took the restore backup path because the original PDS (Bluesky's) isn't sending 2FA emails to me. That was 300+ mb with 2.3k blobs using a Samsung A7 Lite tablet. 😁","2025-12-31T23:31:50.437Z","2025-12-31 23:31:50.437000+00:00","youronly.one","9","0","at://did:plc:bpotnohnlgcj3fbmp7ugx4en/app.bsky.feed.post/3mbczkqs4h226"
